timestamp,attraction_name,status,queue_type,wait_time
2025-11-13 15:04:13,Droomvlucht,OPERATING,STANDBY,25
2025-11-13 15:04:13,Fata Morgana,OPERATING,STANDBY,5
2025-11-13 15:04:13,Villa Volta,OPERATING,STANDBY,5
2025-11-13 15:04:13,De Vliegende Hollander,OPERATING,STANDBY,25
2025-11-13 15:04:13,De Vliegende Hollander,OPERATING,SINGLE_RIDER,0
2025-11-13 15:04:13,Kleuterhof,OPERATING,STANDBY,0
2025-11-13 15:04:13,Nest!,OPERATING,STANDBY,0
2025-11-13 15:04:13,Archipel,OPERATING,STANDBY,0
2025-11-13 15:04:13,Sirocco,REFURBISHMENT,STANDBY,N/A
2025-11-13 15:04:13,Stoomtrein - Marerijk,OPERATING,STANDBY,25
2025-11-13 15:04:13,Volk van Laaf,OPERATING,STANDBY,0
2025-11-13 15:04:13,Fairytale Forest,OPERATING,STANDBY,0
2025-11-13 15:04:13,Stoomcarrousel,OPERATING,STANDBY,0
2025-11-13 15:04:13,Efteling Museum,OPERATING,STANDBY,0
2025-11-13 15:04:13,Halve Maen,OPERATING,STANDBY,5
2025-11-13 15:04:13,Stoomtrein - Oost,OPERATING,STANDBY,25
2025-11-13 15:04:13,Kinderspoor,OPERATING,STANDBY,0
2025-11-13 15:04:13,Diorama,OPERATING,STANDBY,0
2025-11-13 15:04:13,Fabula,OPERATING,STANDBY,10
2025-11-13 15:04:13,Kindervreugd,CLOSED,STANDBY,N/A
2025-11-13 15:04:13,Monorail,REFURBISHMENT,STANDBY,N/A
2025-11-13 15:04:13,Max & Moritz,OPERATING,STANDBY,5
2025-11-13 15:04:13,Max & Moritz,OPERATING,SINGLE_RIDER,0
2025-11-13 15:04:13,Anton Pieckplein,OPERATING,STANDBY,0
2025-11-13 15:04:13,Gondoletta,OPERATING,STANDBY,5
2025-11-13 15:04:13,De Oude Tufferbaan,DOWN,STANDBY,0
2025-11-13 15:04:13,Python,OPERATING,STANDBY,5
2025-11-13 15:04:13,Python,OPERATING,SINGLE_RIDER,0
2025-11-13 15:04:13,Piraña,OPERATING,STANDBY,5
2025-11-13 15:04:13,Joris en de Draak,OPERATING,STANDBY,10
2025-11-13 15:04:13,Joris en de Draak,OPERATING,SINGLE_RIDER,0
2025-11-13 15:04:13,Carnaval Festival,OPERATING,STANDBY,10
2025-11-13 15:04:13,Vogel Rok,REFURBISHMENT,STANDBY,N/A
2025-11-13 15:04:13,Baron 1898,OPERATING,STANDBY,15
2025-11-13 15:04:13,Baron 1898,OPERATING,SINGLE_RIDER,10
2025-11-13 15:04:13,Pagode,OPERATING,STANDBY,5
2025-11-13 15:04:13,Symbolica,OPERATING,STANDBY,25
2025-11-13 15:04:13,Symbolica,OPERATING,SINGLE_RIDER,0
2025-11-13 15:04:13,Danse Macabre,OPERATING,STANDBY,13
2025-11-13 15:04:13,Danse Macabre,OPERATING,SINGLE_RIDER,0
2025-11-13 15:19:48,Droomvlucht,OPERATING,STANDBY,20
2025-11-13 15:19:48,Fata Morgana,OPERATING,STANDBY,5
2025-11-13 15:19:48,Villa Volta,OPERATING,STANDBY,5
2025-11-13 15:19:48,De Vliegende Hollander,OPERATING,STANDBY,5
2025-11-13 15:19:48,De Vliegende Hollander,OPERATING,SINGLE_RIDER,0
2025-11-13 15:19:48,Kleuterhof,OPERATING,STANDBY,0
2025-11-13 15:19:48,Nest!,OPERATING,STANDBY,0
2025-11-13 15:19:48,Archipel,OPERATING,STANDBY,0
2025-11-13 15:19:48,Sirocco,REFURBISHMENT,STANDBY,N/A
2025-11-13 15:19:48,Stoomtrein - Marerijk,OPERATING,STANDBY,25
2025-11-13 15:19:48,Volk van Laaf,OPERATING,STANDBY,0
2025-11-13 15:19:48,Fairytale Forest,OPERATING,STANDBY,0
2025-11-13 15:19:48,Stoomcarrousel,OPERATING,STANDBY,0
2025-11-13 15:19:48,Efteling Museum,OPERATING,STANDBY,0
2025-11-13 15:19:48,Halve Maen,OPERATING,STANDBY,5
2025-11-13 15:19:48,Stoomtrein - Oost,OPERATING,STANDBY,25
2025-11-13 15:19:48,Kinderspoor,OPERATING,STANDBY,0
2025-11-13 15:19:48,Diorama,OPERATING,STANDBY,0
2025-11-13 15:19:48,Fabula,OPERATING,STANDBY,10
2025-11-13 15:19:48,Kindervreugd,CLOSED,STANDBY,N/A
2025-11-13 15:19:48,Monorail,REFURBISHMENT,STANDBY,N/A
2025-11-13 15:19:48,Max & Moritz,OPERATING,STANDBY,5
2025-11-13 15:19:48,Max & Moritz,OPERATING,SINGLE_RIDER,0
2025-11-13 15:19:48,Anton Pieckplein,OPERATING,STANDBY,0
2025-11-13 15:19:48,Gondoletta,OPERATING,STANDBY,5
2025-11-13 15:19:48,De Oude Tufferbaan,DOWN,STANDBY,0
2025-11-13 15:19:48,Python,OPERATING,STANDBY,5
2025-11-13 15:19:48,Python,OPERATING,SINGLE_RIDER,0
2025-11-13 15:19:48,Piraña,OPERATING,STANDBY,5
2025-11-13 15:19:48,Joris en de Draak,OPERATING,STANDBY,10
2025-11-13 15:19:48,Joris en de Draak,OPERATING,SINGLE_RIDER,0
2025-11-13 15:19:48,Carnaval Festival,OPERATING,STANDBY,10
2025-11-13 15:19:48,Vogel Rok,REFURBISHMENT,STANDBY,N/A
2025-11-13 15:19:48,Baron 1898,OPERATING,STANDBY,10
2025-11-13 15:19:48,Baron 1898,OPERATING,SINGLE_RIDER,15
2025-11-13 15:19:48,Pagode,OPERATING,STANDBY,5
2025-11-13 15:19:48,Symbolica,OPERATING,STANDBY,25
2025-11-13 15:19:48,Symbolica,OPERATING,SINGLE_RIDER,0
2025-11-13 15:19:48,Danse Macabre,OPERATING,STANDBY,20
2025-11-13 15:19:48,Danse Macabre,OPERATING,SINGLE_RIDER,0
2025-11-13 15:24:48,Droomvlucht,OPERATING,STANDBY,20
2025-11-13 15:24:48,Fata Morgana,OPERATING,STANDBY,5
2025-11-13 15:24:48,Villa Volta,OPERATING,STANDBY,5
2025-11-13 15:24:48,De Vliegende Hollander,OPERATING,STANDBY,5
2025-11-13 15:24:48,De Vliegende Hollander,OPERATING,SINGLE_RIDER,0
2025-11-13 15:24:48,Kleuterhof,OPERATING,STANDBY,0
2025-11-13 15:24:48,Nest!,OPERATING,STANDBY,0
2025-11-13 15:24:48,Archipel,OPERATING,STANDBY,0
2025-11-13 15:24:48,Sirocco,REFURBISHMENT,STANDBY,N/A
2025-11-13 15:24:48,Stoomtrein - Marerijk,OPERATING,STANDBY,25
2025-11-13 15:24:48,Volk van Laaf,OPERATING,STANDBY,0
2025-11-13 15:24:48,Fairytale Forest,OPERATING,STANDBY,0
2025-11-13 15:24:48,Stoomcarrousel,OPERATING,STANDBY,0
2025-11-13 15:24:48,Efteling Museum,OPERATING,STANDBY,0
2025-11-13 15:24:48,Halve Maen,OPERATING,STANDBY,5
2025-11-13 15:24:48,Stoomtrein - Oost,OPERATING,STANDBY,25
2025-11-13 15:24:48,Kinderspoor,OPERATING,STANDBY,5
2025-11-13 15:24:48,Diorama,OPERATING,STANDBY,0
2025-11-13 15:24:48,Fabula,OPERATING,STANDBY,10
2025-11-13 15:24:48,Monorail,CLOSED,STANDBY,N/A
2025-11-13 15:24:48,Kindervreugd,CLOSED,STANDBY,N/A
2025-11-13 15:24:48,Max & Moritz,OPERATING,STANDBY,5
2025-11-13 15:24:48,Max & Moritz,OPERATING,SINGLE_RIDER,0
2025-11-13 15:24:48,Anton Pieckplein,OPERATING,STANDBY,0
2025-11-13 15:24:48,Gondoletta,OPERATING,STANDBY,5
2025-11-13 15:24:48,De Oude Tufferbaan,DOWN,STANDBY,0
2025-11-13 15:24:48,Python,OPERATING,STANDBY,5
2025-11-13 15:24:48,Python,OPERATING,SINGLE_RIDER,0
2025-11-13 15:24:48,Piraña,OPERATING,STANDBY,5
2025-11-13 15:24:48,Joris en de Draak,OPERATING,STANDBY,15
2025-11-13 15:24:48,Joris en de Draak,OPERATING,SINGLE_RIDER,0
2025-11-13 15:24:48,Carnaval Festival,OPERATING,STANDBY,5
2025-11-13 15:24:48,Vogel Rok,REFURBISHMENT,STANDBY,N/A
2025-11-13 15:24:48,Baron 1898,OPERATING,STANDBY,10
2025-11-13 15:24:48,Baron 1898,OPERATING,SINGLE_RIDER,15
2025-11-13 15:24:48,Pagode,OPERATING,STANDBY,5
2025-11-13 15:24:48,Symbolica,OPERATING,STANDBY,20
2025-11-13 15:24:48,Symbolica,OPERATING,SINGLE_RIDER,0
2025-11-13 15:24:48,Danse Macabre,OPERATING,STANDBY,20
2025-11-13 15:24:48,Danse Macabre,OPERATING,SINGLE_RIDER,0
2025-11-13 15:29:49,Droomvlucht,OPERATING,STANDBY,20
2025-11-13 15:29:49,Fata Morgana,OPERATING,STANDBY,5
2025-11-13 15:29:49,Villa Volta,OPERATING,STANDBY,5
2025-11-13 15:29:49,De Vliegende Hollander,OPERATING,STANDBY,5
2025-11-13 15:29:49,De Vliegende Hollander,OPERATING,SINGLE_RIDER,0
2025-11-13 15:29:49,Kleuterhof,OPERATING,STANDBY,0
2025-11-13 15:29:49,Nest!,OPERATING,STANDBY,0
2025-11-13 15:29:49,Archipel,OPERATING,STANDBY,0
2025-11-13 15:29:49,Sirocco,REFURBISHMENT,STANDBY,N/A
2025-11-13 15:29:49,Stoomtrein - Marerijk,OPERATING,STANDBY,25
2025-11-13 15:29:49,Volk van Laaf,OPERATING,STANDBY,0
2025-11-13 15:29:49,Fairytale Forest,OPERATING,STANDBY,0
2025-11-13 15:29:49,Stoomcarrousel,OPERATING,STANDBY,0
2025-11-13 15:29:49,Efteling Museum,OPERATING,STANDBY,0
2025-11-13 15:29:49,Halve Maen,OPERATING,STANDBY,5
2025-11-13 15:29:49,Stoomtrein - Oost,OPERATING,STANDBY,25
2025-11-13 15:29:49,Kinderspoor,OPERATING,STANDBY,5
2025-11-13 15:29:49,Diorama,OPERATING,STANDBY,0
2025-11-13 15:29:49,Fabula,OPERATING,STANDBY,10
2025-11-13 15:29:49,Monorail,CLOSED,STANDBY,N/A
2025-11-13 15:29:49,Kindervreugd,CLOSED,STANDBY,N/A
2025-11-13 15:29:49,Max & Moritz,OPERATING,STANDBY,5
2025-11-13 15:29:49,Max & Moritz,OPERATING,SINGLE_RIDER,0
2025-11-13 15:29:49,Anton Pieckplein,OPERATING,STANDBY,0
2025-11-13 15:29:49,Gondoletta,OPERATING,STANDBY,5
2025-11-13 15:29:49,De Oude Tufferbaan,OPERATING,STANDBY,5
2025-11-13 15:29:49,Python,OPERATING,STANDBY,5
2025-11-13 15:29:49,Python,OPERATING,SINGLE_RIDER,0
2025-11-13 15:29:49,Piraña,OPERATING,STANDBY,5
2025-11-13 15:29:49,Joris en de Draak,OPERATING,STANDBY,15
2025-11-13 15:29:49,Joris en de Draak,OPERATING,SINGLE_RIDER,0
2025-11-13 15:29:49,Carnaval Festival,OPERATING,STANDBY,5
2025-11-13 15:29:49,Vogel Rok,REFURBISHMENT,STANDBY,N/A
2025-11-13 15:29:49,Baron 1898,OPERATING,STANDBY,10
2025-11-13 15:29:49,Baron 1898,OPERATING,SINGLE_RIDER,15
2025-11-13 15:29:49,Pagode,OPERATING,STANDBY,5
2025-11-13 15:29:49,Symbolica,OPERATING,STANDBY,25
2025-11-13 15:29:49,Symbolica,OPERATING,SINGLE_RIDER,0
2025-11-13 15:29:49,Danse Macabre,OPERATING,STANDBY,13
2025-11-13 15:29:49,Danse Macabre,OPERATING,SINGLE_RIDER,0
2025-11-13 15:34:49,Droomvlucht,OPERATING,STANDBY,20
2025-11-13 15:34:49,Fata Morgana,OPERATING,STANDBY,5
2025-11-13 15:34:49,Villa Volta,OPERATING,STANDBY,5
2025-11-13 15:34:49,De Vliegende Hollander,OPERATING,STANDBY,5
2025-11-13 15:34:49,De Vliegende Hollander,OPERATING,SINGLE_RIDER,0
2025-11-13 15:34:49,Kleuterhof,OPERATING,STANDBY,0
2025-11-13 15:34:49,Nest!,OPERATING,STANDBY,0
2025-11-13 15:34:49,Archipel,OPERATING,STANDBY,0
2025-11-13 15:34:49,Sirocco,REFURBISHMENT,STANDBY,N/A
2025-11-13 15:34:49,Stoomtrein - Marerijk,OPERATING,STANDBY,25
2025-11-13 15:34:49,Volk van Laaf,OPERATING,STANDBY,0
2025-11-13 15:34:49,Fairytale Forest,OPERATING,STANDBY,0
2025-11-13 15:34:49,Stoomcarrousel,OPERATING,STANDBY,0
2025-11-13 15:34:49,Efteling Museum,OPERATING,STANDBY,0
2025-11-13 15:34:49,Halve Maen,OPERATING,STANDBY,5
2025-11-13 15:34:49,Stoomtrein - Oost,OPERATING,STANDBY,25
2025-11-13 15:34:49,Kinderspoor,OPERATING,STANDBY,5
2025-11-13 15:34:49,Diorama,OPERATING,STANDBY,0
2025-11-13 15:34:49,Fabula,OPERATING,STANDBY,10
2025-11-13 15:34:49,Monorail,CLOSED,STANDBY,N/A
2025-11-13 15:34:49,Kindervreugd,CLOSED,STANDBY,N/A
2025-11-13 15:34:49,Max & Moritz,OPERATING,STANDBY,5
2025-11-13 15:34:49,Max & Moritz,OPERATING,SINGLE_RIDER,0
2025-11-13 15:34:49,Anton Pieckplein,OPERATING,STANDBY,0
2025-11-13 15:34:49,Gondoletta,OPERATING,STANDBY,5
2025-11-13 15:34:49,De Oude Tufferbaan,OPERATING,STANDBY,5
2025-11-13 15:34:49,Python,OPERATING,STANDBY,5
2025-11-13 15:34:49,Python,OPERATING,SINGLE_RIDER,0
2025-11-13 15:34:49,Piraña,OPERATING,STANDBY,5
2025-11-13 15:34:49,Joris en de Draak,OPERATING,STANDBY,15
2025-11-13 15:34:49,Joris en de Draak,OPERATING,SINGLE_RIDER,0
2025-11-13 15:34:49,Carnaval Festival,OPERATING,STANDBY,5
2025-11-13 15:34:49,Vogel Rok,REFURBISHMENT,STANDBY,N/A
2025-11-13 15:34:49,Baron 1898,OPERATING,STANDBY,10
2025-11-13 15:34:49,Baron 1898,OPERATING,SINGLE_RIDER,15
2025-11-13 15:34:49,Pagode,OPERATING,STANDBY,5
2025-11-13 15:34:49,Symbolica,OPERATING,STANDBY,25
2025-11-13 15:34:49,Symbolica,OPERATING,SINGLE_RIDER,0
2025-11-13 15:34:49,Danse Macabre,OPERATING,STANDBY,13
2025-11-13 15:34:49,Danse Macabre,OPERATING,SINGLE_RIDER,0
2025-11-13 15:39:49,Droomvlucht,OPERATING,STANDBY,20
2025-11-13 15:39:49,Fata Morgana,OPERATING,STANDBY,5
2025-11-13 15:39:49,Villa Volta,OPERATING,STANDBY,5
2025-11-13 15:39:49,De Vliegende Hollander,OPERATING,STANDBY,5
2025-11-13 15:39:49,De Vliegende Hollander,OPERATING,SINGLE_RIDER,0
2025-11-13 15:39:49,Kleuterhof,OPERATING,STANDBY,0
2025-11-13 15:39:49,Nest!,OPERATING,STANDBY,0
2025-11-13 15:39:49,Archipel,OPERATING,STANDBY,0
2025-11-13 15:39:49,Sirocco,REFURBISHMENT,STANDBY,N/A
2025-11-13 15:39:49,Stoomtrein - Marerijk,OPERATING,STANDBY,25
2025-11-13 15:39:49,Volk van Laaf,OPERATING,STANDBY,0
2025-11-13 15:39:49,Fairytale Forest,OPERATING,STANDBY,0
2025-11-13 15:39:49,Stoomcarrousel,OPERATING,STANDBY,0
2025-11-13 15:39:49,Efteling Museum,OPERATING,STANDBY,0
2025-11-13 15:39:49,Halve Maen,OPERATING,STANDBY,5
2025-11-13 15:39:49,Stoomtrein - Oost,OPERATING,STANDBY,25
2025-11-13 15:39:49,Kinderspoor,OPERATING,STANDBY,5
2025-11-13 15:39:49,Diorama,OPERATING,STANDBY,0
2025-11-13 15:39:49,Fabula,OPERATING,STANDBY,10
2025-11-13 15:39:49,Monorail,CLOSED,STANDBY,N/A
2025-11-13 15:39:49,Kindervreugd,CLOSED,STANDBY,N/A
2025-11-13 15:39:49,Max & Moritz,OPERATING,STANDBY,5
2025-11-13 15:39:49,Max & Moritz,OPERATING,SINGLE_RIDER,0
2025-11-13 15:39:49,Anton Pieckplein,OPERATING,STANDBY,0
2025-11-13 15:39:49,Gondoletta,OPERATING,STANDBY,5
2025-11-13 15:39:49,De Oude Tufferbaan,OPERATING,STANDBY,5
2025-11-13 15:39:49,Python,OPERATING,STANDBY,5
2025-11-13 15:39:49,Python,OPERATING,SINGLE_RIDER,0
2025-11-13 15:39:49,Piraña,OPERATING,STANDBY,5
2025-11-13 15:39:49,Joris en de Draak,OPERATING,STANDBY,15
2025-11-13 15:39:49,Joris en de Draak,OPERATING,SINGLE_RIDER,0
2025-11-13 15:39:49,Carnaval Festival,OPERATING,STANDBY,5
2025-11-13 15:39:49,Vogel Rok,REFURBISHMENT,STANDBY,N/A
2025-11-13 15:39:49,Baron 1898,OPERATING,STANDBY,10
2025-11-13 15:39:49,Baron 1898,OPERATING,SINGLE_RIDER,15
2025-11-13 15:39:49,Pagode,OPERATING,STANDBY,5
2025-11-13 15:39:49,Symbolica,OPERATING,STANDBY,25
2025-11-13 15:39:49,Symbolica,OPERATING,SINGLE_RIDER,0
2025-11-13 15:39:49,Danse Macabre,OPERATING,STANDBY,13
2025-11-13 15:39:49,Danse Macabre,OPERATING,SINGLE_RIDER,0
2025-11-13 15:44:50,Droomvlucht,OPERATING,STANDBY,20
2025-11-13 15:44:50,Fata Morgana,OPERATING,STANDBY,5
2025-11-13 15:44:50,Villa Volta,OPERATING,STANDBY,5
2025-11-13 15:44:50,De Vliegende Hollander,OPERATING,STANDBY,5
2025-11-13 15:44:50,De Vliegende Hollander,OPERATING,SINGLE_RIDER,0
2025-11-13 15:44:50,Kleuterhof,OPERATING,STANDBY,0
2025-11-13 15:44:50,Nest!,OPERATING,STANDBY,0
2025-11-13 15:44:50,Archipel,OPERATING,STANDBY,0
2025-11-13 15:44:50,Sirocco,REFURBISHMENT,STANDBY,N/A
2025-11-13 15:44:50,Stoomtrein - Marerijk,OPERATING,STANDBY,25
2025-11-13 15:44:50,Volk van Laaf,OPERATING,STANDBY,0
2025-11-13 15:44:50,Fairytale Forest,OPERATING,STANDBY,0
2025-11-13 15:44:50,Stoomcarrousel,OPERATING,STANDBY,0
2025-11-13 15:44:50,Efteling Museum,OPERATING,STANDBY,0
2025-11-13 15:44:50,Halve Maen,OPERATING,STANDBY,5
2025-11-13 15:44:50,Stoomtrein - Oost,OPERATING,STANDBY,25
2025-11-13 15:44:50,Kinderspoor,OPERATING,STANDBY,5
2025-11-13 15:44:50,Diorama,OPERATING,STANDBY,0
2025-11-13 15:44:50,Fabula,OPERATING,STANDBY,10
2025-11-13 15:44:50,Monorail,CLOSED,STANDBY,N/A
2025-11-13 15:44:50,Kindervreugd,CLOSED,STANDBY,N/A
2025-11-13 15:44:50,Max & Moritz,OPERATING,STANDBY,5
2025-11-13 15:44:50,Max & Moritz,OPERATING,SINGLE_RIDER,0
2025-11-13 15:44:50,Anton Pieckplein,OPERATING,STANDBY,0
2025-11-13 15:44:50,Gondoletta,OPERATING,STANDBY,5
2025-11-13 15:44:50,De Oude Tufferbaan,OPERATING,STANDBY,5
2025-11-13 15:44:50,Python,OPERATING,STANDBY,5
2025-11-13 15:44:50,Python,OPERATING,SINGLE_RIDER,0
2025-11-13 15:44:50,Piraña,OPERATING,STANDBY,5
2025-11-13 15:44:50,Joris en de Draak,OPERATING,STANDBY,15
2025-11-13 15:44:50,Joris en de Draak,OPERATING,SINGLE_RIDER,0
2025-11-13 15:44:50,Carnaval Festival,OPERATING,STANDBY,5
2025-11-13 15:44:50,Vogel Rok,REFURBISHMENT,STANDBY,N/A
2025-11-13 15:44:50,Baron 1898,OPERATING,STANDBY,10
2025-11-13 15:44:50,Baron 1898,OPERATING,SINGLE_RIDER,15
2025-11-13 15:44:50,Pagode,OPERATING,STANDBY,5
2025-11-13 15:44:50,Symbolica,DOWN,STANDBY,0
2025-11-13 15:44:50,Symbolica,DOWN,SINGLE_RIDER,0
2025-11-13 15:44:50,Danse Macabre,OPERATING,STANDBY,13
2025-11-13 15:44:50,Danse Macabre,OPERATING,SINGLE_RIDER,0
2025-11-13 15:49:50,Droomvlucht,OPERATING,STANDBY,20
2025-11-13 15:49:50,Fata Morgana,OPERATING,STANDBY,5
2025-11-13 15:49:50,Villa Volta,OPERATING,STANDBY,5
2025-11-13 15:49:50,De Vliegende Hollander,OPERATING,STANDBY,5
2025-11-13 15:49:50,De Vliegende Hollander,OPERATING,SINGLE_RIDER,0
2025-11-13 15:49:50,Kleuterhof,OPERATING,STANDBY,0
2025-11-13 15:49:50,Nest!,OPERATING,STANDBY,0
2025-11-13 15:49:50,Archipel,OPERATING,STANDBY,0
2025-11-13 15:49:50,Sirocco,REFURBISHMENT,STANDBY,N/A
2025-11-13 15:49:50,Stoomtrein - Marerijk,OPERATING,STANDBY,25
2025-11-13 15:49:50,Volk van Laaf,OPERATING,STANDBY,0
2025-11-13 15:49:50,Fairytale Forest,OPERATING,STANDBY,0
2025-11-13 15:49:50,Stoomcarrousel,OPERATING,STANDBY,0
2025-11-13 15:49:50,Efteling Museum,OPERATING,STANDBY,0
2025-11-13 15:49:50,Halve Maen,OPERATING,STANDBY,5
2025-11-13 15:49:50,Stoomtrein - Oost,OPERATING,STANDBY,25
2025-11-13 15:49:50,Kinderspoor,OPERATING,STANDBY,10
2025-11-13 15:49:50,Diorama,OPERATING,STANDBY,0
2025-11-13 15:49:50,Fabula,OPERATING,STANDBY,10
2025-11-13 15:49:50,Monorail,CLOSED,STANDBY,N/A
2025-11-13 15:49:50,Kindervreugd,CLOSED,STANDBY,N/A
2025-11-13 15:49:50,Max & Moritz,OPERATING,STANDBY,5
2025-11-13 15:49:50,Max & Moritz,OPERATING,SINGLE_RIDER,0
2025-11-13 15:49:50,Anton Pieckplein,OPERATING,STANDBY,0
2025-11-13 15:49:50,Gondoletta,OPERATING,STANDBY,5
2025-11-13 15:49:50,De Oude Tufferbaan,OPERATING,STANDBY,10
2025-11-13 15:49:50,Python,OPERATING,STANDBY,0
2025-11-13 15:49:50,Python,OPERATING,SINGLE_RIDER,0
2025-11-13 15:49:50,Piraña,OPERATING,STANDBY,5
2025-11-13 15:49:50,Joris en de Draak,OPERATING,STANDBY,15
2025-11-13 15:49:50,Joris en de Draak,OPERATING,SINGLE_RIDER,0
2025-11-13 15:49:50,Carnaval Festival,OPERATING,STANDBY,5
2025-11-13 15:49:50,Vogel Rok,REFURBISHMENT,STANDBY,N/A
2025-11-13 15:49:50,Baron 1898,OPERATING,STANDBY,10
2025-11-13 15:49:50,Baron 1898,OPERATING,SINGLE_RIDER,15
2025-11-13 15:49:50,Pagode,OPERATING,STANDBY,5
2025-11-13 15:49:50,Symbolica,DOWN,STANDBY,0
2025-11-13 15:49:50,Symbolica,DOWN,SINGLE_RIDER,0
2025-11-13 15:49:50,Danse Macabre,OPERATING,STANDBY,13
2025-11-13 15:49:50,Danse Macabre,OPERATING,SINGLE_RIDER,0
2025-11-13 15:54:51,Droomvlucht,OPERATING,STANDBY,20
2025-11-13 15:54:51,Fata Morgana,OPERATING,STANDBY,5
2025-11-13 15:54:51,Villa Volta,OPERATING,STANDBY,5
2025-11-13 15:54:51,De Vliegende Hollander,OPERATING,STANDBY,15
2025-11-13 15:54:51,De Vliegende Hollander,OPERATING,SINGLE_RIDER,0
2025-11-13 15:54:51,Kleuterhof,OPERATING,STANDBY,0
2025-11-13 15:54:51,Nest!,OPERATING,STANDBY,0
2025-11-13 15:54:51,Archipel,OPERATING,STANDBY,0
2025-11-13 15:54:51,Sirocco,REFURBISHMENT,STANDBY,N/A
2025-11-13 15:54:51,Stoomtrein - Marerijk,OPERATING,STANDBY,25
2025-11-13 15:54:51,Volk van Laaf,OPERATING,STANDBY,0
2025-11-13 15:54:51,Fairytale Forest,OPERATING,STANDBY,0
2025-11-13 15:54:51,Stoomcarrousel,OPERATING,STANDBY,0
2025-11-13 15:54:51,Efteling Museum,OPERATING,STANDBY,0
2025-11-13 15:54:51,Halve Maen,OPERATING,STANDBY,5
2025-11-13 15:54:51,Stoomtrein - Oost,OPERATING,STANDBY,25
2025-11-13 15:54:51,Kinderspoor,OPERATING,STANDBY,10
2025-11-13 15:54:51,Diorama,OPERATING,STANDBY,0
2025-11-13 15:54:51,Fabula,OPERATING,STANDBY,10
2025-11-13 15:54:51,Monorail,CLOSED,STANDBY,N/A
2025-11-13 15:54:51,Kindervreugd,CLOSED,STANDBY,N/A
2025-11-13 15:54:51,Max & Moritz,OPERATING,STANDBY,5
2025-11-13 15:54:51,Max & Moritz,OPERATING,SINGLE_RIDER,0
2025-11-13 15:54:51,Anton Pieckplein,OPERATING,STANDBY,0
2025-11-13 15:54:51,Gondoletta,OPERATING,STANDBY,5
2025-11-13 15:54:51,De Oude Tufferbaan,OPERATING,STANDBY,10
2025-11-13 15:54:51,Python,OPERATING,STANDBY,0
2025-11-13 15:54:51,Python,OPERATING,SINGLE_RIDER,0
2025-11-13 15:54:51,Piraña,OPERATING,STANDBY,5
2025-11-13 15:54:51,Joris en de Draak,OPERATING,STANDBY,15
2025-11-13 15:54:51,Joris en de Draak,OPERATING,SINGLE_RIDER,0
2025-11-13 15:54:51,Carnaval Festival,OPERATING,STANDBY,5
2025-11-13 15:54:51,Vogel Rok,REFURBISHMENT,STANDBY,N/A
2025-11-13 15:54:51,Baron 1898,OPERATING,STANDBY,10
2025-11-13 15:54:51,Baron 1898,OPERATING,SINGLE_RIDER,15
2025-11-13 15:54:51,Pagode,OPERATING,STANDBY,5
2025-11-13 15:54:51,Symbolica,DOWN,STANDBY,0
2025-11-13 15:54:51,Symbolica,DOWN,SINGLE_RIDER,0
2025-11-13 15:54:51,Danse Macabre,OPERATING,STANDBY,13
2025-11-13 15:54:51,Danse Macabre,OPERATING,SINGLE_RIDER,0
2025-11-13 15:36:43,Droomvlucht,OPERATING,STANDBY,20
2025-11-13 15:36:43,Fata Morgana,OPERATING,STANDBY,5
2025-11-13 15:36:43,Villa Volta,OPERATING,STANDBY,5
2025-11-13 15:36:43,De Vliegende Hollander,OPERATING,STANDBY,10
2025-11-13 15:36:43,De Vliegende Hollander,OPERATING,SINGLE_RIDER,0
2025-11-13 15:36:43,Kleuterhof,OPERATING,STANDBY,0
2025-11-13 15:36:43,Nest!,OPERATING,STANDBY,0
2025-11-13 15:36:43,Archipel,OPERATING,STANDBY,0
2025-11-13 15:36:43,Sirocco,REFURBISHMENT,STANDBY,N/A
2025-11-13 15:36:43,Stoomtrein - Marerijk,OPERATING,STANDBY,25
2025-11-13 15:36:43,Volk van Laaf,OPERATING,STANDBY,0
2025-11-13 15:36:43,Fairytale Forest,OPERATING,STANDBY,0
2025-11-13 15:36:43,Stoomcarrousel,OPERATING,STANDBY,0
2025-11-13 15:36:43,Efteling Museum,OPERATING,STANDBY,0
2025-11-13 15:36:43,Halve Maen,OPERATING,STANDBY,5
2025-11-13 15:36:43,Stoomtrein - Oost,OPERATING,STANDBY,25
2025-11-13 15:36:43,Kinderspoor,OPERATING,STANDBY,5
2025-11-13 15:36:43,Diorama,OPERATING,STANDBY,0
2025-11-13 15:36:43,Fabula,OPERATING,STANDBY,10
2025-11-13 15:36:43,Monorail,CLOSED,STANDBY,N/A
2025-11-13 15:36:43,Kindervreugd,CLOSED,STANDBY,N/A
2025-11-13 15:36:43,Max & Moritz,OPERATING,STANDBY,5
2025-11-13 15:36:43,Max & Moritz,OPERATING,SINGLE_RIDER,0
2025-11-13 15:36:43,Anton Pieckplein,OPERATING,STANDBY,0
2025-11-13 15:36:43,Gondoletta,CLOSED,STANDBY,N/A
2025-11-13 15:36:43,Python,OPERATING,STANDBY,5
2025-11-13 15:36:43,Python,OPERATING,SINGLE_RIDER,0
2025-11-13 15:36:43,De Oude Tufferbaan,OPERATING,STANDBY,10
2025-11-13 15:36:43,Piraña,DOWN,STANDBY,0
2025-11-13 15:36:43,Joris en de Draak,OPERATING,STANDBY,10
2025-11-13 15:36:43,Joris en de Draak,OPERATING,SINGLE_RIDER,0
2025-11-13 15:36:43,Carnaval Festival,OPERATING,STANDBY,0
2025-11-13 15:36:43,Vogel Rok,REFURBISHMENT,STANDBY,N/A
2025-11-13 15:36:43,Baron 1898,OPERATING,STANDBY,15
2025-11-13 15:36:43,Baron 1898,OPERATING,SINGLE_RIDER,20
2025-11-13 15:36:43,Pagode,OPERATING,STANDBY,5
2025-11-13 15:36:43,Symbolica,OPERATING,STANDBY,20
2025-11-13 15:36:43,Symbolica,OPERATING,SINGLE_RIDER,0
2025-11-13 15:36:43,Danse Macabre,OPERATING,STANDBY,13
2025-11-13 15:36:43,Danse Macabre,OPERATING,SINGLE_RIDER,0
2025-11-13 15:40:52,Droomvlucht,OPERATING,STANDBY,20
2025-11-13 15:40:52,Fata Morgana,OPERATING,STANDBY,5
2025-11-13 15:40:52,Villa Volta,OPERATING,STANDBY,5
2025-11-13 15:40:52,De Vliegende Hollander,OPERATING,STANDBY,10
2025-11-13 15:40:52,De Vliegende Hollander,OPERATING,SINGLE_RIDER,0
2025-11-13 15:40:52,Kleuterhof,OPERATING,STANDBY,0
2025-11-13 15:40:52,Nest!,OPERATING,STANDBY,0
2025-11-13 15:40:52,Archipel,OPERATING,STANDBY,0
2025-11-13 15:40:52,Sirocco,REFURBISHMENT,STANDBY,N/A
2025-11-13 15:40:52,Stoomtrein - Marerijk,OPERATING,STANDBY,25
2025-11-13 15:40:52,Volk van Laaf,OPERATING,STANDBY,0
2025-11-13 15:40:52,Fairytale Forest,OPERATING,STANDBY,0
2025-11-13 15:40:52,Stoomcarrousel,OPERATING,STANDBY,0
2025-11-13 15:40:52,Efteling Museum,OPERATING,STANDBY,0
2025-11-13 15:40:52,Halve Maen,OPERATING,STANDBY,5
2025-11-13 15:40:52,Stoomtrein - Oost,OPERATING,STANDBY,25
2025-11-13 15:40:52,Kinderspoor,OPERATING,STANDBY,5
2025-11-13 15:40:52,Diorama,OPERATING,STANDBY,0
2025-11-13 15:40:52,Fabula,OPERATING,STANDBY,10
2025-11-13 15:40:52,Monorail,CLOSED,STANDBY,N/A
2025-11-13 15:40:52,Kindervreugd,CLOSED,STANDBY,N/A
2025-11-13 15:40:52,Max & Moritz,OPERATING,STANDBY,5
2025-11-13 15:40:52,Max & Moritz,OPERATING,SINGLE_RIDER,0
2025-11-13 15:40:52,Anton Pieckplein,OPERATING,STANDBY,0
2025-11-13 15:40:52,Gondoletta,CLOSED,STANDBY,N/A
2025-11-13 15:40:52,Python,OPERATING,STANDBY,5
2025-11-13 15:40:52,Python,OPERATING,SINGLE_RIDER,0
2025-11-13 15:40:52,De Oude Tufferbaan,OPERATING,STANDBY,10
2025-11-13 15:40:52,Piraña,OPERATING,STANDBY,10
2025-11-13 15:40:52,Joris en de Draak,OPERATING,STANDBY,10
2025-11-13 15:40:52,Joris en de Draak,OPERATING,SINGLE_RIDER,0
2025-11-13 15:40:52,Carnaval Festival,OPERATING,STANDBY,0
2025-11-13 15:40:52,Vogel Rok,REFURBISHMENT,STANDBY,N/A
2025-11-13 15:40:52,Baron 1898,OPERATING,STANDBY,10
2025-11-13 15:40:52,Baron 1898,OPERATING,SINGLE_RIDER,15
2025-11-13 15:40:52,Pagode,OPERATING,STANDBY,5
2025-11-13 15:40:52,Symbolica,OPERATING,STANDBY,20
2025-11-13 15:40:52,Symbolica,OPERATING,SINGLE_RIDER,0
2025-11-13 15:40:52,Danse Macabre,OPERATING,STANDBY,13
2025-11-13 15:40:52,Danse Macabre,OPERATING,SINGLE_RIDER,0
2025-11-13 15:51:21,Droomvlucht,OPERATING,STANDBY,20
2025-11-13 15:51:21,Fata Morgana,OPERATING,STANDBY,5
2025-11-13 15:51:21,Villa Volta,OPERATING,STANDBY,5
2025-11-13 15:51:21,De Vliegende Hollander,OPERATING,STANDBY,10
2025-11-13 15:51:21,De Vliegende Hollander,OPERATING,SINGLE_RIDER,0
2025-11-13 15:51:21,Kleuterhof,OPERATING,STANDBY,0
2025-11-13 15:51:21,Nest!,OPERATING,STANDBY,0
2025-11-13 15:51:21,Archipel,OPERATING,STANDBY,0
2025-11-13 15:51:21,Sirocco,REFURBISHMENT,STANDBY,N/A
2025-11-13 15:51:21,Stoomtrein - Marerijk,OPERATING,STANDBY,25
2025-11-13 15:51:21,Volk van Laaf,OPERATING,STANDBY,0
2025-11-13 15:51:21,Fairytale Forest,OPERATING,STANDBY,0
2025-11-13 15:51:21,Stoomcarrousel,OPERATING,STANDBY,0
2025-11-13 15:51:21,Efteling Museum,OPERATING,STANDBY,0
2025-11-13 15:51:21,Halve Maen,OPERATING,STANDBY,5
2025-11-13 15:51:21,Stoomtrein - Oost,OPERATING,STANDBY,25
2025-11-13 15:51:21,Kinderspoor,OPERATING,STANDBY,5
2025-11-13 15:51:21,Diorama,OPERATING,STANDBY,0
2025-11-13 15:51:21,Fabula,OPERATING,STANDBY,10
2025-11-13 15:51:21,Monorail,CLOSED,STANDBY,N/A
2025-11-13 15:51:21,Kindervreugd,CLOSED,STANDBY,N/A
2025-11-13 15:51:21,Max & Moritz,OPERATING,STANDBY,5
2025-11-13 15:51:21,Max & Moritz,OPERATING,SINGLE_RIDER,0
2025-11-13 15:51:21,Anton Pieckplein,OPERATING,STANDBY,0
2025-11-13 15:51:21,Gondoletta,CLOSED,STANDBY,N/A
2025-11-13 15:51:21,Python,OPERATING,STANDBY,5
2025-11-13 15:51:21,Python,OPERATING,SINGLE_RIDER,0
2025-11-13 15:51:21,De Oude Tufferbaan,OPERATING,STANDBY,10
2025-11-13 15:51:21,Piraña,OPERATING,STANDBY,10
2025-11-13 15:51:21,Joris en de Draak,OPERATING,STANDBY,15
2025-11-13 15:51:21,Joris en de Draak,OPERATING,SINGLE_RIDER,0
2025-11-13 15:51:21,Carnaval Festival,OPERATING,STANDBY,0
2025-11-13 15:51:21,Vogel Rok,REFURBISHMENT,STANDBY,N/A
2025-11-13 15:51:21,Baron 1898,OPERATING,STANDBY,15
2025-11-13 15:51:21,Baron 1898,OPERATING,SINGLE_RIDER,15
2025-11-13 15:51:21,Pagode,OPERATING,STANDBY,5
2025-11-13 15:51:21,Symbolica,OPERATING,STANDBY,15
2025-11-13 15:51:21,Symbolica,OPERATING,SINGLE_RIDER,0
2025-11-13 15:51:21,Danse Macabre,OPERATING,STANDBY,13
2025-11-13 15:51:21,Danse Macabre,OPERATING,SINGLE_RIDER,0
2025-11-13 16:21:04,Droomvlucht,OPERATING,STANDBY,5
2025-11-13 16:21:04,Fata Morgana,OPERATING,STANDBY,5
2025-11-13 16:21:04,Villa Volta,OPERATING,STANDBY,5
2025-11-13 16:21:04,De Vliegende Hollander,OPERATING,STANDBY,10
2025-11-13 16:21:04,De Vliegende Hollander,OPERATING,SINGLE_RIDER,0
2025-11-13 16:21:04,Kleuterhof,OPERATING,STANDBY,0
2025-11-13 16:21:04,Nest!,OPERATING,STANDBY,0
2025-11-13 16:21:04,Sirocco,REFURBISHMENT,STANDBY,N/A
2025-11-13 16:21:04,Stoomtrein - Marerijk,OPERATING,STANDBY,25
2025-11-13 16:21:04,Volk van Laaf,OPERATING,STANDBY,0
2025-11-13 16:21:04,Fairytale Forest,OPERATING,STANDBY,0
2025-11-13 16:21:04,Stoomcarrousel,OPERATING,STANDBY,0
2025-11-13 16:21:04,Efteling Museum,OPERATING,STANDBY,0
2025-11-13 16:21:04,Halve Maen,OPERATING,STANDBY,5
2025-11-13 16:21:04,Archipel,CLOSED,STANDBY,N/A
2025-11-13 16:21:04,Stoomtrein - Oost,OPERATING,STANDBY,25
2025-11-13 16:21:04,Kinderspoor,OPERATING,STANDBY,5
2025-11-13 16:21:04,Diorama,OPERATING,STANDBY,0
2025-11-13 16:21:04,Fabula,OPERATING,STANDBY,10
2025-11-13 16:21:04,Monorail,CLOSED,STANDBY,N/A
2025-11-13 16:21:04,Kindervreugd,CLOSED,STANDBY,N/A
2025-11-13 16:21:04,Max & Moritz,OPERATING,STANDBY,5
2025-11-13 16:21:04,Max & Moritz,OPERATING,SINGLE_RIDER,0
2025-11-13 16:21:04,Anton Pieckplein,OPERATING,STANDBY,0
2025-11-13 16:21:04,Gondoletta,CLOSED,STANDBY,N/A
2025-11-13 16:21:04,Python,OPERATING,STANDBY,5
2025-11-13 16:21:04,Python,OPERATING,SINGLE_RIDER,0
2025-11-13 16:21:04,De Oude Tufferbaan,OPERATING,STANDBY,5
2025-11-13 16:21:04,Piraña,OPERATING,STANDBY,10
2025-11-13 16:21:04,Joris en de Draak,DOWN,STANDBY,0
2025-11-13 16:21:04,Joris en de Draak,DOWN,SINGLE_RIDER,N/A
2025-11-13 16:21:04,Carnaval Festival,OPERATING,STANDBY,0
2025-11-13 16:21:04,Vogel Rok,REFURBISHMENT,STANDBY,N/A
2025-11-13 16:21:04,Pagode,OPERATING,STANDBY,5
2025-11-13 16:21:04,Baron 1898,OPERATING,STANDBY,10
2025-11-13 16:21:04,Baron 1898,OPERATING,SINGLE_RIDER,10
2025-11-13 16:21:04,Symbolica,OPERATING,STANDBY,15
2025-11-13 16:21:04,Symbolica,OPERATING,SINGLE_RIDER,0
2025-11-13 16:21:04,Danse Macabre,OPERATING,STANDBY,13
2025-11-13 16:21:04,Danse Macabre,OPERATING,SINGLE_RIDER,0
2025-11-13 16:47:48,Droomvlucht,OPERATING,STANDBY,0
2025-11-13 16:47:48,Fata Morgana,OPERATING,STANDBY,5
2025-11-13 16:47:48,Villa Volta,OPERATING,STANDBY,5
2025-11-13 16:47:48,De Vliegende Hollander,OPERATING,STANDBY,5
2025-11-13 16:47:48,De Vliegende Hollander,OPERATING,SINGLE_RIDER,0
2025-11-13 16:47:48,Kleuterhof,OPERATING,STANDBY,0
2025-11-13 16:47:48,Nest!,OPERATING,STANDBY,0
2025-11-13 16:47:48,Sirocco,REFURBISHMENT,STANDBY,N/A
2025-11-13 16:47:48,Stoomtrein - Marerijk,OPERATING,STANDBY,25
2025-11-13 16:47:48,Volk van Laaf,OPERATING,STANDBY,0
2025-11-13 16:47:48,Fairytale Forest,OPERATING,STANDBY,0
2025-11-13 16:47:48,Stoomcarrousel,OPERATING,STANDBY,0
2025-11-13 16:47:48,Efteling Museum,OPERATING,STANDBY,0
2025-11-13 16:47:48,Halve Maen,OPERATING,STANDBY,5
2025-11-13 16:47:48,Archipel,CLOSED,STANDBY,N/A
2025-11-13 16:47:48,Stoomtrein - Oost,OPERATING,STANDBY,25
2025-11-13 16:47:48,Kinderspoor,OPERATING,STANDBY,0
2025-11-13 16:47:48,Diorama,OPERATING,STANDBY,0
2025-11-13 16:47:48,Fabula,OPERATING,STANDBY,10
2025-11-13 16:47:48,Monorail,CLOSED,STANDBY,N/A
2025-11-13 16:47:48,Kindervreugd,CLOSED,STANDBY,N/A
2025-11-13 16:47:48,Max & Moritz,OPERATING,STANDBY,5
2025-11-13 16:47:48,Max & Moritz,OPERATING,SINGLE_RIDER,0
2025-11-13 16:47:48,Anton Pieckplein,OPERATING,STANDBY,0
2025-11-13 16:47:48,Gondoletta,CLOSED,STANDBY,N/A
2025-11-13 16:47:48,Python,OPERATING,STANDBY,5
2025-11-13 16:47:48,Python,OPERATING,SINGLE_RIDER,0
2025-11-13 16:47:48,De Oude Tufferbaan,OPERATING,STANDBY,0
2025-11-13 16:47:48,Piraña,OPERATING,STANDBY,5
2025-11-13 16:47:48,Joris en de Draak,OPERATING,STANDBY,10
2025-11-13 16:47:48,Joris en de Draak,OPERATING,SINGLE_RIDER,0
2025-11-13 16:47:48,Carnaval Festival,OPERATING,STANDBY,0
2025-11-13 16:47:48,Vogel Rok,REFURBISHMENT,STANDBY,N/A
2025-11-13 16:47:48,Baron 1898,OPERATING,STANDBY,5
2025-11-13 16:47:48,Baron 1898,OPERATING,SINGLE_RIDER,10
2025-11-13 16:47:48,Pagode,OPERATING,STANDBY,5
2025-11-13 16:47:48,Symbolica,OPERATING,STANDBY,15
2025-11-13 16:47:48,Symbolica,OPERATING,SINGLE_RIDER,0
2025-11-13 16:47:48,Danse Macabre,OPERATING,STANDBY,13
2025-11-13 16:47:48,Danse Macabre,OPERATING,SINGLE_RIDER,0
2025-11-14 09:41:36,Droomvlucht,OPERATING,STANDBY,0
2025-11-14 09:41:36,Fata Morgana,OPERATING,STANDBY,0
2025-11-14 09:41:36,Villa Volta,OPERATING,STANDBY,5
2025-11-14 09:41:36,De Vliegende Hollander,CLOSED,STANDBY,N/A
2025-11-14 09:41:36,De Vliegende Hollander,CLOSED,SINGLE_RIDER,N/A
2025-11-14 09:41:36,Kleuterhof,CLOSED,STANDBY,N/A
2025-11-14 09:41:36,Nest!,CLOSED,STANDBY,N/A
2025-11-14 09:41:36,Sirocco,REFURBISHMENT,STANDBY,N/A
2025-11-14 09:41:36,Stoomtrein - Marerijk,OPERATING,STANDBY,25
2025-11-14 09:41:36,Volk van Laaf,CLOSED,STANDBY,N/A
2025-11-14 09:41:36,Fairytale Forest,OPERATING,STANDBY,0
2025-11-14 09:41:36,Stoomcarrousel,CLOSED,STANDBY,N/A
2025-11-14 09:41:36,Efteling Museum,CLOSED,STANDBY,N/A
2025-11-14 09:41:36,Halve Maen,CLOSED,STANDBY,N/A
2025-11-14 09:41:36,Archipel,CLOSED,STANDBY,N/A
2025-11-14 09:41:36,Stoomtrein - Oost,OPERATING,STANDBY,25
2025-11-14 09:41:36,Kinderspoor,OPERATING,STANDBY,0
2025-11-14 09:41:36,Diorama,CLOSED,STANDBY,N/A
2025-11-14 09:41:36,Fabula,CLOSED,STANDBY,N/A
2025-11-14 09:41:36,Monorail,CLOSED,STANDBY,N/A
2025-11-14 09:41:36,Kindervreugd,CLOSED,STANDBY,N/A
2025-11-14 09:41:36,Max & Moritz,OPERATING,STANDBY,5
2025-11-14 09:41:36,Max & Moritz,OPERATING,SINGLE_RIDER,0
2025-11-14 09:41:36,Anton Pieckplein,CLOSED,STANDBY,N/A
2025-11-14 09:41:36,Gondoletta,CLOSED,STANDBY,N/A
2025-11-14 09:41:36,Python,OPERATING,STANDBY,5
2025-11-14 09:41:36,Python,OPERATING,SINGLE_RIDER,0
2025-11-14 09:41:36,De Oude Tufferbaan,CLOSED,STANDBY,N/A
2025-11-14 09:41:36,Piraña,CLOSED,STANDBY,N/A
2025-11-14 09:41:36,Joris en de Draak,CLOSED,STANDBY,N/A
2025-11-14 09:41:36,Joris en de Draak,CLOSED,SINGLE_RIDER,N/A
2025-11-14 09:41:36,Carnaval Festival,OPERATING,STANDBY,0
2025-11-14 09:41:36,Vogel Rok,REFURBISHMENT,STANDBY,N/A
2025-11-14 09:41:36,Baron 1898,OPERATING,STANDBY,5
2025-11-14 09:41:36,Baron 1898,OPERATING,SINGLE_RIDER,0
2025-11-14 09:41:36,Pagode,OPERATING,STANDBY,0
2025-11-14 09:41:36,Symbolica,CLOSED,STANDBY,N/A
2025-11-14 09:41:36,Symbolica,CLOSED,SINGLE_RIDER,N/A
2025-11-14 09:41:36,Danse Macabre,CLOSED,STANDBY,N/A
2025-11-14 09:41:36,Danse Macabre,CLOSED,SINGLE_RIDER,N/A
2025-11-14 09:50:56,Droomvlucht,OPERATING,STANDBY,0
2025-11-14 09:50:56,Fata Morgana,OPERATING,STANDBY,0
2025-11-14 09:50:56,Villa Volta,OPERATING,STANDBY,5
2025-11-14 09:50:56,De Vliegende Hollander,CLOSED,STANDBY,N/A
2025-11-14 09:50:56,De Vliegende Hollander,CLOSED,SINGLE_RIDER,N/A
2025-11-14 09:50:56,Kleuterhof,CLOSED,STANDBY,N/A
2025-11-14 09:50:56,Nest!,CLOSED,STANDBY,N/A
2025-11-14 09:50:56,Sirocco,REFURBISHMENT,STANDBY,N/A
2025-11-14 09:50:56,Stoomtrein - Marerijk,OPERATING,STANDBY,25
2025-11-14 09:50:56,Volk van Laaf,CLOSED,STANDBY,N/A
2025-11-14 09:50:56,Fairytale Forest,OPERATING,STANDBY,0
2025-11-14 09:50:56,Stoomcarrousel,CLOSED,STANDBY,N/A
2025-11-14 09:50:56,Efteling Museum,CLOSED,STANDBY,N/A
2025-11-14 09:50:56,Halve Maen,CLOSED,STANDBY,N/A
2025-11-14 09:50:56,Archipel,OPERATING,STANDBY,0
2025-11-14 09:50:56,Stoomtrein - Oost,OPERATING,STANDBY,25
2025-11-14 09:50:56,Kinderspoor,OPERATING,STANDBY,0
2025-11-14 09:50:56,Diorama,CLOSED,STANDBY,N/A
2025-11-14 09:50:56,Fabula,CLOSED,STANDBY,N/A
2025-11-14 09:50:56,Monorail,CLOSED,STANDBY,N/A
2025-11-14 09:50:56,Kindervreugd,CLOSED,STANDBY,N/A
2025-11-14 09:50:56,Max & Moritz,OPERATING,STANDBY,5
2025-11-14 09:50:56,Max & Moritz,OPERATING,SINGLE_RIDER,0
2025-11-14 09:50:56,Anton Pieckplein,CLOSED,STANDBY,N/A
2025-11-14 09:50:56,Gondoletta,CLOSED,STANDBY,N/A
2025-11-14 09:50:56,Python,OPERATING,STANDBY,5
2025-11-14 09:50:56,Python,OPERATING,SINGLE_RIDER,0
2025-11-14 09:50:56,De Oude Tufferbaan,CLOSED,STANDBY,N/A
2025-11-14 09:50:56,Piraña,CLOSED,STANDBY,N/A
2025-11-14 09:50:56,Joris en de Draak,DOWN,STANDBY,0
2025-11-14 09:50:56,Joris en de Draak,DOWN,SINGLE_RIDER,N/A
2025-11-14 09:50:56,Carnaval Festival,OPERATING,STANDBY,0
2025-11-14 09:50:56,Vogel Rok,REFURBISHMENT,STANDBY,N/A
2025-11-14 09:50:56,Baron 1898,OPERATING,STANDBY,5
2025-11-14 09:50:56,Baron 1898,OPERATING,SINGLE_RIDER,0
2025-11-14 09:50:56,Pagode,OPERATING,STANDBY,0
2025-11-14 09:50:56,Symbolica,CLOSED,STANDBY,N/A
2025-11-14 09:50:56,Symbolica,CLOSED,SINGLE_RIDER,N/A
2025-11-14 09:50:56,Danse Macabre,CLOSED,STANDBY,N/A
2025-11-14 09:50:56,Danse Macabre,CLOSED,SINGLE_RIDER,N/A
2025-11-14 10:19:26,Droomvlucht,OPERATING,STANDBY,5
2025-11-14 10:19:26,Fata Morgana,OPERATING,STANDBY,5
2025-11-14 10:19:26,Villa Volta,OPERATING,STANDBY,5
2025-11-14 10:19:26,De Vliegende Hollander,OPERATING,STANDBY,5
2025-11-14 10:19:26,De Vliegende Hollander,OPERATING,SINGLE_RIDER,0
2025-11-14 10:19:26,Kleuterhof,CLOSED,STANDBY,N/A
2025-11-14 10:19:26,Nest!,OPERATING,STANDBY,0
2025-11-14 10:19:26,Sirocco,REFURBISHMENT,STANDBY,N/A
2025-11-14 10:19:26,Stoomtrein - Marerijk,OPERATING,STANDBY,25
2025-11-14 10:19:26,Volk van Laaf,OPERATING,STANDBY,0
2025-11-14 10:19:26,Fairytale Forest,OPERATING,STANDBY,0
2025-11-14 10:19:26,Stoomcarrousel,OPERATING,STANDBY,0
2025-11-14 10:19:26,Efteling Museum,OPERATING,STANDBY,0
2025-11-14 10:19:26,Halve Maen,OPERATING,STANDBY,0
2025-11-14 10:19:26,Archipel,OPERATING,STANDBY,0
2025-11-14 10:19:26,Stoomtrein - Oost,OPERATING,STANDBY,25
2025-11-14 10:19:26,Kinderspoor,OPERATING,STANDBY,0
2025-11-14 10:19:26,Diorama,OPERATING,STANDBY,0
2025-11-14 10:19:26,Fabula,OPERATING,STANDBY,10
2025-11-14 10:19:26,Monorail,CLOSED,STANDBY,N/A
2025-11-14 10:19:26,Kindervreugd,CLOSED,STANDBY,N/A
2025-11-14 10:19:26,Max & Moritz,OPERATING,STANDBY,5
2025-11-14 10:19:26,Max & Moritz,OPERATING,SINGLE_RIDER,0
2025-11-14 10:19:26,Anton Pieckplein,OPERATING,STANDBY,0
2025-11-14 10:19:26,Gondoletta,OPERATING,STANDBY,0
2025-11-14 10:19:26,Python,OPERATING,STANDBY,5
2025-11-14 10:19:26,Python,OPERATING,SINGLE_RIDER,0
2025-11-14 10:19:26,De Oude Tufferbaan,OPERATING,STANDBY,5
2025-11-14 10:19:26,Piraña,OPERATING,STANDBY,0
2025-11-14 10:19:26,Joris en de Draak,OPERATING,STANDBY,5
2025-11-14 10:19:26,Joris en de Draak,OPERATING,SINGLE_RIDER,0
2025-11-14 10:19:26,Carnaval Festival,OPERATING,STANDBY,0
2025-11-14 10:19:26,Vogel Rok,REFURBISHMENT,STANDBY,N/A
2025-11-14 10:19:26,Pagode,OPERATING,STANDBY,0
2025-11-14 10:19:26,Baron 1898,DOWN,STANDBY,0
2025-11-14 10:19:26,Baron 1898,DOWN,SINGLE_RIDER,N/A
2025-11-14 10:19:26,Symbolica,OPERATING,STANDBY,25
2025-11-14 10:19:26,Symbolica,OPERATING,SINGLE_RIDER,0
2025-11-14 10:19:26,Danse Macabre,OPERATING,STANDBY,40
2025-11-14 10:19:26,Danse Macabre,OPERATING,SINGLE_RIDER,0
2025-11-14 10:43:54,Droomvlucht,OPERATING,STANDBY,5
2025-11-14 10:43:54,Fata Morgana,OPERATING,STANDBY,10
2025-11-14 10:43:54,Villa Volta,OPERATING,STANDBY,5
2025-11-14 10:43:54,De Vliegende Hollander,OPERATING,STANDBY,5
2025-11-14 10:43:54,De Vliegende Hollander,OPERATING,SINGLE_RIDER,0
2025-11-14 10:43:54,Kleuterhof,CLOSED,STANDBY,N/A
2025-11-14 10:43:54,Nest!,OPERATING,STANDBY,0
2025-11-14 10:43:54,Sirocco,REFURBISHMENT,STANDBY,N/A
2025-11-14 10:43:54,Stoomtrein - Marerijk,OPERATING,STANDBY,25
2025-11-14 10:43:54,Volk van Laaf,OPERATING,STANDBY,0
2025-11-14 10:43:54,Fairytale Forest,OPERATING,STANDBY,0
2025-11-14 10:43:54,Stoomcarrousel,OPERATING,STANDBY,0
2025-11-14 10:43:54,Efteling Museum,OPERATING,STANDBY,0
2025-11-14 10:43:54,Halve Maen,OPERATING,STANDBY,0
2025-11-14 10:43:54,Archipel,OPERATING,STANDBY,0
2025-11-14 10:43:54,Stoomtrein - Oost,OPERATING,STANDBY,25
2025-11-14 10:43:54,Kinderspoor,OPERATING,STANDBY,0
2025-11-14 10:43:54,Diorama,OPERATING,STANDBY,0
2025-11-14 10:43:54,Fabula,OPERATING,STANDBY,10
2025-11-14 10:43:54,Monorail,CLOSED,STANDBY,N/A
2025-11-14 10:43:54,Kindervreugd,CLOSED,STANDBY,N/A
2025-11-14 10:43:54,Max & Moritz,OPERATING,STANDBY,5
2025-11-14 10:43:54,Max & Moritz,OPERATING,SINGLE_RIDER,0
2025-11-14 10:43:54,Anton Pieckplein,OPERATING,STANDBY,0
2025-11-14 10:43:54,Gondoletta,OPERATING,STANDBY,0
2025-11-14 10:43:54,Python,OPERATING,STANDBY,5
2025-11-14 10:43:54,Python,OPERATING,SINGLE_RIDER,0
2025-11-14 10:43:54,De Oude Tufferbaan,OPERATING,STANDBY,5
2025-11-14 10:43:54,Piraña,OPERATING,STANDBY,0
2025-11-14 10:43:54,Joris en de Draak,OPERATING,STANDBY,5
2025-11-14 10:43:54,Joris en de Draak,OPERATING,SINGLE_RIDER,0
2025-11-14 10:43:54,Carnaval Festival,OPERATING,STANDBY,0
2025-11-14 10:43:54,Vogel Rok,REFURBISHMENT,STANDBY,N/A
2025-11-14 10:43:54,Baron 1898,OPERATING,STANDBY,15
2025-11-14 10:43:54,Baron 1898,OPERATING,SINGLE_RIDER,5
2025-11-14 10:43:54,Pagode,OPERATING,STANDBY,5
2025-11-14 10:43:54,Symbolica,OPERATING,STANDBY,20
2025-11-14 10:43:54,Symbolica,OPERATING,SINGLE_RIDER,0
2025-11-14 10:43:54,Danse Macabre,OPERATING,STANDBY,25
2025-11-14 10:43:54,Danse Macabre,OPERATING,SINGLE_RIDER,0
2025-11-14 10:53:55,Droomvlucht,OPERATING,STANDBY,10
2025-11-14 10:53:55,Fata Morgana,OPERATING,STANDBY,5
2025-11-14 10:53:55,Villa Volta,OPERATING,STANDBY,5
2025-11-14 10:53:55,De Vliegende Hollander,OPERATING,STANDBY,5
2025-11-14 10:53:55,De Vliegende Hollander,OPERATING,SINGLE_RIDER,0
2025-11-14 10:53:55,Kleuterhof,CLOSED,STANDBY,N/A
2025-11-14 10:53:55,Nest!,OPERATING,STANDBY,0
2025-11-14 10:53:55,Sirocco,REFURBISHMENT,STANDBY,N/A
2025-11-14 10:53:55,Stoomtrein - Marerijk,OPERATING,STANDBY,25
2025-11-14 10:53:55,Volk van Laaf,OPERATING,STANDBY,0
2025-11-14 10:53:55,Fairytale Forest,OPERATING,STANDBY,0
2025-11-14 10:53:55,Stoomcarrousel,OPERATING,STANDBY,0
2025-11-14 10:53:55,Efteling Museum,OPERATING,STANDBY,0
2025-11-14 10:53:55,Halve Maen,OPERATING,STANDBY,0
2025-11-14 10:53:55,Archipel,OPERATING,STANDBY,0
2025-11-14 10:53:55,Stoomtrein - Oost,OPERATING,STANDBY,25
2025-11-14 10:53:55,Kinderspoor,OPERATING,STANDBY,0
2025-11-14 10:53:55,Diorama,OPERATING,STANDBY,0
2025-11-14 10:53:55,Fabula,OPERATING,STANDBY,10
2025-11-14 10:53:55,Monorail,CLOSED,STANDBY,N/A
2025-11-14 10:53:55,Kindervreugd,CLOSED,STANDBY,N/A
2025-11-14 10:53:55,Max & Moritz,OPERATING,STANDBY,5
2025-11-14 10:53:55,Max & Moritz,OPERATING,SINGLE_RIDER,0
2025-11-14 10:53:55,Anton Pieckplein,OPERATING,STANDBY,0
2025-11-14 10:53:55,Gondoletta,OPERATING,STANDBY,0
2025-11-14 10:53:55,Python,OPERATING,STANDBY,5
2025-11-14 10:53:55,Python,OPERATING,SINGLE_RIDER,0
2025-11-14 10:53:55,De Oude Tufferbaan,OPERATING,STANDBY,5
2025-11-14 10:53:55,Piraña,OPERATING,STANDBY,0
2025-11-14 10:53:55,Joris en de Draak,OPERATING,STANDBY,5
2025-11-14 10:53:55,Joris en de Draak,OPERATING,SINGLE_RIDER,0
2025-11-14 10:53:55,Carnaval Festival,OPERATING,STANDBY,0
2025-11-14 10:53:55,Vogel Rok,REFURBISHMENT,STANDBY,N/A
2025-11-14 10:53:55,Pagode,OPERATING,STANDBY,5
2025-11-14 10:53:55,Baron 1898,OPERATING,STANDBY,20
2025-11-14 10:53:55,Baron 1898,OPERATING,SINGLE_RIDER,15
2025-11-14 10:53:55,Symbolica,OPERATING,STANDBY,20
2025-11-14 10:53:55,Symbolica,OPERATING,SINGLE_RIDER,0
2025-11-14 10:53:55,Danse Macabre,OPERATING,STANDBY,30
2025-11-14 10:53:55,Danse Macabre,OPERATING,SINGLE_RIDER,0
2025-11-14 11:14:26,Droomvlucht,OPERATING,STANDBY,10
2025-11-14 11:14:26,Fata Morgana,OPERATING,STANDBY,5
2025-11-14 11:14:26,Villa Volta,OPERATING,STANDBY,5
2025-11-14 11:14:26,De Vliegende Hollander,OPERATING,STANDBY,5
2025-11-14 11:14:26,De Vliegende Hollander,OPERATING,SINGLE_RIDER,0
2025-11-14 11:14:26,Kleuterhof,CLOSED,STANDBY,N/A
2025-11-14 11:14:26,Nest!,OPERATING,STANDBY,0
2025-11-14 11:14:26,Sirocco,REFURBISHMENT,STANDBY,N/A
2025-11-14 11:14:26,Stoomtrein - Marerijk,OPERATING,STANDBY,25
2025-11-14 11:14:26,Volk van Laaf,OPERATING,STANDBY,0
2025-11-14 11:14:26,Fairytale Forest,OPERATING,STANDBY,0
2025-11-14 11:14:26,Stoomcarrousel,OPERATING,STANDBY,0
2025-11-14 11:14:26,Efteling Museum,OPERATING,STANDBY,0
2025-11-14 11:14:26,Halve Maen,OPERATING,STANDBY,0
2025-11-14 11:14:26,Archipel,OPERATING,STANDBY,0
2025-11-14 11:14:26,Stoomtrein - Oost,OPERATING,STANDBY,25
2025-11-14 11:14:26,Kinderspoor,OPERATING,STANDBY,0
2025-11-14 11:14:26,Diorama,OPERATING,STANDBY,0
2025-11-14 11:14:26,Fabula,OPERATING,STANDBY,10
2025-11-14 11:14:26,Monorail,CLOSED,STANDBY,N/A
2025-11-14 11:14:26,Kindervreugd,CLOSED,STANDBY,N/A
2025-11-14 11:14:26,Max & Moritz,OPERATING,STANDBY,10
2025-11-14 11:14:26,Max & Moritz,OPERATING,SINGLE_RIDER,0
2025-11-14 11:14:26,Anton Pieckplein,OPERATING,STANDBY,0
2025-11-14 11:14:26,Gondoletta,OPERATING,STANDBY,0
2025-11-14 11:14:26,Python,OPERATING,STANDBY,5
2025-11-14 11:14:26,Python,OPERATING,SINGLE_RIDER,0
2025-11-14 11:14:26,De Oude Tufferbaan,OPERATING,STANDBY,5
2025-11-14 11:14:26,Piraña,OPERATING,STANDBY,0
2025-11-14 11:14:26,Joris en de Draak,OPERATING,STANDBY,5
2025-11-14 11:14:26,Joris en de Draak,OPERATING,SINGLE_RIDER,0
2025-11-14 11:14:26,Carnaval Festival,OPERATING,STANDBY,0
2025-11-14 11:14:26,Vogel Rok,REFURBISHMENT,STANDBY,N/A
2025-11-14 11:14:26,Pagode,OPERATING,STANDBY,5
2025-11-14 11:14:26,Baron 1898,OPERATING,STANDBY,20
2025-11-14 11:14:26,Baron 1898,OPERATING,SINGLE_RIDER,15
2025-11-14 11:14:26,Symbolica,OPERATING,STANDBY,20
2025-11-14 11:14:26,Symbolica,OPERATING,SINGLE_RIDER,0
2025-11-14 11:14:26,Danse Macabre,OPERATING,STANDBY,30
2025-11-14 11:14:26,Danse Macabre,OPERATING,SINGLE_RIDER,0
2025-11-14 11:29:39,Droomvlucht,OPERATING,STANDBY,5
2025-11-14 11:29:39,Fata Morgana,OPERATING,STANDBY,5
2025-11-14 11:29:39,Villa Volta,OPERATING,STANDBY,5
2025-11-14 11:29:39,De Vliegende Hollander,OPERATING,STANDBY,10
2025-11-14 11:29:39,De Vliegende Hollander,OPERATING,SINGLE_RIDER,0
2025-11-14 11:29:39,Kleuterhof,CLOSED,STANDBY,N/A
2025-11-14 11:29:39,Nest!,OPERATING,STANDBY,0
2025-11-14 11:29:39,Sirocco,REFURBISHMENT,STANDBY,N/A
2025-11-14 11:29:39,Stoomtrein - Marerijk,OPERATING,STANDBY,25
2025-11-14 11:29:39,Volk van Laaf,OPERATING,STANDBY,0
2025-11-14 11:29:39,Fairytale Forest,OPERATING,STANDBY,0
2025-11-14 11:29:39,Stoomcarrousel,OPERATING,STANDBY,0
2025-11-14 11:29:39,Efteling Museum,OPERATING,STANDBY,0
2025-11-14 11:29:39,Halve Maen,OPERATING,STANDBY,0
2025-11-14 11:29:39,Archipel,OPERATING,STANDBY,0
2025-11-14 11:29:39,Stoomtrein - Oost,OPERATING,STANDBY,25
2025-11-14 11:29:39,Kinderspoor,OPERATING,STANDBY,0
2025-11-14 11:29:39,Diorama,OPERATING,STANDBY,0
2025-11-14 11:29:39,Fabula,OPERATING,STANDBY,10
2025-11-14 11:29:39,Monorail,CLOSED,STANDBY,N/A
2025-11-14 11:29:39,Kindervreugd,CLOSED,STANDBY,N/A
2025-11-14 11:29:39,Max & Moritz,OPERATING,STANDBY,5
2025-11-14 11:29:39,Max & Moritz,OPERATING,SINGLE_RIDER,0
2025-11-14 11:29:39,Anton Pieckplein,OPERATING,STANDBY,0
2025-11-14 11:29:39,Gondoletta,OPERATING,STANDBY,0
2025-11-14 11:29:39,Python,OPERATING,STANDBY,5
2025-11-14 11:29:39,Python,OPERATING,SINGLE_RIDER,0
2025-11-14 11:29:39,De Oude Tufferbaan,OPERATING,STANDBY,10
2025-11-14 11:29:39,Piraña,OPERATING,STANDBY,0
2025-11-14 11:29:39,Joris en de Draak,OPERATING,STANDBY,10
2025-11-14 11:29:39,Joris en de Draak,OPERATING,SINGLE_RIDER,0
2025-11-14 11:29:39,Carnaval Festival,OPERATING,STANDBY,5
2025-11-14 11:29:39,Vogel Rok,REFURBISHMENT,STANDBY,N/A
2025-11-14 11:29:39,Pagode,OPERATING,STANDBY,5
2025-11-14 11:29:39,Baron 1898,OPERATING,STANDBY,15
2025-11-14 11:29:39,Baron 1898,OPERATING,SINGLE_RIDER,10
2025-11-14 11:29:39,Symbolica,OPERATING,STANDBY,20
2025-11-14 11:29:39,Symbolica,OPERATING,SINGLE_RIDER,0
2025-11-14 11:29:39,Danse Macabre,OPERATING,STANDBY,25
2025-11-14 11:29:39,Danse Macabre,OPERATING,SINGLE_RIDER,0
2025-11-14 11:41:32,Droomvlucht,OPERATING,STANDBY,5
2025-11-14 11:41:32,Fata Morgana,OPERATING,STANDBY,5
2025-11-14 11:41:32,Villa Volta,OPERATING,STANDBY,5
2025-11-14 11:41:32,De Vliegende Hollander,OPERATING,STANDBY,10
2025-11-14 11:41:32,De Vliegende Hollander,OPERATING,SINGLE_RIDER,0
2025-11-14 11:41:32,Kleuterhof,OPERATING,STANDBY,0
2025-11-14 11:41:32,Nest!,OPERATING,STANDBY,0
2025-11-14 11:41:32,Sirocco,REFURBISHMENT,STANDBY,N/A
2025-11-14 11:41:32,Stoomtrein - Marerijk,OPERATING,STANDBY,25
2025-11-14 11:41:32,Volk van Laaf,OPERATING,STANDBY,0
2025-11-14 11:41:32,Fairytale Forest,OPERATING,STANDBY,0
2025-11-14 11:41:32,Stoomcarrousel,OPERATING,STANDBY,0
2025-11-14 11:41:32,Efteling Museum,OPERATING,STANDBY,0
2025-11-14 11:41:32,Halve Maen,OPERATING,STANDBY,0
2025-11-14 11:41:32,Archipel,OPERATING,STANDBY,0
2025-11-14 11:41:32,Stoomtrein - Oost,OPERATING,STANDBY,25
2025-11-14 11:41:32,Kinderspoor,OPERATING,STANDBY,0
2025-11-14 11:41:32,Diorama,OPERATING,STANDBY,0
2025-11-14 11:41:32,Fabula,OPERATING,STANDBY,10
2025-11-14 11:41:32,Monorail,CLOSED,STANDBY,N/A
2025-11-14 11:41:32,Kindervreugd,CLOSED,STANDBY,N/A
2025-11-14 11:41:32,Max & Moritz,OPERATING,STANDBY,5
2025-11-14 11:41:32,Max & Moritz,OPERATING,SINGLE_RIDER,0
2025-11-14 11:41:32,Anton Pieckplein,OPERATING,STANDBY,0
2025-11-14 11:41:32,Gondoletta,OPERATING,STANDBY,0
2025-11-14 11:41:32,Python,OPERATING,STANDBY,5
2025-11-14 11:41:32,Python,OPERATING,SINGLE_RIDER,0
2025-11-14 11:41:32,De Oude Tufferbaan,OPERATING,STANDBY,10
2025-11-14 11:41:32,Piraña,OPERATING,STANDBY,5
2025-11-14 11:41:32,Joris en de Draak,OPERATING,STANDBY,15
2025-11-14 11:41:32,Joris en de Draak,OPERATING,SINGLE_RIDER,0
2025-11-14 11:41:32,Carnaval Festival,OPERATING,STANDBY,5
2025-11-14 11:41:32,Vogel Rok,REFURBISHMENT,STANDBY,N/A
2025-11-14 11:41:32,Pagode,OPERATING,STANDBY,5
2025-11-14 11:41:32,Baron 1898,OPERATING,STANDBY,15
2025-11-14 11:41:32,Baron 1898,OPERATING,SINGLE_RIDER,10
2025-11-14 11:41:32,Symbolica,OPERATING,STANDBY,20
2025-11-14 11:41:32,Symbolica,OPERATING,SINGLE_RIDER,0
2025-11-14 11:41:32,Danse Macabre,OPERATING,STANDBY,30
2025-11-14 11:41:32,Danse Macabre,OPERATING,SINGLE_RIDER,0
2025-11-14 11:51:03,Droomvlucht,OPERATING,STANDBY,5
2025-11-14 11:51:03,Fata Morgana,OPERATING,STANDBY,5
2025-11-14 11:51:03,Villa Volta,OPERATING,STANDBY,5
2025-11-14 11:51:03,De Vliegende Hollander,OPERATING,STANDBY,10
2025-11-14 11:51:03,De Vliegende Hollander,OPERATING,SINGLE_RIDER,0
2025-11-14 11:51:03,Kleuterhof,OPERATING,STANDBY,0
2025-11-14 11:51:03,Nest!,OPERATING,STANDBY,0
2025-11-14 11:51:03,Sirocco,REFURBISHMENT,STANDBY,N/A
2025-11-14 11:51:03,Stoomtrein - Marerijk,OPERATING,STANDBY,25
2025-11-14 11:51:03,Volk van Laaf,OPERATING,STANDBY,0
2025-11-14 11:51:03,Fairytale Forest,OPERATING,STANDBY,0
2025-11-14 11:51:03,Stoomcarrousel,OPERATING,STANDBY,0
2025-11-14 11:51:03,Efteling Museum,OPERATING,STANDBY,0
2025-11-14 11:51:03,Halve Maen,OPERATING,STANDBY,0
2025-11-14 11:51:03,Archipel,OPERATING,STANDBY,0
2025-11-14 11:51:03,Stoomtrein - Oost,OPERATING,STANDBY,25
2025-11-14 11:51:03,Kinderspoor,OPERATING,STANDBY,0
2025-11-14 11:51:03,Diorama,OPERATING,STANDBY,0
2025-11-14 11:51:03,Fabula,OPERATING,STANDBY,10
2025-11-14 11:51:03,Monorail,CLOSED,STANDBY,N/A
2025-11-14 11:51:03,Kindervreugd,CLOSED,STANDBY,N/A
2025-11-14 11:51:03,Max & Moritz,OPERATING,STANDBY,5
2025-11-14 11:51:03,Max & Moritz,OPERATING,SINGLE_RIDER,0
2025-11-14 11:51:03,Anton Pieckplein,OPERATING,STANDBY,0
2025-11-14 11:51:03,Gondoletta,OPERATING,STANDBY,0
2025-11-14 11:51:03,Python,OPERATING,STANDBY,5
2025-11-14 11:51:03,Python,OPERATING,SINGLE_RIDER,0
2025-11-14 11:51:03,De Oude Tufferbaan,OPERATING,STANDBY,5
2025-11-14 11:51:03,Piraña,OPERATING,STANDBY,5
2025-11-14 11:51:03,Joris en de Draak,OPERATING,STANDBY,15
2025-11-14 11:51:03,Joris en de Draak,OPERATING,SINGLE_RIDER,0
2025-11-14 11:51:03,Carnaval Festival,OPERATING,STANDBY,5
2025-11-14 11:51:03,Vogel Rok,REFURBISHMENT,STANDBY,N/A
2025-11-14 11:51:03,Pagode,OPERATING,STANDBY,5
2025-11-14 11:51:03,Baron 1898,OPERATING,STANDBY,10
2025-11-14 11:51:03,Baron 1898,OPERATING,SINGLE_RIDER,15
2025-11-14 11:51:03,Symbolica,DOWN,STANDBY,0
2025-11-14 11:51:03,Symbolica,DOWN,SINGLE_RIDER,N/A
2025-11-14 11:51:03,Danse Macabre,OPERATING,STANDBY,25
2025-11-14 11:51:03,Danse Macabre,OPERATING,SINGLE_RIDER,0
2025-11-14 12:35:33,Droomvlucht,OPERATING,STANDBY,5
2025-11-14 12:35:33,Fata Morgana,OPERATING,STANDBY,5
2025-11-14 12:35:33,Villa Volta,OPERATING,STANDBY,5
2025-11-14 12:35:33,De Vliegende Hollander,OPERATING,STANDBY,5
2025-11-14 12:35:33,De Vliegende Hollander,OPERATING,SINGLE_RIDER,0
2025-11-14 12:35:33,Kleuterhof,OPERATING,STANDBY,0
2025-11-14 12:35:33,Nest!,OPERATING,STANDBY,0
2025-11-14 12:35:33,Sirocco,REFURBISHMENT,STANDBY,N/A
2025-11-14 12:35:33,Stoomtrein - Marerijk,OPERATING,STANDBY,25
2025-11-14 12:35:33,Volk van Laaf,OPERATING,STANDBY,0
2025-11-14 12:35:33,Fairytale Forest,OPERATING,STANDBY,0
2025-11-14 12:35:33,Stoomcarrousel,OPERATING,STANDBY,0
2025-11-14 12:35:33,Efteling Museum,OPERATING,STANDBY,0
2025-11-14 12:35:33,Halve Maen,OPERATING,STANDBY,0
2025-11-14 12:35:33,Archipel,OPERATING,STANDBY,0
2025-11-14 12:35:33,Stoomtrein - Oost,OPERATING,STANDBY,25
2025-11-14 12:35:33,Kinderspoor,OPERATING,STANDBY,0
2025-11-14 12:35:33,Diorama,OPERATING,STANDBY,0
2025-11-14 12:35:33,Fabula,OPERATING,STANDBY,10
2025-11-14 12:35:33,Monorail,CLOSED,STANDBY,N/A
2025-11-14 12:35:33,Kindervreugd,CLOSED,STANDBY,N/A
2025-11-14 12:35:33,Max & Moritz,OPERATING,STANDBY,5
2025-11-14 12:35:33,Max & Moritz,OPERATING,SINGLE_RIDER,0
2025-11-14 12:35:33,Anton Pieckplein,OPERATING,STANDBY,0
2025-11-14 12:35:33,Gondoletta,OPERATING,STANDBY,5
2025-11-14 12:35:33,Python,OPERATING,STANDBY,5
2025-11-14 12:35:33,Python,OPERATING,SINGLE_RIDER,0
2025-11-14 12:35:33,De Oude Tufferbaan,OPERATING,STANDBY,10
2025-11-14 12:35:33,Piraña,OPERATING,STANDBY,5
2025-11-14 12:35:33,Joris en de Draak,OPERATING,STANDBY,5
2025-11-14 12:35:33,Joris en de Draak,OPERATING,SINGLE_RIDER,0
2025-11-14 12:35:33,Carnaval Festival,OPERATING,STANDBY,10
2025-11-14 12:35:33,Vogel Rok,REFURBISHMENT,STANDBY,N/A
2025-11-14 12:35:33,Pagode,OPERATING,STANDBY,5
2025-11-14 12:35:33,Baron 1898,OPERATING,STANDBY,25
2025-11-14 12:35:33,Baron 1898,OPERATING,SINGLE_RIDER,20
2025-11-14 12:35:33,Symbolica,OPERATING,STANDBY,20
2025-11-14 12:35:33,Symbolica,OPERATING,SINGLE_RIDER,0
2025-11-14 12:35:33,Danse Macabre,OPERATING,STANDBY,13
2025-11-14 12:35:33,Danse Macabre,OPERATING,SINGLE_RIDER,0
2025-11-14 13:18:34,Droomvlucht,OPERATING,STANDBY,10
2025-11-14 13:18:34,Fata Morgana,OPERATING,STANDBY,5
2025-11-14 13:18:34,Villa Volta,OPERATING,STANDBY,5
2025-11-14 13:18:34,De Vliegende Hollander,OPERATING,STANDBY,5
2025-11-14 13:18:34,De Vliegende Hollander,OPERATING,SINGLE_RIDER,0
2025-11-14 13:18:34,Kleuterhof,OPERATING,STANDBY,0
2025-11-14 13:18:34,Nest!,OPERATING,STANDBY,0
2025-11-14 13:18:34,Sirocco,REFURBISHMENT,STANDBY,N/A
2025-11-14 13:18:34,Stoomtrein - Marerijk,OPERATING,STANDBY,25
2025-11-14 13:18:34,Volk van Laaf,OPERATING,STANDBY,0
2025-11-14 13:18:34,Fairytale Forest,OPERATING,STANDBY,0
2025-11-14 13:18:34,Stoomcarrousel,OPERATING,STANDBY,0
2025-11-14 13:18:34,Efteling Museum,OPERATING,STANDBY,0
2025-11-14 13:18:34,Halve Maen,OPERATING,STANDBY,5
2025-11-14 13:18:34,Archipel,OPERATING,STANDBY,0
2025-11-14 13:18:34,Stoomtrein - Oost,OPERATING,STANDBY,25
2025-11-14 13:18:34,Kinderspoor,OPERATING,STANDBY,5
2025-11-14 13:18:34,Diorama,OPERATING,STANDBY,0
2025-11-14 13:18:34,Fabula,OPERATING,STANDBY,10
2025-11-14 13:18:34,Monorail,CLOSED,STANDBY,N/A
2025-11-14 13:18:34,Kindervreugd,CLOSED,STANDBY,N/A
2025-11-14 13:18:34,Max & Moritz,DOWN,STANDBY,0
2025-11-14 13:18:34,Max & Moritz,DOWN,SINGLE_RIDER,N/A
2025-11-14 13:18:34,Anton Pieckplein,OPERATING,STANDBY,0
2025-11-14 13:18:34,Gondoletta,OPERATING,STANDBY,5
2025-11-14 13:18:34,Python,OPERATING,STANDBY,5
2025-11-14 13:18:34,Python,OPERATING,SINGLE_RIDER,0
2025-11-14 13:18:34,De Oude Tufferbaan,OPERATING,STANDBY,10
2025-11-14 13:18:34,Piraña,OPERATING,STANDBY,5
2025-11-14 13:18:34,Joris en de Draak,OPERATING,STANDBY,5
2025-11-14 13:18:34,Joris en de Draak,OPERATING,SINGLE_RIDER,0
2025-11-14 13:18:34,Carnaval Festival,OPERATING,STANDBY,0
2025-11-14 13:18:34,Vogel Rok,REFURBISHMENT,STANDBY,N/A
2025-11-14 13:18:34,Baron 1898,OPERATING,STANDBY,10
2025-11-14 13:18:34,Baron 1898,OPERATING,SINGLE_RIDER,10
2025-11-14 13:18:34,Pagode,OPERATING,STANDBY,5
2025-11-14 13:18:34,Symbolica,OPERATING,STANDBY,25
2025-11-14 13:18:34,Symbolica,OPERATING,SINGLE_RIDER,0
2025-11-14 13:18:34,Danse Macabre,OPERATING,STANDBY,13
2025-11-14 13:18:34,Danse Macabre,OPERATING,SINGLE_RIDER,0
2025-11-14 13:45:19,Droomvlucht,OPERATING,STANDBY,20
2025-11-14 13:45:19,Fata Morgana,OPERATING,STANDBY,5
2025-11-14 13:45:19,Villa Volta,OPERATING,STANDBY,5
2025-11-14 13:45:19,De Vliegende Hollander,OPERATING,STANDBY,5
2025-11-14 13:45:19,De Vliegende Hollander,OPERATING,SINGLE_RIDER,0
2025-11-14 13:45:19,Kleuterhof,OPERATING,STANDBY,0
2025-11-14 13:45:19,Nest!,OPERATING,STANDBY,0
2025-11-14 13:45:19,Sirocco,REFURBISHMENT,STANDBY,N/A
2025-11-14 13:45:19,Stoomtrein - Marerijk,OPERATING,STANDBY,25
2025-11-14 13:45:19,Volk van Laaf,OPERATING,STANDBY,0
2025-11-14 13:45:19,Fairytale Forest,OPERATING,STANDBY,0
2025-11-14 13:45:19,Stoomcarrousel,OPERATING,STANDBY,0
2025-11-14 13:45:19,Efteling Museum,OPERATING,STANDBY,0
2025-11-14 13:45:19,Halve Maen,OPERATING,STANDBY,5
2025-11-14 13:45:19,Archipel,OPERATING,STANDBY,0
2025-11-14 13:45:19,Stoomtrein - Oost,OPERATING,STANDBY,25
2025-11-14 13:45:19,Kinderspoor,OPERATING,STANDBY,5
2025-11-14 13:45:19,Diorama,OPERATING,STANDBY,0
2025-11-14 13:45:19,Fabula,OPERATING,STANDBY,10
2025-11-14 13:45:19,Monorail,CLOSED,STANDBY,N/A
2025-11-14 13:45:19,Kindervreugd,CLOSED,STANDBY,N/A
2025-11-14 13:45:19,Max & Moritz,OPERATING,STANDBY,5
2025-11-14 13:45:19,Max & Moritz,OPERATING,SINGLE_RIDER,0
2025-11-14 13:45:19,Anton Pieckplein,OPERATING,STANDBY,0
2025-11-14 13:45:19,Gondoletta,OPERATING,STANDBY,5
2025-11-14 13:45:19,Python,OPERATING,STANDBY,5
2025-11-14 13:45:19,Python,OPERATING,SINGLE_RIDER,0
2025-11-14 13:45:19,De Oude Tufferbaan,OPERATING,STANDBY,10
2025-11-14 13:45:19,Piraña,OPERATING,STANDBY,5
2025-11-14 13:45:19,Joris en de Draak,OPERATING,STANDBY,5
2025-11-14 13:45:19,Joris en de Draak,OPERATING,SINGLE_RIDER,0
2025-11-14 13:45:19,Carnaval Festival,OPERATING,STANDBY,5
2025-11-14 13:45:19,Vogel Rok,REFURBISHMENT,STANDBY,N/A
2025-11-14 13:45:19,Baron 1898,OPERATING,STANDBY,10
2025-11-14 13:45:19,Baron 1898,OPERATING,SINGLE_RIDER,5
2025-11-14 13:45:19,Pagode,OPERATING,STANDBY,5
2025-11-14 13:45:19,Symbolica,OPERATING,STANDBY,25
2025-11-14 13:45:19,Symbolica,OPERATING,SINGLE_RIDER,0
2025-11-14 13:45:19,Danse Macabre,OPERATING,STANDBY,13
2025-11-14 13:45:19,Danse Macabre,OPERATING,SINGLE_RIDER,0
2025-11-14 14:17:00,Droomvlucht,OPERATING,STANDBY,15
2025-11-14 14:17:00,Fata Morgana,OPERATING,STANDBY,5
2025-11-14 14:17:00,Villa Volta,OPERATING,STANDBY,5
2025-11-14 14:17:00,De Vliegende Hollander,OPERATING,STANDBY,5
2025-11-14 14:17:00,De Vliegende Hollander,OPERATING,SINGLE_RIDER,0
2025-11-14 14:17:00,Kleuterhof,OPERATING,STANDBY,0
2025-11-14 14:17:00,Nest!,OPERATING,STANDBY,0
2025-11-14 14:17:00,Sirocco,REFURBISHMENT,STANDBY,N/A
2025-11-14 14:17:00,Stoomtrein - Marerijk,OPERATING,STANDBY,25
2025-11-14 14:17:00,Volk van Laaf,OPERATING,STANDBY,0
2025-11-14 14:17:00,Fairytale Forest,OPERATING,STANDBY,0
2025-11-14 14:17:00,Stoomcarrousel,OPERATING,STANDBY,0
2025-11-14 14:17:00,Efteling Museum,OPERATING,STANDBY,0
2025-11-14 14:17:00,Halve Maen,OPERATING,STANDBY,5
2025-11-14 14:17:00,Archipel,OPERATING,STANDBY,0
2025-11-14 14:17:00,Stoomtrein - Oost,OPERATING,STANDBY,25
2025-11-14 14:17:00,Kinderspoor,OPERATING,STANDBY,5
2025-11-14 14:17:00,Diorama,OPERATING,STANDBY,0
2025-11-14 14:17:00,Fabula,OPERATING,STANDBY,10
2025-11-14 14:17:00,Monorail,CLOSED,STANDBY,N/A
2025-11-14 14:17:00,Kindervreugd,CLOSED,STANDBY,N/A
2025-11-14 14:17:00,Max & Moritz,OPERATING,STANDBY,5
2025-11-14 14:17:00,Max & Moritz,OPERATING,SINGLE_RIDER,0
2025-11-14 14:17:00,Anton Pieckplein,OPERATING,STANDBY,0
2025-11-14 14:17:00,Gondoletta,OPERATING,STANDBY,5
2025-11-14 14:17:00,Python,OPERATING,STANDBY,5
2025-11-14 14:17:00,Python,OPERATING,SINGLE_RIDER,0
2025-11-14 14:17:00,De Oude Tufferbaan,OPERATING,STANDBY,10
2025-11-14 14:17:00,Piraña,OPERATING,STANDBY,5
2025-11-14 14:17:00,Joris en de Draak,OPERATING,STANDBY,5
2025-11-14 14:17:00,Joris en de Draak,OPERATING,SINGLE_RIDER,0
2025-11-14 14:17:00,Carnaval Festival,OPERATING,STANDBY,5
2025-11-14 14:17:00,Vogel Rok,REFURBISHMENT,STANDBY,N/A
2025-11-14 14:17:00,Baron 1898,OPERATING,STANDBY,10
2025-11-14 14:17:00,Baron 1898,OPERATING,SINGLE_RIDER,10
2025-11-14 14:17:00,Pagode,OPERATING,STANDBY,5
2025-11-14 14:17:00,Symbolica,OPERATING,STANDBY,20
2025-11-14 14:17:00,Symbolica,OPERATING,SINGLE_RIDER,0
2025-11-14 14:17:00,Danse Macabre,OPERATING,STANDBY,13
2025-11-14 14:17:00,Danse Macabre,OPERATING,SINGLE_RIDER,0
2025-11-14 14:40:37,Droomvlucht,OPERATING,STANDBY,15
2025-11-14 14:40:37,Fata Morgana,OPERATING,STANDBY,5
2025-11-14 14:40:37,Villa Volta,OPERATING,STANDBY,5
2025-11-14 14:40:37,De Vliegende Hollander,OPERATING,STANDBY,5
2025-11-14 14:40:37,De Vliegende Hollander,OPERATING,SINGLE_RIDER,0
2025-11-14 14:40:37,Kleuterhof,OPERATING,STANDBY,0
2025-11-14 14:40:37,Nest!,OPERATING,STANDBY,0
2025-11-14 14:40:37,Sirocco,REFURBISHMENT,STANDBY,N/A
2025-11-14 14:40:37,Stoomtrein - Marerijk,OPERATING,STANDBY,25
2025-11-14 14:40:37,Volk van Laaf,OPERATING,STANDBY,0
2025-11-14 14:40:37,Fairytale Forest,OPERATING,STANDBY,0
2025-11-14 14:40:37,Stoomcarrousel,OPERATING,STANDBY,0
2025-11-14 14:40:37,Efteling Museum,OPERATING,STANDBY,0
2025-11-14 14:40:37,Halve Maen,OPERATING,STANDBY,5
2025-11-14 14:40:37,Archipel,OPERATING,STANDBY,0
2025-11-14 14:40:37,Stoomtrein - Oost,OPERATING,STANDBY,25
2025-11-14 14:40:37,Kinderspoor,OPERATING,STANDBY,5
2025-11-14 14:40:37,Diorama,OPERATING,STANDBY,0
2025-11-14 14:40:37,Fabula,OPERATING,STANDBY,10
2025-11-14 14:40:37,Monorail,CLOSED,STANDBY,N/A
2025-11-14 14:40:37,Kindervreugd,CLOSED,STANDBY,N/A
2025-11-14 14:40:37,Max & Moritz,OPERATING,STANDBY,5
2025-11-14 14:40:37,Max & Moritz,OPERATING,SINGLE_RIDER,0
2025-11-14 14:40:37,Anton Pieckplein,OPERATING,STANDBY,0
2025-11-14 14:40:37,Gondoletta,OPERATING,STANDBY,5
2025-11-14 14:40:37,Python,OPERATING,STANDBY,5
2025-11-14 14:40:37,Python,OPERATING,SINGLE_RIDER,0
2025-11-14 14:40:37,De Oude Tufferbaan,OPERATING,STANDBY,10
2025-11-14 14:40:37,Piraña,OPERATING,STANDBY,5
2025-11-14 14:40:37,Joris en de Draak,OPERATING,STANDBY,5
2025-11-14 14:40:37,Joris en de Draak,OPERATING,SINGLE_RIDER,0
2025-11-14 14:40:37,Carnaval Festival,OPERATING,STANDBY,5
2025-11-14 14:40:37,Vogel Rok,REFURBISHMENT,STANDBY,N/A
2025-11-14 14:40:37,Baron 1898,OPERATING,STANDBY,10
2025-11-14 14:40:37,Baron 1898,OPERATING,SINGLE_RIDER,5
2025-11-14 14:40:37,Pagode,OPERATING,STANDBY,5
2025-11-14 14:40:37,Symbolica,OPERATING,STANDBY,20
2025-11-14 14:40:37,Symbolica,OPERATING,SINGLE_RIDER,0
2025-11-14 14:40:37,Danse Macabre,OPERATING,STANDBY,13
2025-11-14 14:40:37,Danse Macabre,OPERATING,SINGLE_RIDER,0
2025-11-14 14:50:22,Droomvlucht,OPERATING,STANDBY,15
2025-11-14 14:50:22,Fata Morgana,OPERATING,STANDBY,5
2025-11-14 14:50:22,Villa Volta,OPERATING,STANDBY,5
2025-11-14 14:50:22,De Vliegende Hollander,OPERATING,STANDBY,5
2025-11-14 14:50:22,De Vliegende Hollander,OPERATING,SINGLE_RIDER,0
2025-11-14 14:50:22,Kleuterhof,OPERATING,STANDBY,0
2025-11-14 14:50:22,Nest!,OPERATING,STANDBY,0
2025-11-14 14:50:22,Sirocco,REFURBISHMENT,STANDBY,N/A
2025-11-14 14:50:22,Stoomtrein - Marerijk,OPERATING,STANDBY,25
2025-11-14 14:50:22,Volk van Laaf,OPERATING,STANDBY,0
2025-11-14 14:50:22,Fairytale Forest,OPERATING,STANDBY,0
2025-11-14 14:50:22,Stoomcarrousel,OPERATING,STANDBY,0
2025-11-14 14:50:22,Efteling Museum,OPERATING,STANDBY,0
2025-11-14 14:50:22,Halve Maen,OPERATING,STANDBY,5
2025-11-14 14:50:22,Archipel,OPERATING,STANDBY,0
2025-11-14 14:50:22,Stoomtrein - Oost,OPERATING,STANDBY,25
2025-11-14 14:50:22,Kinderspoor,OPERATING,STANDBY,5
2025-11-14 14:50:22,Diorama,OPERATING,STANDBY,0
2025-11-14 14:50:22,Fabula,OPERATING,STANDBY,10
2025-11-14 14:50:22,Monorail,CLOSED,STANDBY,N/A
2025-11-14 14:50:22,Kindervreugd,CLOSED,STANDBY,N/A
2025-11-14 14:50:22,Max & Moritz,OPERATING,STANDBY,5
2025-11-14 14:50:22,Max & Moritz,OPERATING,SINGLE_RIDER,0
2025-11-14 14:50:22,Anton Pieckplein,OPERATING,STANDBY,0
2025-11-14 14:50:22,Gondoletta,OPERATING,STANDBY,5
2025-11-14 14:50:22,Python,OPERATING,STANDBY,5
2025-11-14 14:50:22,Python,OPERATING,SINGLE_RIDER,0
2025-11-14 14:50:22,De Oude Tufferbaan,OPERATING,STANDBY,15
2025-11-14 14:50:22,Piraña,OPERATING,STANDBY,0
2025-11-14 14:50:22,Joris en de Draak,OPERATING,STANDBY,5
2025-11-14 14:50:22,Joris en de Draak,OPERATING,SINGLE_RIDER,0
2025-11-14 14:50:22,Carnaval Festival,OPERATING,STANDBY,5
2025-11-14 14:50:22,Vogel Rok,REFURBISHMENT,STANDBY,N/A
2025-11-14 14:50:22,Baron 1898,OPERATING,STANDBY,10
2025-11-14 14:50:22,Baron 1898,OPERATING,SINGLE_RIDER,5
2025-11-14 14:50:22,Pagode,OPERATING,STANDBY,5
2025-11-14 14:50:22,Symbolica,OPERATING,STANDBY,20
2025-11-14 14:50:22,Symbolica,OPERATING,SINGLE_RIDER,0
2025-11-14 14:50:22,Danse Macabre,OPERATING,STANDBY,13
2025-11-14 14:50:22,Danse Macabre,OPERATING,SINGLE_RIDER,0
2025-11-14 15:16:04,Droomvlucht,OPERATING,STANDBY,15
2025-11-14 15:16:04,Fata Morgana,OPERATING,STANDBY,5
2025-11-14 15:16:04,Villa Volta,OPERATING,STANDBY,5
2025-11-14 15:16:04,De Vliegende Hollander,OPERATING,STANDBY,5
2025-11-14 15:16:04,De Vliegende Hollander,OPERATING,SINGLE_RIDER,0
2025-11-14 15:16:04,Kleuterhof,OPERATING,STANDBY,0
2025-11-14 15:16:04,Nest!,OPERATING,STANDBY,0
2025-11-14 15:16:04,Sirocco,REFURBISHMENT,STANDBY,N/A
2025-11-14 15:16:04,Stoomtrein - Marerijk,OPERATING,STANDBY,25
2025-11-14 15:16:04,Volk van Laaf,OPERATING,STANDBY,0
2025-11-14 15:16:04,Fairytale Forest,OPERATING,STANDBY,0
2025-11-14 15:16:04,Stoomcarrousel,OPERATING,STANDBY,0
2025-11-14 15:16:04,Efteling Museum,OPERATING,STANDBY,0
2025-11-14 15:16:04,Halve Maen,OPERATING,STANDBY,5
2025-11-14 15:16:04,Archipel,OPERATING,STANDBY,0
2025-11-14 15:16:04,Stoomtrein - Oost,OPERATING,STANDBY,25
2025-11-14 15:16:04,Kinderspoor,OPERATING,STANDBY,5
2025-11-14 15:16:04,Diorama,OPERATING,STANDBY,0
2025-11-14 15:16:04,Fabula,OPERATING,STANDBY,10
2025-11-14 15:16:04,Monorail,CLOSED,STANDBY,N/A
2025-11-14 15:16:04,Kindervreugd,CLOSED,STANDBY,N/A
2025-11-14 15:16:04,Max & Moritz,OPERATING,STANDBY,5
2025-11-14 15:16:04,Max & Moritz,OPERATING,SINGLE_RIDER,0
2025-11-14 15:16:04,Anton Pieckplein,OPERATING,STANDBY,0
2025-11-14 15:16:04,Gondoletta,OPERATING,STANDBY,0
2025-11-14 15:16:04,Python,OPERATING,STANDBY,5
2025-11-14 15:16:04,Python,OPERATING,SINGLE_RIDER,0
2025-11-14 15:16:04,De Oude Tufferbaan,OPERATING,STANDBY,10
2025-11-14 15:16:04,Piraña,OPERATING,STANDBY,0
2025-11-14 15:16:04,Joris en de Draak,OPERATING,STANDBY,5
2025-11-14 15:16:04,Joris en de Draak,OPERATING,SINGLE_RIDER,0
2025-11-14 15:16:04,Carnaval Festival,OPERATING,STANDBY,5
2025-11-14 15:16:04,Vogel Rok,REFURBISHMENT,STANDBY,N/A
2025-11-14 15:16:04,Pagode,OPERATING,STANDBY,5
2025-11-14 15:16:04,Baron 1898,OPERATING,STANDBY,15
2025-11-14 15:16:04,Baron 1898,OPERATING,SINGLE_RIDER,20
2025-11-14 15:16:04,Symbolica,OPERATING,STANDBY,30
2025-11-14 15:16:04,Symbolica,OPERATING,SINGLE_RIDER,0
2025-11-14 15:16:04,Danse Macabre,OPERATING,STANDBY,13
2025-11-14 15:16:04,Danse Macabre,OPERATING,SINGLE_RIDER,0
2025-11-14 15:39:18,Droomvlucht,OPERATING,STANDBY,15
2025-11-14 15:39:18,Fata Morgana,OPERATING,STANDBY,5
2025-11-14 15:39:18,Villa Volta,OPERATING,STANDBY,5
2025-11-14 15:39:18,De Vliegende Hollander,OPERATING,STANDBY,5
2025-11-14 15:39:18,De Vliegende Hollander,OPERATING,SINGLE_RIDER,0
2025-11-14 15:39:18,Kleuterhof,OPERATING,STANDBY,0
2025-11-14 15:39:18,Nest!,OPERATING,STANDBY,0
2025-11-14 15:39:18,Sirocco,REFURBISHMENT,STANDBY,N/A
2025-11-14 15:39:18,Stoomtrein - Marerijk,OPERATING,STANDBY,25
2025-11-14 15:39:18,Volk van Laaf,OPERATING,STANDBY,0
2025-11-14 15:39:18,Fairytale Forest,OPERATING,STANDBY,0
2025-11-14 15:39:18,Stoomcarrousel,OPERATING,STANDBY,0
2025-11-14 15:39:18,Efteling Museum,OPERATING,STANDBY,0
2025-11-14 15:39:18,Halve Maen,OPERATING,STANDBY,5
2025-11-14 15:39:18,Archipel,OPERATING,STANDBY,0
2025-11-14 15:39:18,Stoomtrein - Oost,OPERATING,STANDBY,25
2025-11-14 15:39:18,Kinderspoor,OPERATING,STANDBY,5
2025-11-14 15:39:18,Diorama,OPERATING,STANDBY,0
2025-11-14 15:39:18,Fabula,OPERATING,STANDBY,10
2025-11-14 15:39:18,Monorail,CLOSED,STANDBY,N/A
2025-11-14 15:39:18,Kindervreugd,CLOSED,STANDBY,N/A
2025-11-14 15:39:18,Max & Moritz,OPERATING,STANDBY,5
2025-11-14 15:39:18,Max & Moritz,OPERATING,SINGLE_RIDER,0
2025-11-14 15:39:18,Anton Pieckplein,OPERATING,STANDBY,0
2025-11-14 15:39:18,Gondoletta,CLOSED,STANDBY,N/A
2025-11-14 15:39:18,Python,OPERATING,STANDBY,10
2025-11-14 15:39:18,Python,OPERATING,SINGLE_RIDER,0
2025-11-14 15:39:18,De Oude Tufferbaan,OPERATING,STANDBY,10
2025-11-14 15:39:18,Piraña,OPERATING,STANDBY,10
2025-11-14 15:39:18,Joris en de Draak,OPERATING,STANDBY,10
2025-11-14 15:39:18,Joris en de Draak,OPERATING,SINGLE_RIDER,0
2025-11-14 15:39:18,Carnaval Festival,OPERATING,STANDBY,0
2025-11-14 15:39:18,Vogel Rok,REFURBISHMENT,STANDBY,N/A
2025-11-14 15:39:18,Baron 1898,OPERATING,STANDBY,15
2025-11-14 15:39:18,Baron 1898,OPERATING,SINGLE_RIDER,10
2025-11-14 15:39:18,Pagode,OPERATING,STANDBY,5
2025-11-14 15:39:18,Symbolica,OPERATING,STANDBY,20
2025-11-14 15:39:18,Symbolica,OPERATING,SINGLE_RIDER,0
2025-11-14 15:39:18,Danse Macabre,OPERATING,STANDBY,13
2025-11-14 15:39:18,Danse Macabre,OPERATING,SINGLE_RIDER,0
2025-11-14 15:50:01,Droomvlucht,OPERATING,STANDBY,15
2025-11-14 15:50:01,Fata Morgana,OPERATING,STANDBY,5
2025-11-14 15:50:01,Villa Volta,OPERATING,STANDBY,5
2025-11-14 15:50:01,De Vliegende Hollander,OPERATING,STANDBY,5
2025-11-14 15:50:01,De Vliegende Hollander,OPERATING,SINGLE_RIDER,0
2025-11-14 15:50:01,Kleuterhof,OPERATING,STANDBY,0
2025-11-14 15:50:01,Nest!,CLOSED,STANDBY,N/A
2025-11-14 15:50:01,Sirocco,REFURBISHMENT,STANDBY,N/A
2025-11-14 15:50:01,Stoomtrein - Marerijk,OPERATING,STANDBY,25
2025-11-14 15:50:01,Volk van Laaf,OPERATING,STANDBY,0
2025-11-14 15:50:01,Fairytale Forest,OPERATING,STANDBY,0
2025-11-14 15:50:01,Stoomcarrousel,OPERATING,STANDBY,0
2025-11-14 15:50:01,Efteling Museum,OPERATING,STANDBY,0
2025-11-14 15:50:01,Halve Maen,OPERATING,STANDBY,5
2025-11-14 15:50:01,Archipel,OPERATING,STANDBY,0
2025-11-14 15:50:01,Stoomtrein - Oost,OPERATING,STANDBY,25
2025-11-14 15:50:01,Kinderspoor,OPERATING,STANDBY,5
2025-11-14 15:50:01,Diorama,OPERATING,STANDBY,0
2025-11-14 15:50:01,Fabula,OPERATING,STANDBY,10
2025-11-14 15:50:01,Monorail,CLOSED,STANDBY,N/A
2025-11-14 15:50:01,Kindervreugd,CLOSED,STANDBY,N/A
2025-11-14 15:50:01,Max & Moritz,OPERATING,STANDBY,5
2025-11-14 15:50:01,Max & Moritz,OPERATING,SINGLE_RIDER,0
2025-11-14 15:50:01,Anton Pieckplein,OPERATING,STANDBY,0
2025-11-14 15:50:01,Gondoletta,CLOSED,STANDBY,N/A
2025-11-14 15:50:01,Python,OPERATING,STANDBY,10
2025-11-14 15:50:01,Python,OPERATING,SINGLE_RIDER,0
2025-11-14 15:50:01,De Oude Tufferbaan,OPERATING,STANDBY,10
2025-11-14 15:50:01,Piraña,OPERATING,STANDBY,5
2025-11-14 15:50:01,Joris en de Draak,OPERATING,STANDBY,10
2025-11-14 15:50:01,Joris en de Draak,OPERATING,SINGLE_RIDER,0
2025-11-14 15:50:01,Carnaval Festival,OPERATING,STANDBY,0
2025-11-14 15:50:01,Vogel Rok,REFURBISHMENT,STANDBY,N/A
2025-11-14 15:50:01,Baron 1898,OPERATING,STANDBY,15
2025-11-14 15:50:01,Baron 1898,OPERATING,SINGLE_RIDER,10
2025-11-14 15:50:01,Pagode,OPERATING,STANDBY,5
2025-11-14 15:50:01,Symbolica,OPERATING,STANDBY,20
2025-11-14 15:50:01,Symbolica,OPERATING,SINGLE_RIDER,0
2025-11-14 15:50:01,Danse Macabre,OPERATING,STANDBY,13
2025-11-14 15:50:01,Danse Macabre,OPERATING,SINGLE_RIDER,0
2025-11-14 16:21:48,Droomvlucht,OPERATING,STANDBY,5
2025-11-14 16:21:48,Fata Morgana,OPERATING,STANDBY,5
2025-11-14 16:21:48,Villa Volta,OPERATING,STANDBY,5
2025-11-14 16:21:48,De Vliegende Hollander,OPERATING,STANDBY,5
2025-11-14 16:21:48,De Vliegende Hollander,OPERATING,SINGLE_RIDER,0
2025-11-14 16:21:48,Kleuterhof,OPERATING,STANDBY,0
2025-11-14 16:21:48,Nest!,CLOSED,STANDBY,N/A
2025-11-14 16:21:48,Sirocco,REFURBISHMENT,STANDBY,N/A
2025-11-14 16:21:48,Stoomtrein - Marerijk,OPERATING,STANDBY,25
2025-11-14 16:21:48,Volk van Laaf,OPERATING,STANDBY,0
2025-11-14 16:21:48,Fairytale Forest,OPERATING,STANDBY,0
2025-11-14 16:21:48,Stoomcarrousel,OPERATING,STANDBY,0
2025-11-14 16:21:48,Efteling Museum,OPERATING,STANDBY,0
2025-11-14 16:21:48,Halve Maen,OPERATING,STANDBY,5
2025-11-14 16:21:48,Archipel,CLOSED,STANDBY,N/A
2025-11-14 16:21:48,Stoomtrein - Oost,OPERATING,STANDBY,25
2025-11-14 16:21:48,Kinderspoor,OPERATING,STANDBY,0
2025-11-14 16:21:48,Diorama,OPERATING,STANDBY,0
2025-11-14 16:21:48,Fabula,OPERATING,STANDBY,10
2025-11-14 16:21:48,Monorail,CLOSED,STANDBY,N/A
2025-11-14 16:21:48,Kindervreugd,CLOSED,STANDBY,N/A
2025-11-14 16:21:48,Max & Moritz,OPERATING,STANDBY,5
2025-11-14 16:21:48,Max & Moritz,OPERATING,SINGLE_RIDER,0
2025-11-14 16:21:48,Anton Pieckplein,OPERATING,STANDBY,0
2025-11-14 16:21:48,Gondoletta,CLOSED,STANDBY,N/A
2025-11-14 16:21:48,Python,OPERATING,STANDBY,5
2025-11-14 16:21:48,Python,OPERATING,SINGLE_RIDER,0
2025-11-14 16:21:48,De Oude Tufferbaan,OPERATING,STANDBY,5
2025-11-14 16:21:48,Piraña,OPERATING,STANDBY,5
2025-11-14 16:21:48,Joris en de Draak,OPERATING,STANDBY,10
2025-11-14 16:21:48,Joris en de Draak,OPERATING,SINGLE_RIDER,0
2025-11-14 16:21:48,Carnaval Festival,OPERATING,STANDBY,0
2025-11-14 16:21:48,Vogel Rok,OPERATING,STANDBY,5
2025-11-14 16:21:48,Baron 1898,OPERATING,STANDBY,5
2025-11-14 16:21:48,Baron 1898,OPERATING,SINGLE_RIDER,10
2025-11-14 16:21:48,Pagode,OPERATING,STANDBY,5
2025-11-14 16:21:48,Symbolica,OPERATING,STANDBY,15
2025-11-14 16:21:48,Symbolica,OPERATING,SINGLE_RIDER,0
2025-11-14 16:21:48,Danse Macabre,OPERATING,STANDBY,13
2025-11-14 16:21:48,Danse Macabre,OPERATING,SINGLE_RIDER,0
2025-11-14 16:48:44,Droomvlucht,OPERATING,STANDBY,5
2025-11-14 16:48:44,Fata Morgana,OPERATING,STANDBY,5
2025-11-14 16:48:44,Villa Volta,OPERATING,STANDBY,5
2025-11-14 16:48:44,De Vliegende Hollander,OPERATING,STANDBY,5
2025-11-14 16:48:44,De Vliegende Hollander,OPERATING,SINGLE_RIDER,0
2025-11-14 16:48:44,Kleuterhof,OPERATING,STANDBY,0
2025-11-14 16:48:44,Nest!,CLOSED,STANDBY,N/A
2025-11-14 16:48:44,Sirocco,REFURBISHMENT,STANDBY,N/A
2025-11-14 16:48:44,Stoomtrein - Marerijk,CLOSED,STANDBY,N/A
2025-11-14 16:48:44,Volk van Laaf,OPERATING,STANDBY,0
2025-11-14 16:48:44,Fairytale Forest,OPERATING,STANDBY,0
2025-11-14 16:48:44,Stoomcarrousel,OPERATING,STANDBY,0
2025-11-14 16:48:44,Efteling Museum,OPERATING,STANDBY,0
2025-11-14 16:48:44,Halve Maen,OPERATING,STANDBY,5
2025-11-14 16:48:44,Archipel,CLOSED,STANDBY,N/A
2025-11-14 16:48:44,Stoomtrein - Oost,CLOSED,STANDBY,N/A
2025-11-14 16:48:44,Kinderspoor,OPERATING,STANDBY,0
2025-11-14 16:48:44,Diorama,OPERATING,STANDBY,0
2025-11-14 16:48:44,Fabula,OPERATING,STANDBY,10
2025-11-14 16:48:44,Monorail,CLOSED,STANDBY,N/A
2025-11-14 16:48:44,Kindervreugd,CLOSED,STANDBY,N/A
2025-11-14 16:48:44,Max & Moritz,OPERATING,STANDBY,5
2025-11-14 16:48:44,Max & Moritz,OPERATING,SINGLE_RIDER,0
2025-11-14 16:48:44,Anton Pieckplein,OPERATING,STANDBY,0
2025-11-14 16:48:44,Gondoletta,CLOSED,STANDBY,N/A
2025-11-14 16:48:44,Python,OPERATING,STANDBY,5
2025-11-14 16:48:44,Python,OPERATING,SINGLE_RIDER,0
2025-11-14 16:48:44,De Oude Tufferbaan,OPERATING,STANDBY,5
2025-11-14 16:48:44,Piraña,OPERATING,STANDBY,10
2025-11-14 16:48:44,Joris en de Draak,OPERATING,STANDBY,10
2025-11-14 16:48:44,Joris en de Draak,OPERATING,SINGLE_RIDER,0
2025-11-14 16:48:44,Carnaval Festival,OPERATING,STANDBY,0
2025-11-14 16:48:44,Vogel Rok,OPERATING,STANDBY,5
2025-11-14 16:48:44,Baron 1898,OPERATING,STANDBY,10
2025-11-14 16:48:44,Baron 1898,OPERATING,SINGLE_RIDER,10
2025-11-14 16:48:44,Pagode,OPERATING,STANDBY,5
2025-11-14 16:48:44,Symbolica,OPERATING,STANDBY,15
2025-11-14 16:48:44,Symbolica,OPERATING,SINGLE_RIDER,0
2025-11-14 16:48:44,Danse Macabre,OPERATING,STANDBY,13
2025-11-14 16:48:44,Danse Macabre,OPERATING,SINGLE_RIDER,0
2025-11-15 08:42:56,Droomvlucht,OPERATING,STANDBY,5
2025-11-15 08:42:56,Fata Morgana,OPERATING,STANDBY,0
2025-11-15 08:42:56,Villa Volta,OPERATING,STANDBY,5
2025-11-15 08:42:56,De Vliegende Hollander,CLOSED,STANDBY,N/A
2025-11-15 08:42:56,De Vliegende Hollander,CLOSED,SINGLE_RIDER,N/A
2025-11-15 08:42:56,Kleuterhof,CLOSED,STANDBY,N/A
2025-11-15 08:42:56,Nest!,CLOSED,STANDBY,N/A
2025-11-15 08:42:56,Sirocco,REFURBISHMENT,STANDBY,N/A
2025-11-15 08:42:56,Stoomtrein - Marerijk,CLOSED,STANDBY,N/A
2025-11-15 08:42:56,Volk van Laaf,CLOSED,STANDBY,N/A
2025-11-15 08:42:56,Fairytale Forest,CLOSED,STANDBY,N/A
2025-11-15 08:42:56,Stoomcarrousel,CLOSED,STANDBY,N/A
2025-11-15 08:42:56,Efteling Museum,CLOSED,STANDBY,N/A
2025-11-15 08:42:56,Halve Maen,CLOSED,STANDBY,N/A
2025-11-15 08:42:56,Archipel,OPERATING,STANDBY,0
2025-11-15 08:42:56,Stoomtrein - Oost,CLOSED,STANDBY,N/A
2025-11-15 08:42:56,Kinderspoor,CLOSED,STANDBY,N/A
2025-11-15 08:42:56,Diorama,CLOSED,STANDBY,N/A
2025-11-15 08:42:56,Fabula,CLOSED,STANDBY,N/A
2025-11-15 08:42:56,Monorail,CLOSED,STANDBY,N/A
2025-11-15 08:42:56,Kindervreugd,CLOSED,STANDBY,N/A
2025-11-15 08:42:56,Max & Moritz,OPERATING,STANDBY,5
2025-11-15 08:42:56,Max & Moritz,OPERATING,SINGLE_RIDER,0
2025-11-15 08:42:56,Anton Pieckplein,CLOSED,STANDBY,N/A
2025-11-15 08:42:56,Gondoletta,CLOSED,STANDBY,N/A
2025-11-15 08:42:56,De Oude Tufferbaan,CLOSED,STANDBY,N/A
2025-11-15 08:42:56,Python,CLOSED,STANDBY,N/A
2025-11-15 08:42:56,Python,CLOSED,SINGLE_RIDER,N/A
2025-11-15 08:42:56,Piraña,CLOSED,STANDBY,N/A
2025-11-15 08:42:56,Joris en de Draak,CLOSED,STANDBY,N/A
2025-11-15 08:42:56,Joris en de Draak,CLOSED,SINGLE_RIDER,N/A
2025-11-15 08:42:56,Carnaval Festival,OPERATING,STANDBY,0
2025-11-15 08:42:56,Vogel Rok,OPERATING,STANDBY,0
2025-11-15 08:42:56,Baron 1898,OPERATING,STANDBY,5
2025-11-15 08:42:56,Baron 1898,OPERATING,SINGLE_RIDER,5
2025-11-15 08:42:56,Pagode,OPERATING,STANDBY,5
2025-11-15 08:42:56,Symbolica,CLOSED,STANDBY,N/A
2025-11-15 08:42:56,Symbolica,CLOSED,SINGLE_RIDER,N/A
2025-11-15 08:42:56,Danse Macabre,CLOSED,STANDBY,N/A
2025-11-15 08:42:56,Danse Macabre,CLOSED,SINGLE_RIDER,N/A
2025-11-15 08:53:11,Droomvlucht,OPERATING,STANDBY,5
2025-11-15 08:53:11,Fata Morgana,OPERATING,STANDBY,0
2025-11-15 08:53:11,Villa Volta,OPERATING,STANDBY,5
2025-11-15 08:53:11,De Vliegende Hollander,CLOSED,STANDBY,N/A
2025-11-15 08:53:11,De Vliegende Hollander,CLOSED,SINGLE_RIDER,N/A
2025-11-15 08:53:11,Kleuterhof,CLOSED,STANDBY,N/A
2025-11-15 08:53:11,Nest!,CLOSED,STANDBY,N/A
2025-11-15 08:53:11,Sirocco,REFURBISHMENT,STANDBY,N/A
2025-11-15 08:53:11,Stoomtrein - Marerijk,CLOSED,STANDBY,N/A
2025-11-15 08:53:11,Volk van Laaf,CLOSED,STANDBY,N/A
2025-11-15 08:53:11,Fairytale Forest,OPERATING,STANDBY,0
2025-11-15 08:53:11,Stoomcarrousel,CLOSED,STANDBY,N/A
2025-11-15 08:53:11,Efteling Museum,CLOSED,STANDBY,N/A
2025-11-15 08:53:11,Halve Maen,CLOSED,STANDBY,N/A
2025-11-15 08:53:11,Archipel,OPERATING,STANDBY,0
2025-11-15 08:53:11,Stoomtrein - Oost,CLOSED,STANDBY,N/A
2025-11-15 08:53:11,Kinderspoor,CLOSED,STANDBY,N/A
2025-11-15 08:53:11,Diorama,CLOSED,STANDBY,N/A
2025-11-15 08:53:11,Fabula,CLOSED,STANDBY,N/A
2025-11-15 08:53:11,Monorail,CLOSED,STANDBY,N/A
2025-11-15 08:53:11,Kindervreugd,CLOSED,STANDBY,N/A
2025-11-15 08:53:11,Max & Moritz,OPERATING,STANDBY,5
2025-11-15 08:53:11,Max & Moritz,OPERATING,SINGLE_RIDER,0
2025-11-15 08:53:11,Anton Pieckplein,CLOSED,STANDBY,N/A
2025-11-15 08:53:11,Gondoletta,CLOSED,STANDBY,N/A
2025-11-15 08:53:11,De Oude Tufferbaan,CLOSED,STANDBY,N/A
2025-11-15 08:53:11,Python,CLOSED,STANDBY,N/A
2025-11-15 08:53:11,Python,CLOSED,SINGLE_RIDER,N/A
2025-11-15 08:53:11,Piraña,CLOSED,STANDBY,N/A
2025-11-15 08:53:11,Joris en de Draak,CLOSED,STANDBY,N/A
2025-11-15 08:53:11,Joris en de Draak,CLOSED,SINGLE_RIDER,N/A
2025-11-15 08:53:11,Carnaval Festival,OPERATING,STANDBY,0
2025-11-15 08:53:11,Vogel Rok,OPERATING,STANDBY,0
2025-11-15 08:53:11,Baron 1898,OPERATING,STANDBY,5
2025-11-15 08:53:11,Baron 1898,OPERATING,SINGLE_RIDER,5
2025-11-15 08:53:11,Pagode,OPERATING,STANDBY,5
2025-11-15 08:53:11,Symbolica,CLOSED,STANDBY,N/A
2025-11-15 08:53:11,Symbolica,CLOSED,SINGLE_RIDER,N/A
2025-11-15 08:53:11,Danse Macabre,CLOSED,STANDBY,N/A
2025-11-15 08:53:11,Danse Macabre,CLOSED,SINGLE_RIDER,N/A
2025-11-15 09:15:36,Droomvlucht,OPERATING,STANDBY,15
2025-11-15 09:15:36,Fata Morgana,OPERATING,STANDBY,10
2025-11-15 09:15:36,Villa Volta,OPERATING,STANDBY,5
2025-11-15 09:15:36,De Vliegende Hollander,OPERATING,STANDBY,5
2025-11-15 09:15:36,De Vliegende Hollander,OPERATING,SINGLE_RIDER,0
2025-11-15 09:15:36,Kleuterhof,CLOSED,STANDBY,N/A
2025-11-15 09:15:36,Nest!,OPERATING,STANDBY,0
2025-11-15 09:15:36,Sirocco,REFURBISHMENT,STANDBY,N/A
2025-11-15 09:15:36,Stoomtrein - Marerijk,CLOSED,STANDBY,N/A
2025-11-15 09:15:36,Volk van Laaf,OPERATING,STANDBY,0
2025-11-15 09:15:36,Fairytale Forest,OPERATING,STANDBY,0
2025-11-15 09:15:36,Stoomcarrousel,OPERATING,STANDBY,0
2025-11-15 09:15:36,Efteling Museum,OPERATING,STANDBY,0
2025-11-15 09:15:36,Halve Maen,OPERATING,STANDBY,0
2025-11-15 09:15:36,Archipel,OPERATING,STANDBY,0
2025-11-15 09:15:36,Stoomtrein - Oost,CLOSED,STANDBY,N/A
2025-11-15 09:15:36,Kinderspoor,OPERATING,STANDBY,0
2025-11-15 09:15:36,Diorama,OPERATING,STANDBY,0
2025-11-15 09:15:36,Fabula,OPERATING,STANDBY,10
2025-11-15 09:15:36,Monorail,CLOSED,STANDBY,N/A
2025-11-15 09:15:36,Kindervreugd,OPERATING,STANDBY,0
2025-11-15 09:15:36,Max & Moritz,OPERATING,STANDBY,5
2025-11-15 09:15:36,Max & Moritz,OPERATING,SINGLE_RIDER,5
2025-11-15 09:15:36,Anton Pieckplein,OPERATING,STANDBY,0
2025-11-15 09:15:36,Gondoletta,OPERATING,STANDBY,0
2025-11-15 09:15:36,Python,OPERATING,STANDBY,5
2025-11-15 09:15:36,Python,OPERATING,SINGLE_RIDER,0
2025-11-15 09:15:36,De Oude Tufferbaan,OPERATING,STANDBY,0
2025-11-15 09:15:36,Piraña,OPERATING,STANDBY,0
2025-11-15 09:15:36,Joris en de Draak,OPERATING,STANDBY,10
2025-11-15 09:15:36,Joris en de Draak,OPERATING,SINGLE_RIDER,5
2025-11-15 09:15:36,Carnaval Festival,OPERATING,STANDBY,0
2025-11-15 09:15:36,Vogel Rok,OPERATING,STANDBY,5
2025-11-15 09:15:36,Baron 1898,OPERATING,STANDBY,15
2025-11-15 09:15:36,Baron 1898,OPERATING,SINGLE_RIDER,20
2025-11-15 09:15:36,Pagode,OPERATING,STANDBY,5
2025-11-15 09:15:36,Symbolica,OPERATING,STANDBY,25
2025-11-15 09:15:36,Symbolica,OPERATING,SINGLE_RIDER,5
2025-11-15 09:15:36,Danse Macabre,OPERATING,STANDBY,40
2025-11-15 09:15:36,Danse Macabre,OPERATING,SINGLE_RIDER,0
2025-11-15 09:36:33,Droomvlucht,OPERATING,STANDBY,15
2025-11-15 09:36:33,Fata Morgana,OPERATING,STANDBY,15
2025-11-15 09:36:33,Villa Volta,OPERATING,STANDBY,5
2025-11-15 09:36:33,De Vliegende Hollander,OPERATING,STANDBY,5
2025-11-15 09:36:33,De Vliegende Hollander,OPERATING,SINGLE_RIDER,0
2025-11-15 09:36:33,Kleuterhof,OPERATING,STANDBY,0
2025-11-15 09:36:33,Nest!,OPERATING,STANDBY,0
2025-11-15 09:36:33,Sirocco,REFURBISHMENT,STANDBY,N/A
2025-11-15 09:36:33,Stoomtrein - Marerijk,OPERATING,STANDBY,25
2025-11-15 09:36:33,Volk van Laaf,OPERATING,STANDBY,0
2025-11-15 09:36:33,Fairytale Forest,OPERATING,STANDBY,0
2025-11-15 09:36:33,Stoomcarrousel,OPERATING,STANDBY,0
2025-11-15 09:36:33,Efteling Museum,OPERATING,STANDBY,0
2025-11-15 09:36:33,Halve Maen,OPERATING,STANDBY,0
2025-11-15 09:36:33,Archipel,OPERATING,STANDBY,0
2025-11-15 09:36:33,Stoomtrein - Oost,OPERATING,STANDBY,25
2025-11-15 09:36:33,Kinderspoor,OPERATING,STANDBY,5
2025-11-15 09:36:33,Diorama,OPERATING,STANDBY,0
2025-11-15 09:36:33,Fabula,OPERATING,STANDBY,10
2025-11-15 09:36:33,Monorail,CLOSED,STANDBY,N/A
2025-11-15 09:36:33,Kindervreugd,OPERATING,STANDBY,0
2025-11-15 09:36:33,Max & Moritz,OPERATING,STANDBY,20
2025-11-15 09:36:33,Max & Moritz,OPERATING,SINGLE_RIDER,5
2025-11-15 09:36:33,Anton Pieckplein,OPERATING,STANDBY,0
2025-11-15 09:36:33,Gondoletta,OPERATING,STANDBY,0
2025-11-15 09:36:33,De Oude Tufferbaan,OPERATING,STANDBY,5
2025-11-15 09:36:33,Python,OPERATING,STANDBY,10
2025-11-15 09:36:33,Python,OPERATING,SINGLE_RIDER,0
2025-11-15 09:36:33,Piraña,OPERATING,STANDBY,0
2025-11-15 09:36:33,Joris en de Draak,OPERATING,STANDBY,10
2025-11-15 09:36:33,Joris en de Draak,OPERATING,SINGLE_RIDER,5
2025-11-15 09:36:33,Carnaval Festival,OPERATING,STANDBY,0
2025-11-15 09:36:33,Vogel Rok,OPERATING,STANDBY,5
2025-11-15 09:36:33,Pagode,OPERATING,STANDBY,5
2025-11-15 09:36:33,Baron 1898,OPERATING,STANDBY,15
2025-11-15 09:36:33,Baron 1898,OPERATING,SINGLE_RIDER,20
2025-11-15 09:36:33,Symbolica,OPERATING,STANDBY,25
2025-11-15 09:36:33,Symbolica,OPERATING,SINGLE_RIDER,5
2025-11-15 09:36:33,Danse Macabre,OPERATING,STANDBY,30
2025-11-15 09:36:33,Danse Macabre,OPERATING,SINGLE_RIDER,0
2025-11-15 09:49:43,Droomvlucht,OPERATING,STANDBY,15
2025-11-15 09:49:43,Fata Morgana,OPERATING,STANDBY,15
2025-11-15 09:49:43,Villa Volta,OPERATING,STANDBY,5
2025-11-15 09:49:43,De Vliegende Hollander,OPERATING,STANDBY,20
2025-11-15 09:49:43,De Vliegende Hollander,OPERATING,SINGLE_RIDER,0
2025-11-15 09:49:43,Kleuterhof,OPERATING,STANDBY,0
2025-11-15 09:49:43,Nest!,OPERATING,STANDBY,0
2025-11-15 09:49:43,Sirocco,REFURBISHMENT,STANDBY,N/A
2025-11-15 09:49:43,Stoomtrein - Marerijk,OPERATING,STANDBY,25
2025-11-15 09:49:43,Volk van Laaf,OPERATING,STANDBY,0
2025-11-15 09:49:43,Fairytale Forest,OPERATING,STANDBY,0
2025-11-15 09:49:43,Stoomcarrousel,OPERATING,STANDBY,0
2025-11-15 09:49:43,Efteling Museum,OPERATING,STANDBY,0
2025-11-15 09:49:43,Halve Maen,OPERATING,STANDBY,0
2025-11-15 09:49:43,Archipel,OPERATING,STANDBY,0
2025-11-15 09:49:43,Stoomtrein - Oost,OPERATING,STANDBY,25
2025-11-15 09:49:43,Kinderspoor,OPERATING,STANDBY,5
2025-11-15 09:49:43,Diorama,OPERATING,STANDBY,0
2025-11-15 09:49:43,Fabula,OPERATING,STANDBY,10
2025-11-15 09:49:43,Monorail,CLOSED,STANDBY,N/A
2025-11-15 09:49:43,Kindervreugd,OPERATING,STANDBY,0
2025-11-15 09:49:43,Max & Moritz,OPERATING,STANDBY,25
2025-11-15 09:49:43,Max & Moritz,OPERATING,SINGLE_RIDER,10
2025-11-15 09:49:43,Anton Pieckplein,OPERATING,STANDBY,0
2025-11-15 09:49:43,Gondoletta,OPERATING,STANDBY,0
2025-11-15 09:49:43,De Oude Tufferbaan,OPERATING,STANDBY,5
2025-11-15 09:49:43,Python,OPERATING,STANDBY,5
2025-11-15 09:49:43,Python,OPERATING,SINGLE_RIDER,0
2025-11-15 09:49:43,Piraña,OPERATING,STANDBY,0
2025-11-15 09:49:43,Joris en de Draak,OPERATING,STANDBY,15
2025-11-15 09:49:43,Joris en de Draak,OPERATING,SINGLE_RIDER,5
2025-11-15 09:49:43,Carnaval Festival,OPERATING,STANDBY,0
2025-11-15 09:49:43,Vogel Rok,OPERATING,STANDBY,5
2025-11-15 09:49:43,Pagode,OPERATING,STANDBY,5
2025-11-15 09:49:43,Baron 1898,OPERATING,STANDBY,40
2025-11-15 09:49:43,Baron 1898,OPERATING,SINGLE_RIDER,30
2025-11-15 09:49:43,Symbolica,OPERATING,STANDBY,35
2025-11-15 09:49:43,Symbolica,OPERATING,SINGLE_RIDER,5
2025-11-15 09:49:43,Danse Macabre,OPERATING,STANDBY,45
2025-11-15 09:49:43,Danse Macabre,OPERATING,SINGLE_RIDER,0
2025-11-15 10:15:54,Droomvlucht,OPERATING,STANDBY,20
2025-11-15 10:15:54,Fata Morgana,OPERATING,STANDBY,30
2025-11-15 10:15:54,Villa Volta,OPERATING,STANDBY,5
2025-11-15 10:15:54,De Vliegende Hollander,OPERATING,STANDBY,30
2025-11-15 10:15:54,De Vliegende Hollander,OPERATING,SINGLE_RIDER,0
2025-11-15 10:15:54,Kleuterhof,OPERATING,STANDBY,0
2025-11-15 10:15:54,Nest!,OPERATING,STANDBY,0
2025-11-15 10:15:54,Sirocco,REFURBISHMENT,STANDBY,N/A
2025-11-15 10:15:54,Stoomtrein - Marerijk,OPERATING,STANDBY,25
2025-11-15 10:15:54,Volk van Laaf,OPERATING,STANDBY,0
2025-11-15 10:15:54,Fairytale Forest,OPERATING,STANDBY,0
2025-11-15 10:15:54,Stoomcarrousel,OPERATING,STANDBY,0
2025-11-15 10:15:54,Efteling Museum,OPERATING,STANDBY,0
2025-11-15 10:15:54,Halve Maen,OPERATING,STANDBY,10
2025-11-15 10:15:54,Archipel,OPERATING,STANDBY,0
2025-11-15 10:15:54,Stoomtrein - Oost,OPERATING,STANDBY,25
2025-11-15 10:15:54,Kinderspoor,OPERATING,STANDBY,5
2025-11-15 10:15:54,Diorama,OPERATING,STANDBY,0
2025-11-15 10:15:54,Fabula,OPERATING,STANDBY,10
2025-11-15 10:15:54,Monorail,CLOSED,STANDBY,N/A
2025-11-15 10:15:54,Kindervreugd,OPERATING,STANDBY,0
2025-11-15 10:15:54,Max & Moritz,OPERATING,STANDBY,20
2025-11-15 10:15:54,Max & Moritz,OPERATING,SINGLE_RIDER,10
2025-11-15 10:15:54,Anton Pieckplein,OPERATING,STANDBY,0
2025-11-15 10:15:54,Gondoletta,OPERATING,STANDBY,0
2025-11-15 10:15:54,De Oude Tufferbaan,OPERATING,STANDBY,20
2025-11-15 10:15:54,Python,OPERATING,STANDBY,20
2025-11-15 10:15:54,Python,OPERATING,SINGLE_RIDER,5
2025-11-15 10:15:54,Piraña,OPERATING,STANDBY,5
2025-11-15 10:15:54,Joris en de Draak,OPERATING,STANDBY,30
2025-11-15 10:15:54,Joris en de Draak,OPERATING,SINGLE_RIDER,10
2025-11-15 10:15:54,Carnaval Festival,OPERATING,STANDBY,0
2025-11-15 10:15:54,Vogel Rok,OPERATING,STANDBY,10
2025-11-15 10:15:54,Pagode,OPERATING,STANDBY,5
2025-11-15 10:15:54,Baron 1898,OPERATING,STANDBY,40
2025-11-15 10:15:54,Baron 1898,OPERATING,SINGLE_RIDER,15
2025-11-15 10:15:54,Symbolica,OPERATING,STANDBY,30
2025-11-15 10:15:54,Symbolica,OPERATING,SINGLE_RIDER,5
2025-11-15 10:15:54,Danse Macabre,OPERATING,STANDBY,45
2025-11-15 10:15:54,Danse Macabre,OPERATING,SINGLE_RIDER,0
2025-11-15 10:39:38,Droomvlucht,OPERATING,STANDBY,30
2025-11-15 10:39:38,Fata Morgana,OPERATING,STANDBY,25
2025-11-15 10:39:38,Villa Volta,OPERATING,STANDBY,5
2025-11-15 10:39:38,De Vliegende Hollander,OPERATING,STANDBY,30
2025-11-15 10:39:38,De Vliegende Hollander,OPERATING,SINGLE_RIDER,15
2025-11-15 10:39:38,Kleuterhof,OPERATING,STANDBY,0
2025-11-15 10:39:38,Nest!,OPERATING,STANDBY,0
2025-11-15 10:39:38,Sirocco,REFURBISHMENT,STANDBY,N/A
2025-11-15 10:39:38,Stoomtrein - Marerijk,OPERATING,STANDBY,25
2025-11-15 10:39:38,Volk van Laaf,OPERATING,STANDBY,0
2025-11-15 10:39:38,Fairytale Forest,OPERATING,STANDBY,0
2025-11-15 10:39:38,Stoomcarrousel,OPERATING,STANDBY,0
2025-11-15 10:39:38,Efteling Museum,OPERATING,STANDBY,0
2025-11-15 10:39:38,Halve Maen,OPERATING,STANDBY,10
2025-11-15 10:39:38,Archipel,OPERATING,STANDBY,0
2025-11-15 10:39:38,Stoomtrein - Oost,OPERATING,STANDBY,25
2025-11-15 10:39:38,Kinderspoor,OPERATING,STANDBY,5
2025-11-15 10:39:38,Diorama,OPERATING,STANDBY,0
2025-11-15 10:39:38,Fabula,OPERATING,STANDBY,10
2025-11-15 10:39:38,Monorail,CLOSED,STANDBY,N/A
2025-11-15 10:39:38,Kindervreugd,OPERATING,STANDBY,0
2025-11-15 10:39:38,Max & Moritz,OPERATING,STANDBY,25
2025-11-15 10:39:38,Max & Moritz,OPERATING,SINGLE_RIDER,10
2025-11-15 10:39:38,Anton Pieckplein,OPERATING,STANDBY,0
2025-11-15 10:39:38,Gondoletta,OPERATING,STANDBY,0
2025-11-15 10:39:38,De Oude Tufferbaan,OPERATING,STANDBY,15
2025-11-15 10:39:38,Python,OPERATING,STANDBY,20
2025-11-15 10:39:38,Python,OPERATING,SINGLE_RIDER,15
2025-11-15 10:39:38,Piraña,OPERATING,STANDBY,10
2025-11-15 10:39:38,Joris en de Draak,OPERATING,STANDBY,25
2025-11-15 10:39:38,Joris en de Draak,OPERATING,SINGLE_RIDER,20
2025-11-15 10:39:38,Carnaval Festival,OPERATING,STANDBY,5
2025-11-15 10:39:38,Vogel Rok,OPERATING,STANDBY,10
2025-11-15 10:39:38,Baron 1898,OPERATING,STANDBY,35
2025-11-15 10:39:38,Baron 1898,OPERATING,SINGLE_RIDER,45
2025-11-15 10:39:38,Pagode,OPERATING,STANDBY,5
2025-11-15 10:39:38,Symbolica,OPERATING,STANDBY,30
2025-11-15 10:39:38,Symbolica,OPERATING,SINGLE_RIDER,10
2025-11-15 10:39:38,Danse Macabre,OPERATING,STANDBY,35
2025-11-15 10:39:38,Danse Macabre,OPERATING,SINGLE_RIDER,0
2025-11-15 10:49:21,Droomvlucht,OPERATING,STANDBY,30
2025-11-15 10:49:21,Fata Morgana,OPERATING,STANDBY,20
2025-11-15 10:49:21,Villa Volta,OPERATING,STANDBY,5
2025-11-15 10:49:21,De Vliegende Hollander,OPERATING,STANDBY,35
2025-11-15 10:49:21,De Vliegende Hollander,OPERATING,SINGLE_RIDER,5
2025-11-15 10:49:21,Kleuterhof,OPERATING,STANDBY,0
2025-11-15 10:49:21,Nest!,OPERATING,STANDBY,0
2025-11-15 10:49:21,Sirocco,REFURBISHMENT,STANDBY,N/A
2025-11-15 10:49:21,Stoomtrein - Marerijk,OPERATING,STANDBY,25
2025-11-15 10:49:21,Volk van Laaf,OPERATING,STANDBY,0
2025-11-15 10:49:21,Fairytale Forest,OPERATING,STANDBY,0
2025-11-15 10:49:21,Stoomcarrousel,OPERATING,STANDBY,0
2025-11-15 10:49:21,Efteling Museum,OPERATING,STANDBY,0
2025-11-15 10:49:21,Halve Maen,OPERATING,STANDBY,10
2025-11-15 10:49:21,Archipel,OPERATING,STANDBY,0
2025-11-15 10:49:21,Stoomtrein - Oost,OPERATING,STANDBY,25
2025-11-15 10:49:21,Kinderspoor,OPERATING,STANDBY,5
2025-11-15 10:49:21,Diorama,OPERATING,STANDBY,0
2025-11-15 10:49:21,Fabula,OPERATING,STANDBY,10
2025-11-15 10:49:21,Monorail,CLOSED,STANDBY,N/A
2025-11-15 10:49:21,Kindervreugd,OPERATING,STANDBY,0
2025-11-15 10:49:21,Max & Moritz,OPERATING,STANDBY,25
2025-11-15 10:49:21,Max & Moritz,OPERATING,SINGLE_RIDER,10
2025-11-15 10:49:21,Anton Pieckplein,OPERATING,STANDBY,0
2025-11-15 10:49:21,Gondoletta,OPERATING,STANDBY,0
2025-11-15 10:49:21,Python,OPERATING,STANDBY,20
2025-11-15 10:49:21,Python,OPERATING,SINGLE_RIDER,10
2025-11-15 10:49:21,De Oude Tufferbaan,OPERATING,STANDBY,15
2025-11-15 10:49:21,Piraña,OPERATING,STANDBY,10
2025-11-15 10:49:21,Joris en de Draak,OPERATING,STANDBY,25
2025-11-15 10:49:21,Joris en de Draak,OPERATING,SINGLE_RIDER,20
2025-11-15 10:49:21,Carnaval Festival,OPERATING,STANDBY,5
2025-11-15 10:49:21,Vogel Rok,OPERATING,STANDBY,20
2025-11-15 10:49:21,Baron 1898,OPERATING,STANDBY,35
2025-11-15 10:49:21,Baron 1898,OPERATING,SINGLE_RIDER,35
2025-11-15 10:49:21,Pagode,OPERATING,STANDBY,5
2025-11-15 10:49:21,Symbolica,OPERATING,STANDBY,35
2025-11-15 10:49:21,Symbolica,OPERATING,SINGLE_RIDER,5
2025-11-15 10:49:21,Danse Macabre,OPERATING,STANDBY,45
2025-11-15 10:49:21,Danse Macabre,OPERATING,SINGLE_RIDER,0
2025-11-15 11:12:22,Droomvlucht,OPERATING,STANDBY,35
2025-11-15 11:12:22,Fata Morgana,OPERATING,STANDBY,20
2025-11-15 11:12:22,Villa Volta,OPERATING,STANDBY,10
2025-11-15 11:12:22,De Vliegende Hollander,OPERATING,STANDBY,35
2025-11-15 11:12:22,De Vliegende Hollander,OPERATING,SINGLE_RIDER,15
2025-11-15 11:12:22,Kleuterhof,OPERATING,STANDBY,0
2025-11-15 11:12:22,Nest!,OPERATING,STANDBY,0
2025-11-15 11:12:22,Sirocco,REFURBISHMENT,STANDBY,N/A
2025-11-15 11:12:22,Stoomtrein - Marerijk,OPERATING,STANDBY,25
2025-11-15 11:12:22,Volk van Laaf,OPERATING,STANDBY,0
2025-11-15 11:12:22,Fairytale Forest,OPERATING,STANDBY,0
2025-11-15 11:12:22,Stoomcarrousel,OPERATING,STANDBY,0
2025-11-15 11:12:22,Efteling Museum,OPERATING,STANDBY,0
2025-11-15 11:12:22,Halve Maen,OPERATING,STANDBY,10
2025-11-15 11:12:22,Archipel,OPERATING,STANDBY,0
2025-11-15 11:12:22,Stoomtrein - Oost,OPERATING,STANDBY,25
2025-11-15 11:12:22,Kinderspoor,OPERATING,STANDBY,15
2025-11-15 11:12:22,Diorama,OPERATING,STANDBY,0
2025-11-15 11:12:22,Fabula,OPERATING,STANDBY,10
2025-11-15 11:12:22,Monorail,CLOSED,STANDBY,N/A
2025-11-15 11:12:22,Kindervreugd,OPERATING,STANDBY,0
2025-11-15 11:12:22,Max & Moritz,OPERATING,STANDBY,25
2025-11-15 11:12:22,Max & Moritz,OPERATING,SINGLE_RIDER,15
2025-11-15 11:12:22,Anton Pieckplein,OPERATING,STANDBY,0
2025-11-15 11:12:22,Gondoletta,OPERATING,STANDBY,5
2025-11-15 11:12:22,Python,OPERATING,STANDBY,20
2025-11-15 11:12:22,Python,OPERATING,SINGLE_RIDER,10
2025-11-15 11:12:22,De Oude Tufferbaan,OPERATING,STANDBY,15
2025-11-15 11:12:22,Piraña,OPERATING,STANDBY,10
2025-11-15 11:12:22,Joris en de Draak,OPERATING,STANDBY,30
2025-11-15 11:12:22,Joris en de Draak,OPERATING,SINGLE_RIDER,10
2025-11-15 11:12:22,Carnaval Festival,OPERATING,STANDBY,25
2025-11-15 11:12:22,Vogel Rok,OPERATING,STANDBY,15
2025-11-15 11:12:22,Pagode,OPERATING,STANDBY,5
2025-11-15 11:12:22,Baron 1898,OPERATING,STANDBY,50
2025-11-15 11:12:22,Baron 1898,OPERATING,SINGLE_RIDER,25
2025-11-15 11:12:22,Symbolica,OPERATING,STANDBY,35
2025-11-15 11:12:22,Symbolica,OPERATING,SINGLE_RIDER,15
2025-11-15 11:12:22,Danse Macabre,OPERATING,STANDBY,40
2025-11-15 11:12:22,Danse Macabre,OPERATING,SINGLE_RIDER,0
2025-11-15 11:25:45,Droomvlucht,OPERATING,STANDBY,30
2025-11-15 11:25:45,Fata Morgana,OPERATING,STANDBY,15
2025-11-15 11:25:45,Villa Volta,OPERATING,STANDBY,10
2025-11-15 11:25:45,De Vliegende Hollander,OPERATING,STANDBY,35
2025-11-15 11:25:45,De Vliegende Hollander,OPERATING,SINGLE_RIDER,25
2025-11-15 11:25:45,Kleuterhof,OPERATING,STANDBY,0
2025-11-15 11:25:45,Nest!,OPERATING,STANDBY,0
2025-11-15 11:25:45,Sirocco,REFURBISHMENT,STANDBY,N/A
2025-11-15 11:25:45,Stoomtrein - Marerijk,OPERATING,STANDBY,25
2025-11-15 11:25:45,Volk van Laaf,OPERATING,STANDBY,0
2025-11-15 11:25:45,Fairytale Forest,OPERATING,STANDBY,0
2025-11-15 11:25:45,Stoomcarrousel,OPERATING,STANDBY,0
2025-11-15 11:25:45,Efteling Museum,OPERATING,STANDBY,0
2025-11-15 11:25:45,Halve Maen,OPERATING,STANDBY,10
2025-11-15 11:25:45,Archipel,OPERATING,STANDBY,0
2025-11-15 11:25:45,Stoomtrein - Oost,OPERATING,STANDBY,25
2025-11-15 11:25:45,Kinderspoor,OPERATING,STANDBY,10
2025-11-15 11:25:45,Diorama,OPERATING,STANDBY,0
2025-11-15 11:25:45,Fabula,OPERATING,STANDBY,10
2025-11-15 11:25:45,Monorail,CLOSED,STANDBY,N/A
2025-11-15 11:25:45,Kindervreugd,OPERATING,STANDBY,0
2025-11-15 11:25:45,Max & Moritz,OPERATING,STANDBY,30
2025-11-15 11:25:45,Max & Moritz,OPERATING,SINGLE_RIDER,5
2025-11-15 11:25:45,Anton Pieckplein,OPERATING,STANDBY,0
2025-11-15 11:25:45,Gondoletta,OPERATING,STANDBY,10
2025-11-15 11:25:45,Python,OPERATING,STANDBY,20
2025-11-15 11:25:45,Python,OPERATING,SINGLE_RIDER,5
2025-11-15 11:25:45,De Oude Tufferbaan,OPERATING,STANDBY,30
2025-11-15 11:25:45,Piraña,OPERATING,STANDBY,10
2025-11-15 11:25:45,Joris en de Draak,OPERATING,STANDBY,25
2025-11-15 11:25:45,Joris en de Draak,OPERATING,SINGLE_RIDER,5
2025-11-15 11:25:45,Carnaval Festival,OPERATING,STANDBY,15
2025-11-15 11:25:45,Vogel Rok,OPERATING,STANDBY,15
2025-11-15 11:25:45,Baron 1898,OPERATING,STANDBY,35
2025-11-15 11:25:45,Baron 1898,OPERATING,SINGLE_RIDER,25
2025-11-15 11:25:45,Pagode,OPERATING,STANDBY,5
2025-11-15 11:25:45,Symbolica,OPERATING,STANDBY,25
2025-11-15 11:25:45,Symbolica,OPERATING,SINGLE_RIDER,10
2025-11-15 11:25:45,Danse Macabre,OPERATING,STANDBY,40
2025-11-15 11:25:45,Danse Macabre,OPERATING,SINGLE_RIDER,0
2025-11-15 11:37:01,Droomvlucht,OPERATING,STANDBY,30
2025-11-15 11:37:01,Fata Morgana,OPERATING,STANDBY,10
2025-11-15 11:37:01,Villa Volta,OPERATING,STANDBY,10
2025-11-15 11:37:01,De Vliegende Hollander,DOWN,STANDBY,0
2025-11-15 11:37:01,De Vliegende Hollander,DOWN,SINGLE_RIDER,N/A
2025-11-15 11:37:01,Kleuterhof,OPERATING,STANDBY,0
2025-11-15 11:37:01,Nest!,OPERATING,STANDBY,0
2025-11-15 11:37:01,Sirocco,REFURBISHMENT,STANDBY,N/A
2025-11-15 11:37:01,Stoomtrein - Marerijk,OPERATING,STANDBY,25
2025-11-15 11:37:01,Volk van Laaf,OPERATING,STANDBY,0
2025-11-15 11:37:01,Fairytale Forest,OPERATING,STANDBY,0
2025-11-15 11:37:01,Stoomcarrousel,OPERATING,STANDBY,0
2025-11-15 11:37:01,Efteling Museum,OPERATING,STANDBY,0
2025-11-15 11:37:01,Halve Maen,OPERATING,STANDBY,10
2025-11-15 11:37:01,Archipel,OPERATING,STANDBY,0
2025-11-15 11:37:01,Stoomtrein - Oost,OPERATING,STANDBY,25
2025-11-15 11:37:01,Kinderspoor,OPERATING,STANDBY,10
2025-11-15 11:37:01,Diorama,OPERATING,STANDBY,0
2025-11-15 11:37:01,Fabula,OPERATING,STANDBY,10
2025-11-15 11:37:01,Monorail,CLOSED,STANDBY,N/A
2025-11-15 11:37:01,Kindervreugd,OPERATING,STANDBY,0
2025-11-15 11:37:01,Max & Moritz,DOWN,STANDBY,0
2025-11-15 11:37:01,Max & Moritz,DOWN,SINGLE_RIDER,N/A
2025-11-15 11:37:01,Anton Pieckplein,OPERATING,STANDBY,0
2025-11-15 11:37:01,Gondoletta,OPERATING,STANDBY,10
2025-11-15 11:37:01,De Oude Tufferbaan,OPERATING,STANDBY,30
2025-11-15 11:37:01,Python,OPERATING,STANDBY,20
2025-11-15 11:37:01,Python,OPERATING,SINGLE_RIDER,10
2025-11-15 11:37:01,Piraña,OPERATING,STANDBY,5
2025-11-15 11:37:01,Joris en de Draak,OPERATING,STANDBY,25
2025-11-15 11:37:01,Joris en de Draak,OPERATING,SINGLE_RIDER,5
2025-11-15 11:37:01,Carnaval Festival,OPERATING,STANDBY,25
2025-11-15 11:37:01,Vogel Rok,OPERATING,STANDBY,20
2025-11-15 11:37:01,Pagode,OPERATING,STANDBY,5
2025-11-15 11:37:01,Baron 1898,OPERATING,STANDBY,45
2025-11-15 11:37:01,Baron 1898,OPERATING,SINGLE_RIDER,25
2025-11-15 11:37:01,Symbolica,OPERATING,STANDBY,30
2025-11-15 11:37:01,Symbolica,OPERATING,SINGLE_RIDER,10
2025-11-15 11:37:01,Danse Macabre,OPERATING,STANDBY,35
2025-11-15 11:37:01,Danse Macabre,OPERATING,SINGLE_RIDER,0
2025-11-15 11:49:26,Droomvlucht,OPERATING,STANDBY,30
2025-11-15 11:49:26,Fata Morgana,OPERATING,STANDBY,10
2025-11-15 11:49:26,Villa Volta,OPERATING,STANDBY,10
2025-11-15 11:49:26,De Vliegende Hollander,DOWN,STANDBY,0
2025-11-15 11:49:26,De Vliegende Hollander,DOWN,SINGLE_RIDER,N/A
2025-11-15 11:49:26,Kleuterhof,OPERATING,STANDBY,0
2025-11-15 11:49:26,Nest!,OPERATING,STANDBY,0
2025-11-15 11:49:26,Sirocco,REFURBISHMENT,STANDBY,N/A
2025-11-15 11:49:26,Stoomtrein - Marerijk,OPERATING,STANDBY,25
2025-11-15 11:49:26,Volk van Laaf,OPERATING,STANDBY,0
2025-11-15 11:49:26,Fairytale Forest,OPERATING,STANDBY,0
2025-11-15 11:49:26,Stoomcarrousel,OPERATING,STANDBY,0
2025-11-15 11:49:26,Efteling Museum,OPERATING,STANDBY,0
2025-11-15 11:49:26,Halve Maen,OPERATING,STANDBY,10
2025-11-15 11:49:26,Archipel,OPERATING,STANDBY,0
2025-11-15 11:49:26,Stoomtrein - Oost,OPERATING,STANDBY,25
2025-11-15 11:49:26,Kinderspoor,OPERATING,STANDBY,5
2025-11-15 11:49:26,Diorama,OPERATING,STANDBY,0
2025-11-15 11:49:26,Fabula,OPERATING,STANDBY,10
2025-11-15 11:49:26,Monorail,CLOSED,STANDBY,N/A
2025-11-15 11:49:26,Kindervreugd,OPERATING,STANDBY,0
2025-11-15 11:49:26,Max & Moritz,DOWN,STANDBY,0
2025-11-15 11:49:26,Max & Moritz,DOWN,SINGLE_RIDER,N/A
2025-11-15 11:49:26,Anton Pieckplein,OPERATING,STANDBY,0
2025-11-15 11:49:26,Gondoletta,OPERATING,STANDBY,10
2025-11-15 11:49:26,Python,OPERATING,STANDBY,35
2025-11-15 11:49:26,Python,OPERATING,SINGLE_RIDER,15
2025-11-15 11:49:26,De Oude Tufferbaan,OPERATING,STANDBY,15
2025-11-15 11:49:26,Piraña,OPERATING,STANDBY,5
2025-11-15 11:49:26,Joris en de Draak,OPERATING,STANDBY,40
2025-11-15 11:49:26,Joris en de Draak,OPERATING,SINGLE_RIDER,25
2025-11-15 11:49:26,Carnaval Festival,OPERATING,STANDBY,25
2025-11-15 11:49:26,Vogel Rok,OPERATING,STANDBY,20
2025-11-15 11:49:26,Baron 1898,OPERATING,STANDBY,55
2025-11-15 11:49:26,Baron 1898,OPERATING,SINGLE_RIDER,35
2025-11-15 11:49:26,Pagode,OPERATING,STANDBY,5
2025-11-15 11:49:26,Symbolica,OPERATING,STANDBY,35
2025-11-15 11:49:26,Symbolica,OPERATING,SINGLE_RIDER,10
2025-11-15 11:49:26,Danse Macabre,OPERATING,STANDBY,35
2025-11-15 11:49:26,Danse Macabre,OPERATING,SINGLE_RIDER,0
2025-11-15 12:30:54,Droomvlucht,OPERATING,STANDBY,35
2025-11-15 12:30:54,Fata Morgana,OPERATING,STANDBY,5
2025-11-15 12:30:54,Villa Volta,OPERATING,STANDBY,10
2025-11-15 12:30:54,De Vliegende Hollander,DOWN,STANDBY,0
2025-11-15 12:30:54,De Vliegende Hollander,DOWN,SINGLE_RIDER,N/A
2025-11-15 12:30:54,Kleuterhof,OPERATING,STANDBY,0
2025-11-15 12:30:54,Nest!,OPERATING,STANDBY,0
2025-11-15 12:30:54,Sirocco,REFURBISHMENT,STANDBY,N/A
2025-11-15 12:30:54,Stoomtrein - Marerijk,OPERATING,STANDBY,10
2025-11-15 12:30:54,Volk van Laaf,OPERATING,STANDBY,0
2025-11-15 12:30:54,Fairytale Forest,OPERATING,STANDBY,0
2025-11-15 12:30:54,Stoomcarrousel,OPERATING,STANDBY,0
2025-11-15 12:30:54,Efteling Museum,OPERATING,STANDBY,0
2025-11-15 12:30:54,Halve Maen,OPERATING,STANDBY,10
2025-11-15 12:30:54,Archipel,OPERATING,STANDBY,0
2025-11-15 12:30:54,Stoomtrein - Oost,OPERATING,STANDBY,10
2025-11-15 12:30:54,Kinderspoor,OPERATING,STANDBY,10
2025-11-15 12:30:54,Diorama,OPERATING,STANDBY,0
2025-11-15 12:30:54,Fabula,OPERATING,STANDBY,10
2025-11-15 12:30:54,Monorail,CLOSED,STANDBY,N/A
2025-11-15 12:30:54,Kindervreugd,OPERATING,STANDBY,0
2025-11-15 12:30:54,Max & Moritz,OPERATING,STANDBY,10
2025-11-15 12:30:54,Max & Moritz,OPERATING,SINGLE_RIDER,5
2025-11-15 12:30:54,Anton Pieckplein,OPERATING,STANDBY,0
2025-11-15 12:30:54,Gondoletta,OPERATING,STANDBY,10
2025-11-15 12:30:54,De Oude Tufferbaan,OPERATING,STANDBY,20
2025-11-15 12:30:54,Python,OPERATING,STANDBY,15
2025-11-15 12:30:54,Python,OPERATING,SINGLE_RIDER,15
2025-11-15 12:30:54,Piraña,OPERATING,STANDBY,15
2025-11-15 12:30:54,Joris en de Draak,OPERATING,STANDBY,25
2025-11-15 12:30:54,Joris en de Draak,OPERATING,SINGLE_RIDER,15
2025-11-15 12:30:54,Carnaval Festival,OPERATING,STANDBY,20
2025-11-15 12:30:54,Vogel Rok,OPERATING,STANDBY,20
2025-11-15 12:30:54,Baron 1898,OPERATING,STANDBY,40
2025-11-15 12:30:54,Baron 1898,OPERATING,SINGLE_RIDER,35
2025-11-15 12:30:54,Pagode,OPERATING,STANDBY,5
2025-11-15 12:30:54,Symbolica,OPERATING,STANDBY,45
2025-11-15 12:30:54,Symbolica,OPERATING,SINGLE_RIDER,10
2025-11-15 12:30:54,Danse Macabre,OPERATING,STANDBY,35
2025-11-15 12:30:54,Danse Macabre,OPERATING,SINGLE_RIDER,0
2025-11-15 13:05:26,Droomvlucht,OPERATING,STANDBY,35
2025-11-15 13:05:26,Fata Morgana,OPERATING,STANDBY,15
2025-11-15 13:05:26,Villa Volta,OPERATING,STANDBY,10
2025-11-15 13:05:26,De Vliegende Hollander,OPERATING,STANDBY,35
2025-11-15 13:05:26,De Vliegende Hollander,OPERATING,SINGLE_RIDER,25
2025-11-15 13:05:26,Kleuterhof,OPERATING,STANDBY,0
2025-11-15 13:05:26,Nest!,OPERATING,STANDBY,0
2025-11-15 13:05:26,Sirocco,REFURBISHMENT,STANDBY,N/A
2025-11-15 13:05:26,Stoomtrein - Marerijk,OPERATING,STANDBY,10
2025-11-15 13:05:26,Volk van Laaf,OPERATING,STANDBY,0
2025-11-15 13:05:26,Fairytale Forest,OPERATING,STANDBY,0
2025-11-15 13:05:26,Stoomcarrousel,OPERATING,STANDBY,0
2025-11-15 13:05:26,Efteling Museum,OPERATING,STANDBY,0
2025-11-15 13:05:26,Halve Maen,OPERATING,STANDBY,10
2025-11-15 13:05:26,Archipel,OPERATING,STANDBY,0
2025-11-15 13:05:26,Stoomtrein - Oost,OPERATING,STANDBY,10
2025-11-15 13:05:26,Kinderspoor,OPERATING,STANDBY,5
2025-11-15 13:05:26,Diorama,OPERATING,STANDBY,0
2025-11-15 13:05:26,Fabula,OPERATING,STANDBY,10
2025-11-15 13:05:26,Monorail,CLOSED,STANDBY,N/A
2025-11-15 13:05:26,Kindervreugd,OPERATING,STANDBY,0
2025-11-15 13:05:26,Max & Moritz,OPERATING,STANDBY,25
2025-11-15 13:05:26,Max & Moritz,OPERATING,SINGLE_RIDER,5
2025-11-15 13:05:26,Anton Pieckplein,OPERATING,STANDBY,0
2025-11-15 13:05:26,Gondoletta,OPERATING,STANDBY,5
2025-11-15 13:05:26,De Oude Tufferbaan,OPERATING,STANDBY,20
2025-11-15 13:05:26,Python,OPERATING,STANDBY,10
2025-11-15 13:05:26,Python,OPERATING,SINGLE_RIDER,10
2025-11-15 13:05:26,Piraña,OPERATING,STANDBY,10
2025-11-15 13:05:26,Joris en de Draak,OPERATING,STANDBY,30
2025-11-15 13:05:26,Joris en de Draak,OPERATING,SINGLE_RIDER,10
2025-11-15 13:05:26,Carnaval Festival,OPERATING,STANDBY,20
2025-11-15 13:05:26,Vogel Rok,OPERATING,STANDBY,20
2025-11-15 13:05:26,Baron 1898,OPERATING,STANDBY,45
2025-11-15 13:05:26,Baron 1898,OPERATING,SINGLE_RIDER,30
2025-11-15 13:05:26,Pagode,OPERATING,STANDBY,5
2025-11-15 13:05:26,Symbolica,OPERATING,STANDBY,45
2025-11-15 13:05:26,Symbolica,OPERATING,SINGLE_RIDER,10
2025-11-15 13:05:26,Danse Macabre,OPERATING,STANDBY,35
2025-11-15 13:05:26,Danse Macabre,OPERATING,SINGLE_RIDER,0
2025-11-15 13:32:47,Droomvlucht,OPERATING,STANDBY,35
2025-11-15 13:32:47,Fata Morgana,OPERATING,STANDBY,15
2025-11-15 13:32:47,Villa Volta,OPERATING,STANDBY,15
2025-11-15 13:32:47,De Vliegende Hollander,OPERATING,STANDBY,35
2025-11-15 13:32:47,De Vliegende Hollander,OPERATING,SINGLE_RIDER,25
2025-11-15 13:32:47,Kleuterhof,OPERATING,STANDBY,0
2025-11-15 13:32:47,Nest!,OPERATING,STANDBY,0
2025-11-15 13:32:47,Sirocco,REFURBISHMENT,STANDBY,N/A
2025-11-15 13:32:47,Stoomtrein - Marerijk,OPERATING,STANDBY,10
2025-11-15 13:32:47,Volk van Laaf,OPERATING,STANDBY,0
2025-11-15 13:32:47,Fairytale Forest,OPERATING,STANDBY,0
2025-11-15 13:32:47,Stoomcarrousel,OPERATING,STANDBY,0
2025-11-15 13:32:47,Efteling Museum,OPERATING,STANDBY,0
2025-11-15 13:32:47,Halve Maen,OPERATING,STANDBY,10
2025-11-15 13:32:47,Archipel,OPERATING,STANDBY,0
2025-11-15 13:32:47,Stoomtrein - Oost,OPERATING,STANDBY,10
2025-11-15 13:32:47,Kinderspoor,OPERATING,STANDBY,5
2025-11-15 13:32:47,Diorama,OPERATING,STANDBY,0
2025-11-15 13:32:47,Fabula,OPERATING,STANDBY,10
2025-11-15 13:32:47,Monorail,CLOSED,STANDBY,N/A
2025-11-15 13:32:47,Kindervreugd,OPERATING,STANDBY,0
2025-11-15 13:32:47,Max & Moritz,OPERATING,STANDBY,20
2025-11-15 13:32:47,Max & Moritz,OPERATING,SINGLE_RIDER,10
2025-11-15 13:32:47,Anton Pieckplein,OPERATING,STANDBY,0
2025-11-15 13:32:47,Gondoletta,OPERATING,STANDBY,10
2025-11-15 13:32:47,De Oude Tufferbaan,OPERATING,STANDBY,20
2025-11-15 13:32:47,Python,OPERATING,STANDBY,20
2025-11-15 13:32:47,Python,OPERATING,SINGLE_RIDER,25
2025-11-15 13:32:47,Piraña,OPERATING,STANDBY,10
2025-11-15 13:32:47,Joris en de Draak,OPERATING,STANDBY,25
2025-11-15 13:32:47,Joris en de Draak,OPERATING,SINGLE_RIDER,20
2025-11-15 13:32:47,Carnaval Festival,OPERATING,STANDBY,25
2025-11-15 13:32:47,Vogel Rok,OPERATING,STANDBY,25
2025-11-15 13:32:47,Pagode,OPERATING,STANDBY,5
2025-11-15 13:32:47,Baron 1898,OPERATING,STANDBY,30
2025-11-15 13:32:47,Baron 1898,OPERATING,SINGLE_RIDER,30
2025-11-15 13:32:47,Symbolica,OPERATING,STANDBY,35
2025-11-15 13:32:47,Symbolica,OPERATING,SINGLE_RIDER,5
2025-11-15 13:32:47,Danse Macabre,OPERATING,STANDBY,45
2025-11-15 13:32:47,Danse Macabre,OPERATING,SINGLE_RIDER,0
2025-11-15 13:49:36,Droomvlucht,OPERATING,STANDBY,35
2025-11-15 13:49:36,Fata Morgana,OPERATING,STANDBY,15
2025-11-15 13:49:36,Villa Volta,OPERATING,STANDBY,15
2025-11-15 13:49:36,De Vliegende Hollander,OPERATING,STANDBY,35
2025-11-15 13:49:36,De Vliegende Hollander,OPERATING,SINGLE_RIDER,20
2025-11-15 13:49:36,Kleuterhof,OPERATING,STANDBY,0
2025-11-15 13:49:36,Nest!,OPERATING,STANDBY,0
2025-11-15 13:49:36,Sirocco,REFURBISHMENT,STANDBY,N/A
2025-11-15 13:49:36,Stoomtrein - Marerijk,OPERATING,STANDBY,10
2025-11-15 13:49:36,Volk van Laaf,OPERATING,STANDBY,0
2025-11-15 13:49:36,Fairytale Forest,OPERATING,STANDBY,0
2025-11-15 13:49:36,Stoomcarrousel,OPERATING,STANDBY,0
2025-11-15 13:49:36,Efteling Museum,OPERATING,STANDBY,0
2025-11-15 13:49:36,Halve Maen,OPERATING,STANDBY,10
2025-11-15 13:49:36,Archipel,OPERATING,STANDBY,0
2025-11-15 13:49:36,Stoomtrein - Oost,OPERATING,STANDBY,10
2025-11-15 13:49:36,Kinderspoor,OPERATING,STANDBY,5
2025-11-15 13:49:36,Diorama,OPERATING,STANDBY,0
2025-11-15 13:49:36,Fabula,OPERATING,STANDBY,10
2025-11-15 13:49:36,Monorail,CLOSED,STANDBY,N/A
2025-11-15 13:49:36,Kindervreugd,OPERATING,STANDBY,0
2025-11-15 13:49:36,Max & Moritz,OPERATING,STANDBY,20
2025-11-15 13:49:36,Max & Moritz,OPERATING,SINGLE_RIDER,10
2025-11-15 13:49:36,Anton Pieckplein,OPERATING,STANDBY,0
2025-11-15 13:49:36,Gondoletta,OPERATING,STANDBY,10
2025-11-15 13:49:36,Python,OPERATING,STANDBY,25
2025-11-15 13:49:36,Python,OPERATING,SINGLE_RIDER,15
2025-11-15 13:49:36,De Oude Tufferbaan,OPERATING,STANDBY,25
2025-11-15 13:49:36,Piraña,OPERATING,STANDBY,10
2025-11-15 13:49:36,Joris en de Draak,OPERATING,STANDBY,30
2025-11-15 13:49:36,Joris en de Draak,OPERATING,SINGLE_RIDER,10
2025-11-15 13:49:36,Carnaval Festival,OPERATING,STANDBY,20
2025-11-15 13:49:36,Vogel Rok,OPERATING,STANDBY,25
2025-11-15 13:49:36,Pagode,OPERATING,STANDBY,5
2025-11-15 13:49:36,Baron 1898,OPERATING,STANDBY,40
2025-11-15 13:49:36,Baron 1898,OPERATING,SINGLE_RIDER,20
2025-11-15 13:49:36,Symbolica,OPERATING,STANDBY,35
2025-11-15 13:49:36,Symbolica,OPERATING,SINGLE_RIDER,5
2025-11-15 13:49:36,Danse Macabre,OPERATING,STANDBY,45
2025-11-15 13:49:36,Danse Macabre,OPERATING,SINGLE_RIDER,0
2025-11-15 14:14:19,Droomvlucht,OPERATING,STANDBY,35
2025-11-15 14:14:19,Fata Morgana,OPERATING,STANDBY,15
2025-11-15 14:14:19,Villa Volta,OPERATING,STANDBY,15
2025-11-15 14:14:19,De Vliegende Hollander,OPERATING,STANDBY,35
2025-11-15 14:14:19,De Vliegende Hollander,OPERATING,SINGLE_RIDER,20
2025-11-15 14:14:19,Kleuterhof,OPERATING,STANDBY,0
2025-11-15 14:14:19,Nest!,OPERATING,STANDBY,0
2025-11-15 14:14:19,Sirocco,REFURBISHMENT,STANDBY,N/A
2025-11-15 14:14:19,Stoomtrein - Marerijk,OPERATING,STANDBY,10
2025-11-15 14:14:19,Volk van Laaf,OPERATING,STANDBY,0
2025-11-15 14:14:19,Fairytale Forest,OPERATING,STANDBY,0
2025-11-15 14:14:19,Stoomcarrousel,OPERATING,STANDBY,0
2025-11-15 14:14:19,Efteling Museum,OPERATING,STANDBY,0
2025-11-15 14:14:19,Halve Maen,OPERATING,STANDBY,10
2025-11-15 14:14:19,Archipel,OPERATING,STANDBY,0
2025-11-15 14:14:19,Stoomtrein - Oost,OPERATING,STANDBY,10
2025-11-15 14:14:19,Kinderspoor,OPERATING,STANDBY,5
2025-11-15 14:14:19,Diorama,OPERATING,STANDBY,0
2025-11-15 14:14:19,Fabula,OPERATING,STANDBY,10
2025-11-15 14:14:19,Monorail,CLOSED,STANDBY,N/A
2025-11-15 14:14:19,Kindervreugd,OPERATING,STANDBY,0
2025-11-15 14:14:19,Max & Moritz,OPERATING,STANDBY,20
2025-11-15 14:14:19,Max & Moritz,OPERATING,SINGLE_RIDER,10
2025-11-15 14:14:19,Anton Pieckplein,OPERATING,STANDBY,0
2025-11-15 14:14:19,Gondoletta,OPERATING,STANDBY,15
2025-11-15 14:14:19,Python,OPERATING,STANDBY,15
2025-11-15 14:14:19,Python,OPERATING,SINGLE_RIDER,10
2025-11-15 14:14:19,De Oude Tufferbaan,OPERATING,STANDBY,20
2025-11-15 14:14:19,Piraña,OPERATING,STANDBY,10
2025-11-15 14:14:19,Joris en de Draak,OPERATING,STANDBY,25
2025-11-15 14:14:19,Joris en de Draak,OPERATING,SINGLE_RIDER,20
2025-11-15 14:14:19,Carnaval Festival,OPERATING,STANDBY,20
2025-11-15 14:14:19,Vogel Rok,OPERATING,STANDBY,25
2025-11-15 14:14:19,Baron 1898,OPERATING,STANDBY,45
2025-11-15 14:14:19,Baron 1898,OPERATING,SINGLE_RIDER,40
2025-11-15 14:14:19,Pagode,OPERATING,STANDBY,10
2025-11-15 14:14:19,Symbolica,OPERATING,STANDBY,35
2025-11-15 14:14:19,Symbolica,OPERATING,SINGLE_RIDER,10
2025-11-15 14:14:19,Danse Macabre,OPERATING,STANDBY,35
2025-11-15 14:14:19,Danse Macabre,OPERATING,SINGLE_RIDER,0
2025-11-15 14:31:35,Droomvlucht,OPERATING,STANDBY,35
2025-11-15 14:31:35,Fata Morgana,OPERATING,STANDBY,10
2025-11-15 14:31:35,Villa Volta,OPERATING,STANDBY,15
2025-11-15 14:31:35,De Vliegende Hollander,OPERATING,STANDBY,35
2025-11-15 14:31:35,De Vliegende Hollander,OPERATING,SINGLE_RIDER,25
2025-11-15 14:31:35,Kleuterhof,OPERATING,STANDBY,0
2025-11-15 14:31:35,Nest!,OPERATING,STANDBY,0
2025-11-15 14:31:35,Sirocco,REFURBISHMENT,STANDBY,N/A
2025-11-15 14:31:35,Stoomtrein - Marerijk,OPERATING,STANDBY,10
2025-11-15 14:31:35,Volk van Laaf,OPERATING,STANDBY,0
2025-11-15 14:31:35,Fairytale Forest,OPERATING,STANDBY,0
2025-11-15 14:31:35,Stoomcarrousel,OPERATING,STANDBY,0
2025-11-15 14:31:35,Efteling Museum,OPERATING,STANDBY,0
2025-11-15 14:31:35,Halve Maen,OPERATING,STANDBY,10
2025-11-15 14:31:35,Archipel,OPERATING,STANDBY,0
2025-11-15 14:31:35,Stoomtrein - Oost,OPERATING,STANDBY,10
2025-11-15 14:31:35,Kinderspoor,OPERATING,STANDBY,5
2025-11-15 14:31:35,Diorama,OPERATING,STANDBY,0
2025-11-15 14:31:35,Fabula,OPERATING,STANDBY,10
2025-11-15 14:31:35,Monorail,CLOSED,STANDBY,N/A
2025-11-15 14:31:35,Kindervreugd,OPERATING,STANDBY,0
2025-11-15 14:31:35,Max & Moritz,OPERATING,STANDBY,15
2025-11-15 14:31:35,Max & Moritz,OPERATING,SINGLE_RIDER,5
2025-11-15 14:31:35,Anton Pieckplein,OPERATING,STANDBY,0
2025-11-15 14:31:35,Gondoletta,OPERATING,STANDBY,5
2025-11-15 14:31:35,Python,OPERATING,STANDBY,20
2025-11-15 14:31:35,Python,OPERATING,SINGLE_RIDER,5
2025-11-15 14:31:35,De Oude Tufferbaan,OPERATING,STANDBY,15
2025-11-15 14:31:35,Piraña,OPERATING,STANDBY,10
2025-11-15 14:31:35,Joris en de Draak,OPERATING,STANDBY,20
2025-11-15 14:31:35,Joris en de Draak,OPERATING,SINGLE_RIDER,5
2025-11-15 14:31:35,Carnaval Festival,OPERATING,STANDBY,15
2025-11-15 14:31:35,Vogel Rok,OPERATING,STANDBY,25
2025-11-15 14:31:35,Baron 1898,OPERATING,STANDBY,45
2025-11-15 14:31:35,Baron 1898,OPERATING,SINGLE_RIDER,40
2025-11-15 14:31:35,Pagode,OPERATING,STANDBY,5
2025-11-15 14:31:35,Symbolica,OPERATING,STANDBY,35
2025-11-15 14:31:35,Symbolica,OPERATING,SINGLE_RIDER,10
2025-11-15 14:31:35,Danse Macabre,OPERATING,STANDBY,45
2025-11-15 14:31:35,Danse Macabre,OPERATING,SINGLE_RIDER,0
2025-11-15 14:49:44,Droomvlucht,OPERATING,STANDBY,35
2025-11-15 14:49:44,Fata Morgana,OPERATING,STANDBY,15
2025-11-15 14:49:44,Villa Volta,OPERATING,STANDBY,15
2025-11-15 14:49:44,De Vliegende Hollander,DOWN,STANDBY,0
2025-11-15 14:49:44,De Vliegende Hollander,DOWN,SINGLE_RIDER,N/A
2025-11-15 14:49:44,Kleuterhof,OPERATING,STANDBY,0
2025-11-15 14:49:44,Nest!,OPERATING,STANDBY,0
2025-11-15 14:49:44,Sirocco,REFURBISHMENT,STANDBY,N/A
2025-11-15 14:49:44,Stoomtrein - Marerijk,OPERATING,STANDBY,10
2025-11-15 14:49:44,Volk van Laaf,OPERATING,STANDBY,0
2025-11-15 14:49:44,Fairytale Forest,OPERATING,STANDBY,0
2025-11-15 14:49:44,Stoomcarrousel,OPERATING,STANDBY,0
2025-11-15 14:49:44,Efteling Museum,OPERATING,STANDBY,0
2025-11-15 14:49:44,Halve Maen,OPERATING,STANDBY,10
2025-11-15 14:49:44,Archipel,OPERATING,STANDBY,0
2025-11-15 14:49:44,Stoomtrein - Oost,OPERATING,STANDBY,10
2025-11-15 14:49:44,Kinderspoor,OPERATING,STANDBY,5
2025-11-15 14:49:44,Diorama,OPERATING,STANDBY,0
2025-11-15 14:49:44,Fabula,OPERATING,STANDBY,10
2025-11-15 14:49:44,Monorail,CLOSED,STANDBY,N/A
2025-11-15 14:49:44,Kindervreugd,OPERATING,STANDBY,0
2025-11-15 14:49:44,Max & Moritz,OPERATING,STANDBY,20
2025-11-15 14:49:44,Max & Moritz,OPERATING,SINGLE_RIDER,10
2025-11-15 14:49:44,Anton Pieckplein,OPERATING,STANDBY,0
2025-11-15 14:49:44,Gondoletta,OPERATING,STANDBY,0
2025-11-15 14:49:44,De Oude Tufferbaan,OPERATING,STANDBY,15
2025-11-15 14:49:44,Python,OPERATING,STANDBY,25
2025-11-15 14:49:44,Python,OPERATING,SINGLE_RIDER,15
2025-11-15 14:49:44,Piraña,OPERATING,STANDBY,10
2025-11-15 14:49:44,Joris en de Draak,OPERATING,STANDBY,30
2025-11-15 14:49:44,Joris en de Draak,OPERATING,SINGLE_RIDER,20
2025-11-15 14:49:44,Carnaval Festival,OPERATING,STANDBY,20
2025-11-15 14:49:44,Vogel Rok,OPERATING,STANDBY,25
2025-11-15 14:49:44,Baron 1898,OPERATING,STANDBY,35
2025-11-15 14:49:44,Baron 1898,OPERATING,SINGLE_RIDER,35
2025-11-15 14:49:44,Pagode,OPERATING,STANDBY,5
2025-11-15 14:49:44,Symbolica,OPERATING,STANDBY,30
2025-11-15 14:49:44,Symbolica,OPERATING,SINGLE_RIDER,10
2025-11-15 14:49:44,Danse Macabre,OPERATING,STANDBY,40
2025-11-15 14:49:44,Danse Macabre,OPERATING,SINGLE_RIDER,0
2025-11-15 15:15:00,Droomvlucht,OPERATING,STANDBY,40
2025-11-15 15:15:00,Fata Morgana,OPERATING,STANDBY,10
2025-11-15 15:15:00,Villa Volta,OPERATING,STANDBY,5
2025-11-15 15:15:00,De Vliegende Hollander,OPERATING,STANDBY,40
2025-11-15 15:15:00,De Vliegende Hollander,OPERATING,SINGLE_RIDER,0
2025-11-15 15:15:00,Kleuterhof,OPERATING,STANDBY,0
2025-11-15 15:15:00,Nest!,OPERATING,STANDBY,0
2025-11-15 15:15:00,Sirocco,REFURBISHMENT,STANDBY,N/A
2025-11-15 15:15:00,Stoomtrein - Marerijk,OPERATING,STANDBY,10
2025-11-15 15:15:00,Volk van Laaf,OPERATING,STANDBY,0
2025-11-15 15:15:00,Fairytale Forest,OPERATING,STANDBY,0
2025-11-15 15:15:00,Stoomcarrousel,OPERATING,STANDBY,0
2025-11-15 15:15:00,Efteling Museum,OPERATING,STANDBY,0
2025-11-15 15:15:00,Halve Maen,OPERATING,STANDBY,10
2025-11-15 15:15:00,Archipel,OPERATING,STANDBY,0
2025-11-15 15:15:00,Stoomtrein - Oost,OPERATING,STANDBY,10
2025-11-15 15:15:00,Kinderspoor,OPERATING,STANDBY,5
2025-11-15 15:15:00,Diorama,OPERATING,STANDBY,0
2025-11-15 15:15:00,Fabula,OPERATING,STANDBY,10
2025-11-15 15:15:00,Monorail,CLOSED,STANDBY,N/A
2025-11-15 15:15:00,Kindervreugd,OPERATING,STANDBY,0
2025-11-15 15:15:00,Max & Moritz,OPERATING,STANDBY,15
2025-11-15 15:15:00,Max & Moritz,OPERATING,SINGLE_RIDER,5
2025-11-15 15:15:00,Anton Pieckplein,OPERATING,STANDBY,0
2025-11-15 15:15:00,Gondoletta,OPERATING,STANDBY,0
2025-11-15 15:15:00,De Oude Tufferbaan,OPERATING,STANDBY,25
2025-11-15 15:15:00,Python,OPERATING,STANDBY,15
2025-11-15 15:15:00,Python,OPERATING,SINGLE_RIDER,10
2025-11-15 15:15:00,Piraña,OPERATING,STANDBY,10
2025-11-15 15:15:00,Joris en de Draak,OPERATING,STANDBY,35
2025-11-15 15:15:00,Joris en de Draak,OPERATING,SINGLE_RIDER,20
2025-11-15 15:15:00,Carnaval Festival,OPERATING,STANDBY,20
2025-11-15 15:15:00,Vogel Rok,OPERATING,STANDBY,25
2025-11-15 15:15:00,Pagode,OPERATING,STANDBY,5
2025-11-15 15:15:00,Baron 1898,OPERATING,STANDBY,40
2025-11-15 15:15:00,Baron 1898,OPERATING,SINGLE_RIDER,40
2025-11-15 15:15:00,Symbolica,OPERATING,STANDBY,40
2025-11-15 15:15:00,Symbolica,OPERATING,SINGLE_RIDER,10
2025-11-15 15:15:00,Danse Macabre,OPERATING,STANDBY,45
2025-11-15 15:15:00,Danse Macabre,OPERATING,SINGLE_RIDER,0
2025-11-15 15:30:50,Droomvlucht,OPERATING,STANDBY,40
2025-11-15 15:30:50,Fata Morgana,OPERATING,STANDBY,15
2025-11-15 15:30:50,Villa Volta,OPERATING,STANDBY,5
2025-11-15 15:30:50,De Vliegende Hollander,OPERATING,STANDBY,30
2025-11-15 15:30:50,De Vliegende Hollander,OPERATING,SINGLE_RIDER,0
2025-11-15 15:30:50,Kleuterhof,OPERATING,STANDBY,0
2025-11-15 15:30:50,Nest!,OPERATING,STANDBY,0
2025-11-15 15:30:50,Sirocco,REFURBISHMENT,STANDBY,N/A
2025-11-15 15:30:50,Stoomtrein - Marerijk,OPERATING,STANDBY,25
2025-11-15 15:30:50,Volk van Laaf,OPERATING,STANDBY,0
2025-11-15 15:30:50,Fairytale Forest,OPERATING,STANDBY,0
2025-11-15 15:30:50,Stoomcarrousel,OPERATING,STANDBY,0
2025-11-15 15:30:50,Efteling Museum,OPERATING,STANDBY,0
2025-11-15 15:30:50,Halve Maen,OPERATING,STANDBY,10
2025-11-15 15:30:50,Archipel,OPERATING,STANDBY,0
2025-11-15 15:30:50,Stoomtrein - Oost,OPERATING,STANDBY,25
2025-11-15 15:30:50,Kinderspoor,OPERATING,STANDBY,0
2025-11-15 15:30:50,Diorama,OPERATING,STANDBY,0
2025-11-15 15:30:50,Fabula,OPERATING,STANDBY,10
2025-11-15 15:30:50,Monorail,CLOSED,STANDBY,N/A
2025-11-15 15:30:50,Kindervreugd,OPERATING,STANDBY,0
2025-11-15 15:30:50,Max & Moritz,OPERATING,STANDBY,20
2025-11-15 15:30:50,Max & Moritz,OPERATING,SINGLE_RIDER,10
2025-11-15 15:30:50,Anton Pieckplein,OPERATING,STANDBY,0
2025-11-15 15:30:50,Gondoletta,CLOSED,STANDBY,N/A
2025-11-15 15:30:50,De Oude Tufferbaan,OPERATING,STANDBY,25
2025-11-15 15:30:50,Python,OPERATING,STANDBY,15
2025-11-15 15:30:50,Python,OPERATING,SINGLE_RIDER,10
2025-11-15 15:30:50,Piraña,OPERATING,STANDBY,5
2025-11-15 15:30:50,Joris en de Draak,OPERATING,STANDBY,30
2025-11-15 15:30:50,Joris en de Draak,OPERATING,SINGLE_RIDER,10
2025-11-15 15:30:50,Carnaval Festival,OPERATING,STANDBY,20
2025-11-15 15:30:50,Vogel Rok,OPERATING,STANDBY,20
2025-11-15 15:30:50,Pagode,OPERATING,STANDBY,5
2025-11-15 15:30:50,Baron 1898,OPERATING,STANDBY,35
2025-11-15 15:30:50,Baron 1898,OPERATING,SINGLE_RIDER,35
2025-11-15 15:30:50,Symbolica,OPERATING,STANDBY,40
2025-11-15 15:30:50,Symbolica,OPERATING,SINGLE_RIDER,5
2025-11-15 15:30:50,Danse Macabre,OPERATING,STANDBY,45
2025-11-15 15:30:50,Danse Macabre,OPERATING,SINGLE_RIDER,0
2025-11-15 15:49:45,Droomvlucht,OPERATING,STANDBY,35
2025-11-15 15:49:45,Fata Morgana,OPERATING,STANDBY,15
2025-11-15 15:49:45,Villa Volta,OPERATING,STANDBY,5
2025-11-15 15:49:45,De Vliegende Hollander,OPERATING,STANDBY,30
2025-11-15 15:49:45,De Vliegende Hollander,OPERATING,SINGLE_RIDER,0
2025-11-15 15:49:45,Kleuterhof,OPERATING,STANDBY,0
2025-11-15 15:49:45,Nest!,OPERATING,STANDBY,0
2025-11-15 15:49:45,Sirocco,REFURBISHMENT,STANDBY,N/A
2025-11-15 15:49:45,Stoomtrein - Marerijk,OPERATING,STANDBY,25
2025-11-15 15:49:45,Volk van Laaf,OPERATING,STANDBY,0
2025-11-15 15:49:45,Fairytale Forest,OPERATING,STANDBY,0
2025-11-15 15:49:45,Stoomcarrousel,OPERATING,STANDBY,0
2025-11-15 15:49:45,Efteling Museum,OPERATING,STANDBY,0
2025-11-15 15:49:45,Halve Maen,OPERATING,STANDBY,10
2025-11-15 15:49:45,Archipel,OPERATING,STANDBY,0
2025-11-15 15:49:45,Stoomtrein - Oost,OPERATING,STANDBY,30
2025-11-15 15:49:45,Kinderspoor,OPERATING,STANDBY,5
2025-11-15 15:49:45,Diorama,OPERATING,STANDBY,0
2025-11-15 15:49:45,Fabula,OPERATING,STANDBY,10
2025-11-15 15:49:45,Monorail,CLOSED,STANDBY,N/A
2025-11-15 15:49:45,Kindervreugd,OPERATING,STANDBY,0
2025-11-15 15:49:45,Max & Moritz,OPERATING,STANDBY,20
2025-11-15 15:49:45,Max & Moritz,OPERATING,SINGLE_RIDER,15
2025-11-15 15:49:45,Anton Pieckplein,OPERATING,STANDBY,0
2025-11-15 15:49:45,Gondoletta,CLOSED,STANDBY,N/A
2025-11-15 15:49:45,De Oude Tufferbaan,OPERATING,STANDBY,10
2025-11-15 15:49:45,Python,OPERATING,STANDBY,15
2025-11-15 15:49:45,Python,OPERATING,SINGLE_RIDER,10
2025-11-15 15:49:45,Piraña,OPERATING,STANDBY,5
2025-11-15 15:49:45,Joris en de Draak,OPERATING,STANDBY,20
2025-11-15 15:49:45,Joris en de Draak,OPERATING,SINGLE_RIDER,10
2025-11-15 15:49:45,Carnaval Festival,OPERATING,STANDBY,20
2025-11-15 15:49:45,Vogel Rok,OPERATING,STANDBY,20
2025-11-15 15:49:45,Baron 1898,OPERATING,STANDBY,40
2025-11-15 15:49:45,Baron 1898,OPERATING,SINGLE_RIDER,30
2025-11-15 15:49:45,Pagode,OPERATING,STANDBY,5
2025-11-15 15:49:45,Symbolica,OPERATING,STANDBY,40
2025-11-15 15:49:45,Symbolica,OPERATING,SINGLE_RIDER,20
2025-11-15 15:49:45,Danse Macabre,OPERATING,STANDBY,30
2025-11-15 15:49:45,Danse Macabre,OPERATING,SINGLE_RIDER,0
2025-11-15 16:18:07,Droomvlucht,OPERATING,STANDBY,25
2025-11-15 16:18:07,Fata Morgana,OPERATING,STANDBY,10
2025-11-15 16:18:07,Villa Volta,OPERATING,STANDBY,5
2025-11-15 16:18:07,De Vliegende Hollander,OPERATING,STANDBY,30
2025-11-15 16:18:07,De Vliegende Hollander,OPERATING,SINGLE_RIDER,0
2025-11-15 16:18:07,Kleuterhof,OPERATING,STANDBY,0
2025-11-15 16:18:07,Nest!,CLOSED,STANDBY,N/A
2025-11-15 16:18:07,Sirocco,REFURBISHMENT,STANDBY,N/A
2025-11-15 16:18:07,Stoomtrein - Marerijk,OPERATING,STANDBY,25
2025-11-15 16:18:07,Volk van Laaf,OPERATING,STANDBY,0
2025-11-15 16:18:07,Fairytale Forest,OPERATING,STANDBY,0
2025-11-15 16:18:07,Stoomcarrousel,OPERATING,STANDBY,0
2025-11-15 16:18:07,Efteling Museum,OPERATING,STANDBY,0
2025-11-15 16:18:07,Symbolica,OPERATING,STANDBY,35
2025-11-15 16:18:07,Symbolica,OPERATING,SINGLE_RIDER,5
2025-11-15 16:18:07,Halve Maen,OPERATING,STANDBY,10
2025-11-15 16:18:07,Archipel,CLOSED,STANDBY,N/A
2025-11-15 16:18:07,Stoomtrein - Oost,OPERATING,STANDBY,30
2025-11-15 16:18:07,Kinderspoor,OPERATING,STANDBY,0
2025-11-15 16:18:07,Diorama,OPERATING,STANDBY,0
2025-11-15 16:18:07,Fabula,OPERATING,STANDBY,10
2025-11-15 16:18:07,Monorail,CLOSED,STANDBY,N/A
2025-11-15 16:18:07,Kindervreugd,OPERATING,STANDBY,0
2025-11-15 16:18:07,Max & Moritz,OPERATING,STANDBY,15
2025-11-15 16:18:07,Max & Moritz,OPERATING,SINGLE_RIDER,10
2025-11-15 16:18:07,Anton Pieckplein,OPERATING,STANDBY,0
2025-11-15 16:18:07,Gondoletta,CLOSED,STANDBY,N/A
2025-11-15 16:18:07,De Oude Tufferbaan,OPERATING,STANDBY,15
2025-11-15 16:18:07,Python,OPERATING,STANDBY,10
2025-11-15 16:18:07,Python,OPERATING,SINGLE_RIDER,5
2025-11-15 16:18:07,Piraña,OPERATING,STANDBY,5
2025-11-15 16:18:07,Joris en de Draak,OPERATING,STANDBY,25
2025-11-15 16:18:07,Joris en de Draak,OPERATING,SINGLE_RIDER,15
2025-11-15 16:18:07,Carnaval Festival,OPERATING,STANDBY,5
2025-11-15 16:18:07,Vogel Rok,OPERATING,STANDBY,10
2025-11-15 16:18:07,Pagode,OPERATING,STANDBY,5
2025-11-15 16:18:07,Baron 1898,OPERATING,STANDBY,30
2025-11-15 16:18:07,Baron 1898,OPERATING,SINGLE_RIDER,30
2025-11-15 16:18:07,Danse Macabre,OPERATING,STANDBY,40
2025-11-15 16:18:07,Danse Macabre,OPERATING,SINGLE_RIDER,0
2025-11-15 16:41:56,Droomvlucht,OPERATING,STANDBY,30
2025-11-15 16:41:56,Fata Morgana,OPERATING,STANDBY,5
2025-11-15 16:41:56,Villa Volta,OPERATING,STANDBY,5
2025-11-15 16:41:56,De Vliegende Hollander,OPERATING,STANDBY,25
2025-11-15 16:41:56,De Vliegende Hollander,OPERATING,SINGLE_RIDER,0
2025-11-15 16:41:56,Kleuterhof,OPERATING,STANDBY,0
2025-11-15 16:41:56,Nest!,CLOSED,STANDBY,N/A
2025-11-15 16:41:56,Sirocco,REFURBISHMENT,STANDBY,N/A
2025-11-15 16:41:56,Stoomtrein - Marerijk,OPERATING,STANDBY,25
2025-11-15 16:41:56,Volk van Laaf,OPERATING,STANDBY,0
2025-11-15 16:41:56,Fairytale Forest,OPERATING,STANDBY,0
2025-11-15 16:41:56,Stoomcarrousel,OPERATING,STANDBY,0
2025-11-15 16:41:56,Efteling Museum,OPERATING,STANDBY,0
2025-11-15 16:41:56,Symbolica,OPERATING,STANDBY,25
2025-11-15 16:41:56,Symbolica,OPERATING,SINGLE_RIDER,10
2025-11-15 16:41:56,Halve Maen,OPERATING,STANDBY,10
2025-11-15 16:41:56,Archipel,CLOSED,STANDBY,N/A
2025-11-15 16:41:56,Stoomtrein - Oost,OPERATING,STANDBY,30
2025-11-15 16:41:56,Kinderspoor,OPERATING,STANDBY,0
2025-11-15 16:41:56,Diorama,OPERATING,STANDBY,0
2025-11-15 16:41:56,Fabula,OPERATING,STANDBY,10
2025-11-15 16:41:56,Monorail,CLOSED,STANDBY,N/A
2025-11-15 16:41:56,Kindervreugd,OPERATING,STANDBY,0
2025-11-15 16:41:56,Max & Moritz,OPERATING,STANDBY,10
2025-11-15 16:41:56,Max & Moritz,OPERATING,SINGLE_RIDER,5
2025-11-15 16:41:56,Anton Pieckplein,OPERATING,STANDBY,0
2025-11-15 16:41:56,Gondoletta,CLOSED,STANDBY,N/A
2025-11-15 16:41:56,De Oude Tufferbaan,OPERATING,STANDBY,5
2025-11-15 16:41:56,Python,OPERATING,STANDBY,15
2025-11-15 16:41:56,Python,OPERATING,SINGLE_RIDER,0
2025-11-15 16:41:56,Piraña,OPERATING,STANDBY,5
2025-11-15 16:41:56,Joris en de Draak,OPERATING,STANDBY,20
2025-11-15 16:41:56,Joris en de Draak,OPERATING,SINGLE_RIDER,5
2025-11-15 16:41:56,Carnaval Festival,OPERATING,STANDBY,0
2025-11-15 16:41:56,Vogel Rok,OPERATING,STANDBY,10
2025-11-15 16:41:56,Baron 1898,OPERATING,STANDBY,30
2025-11-15 16:41:56,Baron 1898,OPERATING,SINGLE_RIDER,30
2025-11-15 16:41:56,Pagode,OPERATING,STANDBY,5
2025-11-15 16:41:56,Danse Macabre,OPERATING,STANDBY,40
2025-11-15 16:41:56,Danse Macabre,OPERATING,SINGLE_RIDER,0
2025-11-15 16:50:51,Droomvlucht,OPERATING,STANDBY,30
2025-11-15 16:50:51,Fata Morgana,OPERATING,STANDBY,5
2025-11-15 16:50:51,Villa Volta,OPERATING,STANDBY,5
2025-11-15 16:50:51,De Vliegende Hollander,OPERATING,STANDBY,25
2025-11-15 16:50:51,De Vliegende Hollander,OPERATING,SINGLE_RIDER,0
2025-11-15 16:50:51,Kleuterhof,OPERATING,STANDBY,0
2025-11-15 16:50:51,Nest!,CLOSED,STANDBY,N/A
2025-11-15 16:50:51,Sirocco,REFURBISHMENT,STANDBY,N/A
2025-11-15 16:50:51,Stoomtrein - Marerijk,OPERATING,STANDBY,25
2025-11-15 16:50:51,Volk van Laaf,OPERATING,STANDBY,0
2025-11-15 16:50:51,Fairytale Forest,OPERATING,STANDBY,0
2025-11-15 16:50:51,Stoomcarrousel,OPERATING,STANDBY,0
2025-11-15 16:50:51,Efteling Museum,OPERATING,STANDBY,0
2025-11-15 16:50:51,Symbolica,OPERATING,STANDBY,30
2025-11-15 16:50:51,Symbolica,OPERATING,SINGLE_RIDER,10
2025-11-15 16:50:51,Halve Maen,OPERATING,STANDBY,10
2025-11-15 16:50:51,Archipel,CLOSED,STANDBY,N/A
2025-11-15 16:50:51,Stoomtrein - Oost,OPERATING,STANDBY,30
2025-11-15 16:50:51,Kinderspoor,OPERATING,STANDBY,0
2025-11-15 16:50:51,Diorama,OPERATING,STANDBY,0
2025-11-15 16:50:51,Fabula,OPERATING,STANDBY,10
2025-11-15 16:50:51,Monorail,CLOSED,STANDBY,N/A
2025-11-15 16:50:51,Kindervreugd,OPERATING,STANDBY,0
2025-11-15 16:50:51,Max & Moritz,OPERATING,STANDBY,15
2025-11-15 16:50:51,Max & Moritz,OPERATING,SINGLE_RIDER,5
2025-11-15 16:50:51,Anton Pieckplein,OPERATING,STANDBY,0
2025-11-15 16:50:51,Gondoletta,CLOSED,STANDBY,N/A
2025-11-15 16:50:51,De Oude Tufferbaan,OPERATING,STANDBY,5
2025-11-15 16:50:51,Python,OPERATING,STANDBY,15
2025-11-15 16:50:51,Python,OPERATING,SINGLE_RIDER,0
2025-11-15 16:50:51,Piraña,OPERATING,STANDBY,5
2025-11-15 16:50:51,Joris en de Draak,OPERATING,STANDBY,15
2025-11-15 16:50:51,Joris en de Draak,OPERATING,SINGLE_RIDER,5
2025-11-15 16:50:51,Carnaval Festival,OPERATING,STANDBY,0
2025-11-15 16:50:51,Vogel Rok,OPERATING,STANDBY,10
2025-11-15 16:50:51,Baron 1898,OPERATING,STANDBY,35
2025-11-15 16:50:51,Baron 1898,OPERATING,SINGLE_RIDER,30
2025-11-15 16:50:51,Pagode,OPERATING,STANDBY,15
2025-11-15 16:50:51,Danse Macabre,OPERATING,STANDBY,35
2025-11-15 16:50:51,Danse Macabre,OPERATING,SINGLE_RIDER,0
2025-11-15 17:12:52,Droomvlucht,OPERATING,STANDBY,15
2025-11-15 17:12:52,Fata Morgana,OPERATING,STANDBY,5
2025-11-15 17:12:52,Villa Volta,OPERATING,STANDBY,5
2025-11-15 17:12:52,De Vliegende Hollander,OPERATING,STANDBY,20
2025-11-15 17:12:52,De Vliegende Hollander,OPERATING,SINGLE_RIDER,0
2025-11-15 17:12:52,Kleuterhof,OPERATING,STANDBY,0
2025-11-15 17:12:52,Nest!,CLOSED,STANDBY,N/A
2025-11-15 17:12:52,Sirocco,REFURBISHMENT,STANDBY,N/A
2025-11-15 17:12:52,Stoomtrein - Marerijk,OPERATING,STANDBY,25
2025-11-15 17:12:52,Volk van Laaf,OPERATING,STANDBY,0
2025-11-15 17:12:52,Fairytale Forest,OPERATING,STANDBY,0
2025-11-15 17:12:52,Stoomcarrousel,OPERATING,STANDBY,0
2025-11-15 17:12:52,Efteling Museum,OPERATING,STANDBY,0
2025-11-15 17:12:52,Symbolica,OPERATING,STANDBY,20
2025-11-15 17:12:52,Symbolica,OPERATING,SINGLE_RIDER,10
2025-11-15 17:12:52,Halve Maen,OPERATING,STANDBY,10
2025-11-15 17:12:52,Archipel,CLOSED,STANDBY,N/A
2025-11-15 17:12:52,Stoomtrein - Oost,OPERATING,STANDBY,30
2025-11-15 17:12:52,Kinderspoor,OPERATING,STANDBY,0
2025-11-15 17:12:52,Diorama,OPERATING,STANDBY,0
2025-11-15 17:12:52,Fabula,OPERATING,STANDBY,10
2025-11-15 17:12:52,Monorail,CLOSED,STANDBY,N/A
2025-11-15 17:12:52,Kindervreugd,OPERATING,STANDBY,0
2025-11-15 17:12:52,Max & Moritz,OPERATING,STANDBY,10
2025-11-15 17:12:52,Max & Moritz,OPERATING,SINGLE_RIDER,5
2025-11-15 17:12:52,Anton Pieckplein,OPERATING,STANDBY,0
2025-11-15 17:12:52,Gondoletta,CLOSED,STANDBY,N/A
2025-11-15 17:12:52,De Oude Tufferbaan,OPERATING,STANDBY,5
2025-11-15 17:12:52,Python,OPERATING,STANDBY,5
2025-11-15 17:12:52,Python,OPERATING,SINGLE_RIDER,0
2025-11-15 17:12:52,Piraña,OPERATING,STANDBY,5
2025-11-15 17:12:52,Joris en de Draak,OPERATING,STANDBY,25
2025-11-15 17:12:52,Joris en de Draak,OPERATING,SINGLE_RIDER,10
2025-11-15 17:12:52,Carnaval Festival,OPERATING,STANDBY,0
2025-11-15 17:12:52,Vogel Rok,OPERATING,STANDBY,5
2025-11-15 17:12:52,Baron 1898,OPERATING,STANDBY,35
2025-11-15 17:12:52,Baron 1898,OPERATING,SINGLE_RIDER,30
2025-11-15 17:12:52,Pagode,OPERATING,STANDBY,5
2025-11-15 17:12:52,Danse Macabre,OPERATING,STANDBY,30
2025-11-15 17:12:52,Danse Macabre,OPERATING,SINGLE_RIDER,0
2025-11-15 17:28:36,Droomvlucht,OPERATING,STANDBY,15
2025-11-15 17:28:36,Fata Morgana,OPERATING,STANDBY,5
2025-11-15 17:28:36,Villa Volta,OPERATING,STANDBY,5
2025-11-15 17:28:36,De Vliegende Hollander,DOWN,STANDBY,0
2025-11-15 17:28:36,De Vliegende Hollander,DOWN,SINGLE_RIDER,N/A
2025-11-15 17:28:36,Kleuterhof,OPERATING,STANDBY,0
2025-11-15 17:28:36,Nest!,CLOSED,STANDBY,N/A
2025-11-15 17:28:36,Sirocco,REFURBISHMENT,STANDBY,N/A
2025-11-15 17:28:36,Stoomtrein - Marerijk,OPERATING,STANDBY,25
2025-11-15 17:28:36,Volk van Laaf,OPERATING,STANDBY,0
2025-11-15 17:28:36,Fairytale Forest,OPERATING,STANDBY,0
2025-11-15 17:28:36,Stoomcarrousel,OPERATING,STANDBY,0
2025-11-15 17:28:36,Efteling Museum,OPERATING,STANDBY,0
2025-11-15 17:28:36,Symbolica,OPERATING,STANDBY,20
2025-11-15 17:28:36,Symbolica,OPERATING,SINGLE_RIDER,5
2025-11-15 17:28:36,Halve Maen,OPERATING,STANDBY,10
2025-11-15 17:28:36,Archipel,CLOSED,STANDBY,N/A
2025-11-15 17:28:36,Stoomtrein - Oost,OPERATING,STANDBY,30
2025-11-15 17:28:36,Kinderspoor,OPERATING,STANDBY,0
2025-11-15 17:28:36,Diorama,OPERATING,STANDBY,0
2025-11-15 17:28:36,Fabula,OPERATING,STANDBY,10
2025-11-15 17:28:36,Monorail,CLOSED,STANDBY,N/A
2025-11-15 17:28:36,Kindervreugd,OPERATING,STANDBY,0
2025-11-15 17:28:36,Max & Moritz,OPERATING,STANDBY,5
2025-11-15 17:28:36,Max & Moritz,OPERATING,SINGLE_RIDER,5
2025-11-15 17:28:36,Anton Pieckplein,OPERATING,STANDBY,0
2025-11-15 17:28:36,Gondoletta,CLOSED,STANDBY,N/A
2025-11-15 17:28:36,De Oude Tufferbaan,OPERATING,STANDBY,5
2025-11-15 17:28:36,Python,OPERATING,STANDBY,5
2025-11-15 17:28:36,Python,OPERATING,SINGLE_RIDER,0
2025-11-15 17:28:36,Piraña,OPERATING,STANDBY,5
2025-11-15 17:28:36,Joris en de Draak,OPERATING,STANDBY,20
2025-11-15 17:28:36,Joris en de Draak,OPERATING,SINGLE_RIDER,10
2025-11-15 17:28:36,Carnaval Festival,OPERATING,STANDBY,0
2025-11-15 17:28:36,Vogel Rok,OPERATING,STANDBY,5
2025-11-15 17:28:36,Baron 1898,OPERATING,STANDBY,30
2025-11-15 17:28:36,Baron 1898,OPERATING,SINGLE_RIDER,30
2025-11-15 17:28:36,Pagode,OPERATING,STANDBY,5
2025-11-15 17:28:36,Danse Macabre,OPERATING,STANDBY,35
2025-11-15 17:28:36,Danse Macabre,OPERATING,SINGLE_RIDER,0
2025-11-15 17:39:07,Droomvlucht,OPERATING,STANDBY,10
2025-11-15 17:39:07,Fata Morgana,OPERATING,STANDBY,5
2025-11-15 17:39:07,Villa Volta,OPERATING,STANDBY,5
2025-11-15 17:39:07,De Vliegende Hollander,OPERATING,STANDBY,20
2025-11-15 17:39:07,De Vliegende Hollander,OPERATING,SINGLE_RIDER,0
2025-11-15 17:39:07,Kleuterhof,OPERATING,STANDBY,0
2025-11-15 17:39:07,Nest!,CLOSED,STANDBY,N/A
2025-11-15 17:39:07,Sirocco,REFURBISHMENT,STANDBY,N/A
2025-11-15 17:39:07,Stoomtrein - Marerijk,OPERATING,STANDBY,25
2025-11-15 17:39:07,Volk van Laaf,OPERATING,STANDBY,0
2025-11-15 17:39:07,Fairytale Forest,OPERATING,STANDBY,0
2025-11-15 17:39:07,Stoomcarrousel,OPERATING,STANDBY,0
2025-11-15 17:39:07,Efteling Museum,OPERATING,STANDBY,0
2025-11-15 17:39:07,Symbolica,OPERATING,STANDBY,20
2025-11-15 17:39:07,Symbolica,OPERATING,SINGLE_RIDER,5
2025-11-15 17:39:07,Halve Maen,OPERATING,STANDBY,10
2025-11-15 17:39:07,Archipel,CLOSED,STANDBY,N/A
2025-11-15 17:39:07,Stoomtrein - Oost,CLOSED,STANDBY,N/A
2025-11-15 17:39:07,Kinderspoor,OPERATING,STANDBY,0
2025-11-15 17:39:07,Diorama,OPERATING,STANDBY,0
2025-11-15 17:39:07,Fabula,OPERATING,STANDBY,10
2025-11-15 17:39:07,Monorail,CLOSED,STANDBY,N/A
2025-11-15 17:39:07,Kindervreugd,OPERATING,STANDBY,0
2025-11-15 17:39:07,Max & Moritz,OPERATING,STANDBY,5
2025-11-15 17:39:07,Max & Moritz,OPERATING,SINGLE_RIDER,5
2025-11-15 17:39:07,Anton Pieckplein,OPERATING,STANDBY,0
2025-11-15 17:39:07,Gondoletta,CLOSED,STANDBY,N/A
2025-11-15 17:39:07,De Oude Tufferbaan,OPERATING,STANDBY,5
2025-11-15 17:39:07,Python,OPERATING,STANDBY,5
2025-11-15 17:39:07,Python,OPERATING,SINGLE_RIDER,0
2025-11-15 17:39:07,Piraña,OPERATING,STANDBY,5
2025-11-15 17:39:07,Joris en de Draak,OPERATING,STANDBY,15
2025-11-15 17:39:07,Joris en de Draak,OPERATING,SINGLE_RIDER,10
2025-11-15 17:39:07,Carnaval Festival,OPERATING,STANDBY,0
2025-11-15 17:39:07,Vogel Rok,OPERATING,STANDBY,5
2025-11-15 17:39:07,Baron 1898,OPERATING,STANDBY,40
2025-11-15 17:39:07,Baron 1898,OPERATING,SINGLE_RIDER,35
2025-11-15 17:39:07,Pagode,OPERATING,STANDBY,5
2025-11-15 17:39:07,Danse Macabre,OPERATING,STANDBY,30
2025-11-15 17:39:07,Danse Macabre,OPERATING,SINGLE_RIDER,0
2025-11-15 17:49:05,Droomvlucht,OPERATING,STANDBY,0
2025-11-15 17:49:05,Fata Morgana,OPERATING,STANDBY,5
2025-11-15 17:49:05,Villa Volta,OPERATING,STANDBY,5
2025-11-15 17:49:05,De Vliegende Hollander,OPERATING,STANDBY,20
2025-11-15 17:49:05,De Vliegende Hollander,OPERATING,SINGLE_RIDER,0
2025-11-15 17:49:05,Kleuterhof,OPERATING,STANDBY,0
2025-11-15 17:49:05,Nest!,CLOSED,STANDBY,N/A
2025-11-15 17:49:05,Sirocco,REFURBISHMENT,STANDBY,N/A
2025-11-15 17:49:05,Stoomtrein - Marerijk,OPERATING,STANDBY,25
2025-11-15 17:49:05,Volk van Laaf,OPERATING,STANDBY,0
2025-11-15 17:49:05,Fairytale Forest,OPERATING,STANDBY,0
2025-11-15 17:49:05,Stoomcarrousel,OPERATING,STANDBY,0
2025-11-15 17:49:05,Efteling Museum,OPERATING,STANDBY,0
2025-11-15 17:49:05,Symbolica,OPERATING,STANDBY,20
2025-11-15 17:49:05,Symbolica,OPERATING,SINGLE_RIDER,5
2025-11-15 17:49:05,Halve Maen,OPERATING,STANDBY,10
2025-11-15 17:49:05,Archipel,CLOSED,STANDBY,N/A
2025-11-15 17:49:05,Stoomtrein - Oost,CLOSED,STANDBY,N/A
2025-11-15 17:49:05,Kinderspoor,OPERATING,STANDBY,0
2025-11-15 17:49:05,Diorama,OPERATING,STANDBY,0
2025-11-15 17:49:05,Fabula,OPERATING,STANDBY,10
2025-11-15 17:49:05,Monorail,CLOSED,STANDBY,N/A
2025-11-15 17:49:05,Kindervreugd,OPERATING,STANDBY,0
2025-11-15 17:49:05,Max & Moritz,OPERATING,STANDBY,10
2025-11-15 17:49:05,Max & Moritz,OPERATING,SINGLE_RIDER,5
2025-11-15 17:49:05,Anton Pieckplein,OPERATING,STANDBY,0
2025-11-15 17:49:05,Gondoletta,CLOSED,STANDBY,N/A
2025-11-15 17:49:05,De Oude Tufferbaan,OPERATING,STANDBY,5
2025-11-15 17:49:05,Python,OPERATING,STANDBY,5
2025-11-15 17:49:05,Python,OPERATING,SINGLE_RIDER,0
2025-11-15 17:49:05,Piraña,OPERATING,STANDBY,5
2025-11-15 17:49:05,Joris en de Draak,OPERATING,STANDBY,15
2025-11-15 17:49:05,Joris en de Draak,OPERATING,SINGLE_RIDER,10
2025-11-15 17:49:05,Carnaval Festival,OPERATING,STANDBY,0
2025-11-15 17:49:05,Vogel Rok,OPERATING,STANDBY,5
2025-11-15 17:49:05,Baron 1898,OPERATING,STANDBY,40
2025-11-15 17:49:05,Baron 1898,OPERATING,SINGLE_RIDER,35
2025-11-15 17:49:05,Pagode,OPERATING,STANDBY,5
2025-11-15 17:49:05,Danse Macabre,OPERATING,STANDBY,25
2025-11-15 17:49:05,Danse Macabre,OPERATING,SINGLE_RIDER,0
2025-11-16 08:43:43,Droomvlucht,OPERATING,STANDBY,0
2025-11-16 08:43:43,Fata Morgana,OPERATING,STANDBY,0
2025-11-16 08:43:43,Villa Volta,OPERATING,STANDBY,5
2025-11-16 08:43:43,De Vliegende Hollander,CLOSED,STANDBY,N/A
2025-11-16 08:43:43,De Vliegende Hollander,CLOSED,SINGLE_RIDER,N/A
2025-11-16 08:43:43,Kleuterhof,OPERATING,STANDBY,0
2025-11-16 08:43:43,Nest!,CLOSED,STANDBY,N/A
2025-11-16 08:43:43,Sirocco,REFURBISHMENT,STANDBY,N/A
2025-11-16 08:43:43,Volk van Laaf,CLOSED,STANDBY,N/A
2025-11-16 08:43:43,Fairytale Forest,OPERATING,STANDBY,0
2025-11-16 08:43:43,Stoomcarrousel,CLOSED,STANDBY,N/A
2025-11-16 08:43:43,Stoomtrein - Marerijk,CLOSED,STANDBY,N/A
2025-11-16 08:43:43,Efteling Museum,CLOSED,STANDBY,N/A
2025-11-16 08:43:43,Symbolica,CLOSED,STANDBY,N/A
2025-11-16 08:43:43,Symbolica,CLOSED,SINGLE_RIDER,N/A
2025-11-16 08:43:43,Halve Maen,CLOSED,STANDBY,N/A
2025-11-16 08:43:43,Archipel,OPERATING,STANDBY,0
2025-11-16 08:43:43,Stoomtrein - Oost,CLOSED,STANDBY,N/A
2025-11-16 08:43:43,Kinderspoor,CLOSED,STANDBY,N/A
2025-11-16 08:43:43,Diorama,CLOSED,STANDBY,N/A
2025-11-16 08:43:43,Fabula,CLOSED,STANDBY,N/A
2025-11-16 08:43:43,Monorail,CLOSED,STANDBY,N/A
2025-11-16 08:43:43,Kindervreugd,OPERATING,STANDBY,0
2025-11-16 08:43:43,Max & Moritz,OPERATING,STANDBY,5
2025-11-16 08:43:43,Max & Moritz,OPERATING,SINGLE_RIDER,0
2025-11-16 08:43:43,Anton Pieckplein,CLOSED,STANDBY,N/A
2025-11-16 08:43:43,Gondoletta,CLOSED,STANDBY,N/A
2025-11-16 08:43:43,Python,CLOSED,STANDBY,N/A
2025-11-16 08:43:43,Python,CLOSED,SINGLE_RIDER,N/A
2025-11-16 08:43:43,De Oude Tufferbaan,CLOSED,STANDBY,N/A
2025-11-16 08:43:43,Piraña,CLOSED,STANDBY,N/A
2025-11-16 08:43:43,Joris en de Draak,CLOSED,STANDBY,N/A
2025-11-16 08:43:43,Joris en de Draak,CLOSED,SINGLE_RIDER,N/A
2025-11-16 08:43:43,Carnaval Festival,OPERATING,STANDBY,0
2025-11-16 08:43:43,Vogel Rok,OPERATING,STANDBY,5
2025-11-16 08:43:43,Pagode,OPERATING,STANDBY,5
2025-11-16 08:43:43,Baron 1898,OPERATING,STANDBY,10
2025-11-16 08:43:43,Baron 1898,OPERATING,SINGLE_RIDER,10
2025-11-16 08:43:43,Danse Macabre,CLOSED,STANDBY,N/A
2025-11-16 08:43:43,Danse Macabre,CLOSED,SINGLE_RIDER,N/A
2025-11-16 08:53:42,Droomvlucht,OPERATING,STANDBY,5
2025-11-16 08:53:42,Fata Morgana,OPERATING,STANDBY,0
2025-11-16 08:53:42,Villa Volta,OPERATING,STANDBY,5
2025-11-16 08:53:42,De Vliegende Hollander,CLOSED,STANDBY,N/A
2025-11-16 08:53:42,De Vliegende Hollander,CLOSED,SINGLE_RIDER,N/A
2025-11-16 08:53:42,Kleuterhof,OPERATING,STANDBY,0
2025-11-16 08:53:42,Nest!,CLOSED,STANDBY,N/A
2025-11-16 08:53:42,Sirocco,REFURBISHMENT,STANDBY,N/A
2025-11-16 08:53:42,Volk van Laaf,CLOSED,STANDBY,N/A
2025-11-16 08:53:42,Fairytale Forest,OPERATING,STANDBY,0
2025-11-16 08:53:42,Stoomcarrousel,CLOSED,STANDBY,N/A
2025-11-16 08:53:42,Stoomtrein - Marerijk,CLOSED,STANDBY,N/A
2025-11-16 08:53:42,Efteling Museum,CLOSED,STANDBY,N/A
2025-11-16 08:53:42,Symbolica,CLOSED,STANDBY,N/A
2025-11-16 08:53:42,Symbolica,CLOSED,SINGLE_RIDER,N/A
2025-11-16 08:53:42,Halve Maen,CLOSED,STANDBY,N/A
2025-11-16 08:53:42,Archipel,OPERATING,STANDBY,0
2025-11-16 08:53:42,Stoomtrein - Oost,CLOSED,STANDBY,N/A
2025-11-16 08:53:42,Kinderspoor,CLOSED,STANDBY,N/A
2025-11-16 08:53:42,Diorama,CLOSED,STANDBY,N/A
2025-11-16 08:53:42,Fabula,CLOSED,STANDBY,N/A
2025-11-16 08:53:42,Monorail,CLOSED,STANDBY,N/A
2025-11-16 08:53:42,Kindervreugd,OPERATING,STANDBY,0
2025-11-16 08:53:42,Max & Moritz,OPERATING,STANDBY,5
2025-11-16 08:53:42,Max & Moritz,OPERATING,SINGLE_RIDER,0
2025-11-16 08:53:42,Anton Pieckplein,CLOSED,STANDBY,N/A
2025-11-16 08:53:42,Gondoletta,CLOSED,STANDBY,N/A
2025-11-16 08:53:42,Python,CLOSED,STANDBY,N/A
2025-11-16 08:53:42,Python,CLOSED,SINGLE_RIDER,N/A
2025-11-16 08:53:42,De Oude Tufferbaan,CLOSED,STANDBY,N/A
2025-11-16 08:53:42,Piraña,CLOSED,STANDBY,N/A
2025-11-16 08:53:42,Joris en de Draak,CLOSED,STANDBY,N/A
2025-11-16 08:53:42,Joris en de Draak,CLOSED,SINGLE_RIDER,N/A
2025-11-16 08:53:42,Carnaval Festival,OPERATING,STANDBY,0
2025-11-16 08:53:42,Vogel Rok,OPERATING,STANDBY,5
2025-11-16 08:53:42,Pagode,OPERATING,STANDBY,5
2025-11-16 08:53:42,Baron 1898,OPERATING,STANDBY,10
2025-11-16 08:53:42,Baron 1898,OPERATING,SINGLE_RIDER,0
2025-11-16 08:53:42,Danse Macabre,CLOSED,STANDBY,N/A
2025-11-16 08:53:42,Danse Macabre,CLOSED,SINGLE_RIDER,N/A
2025-11-16 09:16:04,Droomvlucht,OPERATING,STANDBY,10
2025-11-16 09:16:04,Fata Morgana,OPERATING,STANDBY,0
2025-11-16 09:16:04,Villa Volta,OPERATING,STANDBY,5
2025-11-16 09:16:04,De Vliegende Hollander,OPERATING,STANDBY,5
2025-11-16 09:16:04,De Vliegende Hollander,OPERATING,SINGLE_RIDER,0
2025-11-16 09:16:04,Kleuterhof,OPERATING,STANDBY,0
2025-11-16 09:16:04,Nest!,OPERATING,STANDBY,0
2025-11-16 09:16:04,Sirocco,REFURBISHMENT,STANDBY,N/A
2025-11-16 09:16:04,Volk van Laaf,OPERATING,STANDBY,0
2025-11-16 09:16:04,Fairytale Forest,OPERATING,STANDBY,0
2025-11-16 09:16:04,Stoomcarrousel,OPERATING,STANDBY,0
2025-11-16 09:16:04,Stoomtrein - Marerijk,OPERATING,STANDBY,25
2025-11-16 09:16:04,Efteling Museum,OPERATING,STANDBY,0
2025-11-16 09:16:04,Symbolica,OPERATING,STANDBY,40
2025-11-16 09:16:04,Symbolica,OPERATING,SINGLE_RIDER,20
2025-11-16 09:16:04,Halve Maen,OPERATING,STANDBY,0
2025-11-16 09:16:04,Archipel,OPERATING,STANDBY,0
2025-11-16 09:16:04,Stoomtrein - Oost,OPERATING,STANDBY,25
2025-11-16 09:16:04,Kinderspoor,OPERATING,STANDBY,0
2025-11-16 09:16:04,Diorama,OPERATING,STANDBY,0
2025-11-16 09:16:04,Fabula,OPERATING,STANDBY,10
2025-11-16 09:16:04,Monorail,CLOSED,STANDBY,N/A
2025-11-16 09:16:04,Kindervreugd,OPERATING,STANDBY,0
2025-11-16 09:16:04,Max & Moritz,OPERATING,STANDBY,5
2025-11-16 09:16:04,Max & Moritz,OPERATING,SINGLE_RIDER,5
2025-11-16 09:16:04,Anton Pieckplein,OPERATING,STANDBY,0
2025-11-16 09:16:04,Gondoletta,OPERATING,STANDBY,0
2025-11-16 09:16:04,Python,OPERATING,STANDBY,5
2025-11-16 09:16:04,Python,OPERATING,SINGLE_RIDER,0
2025-11-16 09:16:04,De Oude Tufferbaan,OPERATING,STANDBY,0
2025-11-16 09:16:04,Piraña,OPERATING,STANDBY,0
2025-11-16 09:16:04,Joris en de Draak,OPERATING,STANDBY,15
2025-11-16 09:16:04,Joris en de Draak,OPERATING,SINGLE_RIDER,0
2025-11-16 09:16:04,Carnaval Festival,OPERATING,STANDBY,0
2025-11-16 09:16:04,Vogel Rok,OPERATING,STANDBY,5
2025-11-16 09:16:04,Pagode,OPERATING,STANDBY,5
2025-11-16 09:16:04,Baron 1898,OPERATING,STANDBY,35
2025-11-16 09:16:04,Baron 1898,OPERATING,SINGLE_RIDER,35
2025-11-16 09:16:04,Danse Macabre,OPERATING,STANDBY,55
2025-11-16 09:16:04,Danse Macabre,OPERATING,SINGLE_RIDER,0
2025-11-16 09:37:58,Droomvlucht,OPERATING,STANDBY,15
2025-11-16 09:37:58,Fata Morgana,OPERATING,STANDBY,10
2025-11-16 09:37:58,Villa Volta,OPERATING,STANDBY,5
2025-11-16 09:37:58,De Vliegende Hollander,DOWN,STANDBY,0
2025-11-16 09:37:58,De Vliegende Hollander,DOWN,SINGLE_RIDER,N/A
2025-11-16 09:37:58,Kleuterhof,OPERATING,STANDBY,0
2025-11-16 09:37:58,Nest!,OPERATING,STANDBY,0
2025-11-16 09:37:58,Sirocco,REFURBISHMENT,STANDBY,N/A
2025-11-16 09:37:58,Volk van Laaf,OPERATING,STANDBY,0
2025-11-16 09:37:58,Fairytale Forest,OPERATING,STANDBY,0
2025-11-16 09:37:58,Stoomcarrousel,OPERATING,STANDBY,0
2025-11-16 09:37:58,Stoomtrein - Marerijk,OPERATING,STANDBY,25
2025-11-16 09:37:58,Efteling Museum,OPERATING,STANDBY,0
2025-11-16 09:37:58,Symbolica,OPERATING,STANDBY,35
2025-11-16 09:37:58,Symbolica,OPERATING,SINGLE_RIDER,10
2025-11-16 09:37:58,Halve Maen,OPERATING,STANDBY,5
2025-11-16 09:37:58,Archipel,OPERATING,STANDBY,0
2025-11-16 09:37:58,Stoomtrein - Oost,OPERATING,STANDBY,25
2025-11-16 09:37:58,Kinderspoor,OPERATING,STANDBY,0
2025-11-16 09:37:58,Diorama,OPERATING,STANDBY,0
2025-11-16 09:37:58,Fabula,OPERATING,STANDBY,10
2025-11-16 09:37:58,Kindervreugd,OPERATING,STANDBY,0
2025-11-16 09:37:58,Monorail,REFURBISHMENT,STANDBY,N/A
2025-11-16 09:37:58,Max & Moritz,OPERATING,STANDBY,20
2025-11-16 09:37:58,Max & Moritz,OPERATING,SINGLE_RIDER,10
2025-11-16 09:37:58,Anton Pieckplein,OPERATING,STANDBY,0
2025-11-16 09:37:58,Gondoletta,OPERATING,STANDBY,0
2025-11-16 09:37:58,Python,OPERATING,STANDBY,5
2025-11-16 09:37:58,Python,OPERATING,SINGLE_RIDER,0
2025-11-16 09:37:58,De Oude Tufferbaan,OPERATING,STANDBY,5
2025-11-16 09:37:58,Piraña,OPERATING,STANDBY,0
2025-11-16 09:37:58,Joris en de Draak,OPERATING,STANDBY,20
2025-11-16 09:37:58,Joris en de Draak,OPERATING,SINGLE_RIDER,15
2025-11-16 09:37:58,Carnaval Festival,OPERATING,STANDBY,0
2025-11-16 09:37:58,Vogel Rok,OPERATING,STANDBY,5
2025-11-16 09:37:58,Pagode,OPERATING,STANDBY,5
2025-11-16 09:37:58,Baron 1898,OPERATING,STANDBY,30
2025-11-16 09:37:58,Baron 1898,OPERATING,SINGLE_RIDER,35
2025-11-16 09:37:58,Danse Macabre,OPERATING,STANDBY,50
2025-11-16 09:37:58,Danse Macabre,OPERATING,SINGLE_RIDER,0
2025-11-16 09:49:43,Droomvlucht,OPERATING,STANDBY,30
2025-11-16 09:49:43,Fata Morgana,OPERATING,STANDBY,20
2025-11-16 09:49:43,Villa Volta,OPERATING,STANDBY,5
2025-11-16 09:49:43,De Vliegende Hollander,DOWN,STANDBY,0
2025-11-16 09:49:43,De Vliegende Hollander,DOWN,SINGLE_RIDER,N/A
2025-11-16 09:49:43,Kleuterhof,OPERATING,STANDBY,0
2025-11-16 09:49:43,Nest!,OPERATING,STANDBY,0
2025-11-16 09:49:43,Sirocco,REFURBISHMENT,STANDBY,N/A
2025-11-16 09:49:43,Volk van Laaf,OPERATING,STANDBY,0
2025-11-16 09:49:43,Fairytale Forest,OPERATING,STANDBY,0
2025-11-16 09:49:43,Stoomcarrousel,OPERATING,STANDBY,0
2025-11-16 09:49:43,Stoomtrein - Marerijk,OPERATING,STANDBY,25
2025-11-16 09:49:43,Efteling Museum,OPERATING,STANDBY,0
2025-11-16 09:49:43,Symbolica,OPERATING,STANDBY,35
2025-11-16 09:49:43,Symbolica,OPERATING,SINGLE_RIDER,10
2025-11-16 09:49:43,Halve Maen,OPERATING,STANDBY,5
2025-11-16 09:49:43,Archipel,OPERATING,STANDBY,0
2025-11-16 09:49:43,Stoomtrein - Oost,OPERATING,STANDBY,25
2025-11-16 09:49:43,Kinderspoor,OPERATING,STANDBY,0
2025-11-16 09:49:43,Diorama,OPERATING,STANDBY,0
2025-11-16 09:49:43,Fabula,OPERATING,STANDBY,10
2025-11-16 09:49:43,Kindervreugd,OPERATING,STANDBY,0
2025-11-16 09:49:43,Monorail,REFURBISHMENT,STANDBY,N/A
2025-11-16 09:49:43,Max & Moritz,OPERATING,STANDBY,25
2025-11-16 09:49:43,Max & Moritz,OPERATING,SINGLE_RIDER,10
2025-11-16 09:49:43,Anton Pieckplein,OPERATING,STANDBY,0
2025-11-16 09:49:43,Gondoletta,OPERATING,STANDBY,5
2025-11-16 09:49:43,De Oude Tufferbaan,OPERATING,STANDBY,10
2025-11-16 09:49:43,Python,OPERATING,STANDBY,20
2025-11-16 09:49:43,Python,OPERATING,SINGLE_RIDER,10
2025-11-16 09:49:43,Piraña,OPERATING,STANDBY,0
2025-11-16 09:49:43,Joris en de Draak,OPERATING,STANDBY,30
2025-11-16 09:49:43,Joris en de Draak,OPERATING,SINGLE_RIDER,30
2025-11-16 09:49:43,Carnaval Festival,OPERATING,STANDBY,0
2025-11-16 09:49:43,Vogel Rok,OPERATING,STANDBY,5
2025-11-16 09:49:43,Pagode,OPERATING,STANDBY,5
2025-11-16 09:49:43,Baron 1898,OPERATING,STANDBY,45
2025-11-16 09:49:43,Baron 1898,OPERATING,SINGLE_RIDER,45
2025-11-16 09:49:43,Danse Macabre,OPERATING,STANDBY,45
2025-11-16 09:49:43,Danse Macabre,OPERATING,SINGLE_RIDER,0
2025-11-16 10:16:24,Droomvlucht,OPERATING,STANDBY,30
2025-11-16 10:16:24,Fata Morgana,OPERATING,STANDBY,35
2025-11-16 10:16:24,Villa Volta,OPERATING,STANDBY,5
2025-11-16 10:16:24,De Vliegende Hollander,DOWN,STANDBY,0
2025-11-16 10:16:24,De Vliegende Hollander,DOWN,SINGLE_RIDER,N/A
2025-11-16 10:16:24,Kleuterhof,OPERATING,STANDBY,0
2025-11-16 10:16:24,Nest!,OPERATING,STANDBY,0
2025-11-16 10:16:24,Sirocco,REFURBISHMENT,STANDBY,N/A
2025-11-16 10:16:24,Volk van Laaf,OPERATING,STANDBY,0
2025-11-16 10:16:24,Fairytale Forest,OPERATING,STANDBY,0
2025-11-16 10:16:24,Stoomcarrousel,OPERATING,STANDBY,0
2025-11-16 10:16:24,Stoomtrein - Marerijk,OPERATING,STANDBY,25
2025-11-16 10:16:24,Efteling Museum,OPERATING,STANDBY,0
2025-11-16 10:16:24,Symbolica,OPERATING,STANDBY,40
2025-11-16 10:16:24,Symbolica,OPERATING,SINGLE_RIDER,15
2025-11-16 10:16:24,Halve Maen,OPERATING,STANDBY,10
2025-11-16 10:16:24,Archipel,OPERATING,STANDBY,0
2025-11-16 10:16:24,Stoomtrein - Oost,OPERATING,STANDBY,25
2025-11-16 10:16:24,Kinderspoor,DOWN,STANDBY,0
2025-11-16 10:16:24,Diorama,OPERATING,STANDBY,0
2025-11-16 10:16:24,Fabula,OPERATING,STANDBY,10
2025-11-16 10:16:24,Kindervreugd,OPERATING,STANDBY,0
2025-11-16 10:16:24,Monorail,REFURBISHMENT,STANDBY,N/A
2025-11-16 10:16:24,Max & Moritz,OPERATING,STANDBY,30
2025-11-16 10:16:24,Max & Moritz,OPERATING,SINGLE_RIDER,15
2025-11-16 10:16:24,Anton Pieckplein,OPERATING,STANDBY,0
2025-11-16 10:16:24,Gondoletta,OPERATING,STANDBY,5
2025-11-16 10:16:24,Python,OPERATING,STANDBY,30
2025-11-16 10:16:24,Python,OPERATING,SINGLE_RIDER,35
2025-11-16 10:16:24,De Oude Tufferbaan,OPERATING,STANDBY,15
2025-11-16 10:16:24,Piraña,OPERATING,STANDBY,5
2025-11-16 10:16:24,Joris en de Draak,OPERATING,STANDBY,35
2025-11-16 10:16:24,Joris en de Draak,OPERATING,SINGLE_RIDER,15
2025-11-16 10:16:24,Carnaval Festival,OPERATING,STANDBY,15
2025-11-16 10:16:24,Vogel Rok,OPERATING,STANDBY,15
2025-11-16 10:16:24,Pagode,OPERATING,STANDBY,5
2025-11-16 10:16:24,Baron 1898,OPERATING,STANDBY,45
2025-11-16 10:16:24,Baron 1898,OPERATING,SINGLE_RIDER,45
2025-11-16 10:16:24,Danse Macabre,OPERATING,STANDBY,55
2025-11-16 10:16:24,Danse Macabre,OPERATING,SINGLE_RIDER,0
2025-11-16 10:40:19,Droomvlucht,OPERATING,STANDBY,20
2025-11-16 10:40:19,Fata Morgana,OPERATING,STANDBY,35
2025-11-16 10:40:19,Villa Volta,OPERATING,STANDBY,5
2025-11-16 10:40:19,De Vliegende Hollander,DOWN,STANDBY,0
2025-11-16 10:40:19,De Vliegende Hollander,DOWN,SINGLE_RIDER,N/A
2025-11-16 10:40:19,Kleuterhof,OPERATING,STANDBY,0
2025-11-16 10:40:19,Nest!,OPERATING,STANDBY,0
2025-11-16 10:40:19,Sirocco,REFURBISHMENT,STANDBY,N/A
2025-11-16 10:40:19,Volk van Laaf,OPERATING,STANDBY,0
2025-11-16 10:40:19,Fairytale Forest,OPERATING,STANDBY,0
2025-11-16 10:40:19,Stoomcarrousel,OPERATING,STANDBY,0
2025-11-16 10:40:19,Stoomtrein - Marerijk,OPERATING,STANDBY,25
2025-11-16 10:40:19,Efteling Museum,OPERATING,STANDBY,0
2025-11-16 10:40:19,Symbolica,OPERATING,STANDBY,40
2025-11-16 10:40:19,Symbolica,OPERATING,SINGLE_RIDER,20
2025-11-16 10:40:19,Halve Maen,OPERATING,STANDBY,15
2025-11-16 10:40:19,Archipel,OPERATING,STANDBY,0
2025-11-16 10:40:19,Stoomtrein - Oost,OPERATING,STANDBY,25
2025-11-16 10:40:19,Kinderspoor,DOWN,STANDBY,0
2025-11-16 10:40:19,Diorama,OPERATING,STANDBY,0
2025-11-16 10:40:19,Fabula,OPERATING,STANDBY,10
2025-11-16 10:40:19,Kindervreugd,OPERATING,STANDBY,0
2025-11-16 10:40:19,Monorail,REFURBISHMENT,STANDBY,N/A
2025-11-16 10:40:19,Max & Moritz,OPERATING,STANDBY,25
2025-11-16 10:40:19,Max & Moritz,OPERATING,SINGLE_RIDER,25
2025-11-16 10:40:19,Anton Pieckplein,OPERATING,STANDBY,0
2025-11-16 10:40:19,Gondoletta,OPERATING,STANDBY,5
2025-11-16 10:40:19,Python,OPERATING,STANDBY,35
2025-11-16 10:40:19,Python,OPERATING,SINGLE_RIDER,25
2025-11-16 10:40:19,De Oude Tufferbaan,OPERATING,STANDBY,15
2025-11-16 10:40:19,Piraña,OPERATING,STANDBY,10
2025-11-16 10:40:19,Joris en de Draak,OPERATING,STANDBY,40
2025-11-16 10:40:19,Joris en de Draak,OPERATING,SINGLE_RIDER,35
2025-11-16 10:40:19,Carnaval Festival,OPERATING,STANDBY,25
2025-11-16 10:40:19,Vogel Rok,OPERATING,STANDBY,30
2025-11-16 10:40:19,Pagode,OPERATING,STANDBY,5
2025-11-16 10:40:19,Baron 1898,OPERATING,STANDBY,45
2025-11-16 10:40:19,Baron 1898,OPERATING,SINGLE_RIDER,40
2025-11-16 10:40:19,Danse Macabre,OPERATING,STANDBY,50
2025-11-16 10:40:19,Danse Macabre,OPERATING,SINGLE_RIDER,0
2025-11-16 10:49:15,Droomvlucht,OPERATING,STANDBY,20
2025-11-16 10:49:15,Fata Morgana,OPERATING,STANDBY,30
2025-11-16 10:49:15,Villa Volta,OPERATING,STANDBY,5
2025-11-16 10:49:15,De Vliegende Hollander,DOWN,STANDBY,0
2025-11-16 10:49:15,De Vliegende Hollander,DOWN,SINGLE_RIDER,N/A
2025-11-16 10:49:15,Kleuterhof,OPERATING,STANDBY,0
2025-11-16 10:49:15,Nest!,OPERATING,STANDBY,0
2025-11-16 10:49:15,Sirocco,REFURBISHMENT,STANDBY,N/A
2025-11-16 10:49:15,Volk van Laaf,OPERATING,STANDBY,0
2025-11-16 10:49:15,Fairytale Forest,OPERATING,STANDBY,0
2025-11-16 10:49:15,Stoomcarrousel,OPERATING,STANDBY,0
2025-11-16 10:49:15,Stoomtrein - Marerijk,OPERATING,STANDBY,25
2025-11-16 10:49:15,Efteling Museum,OPERATING,STANDBY,0
2025-11-16 10:49:15,Symbolica,OPERATING,STANDBY,45
2025-11-16 10:49:15,Symbolica,OPERATING,SINGLE_RIDER,20
2025-11-16 10:49:15,Halve Maen,OPERATING,STANDBY,15
2025-11-16 10:49:15,Archipel,OPERATING,STANDBY,0
2025-11-16 10:49:15,Stoomtrein - Oost,OPERATING,STANDBY,25
2025-11-16 10:49:15,Kinderspoor,DOWN,STANDBY,0
2025-11-16 10:49:15,Diorama,OPERATING,STANDBY,0
2025-11-16 10:49:15,Fabula,OPERATING,STANDBY,10
2025-11-16 10:49:15,Kindervreugd,OPERATING,STANDBY,0
2025-11-16 10:49:15,Monorail,REFURBISHMENT,STANDBY,N/A
2025-11-16 10:49:15,Max & Moritz,OPERATING,STANDBY,25
2025-11-16 10:49:15,Max & Moritz,OPERATING,SINGLE_RIDER,25
2025-11-16 10:49:15,Anton Pieckplein,OPERATING,STANDBY,0
2025-11-16 10:49:15,Gondoletta,OPERATING,STANDBY,5
2025-11-16 10:49:15,Python,OPERATING,STANDBY,40
2025-11-16 10:49:15,Python,OPERATING,SINGLE_RIDER,15
2025-11-16 10:49:15,De Oude Tufferbaan,OPERATING,STANDBY,15
2025-11-16 10:49:15,Piraña,OPERATING,STANDBY,10
2025-11-16 10:49:15,Joris en de Draak,OPERATING,STANDBY,40
2025-11-16 10:49:15,Joris en de Draak,OPERATING,SINGLE_RIDER,35
2025-11-16 10:49:15,Carnaval Festival,OPERATING,STANDBY,25
2025-11-16 10:49:15,Vogel Rok,OPERATING,STANDBY,25
2025-11-16 10:49:15,Pagode,OPERATING,STANDBY,5
2025-11-16 10:49:15,Baron 1898,OPERATING,STANDBY,65
2025-11-16 10:49:15,Baron 1898,OPERATING,SINGLE_RIDER,40
2025-11-16 10:49:15,Danse Macabre,OPERATING,STANDBY,50
2025-11-16 10:49:15,Danse Macabre,OPERATING,SINGLE_RIDER,0
2025-11-16 11:12:45,Droomvlucht,OPERATING,STANDBY,35
2025-11-16 11:12:45,Fata Morgana,OPERATING,STANDBY,25
2025-11-16 11:12:45,Villa Volta,OPERATING,STANDBY,5
2025-11-16 11:12:45,De Vliegende Hollander,DOWN,STANDBY,0
2025-11-16 11:12:45,De Vliegende Hollander,DOWN,SINGLE_RIDER,N/A
2025-11-16 11:12:45,Kleuterhof,OPERATING,STANDBY,0
2025-11-16 11:12:45,Nest!,OPERATING,STANDBY,0
2025-11-16 11:12:45,Sirocco,REFURBISHMENT,STANDBY,N/A
2025-11-16 11:12:45,Volk van Laaf,OPERATING,STANDBY,0
2025-11-16 11:12:45,Fairytale Forest,OPERATING,STANDBY,0
2025-11-16 11:12:45,Stoomcarrousel,OPERATING,STANDBY,0
2025-11-16 11:12:45,Stoomtrein - Marerijk,OPERATING,STANDBY,25
2025-11-16 11:12:45,Efteling Museum,OPERATING,STANDBY,0
2025-11-16 11:12:45,Symbolica,OPERATING,STANDBY,45
2025-11-16 11:12:45,Symbolica,OPERATING,SINGLE_RIDER,15
2025-11-16 11:12:45,Halve Maen,OPERATING,STANDBY,10
2025-11-16 11:12:45,Archipel,OPERATING,STANDBY,0
2025-11-16 11:12:45,Stoomtrein - Oost,OPERATING,STANDBY,25
2025-11-16 11:12:45,Kinderspoor,OPERATING,STANDBY,5
2025-11-16 11:12:45,Diorama,OPERATING,STANDBY,0
2025-11-16 11:12:45,Fabula,OPERATING,STANDBY,10
2025-11-16 11:12:45,Kindervreugd,OPERATING,STANDBY,0
2025-11-16 11:12:45,Monorail,REFURBISHMENT,STANDBY,N/A
2025-11-16 11:12:45,Max & Moritz,OPERATING,STANDBY,35
2025-11-16 11:12:45,Max & Moritz,OPERATING,SINGLE_RIDER,5
2025-11-16 11:12:45,Anton Pieckplein,OPERATING,STANDBY,0
2025-11-16 11:12:45,Gondoletta,OPERATING,STANDBY,5
2025-11-16 11:12:45,Python,OPERATING,STANDBY,30
2025-11-16 11:12:45,Python,OPERATING,SINGLE_RIDER,20
2025-11-16 11:12:45,De Oude Tufferbaan,OPERATING,STANDBY,15
2025-11-16 11:12:45,Piraña,OPERATING,STANDBY,10
2025-11-16 11:12:45,Joris en de Draak,OPERATING,STANDBY,50
2025-11-16 11:12:45,Joris en de Draak,OPERATING,SINGLE_RIDER,25
2025-11-16 11:12:45,Carnaval Festival,OPERATING,STANDBY,30
2025-11-16 11:12:45,Vogel Rok,OPERATING,STANDBY,20
2025-11-16 11:12:45,Pagode,OPERATING,STANDBY,5
2025-11-16 11:12:45,Baron 1898,OPERATING,STANDBY,45
2025-11-16 11:12:45,Baron 1898,OPERATING,SINGLE_RIDER,30
2025-11-16 11:12:45,Danse Macabre,OPERATING,STANDBY,50
2025-11-16 11:12:45,Danse Macabre,OPERATING,SINGLE_RIDER,0
2025-11-16 11:26:05,Droomvlucht,OPERATING,STANDBY,40
2025-11-16 11:26:05,Fata Morgana,OPERATING,STANDBY,25
2025-11-16 11:26:05,Villa Volta,OPERATING,STANDBY,5
2025-11-16 11:26:05,De Vliegende Hollander,DOWN,STANDBY,0
2025-11-16 11:26:05,De Vliegende Hollander,DOWN,SINGLE_RIDER,N/A
2025-11-16 11:26:05,Kleuterhof,OPERATING,STANDBY,0
2025-11-16 11:26:05,Nest!,OPERATING,STANDBY,0
2025-11-16 11:26:05,Sirocco,REFURBISHMENT,STANDBY,N/A
2025-11-16 11:26:05,Volk van Laaf,OPERATING,STANDBY,0
2025-11-16 11:26:05,Fairytale Forest,OPERATING,STANDBY,0
2025-11-16 11:26:05,Stoomcarrousel,OPERATING,STANDBY,10
2025-11-16 11:26:05,Stoomtrein - Marerijk,OPERATING,STANDBY,25
2025-11-16 11:26:05,Efteling Museum,OPERATING,STANDBY,0
2025-11-16 11:26:05,Symbolica,OPERATING,STANDBY,45
2025-11-16 11:26:05,Symbolica,OPERATING,SINGLE_RIDER,15
2025-11-16 11:26:05,Halve Maen,OPERATING,STANDBY,15
2025-11-16 11:26:05,Archipel,OPERATING,STANDBY,0
2025-11-16 11:26:05,Stoomtrein - Oost,OPERATING,STANDBY,25
2025-11-16 11:26:05,Kinderspoor,OPERATING,STANDBY,5
2025-11-16 11:26:05,Diorama,OPERATING,STANDBY,0
2025-11-16 11:26:05,Fabula,OPERATING,STANDBY,10
2025-11-16 11:26:05,Kindervreugd,OPERATING,STANDBY,0
2025-11-16 11:26:05,Monorail,REFURBISHMENT,STANDBY,N/A
2025-11-16 11:26:05,Max & Moritz,OPERATING,STANDBY,35
2025-11-16 11:26:05,Max & Moritz,OPERATING,SINGLE_RIDER,10
2025-11-16 11:26:05,Anton Pieckplein,OPERATING,STANDBY,0
2025-11-16 11:26:05,Gondoletta,OPERATING,STANDBY,5
2025-11-16 11:26:05,Python,OPERATING,STANDBY,30
2025-11-16 11:26:05,Python,OPERATING,SINGLE_RIDER,20
2025-11-16 11:26:05,De Oude Tufferbaan,OPERATING,STANDBY,15
2025-11-16 11:26:05,Piraña,OPERATING,STANDBY,10
2025-11-16 11:26:05,Joris en de Draak,OPERATING,STANDBY,45
2025-11-16 11:26:05,Joris en de Draak,OPERATING,SINGLE_RIDER,35
2025-11-16 11:26:05,Carnaval Festival,OPERATING,STANDBY,30
2025-11-16 11:26:05,Vogel Rok,OPERATING,STANDBY,20
2025-11-16 11:26:05,Pagode,OPERATING,STANDBY,5
2025-11-16 11:26:05,Baron 1898,OPERATING,STANDBY,50
2025-11-16 11:26:05,Baron 1898,OPERATING,SINGLE_RIDER,45
2025-11-16 11:26:05,Danse Macabre,OPERATING,STANDBY,40
2025-11-16 11:26:05,Danse Macabre,OPERATING,SINGLE_RIDER,0
2025-11-16 11:36:54,Droomvlucht,OPERATING,STANDBY,40
2025-11-16 11:36:54,Fata Morgana,OPERATING,STANDBY,15
2025-11-16 11:36:54,Villa Volta,OPERATING,STANDBY,5
2025-11-16 11:36:54,De Vliegende Hollander,DOWN,STANDBY,0
2025-11-16 11:36:54,De Vliegende Hollander,DOWN,SINGLE_RIDER,N/A
2025-11-16 11:36:54,Kleuterhof,OPERATING,STANDBY,0
2025-11-16 11:36:54,Nest!,OPERATING,STANDBY,0
2025-11-16 11:36:54,Sirocco,REFURBISHMENT,STANDBY,N/A
2025-11-16 11:36:54,Volk van Laaf,OPERATING,STANDBY,0
2025-11-16 11:36:54,Fairytale Forest,OPERATING,STANDBY,0
2025-11-16 11:36:54,Stoomcarrousel,OPERATING,STANDBY,10
2025-11-16 11:36:54,Stoomtrein - Marerijk,OPERATING,STANDBY,25
2025-11-16 11:36:54,Efteling Museum,OPERATING,STANDBY,0
2025-11-16 11:36:54,Symbolica,OPERATING,STANDBY,45
2025-11-16 11:36:54,Symbolica,OPERATING,SINGLE_RIDER,15
2025-11-16 11:36:54,Halve Maen,OPERATING,STANDBY,15
2025-11-16 11:36:54,Archipel,OPERATING,STANDBY,0
2025-11-16 11:36:54,Stoomtrein - Oost,OPERATING,STANDBY,25
2025-11-16 11:36:54,Kinderspoor,OPERATING,STANDBY,5
2025-11-16 11:36:54,Diorama,OPERATING,STANDBY,0
2025-11-16 11:36:54,Fabula,OPERATING,STANDBY,10
2025-11-16 11:36:54,Kindervreugd,OPERATING,STANDBY,0
2025-11-16 11:36:54,Monorail,REFURBISHMENT,STANDBY,N/A
2025-11-16 11:36:54,Max & Moritz,OPERATING,STANDBY,35
2025-11-16 11:36:54,Max & Moritz,OPERATING,SINGLE_RIDER,20
2025-11-16 11:36:54,Anton Pieckplein,OPERATING,STANDBY,0
2025-11-16 11:36:54,Gondoletta,OPERATING,STANDBY,10
2025-11-16 11:36:54,De Oude Tufferbaan,OPERATING,STANDBY,15
2025-11-16 11:36:54,Python,OPERATING,STANDBY,30
2025-11-16 11:36:54,Python,OPERATING,SINGLE_RIDER,30
2025-11-16 11:36:54,Piraña,OPERATING,STANDBY,10
2025-11-16 11:36:54,Joris en de Draak,OPERATING,STANDBY,45
2025-11-16 11:36:54,Joris en de Draak,OPERATING,SINGLE_RIDER,35
2025-11-16 11:36:54,Carnaval Festival,OPERATING,STANDBY,30
2025-11-16 11:36:54,Vogel Rok,OPERATING,STANDBY,20
2025-11-16 11:36:54,Pagode,OPERATING,STANDBY,5
2025-11-16 11:36:54,Baron 1898,OPERATING,STANDBY,55
2025-11-16 11:36:54,Baron 1898,OPERATING,SINGLE_RIDER,45
2025-11-16 11:36:54,Danse Macabre,OPERATING,STANDBY,40
2025-11-16 11:36:54,Danse Macabre,OPERATING,SINGLE_RIDER,0
2025-11-16 11:49:44,Droomvlucht,OPERATING,STANDBY,40
2025-11-16 11:49:44,Fata Morgana,OPERATING,STANDBY,20
2025-11-16 11:49:44,Villa Volta,OPERATING,STANDBY,15
2025-11-16 11:49:44,De Vliegende Hollander,DOWN,STANDBY,0
2025-11-16 11:49:44,De Vliegende Hollander,DOWN,SINGLE_RIDER,N/A
2025-11-16 11:49:44,Kleuterhof,OPERATING,STANDBY,0
2025-11-16 11:49:44,Nest!,OPERATING,STANDBY,0
2025-11-16 11:49:44,Sirocco,REFURBISHMENT,STANDBY,N/A
2025-11-16 11:49:44,Volk van Laaf,OPERATING,STANDBY,0
2025-11-16 11:49:44,Fairytale Forest,OPERATING,STANDBY,0
2025-11-16 11:49:44,Stoomcarrousel,OPERATING,STANDBY,10
2025-11-16 11:49:44,Stoomtrein - Marerijk,OPERATING,STANDBY,25
2025-11-16 11:49:44,Efteling Museum,OPERATING,STANDBY,0
2025-11-16 11:49:44,Symbolica,OPERATING,STANDBY,45
2025-11-16 11:49:44,Symbolica,OPERATING,SINGLE_RIDER,25
2025-11-16 11:49:44,Halve Maen,OPERATING,STANDBY,15
2025-11-16 11:49:44,Archipel,OPERATING,STANDBY,0
2025-11-16 11:49:44,Stoomtrein - Oost,OPERATING,STANDBY,25
2025-11-16 11:49:44,Kinderspoor,OPERATING,STANDBY,5
2025-11-16 11:49:44,Diorama,OPERATING,STANDBY,0
2025-11-16 11:49:44,Fabula,OPERATING,STANDBY,10
2025-11-16 11:49:44,Kindervreugd,OPERATING,STANDBY,0
2025-11-16 11:49:44,Monorail,REFURBISHMENT,STANDBY,N/A
2025-11-16 11:49:44,Max & Moritz,OPERATING,STANDBY,35
2025-11-16 11:49:44,Max & Moritz,OPERATING,SINGLE_RIDER,10
2025-11-16 11:49:44,Anton Pieckplein,OPERATING,STANDBY,0
2025-11-16 11:49:44,Gondoletta,OPERATING,STANDBY,5
2025-11-16 11:49:44,Python,DOWN,STANDBY,0
2025-11-16 11:49:44,Python,DOWN,SINGLE_RIDER,N/A
2025-11-16 11:49:44,De Oude Tufferbaan,OPERATING,STANDBY,25
2025-11-16 11:49:44,Piraña,OPERATING,STANDBY,10
2025-11-16 11:49:44,Joris en de Draak,OPERATING,STANDBY,45
2025-11-16 11:49:44,Joris en de Draak,OPERATING,SINGLE_RIDER,40
2025-11-16 11:49:44,Carnaval Festival,OPERATING,STANDBY,25
2025-11-16 11:49:44,Vogel Rok,OPERATING,STANDBY,30
2025-11-16 11:49:44,Pagode,OPERATING,STANDBY,5
2025-11-16 11:49:44,Baron 1898,OPERATING,STANDBY,55
2025-11-16 11:49:44,Baron 1898,OPERATING,SINGLE_RIDER,45
2025-11-16 11:49:44,Danse Macabre,OPERATING,STANDBY,50
2025-11-16 11:49:44,Danse Macabre,OPERATING,SINGLE_RIDER,0
2025-11-16 12:31:00,Droomvlucht,OPERATING,STANDBY,40
2025-11-16 12:31:00,Fata Morgana,OPERATING,STANDBY,20
2025-11-16 12:31:00,Villa Volta,OPERATING,STANDBY,15
2025-11-16 12:31:00,De Vliegende Hollander,OPERATING,STANDBY,40
2025-11-16 12:31:00,De Vliegende Hollander,OPERATING,SINGLE_RIDER,0
2025-11-16 12:31:00,Kleuterhof,OPERATING,STANDBY,0
2025-11-16 12:31:00,Nest!,OPERATING,STANDBY,0
2025-11-16 12:31:00,Sirocco,REFURBISHMENT,STANDBY,N/A
2025-11-16 12:31:00,Volk van Laaf,OPERATING,STANDBY,0
2025-11-16 12:31:00,Fairytale Forest,OPERATING,STANDBY,0
2025-11-16 12:31:00,Stoomcarrousel,OPERATING,STANDBY,10
2025-11-16 12:31:00,Stoomtrein - Marerijk,OPERATING,STANDBY,25
2025-11-16 12:31:00,Efteling Museum,OPERATING,STANDBY,0
2025-11-16 12:31:00,Symbolica,OPERATING,STANDBY,45
2025-11-16 12:31:00,Symbolica,OPERATING,SINGLE_RIDER,15
2025-11-16 12:31:00,Halve Maen,OPERATING,STANDBY,20
2025-11-16 12:31:00,Archipel,OPERATING,STANDBY,0
2025-11-16 12:31:00,Stoomtrein - Oost,OPERATING,STANDBY,25
2025-11-16 12:31:00,Kinderspoor,OPERATING,STANDBY,5
2025-11-16 12:31:00,Diorama,OPERATING,STANDBY,0
2025-11-16 12:31:00,Fabula,OPERATING,STANDBY,10
2025-11-16 12:31:00,Kindervreugd,OPERATING,STANDBY,0
2025-11-16 12:31:00,Monorail,REFURBISHMENT,STANDBY,N/A
2025-11-16 12:31:00,Max & Moritz,OPERATING,STANDBY,10
2025-11-16 12:31:00,Max & Moritz,OPERATING,SINGLE_RIDER,5
2025-11-16 12:31:00,Anton Pieckplein,OPERATING,STANDBY,0
2025-11-16 12:31:00,Gondoletta,OPERATING,STANDBY,10
2025-11-16 12:31:00,De Oude Tufferbaan,OPERATING,STANDBY,20
2025-11-16 12:31:00,Python,OPERATING,STANDBY,25
2025-11-16 12:31:00,Python,OPERATING,SINGLE_RIDER,15
2025-11-16 12:31:00,Piraña,OPERATING,STANDBY,10
2025-11-16 12:31:00,Joris en de Draak,OPERATING,STANDBY,35
2025-11-16 12:31:00,Joris en de Draak,OPERATING,SINGLE_RIDER,20
2025-11-16 12:31:00,Carnaval Festival,OPERATING,STANDBY,30
2025-11-16 12:31:00,Vogel Rok,OPERATING,STANDBY,35
2025-11-16 12:31:00,Pagode,OPERATING,STANDBY,5
2025-11-16 12:31:00,Baron 1898,OPERATING,STANDBY,45
2025-11-16 12:31:00,Baron 1898,OPERATING,SINGLE_RIDER,15
2025-11-16 12:31:00,Danse Macabre,DOWN,STANDBY,0
2025-11-16 12:31:00,Danse Macabre,DOWN,SINGLE_RIDER,N/A
2025-11-16 13:05:17,Droomvlucht,OPERATING,STANDBY,45
2025-11-16 13:05:17,Fata Morgana,OPERATING,STANDBY,20
2025-11-16 13:05:17,Villa Volta,OPERATING,STANDBY,15
2025-11-16 13:05:17,De Vliegende Hollander,OPERATING,STANDBY,45
2025-11-16 13:05:17,De Vliegende Hollander,OPERATING,SINGLE_RIDER,0
2025-11-16 13:05:17,Kleuterhof,OPERATING,STANDBY,0
2025-11-16 13:05:17,Nest!,OPERATING,STANDBY,0
2025-11-16 13:05:17,Sirocco,REFURBISHMENT,STANDBY,N/A
2025-11-16 13:05:17,Volk van Laaf,OPERATING,STANDBY,0
2025-11-16 13:05:17,Fairytale Forest,OPERATING,STANDBY,0
2025-11-16 13:05:17,Stoomcarrousel,OPERATING,STANDBY,10
2025-11-16 13:05:17,Stoomtrein - Marerijk,OPERATING,STANDBY,25
2025-11-16 13:05:17,Efteling Museum,OPERATING,STANDBY,0
2025-11-16 13:05:17,Symbolica,OPERATING,STANDBY,45
2025-11-16 13:05:17,Symbolica,OPERATING,SINGLE_RIDER,15
2025-11-16 13:05:17,Halve Maen,OPERATING,STANDBY,10
2025-11-16 13:05:17,Archipel,OPERATING,STANDBY,0
2025-11-16 13:05:17,Stoomtrein - Oost,OPERATING,STANDBY,25
2025-11-16 13:05:17,Kinderspoor,OPERATING,STANDBY,5
2025-11-16 13:05:17,Diorama,OPERATING,STANDBY,0
2025-11-16 13:05:17,Fabula,OPERATING,STANDBY,10
2025-11-16 13:05:17,Kindervreugd,OPERATING,STANDBY,0
2025-11-16 13:05:17,Monorail,REFURBISHMENT,STANDBY,N/A
2025-11-16 13:05:17,Max & Moritz,OPERATING,STANDBY,10
2025-11-16 13:05:17,Max & Moritz,OPERATING,SINGLE_RIDER,5
2025-11-16 13:05:17,Anton Pieckplein,OPERATING,STANDBY,0
2025-11-16 13:05:17,Gondoletta,OPERATING,STANDBY,5
2025-11-16 13:05:17,De Oude Tufferbaan,OPERATING,STANDBY,20
2025-11-16 13:05:17,Python,OPERATING,STANDBY,35
2025-11-16 13:05:17,Python,OPERATING,SINGLE_RIDER,30
2025-11-16 13:05:17,Piraña,OPERATING,STANDBY,5
2025-11-16 13:05:17,Joris en de Draak,OPERATING,STANDBY,40
2025-11-16 13:05:17,Joris en de Draak,OPERATING,SINGLE_RIDER,25
2025-11-16 13:05:17,Carnaval Festival,OPERATING,STANDBY,20
2025-11-16 13:05:17,Vogel Rok,OPERATING,STANDBY,35
2025-11-16 13:05:17,Pagode,OPERATING,STANDBY,5
2025-11-16 13:05:17,Baron 1898,OPERATING,STANDBY,40
2025-11-16 13:05:17,Baron 1898,OPERATING,SINGLE_RIDER,45
2025-11-16 13:05:17,Danse Macabre,OPERATING,STANDBY,50
2025-11-16 13:05:17,Danse Macabre,OPERATING,SINGLE_RIDER,0
2025-11-16 13:32:53,Droomvlucht,OPERATING,STANDBY,45
2025-11-16 13:32:53,Fata Morgana,OPERATING,STANDBY,20
2025-11-16 13:32:53,Villa Volta,DOWN,STANDBY,0
2025-11-16 13:32:53,De Vliegende Hollander,OPERATING,STANDBY,40
2025-11-16 13:32:53,De Vliegende Hollander,OPERATING,SINGLE_RIDER,0
2025-11-16 13:32:53,Kleuterhof,OPERATING,STANDBY,0
2025-11-16 13:32:53,Nest!,OPERATING,STANDBY,0
2025-11-16 13:32:53,Sirocco,REFURBISHMENT,STANDBY,N/A
2025-11-16 13:32:53,Volk van Laaf,OPERATING,STANDBY,0
2025-11-16 13:32:53,Fairytale Forest,OPERATING,STANDBY,0
2025-11-16 13:32:53,Stoomcarrousel,OPERATING,STANDBY,10
2025-11-16 13:32:53,Stoomtrein - Marerijk,OPERATING,STANDBY,25
2025-11-16 13:32:53,Efteling Museum,OPERATING,STANDBY,0
2025-11-16 13:32:53,Symbolica,OPERATING,STANDBY,45
2025-11-16 13:32:53,Symbolica,OPERATING,SINGLE_RIDER,20
2025-11-16 13:32:53,Halve Maen,OPERATING,STANDBY,10
2025-11-16 13:32:53,Archipel,OPERATING,STANDBY,0
2025-11-16 13:32:53,Stoomtrein - Oost,OPERATING,STANDBY,25
2025-11-16 13:32:53,Kinderspoor,OPERATING,STANDBY,5
2025-11-16 13:32:53,Diorama,OPERATING,STANDBY,0
2025-11-16 13:32:53,Fabula,OPERATING,STANDBY,10
2025-11-16 13:32:53,Kindervreugd,OPERATING,STANDBY,0
2025-11-16 13:32:53,Monorail,REFURBISHMENT,STANDBY,N/A
2025-11-16 13:32:53,Max & Moritz,OPERATING,STANDBY,30
2025-11-16 13:32:53,Max & Moritz,OPERATING,SINGLE_RIDER,15
2025-11-16 13:32:53,Anton Pieckplein,OPERATING,STANDBY,0
2025-11-16 13:32:53,Gondoletta,OPERATING,STANDBY,5
2025-11-16 13:32:53,De Oude Tufferbaan,OPERATING,STANDBY,35
2025-11-16 13:32:53,Python,OPERATING,STANDBY,20
2025-11-16 13:32:53,Python,OPERATING,SINGLE_RIDER,0
2025-11-16 13:32:53,Piraña,OPERATING,STANDBY,5
2025-11-16 13:32:53,Joris en de Draak,OPERATING,STANDBY,40
2025-11-16 13:32:53,Joris en de Draak,OPERATING,SINGLE_RIDER,25
2025-11-16 13:32:53,Carnaval Festival,OPERATING,STANDBY,25
2025-11-16 13:32:53,Vogel Rok,OPERATING,STANDBY,35
2025-11-16 13:32:53,Pagode,OPERATING,STANDBY,5
2025-11-16 13:32:53,Baron 1898,OPERATING,STANDBY,45
2025-11-16 13:32:53,Baron 1898,OPERATING,SINGLE_RIDER,45
2025-11-16 13:32:53,Danse Macabre,OPERATING,STANDBY,45
2025-11-16 13:32:53,Danse Macabre,OPERATING,SINGLE_RIDER,0
2025-11-16 13:49:47,Droomvlucht,OPERATING,STANDBY,45
2025-11-16 13:49:47,Fata Morgana,OPERATING,STANDBY,20
2025-11-16 13:49:47,Villa Volta,OPERATING,STANDBY,15
2025-11-16 13:49:47,De Vliegende Hollander,OPERATING,STANDBY,40
2025-11-16 13:49:47,De Vliegende Hollander,OPERATING,SINGLE_RIDER,0
2025-11-16 13:49:47,Kleuterhof,OPERATING,STANDBY,0
2025-11-16 13:49:47,Nest!,OPERATING,STANDBY,0
2025-11-16 13:49:47,Sirocco,REFURBISHMENT,STANDBY,N/A
2025-11-16 13:49:47,Volk van Laaf,OPERATING,STANDBY,0
2025-11-16 13:49:47,Fairytale Forest,OPERATING,STANDBY,0
2025-11-16 13:49:47,Stoomcarrousel,OPERATING,STANDBY,10
2025-11-16 13:49:47,Stoomtrein - Marerijk,OPERATING,STANDBY,25
2025-11-16 13:49:47,Efteling Museum,OPERATING,STANDBY,0
2025-11-16 13:49:47,Symbolica,OPERATING,STANDBY,50
2025-11-16 13:49:47,Symbolica,OPERATING,SINGLE_RIDER,20
2025-11-16 13:49:47,Halve Maen,OPERATING,STANDBY,10
2025-11-16 13:49:47,Archipel,OPERATING,STANDBY,0
2025-11-16 13:49:47,Stoomtrein - Oost,OPERATING,STANDBY,25
2025-11-16 13:49:47,Kinderspoor,OPERATING,STANDBY,15
2025-11-16 13:49:47,Diorama,OPERATING,STANDBY,0
2025-11-16 13:49:47,Fabula,OPERATING,STANDBY,10
2025-11-16 13:49:47,Kindervreugd,OPERATING,STANDBY,0
2025-11-16 13:49:47,Monorail,REFURBISHMENT,STANDBY,N/A
2025-11-16 13:49:47,Max & Moritz,OPERATING,STANDBY,20
2025-11-16 13:49:47,Max & Moritz,OPERATING,SINGLE_RIDER,15
2025-11-16 13:49:47,Anton Pieckplein,OPERATING,STANDBY,0
2025-11-16 13:49:47,Gondoletta,OPERATING,STANDBY,5
2025-11-16 13:49:47,De Oude Tufferbaan,OPERATING,STANDBY,35
2025-11-16 13:49:47,Python,OPERATING,STANDBY,30
2025-11-16 13:49:47,Python,OPERATING,SINGLE_RIDER,0
2025-11-16 13:49:47,Piraña,OPERATING,STANDBY,10
2025-11-16 13:49:47,Joris en de Draak,OPERATING,STANDBY,30
2025-11-16 13:49:47,Joris en de Draak,OPERATING,SINGLE_RIDER,15
2025-11-16 13:49:47,Carnaval Festival,OPERATING,STANDBY,25
2025-11-16 13:49:47,Vogel Rok,OPERATING,STANDBY,25
2025-11-16 13:49:47,Pagode,OPERATING,STANDBY,5
2025-11-16 13:49:47,Baron 1898,OPERATING,STANDBY,45
2025-11-16 13:49:47,Baron 1898,OPERATING,SINGLE_RIDER,10
2025-11-16 13:49:47,Danse Macabre,OPERATING,STANDBY,45
2025-11-16 13:49:47,Danse Macabre,OPERATING,SINGLE_RIDER,0
2025-11-16 14:14:15,Droomvlucht,OPERATING,STANDBY,40
2025-11-16 14:14:15,Fata Morgana,OPERATING,STANDBY,20
2025-11-16 14:14:15,Villa Volta,OPERATING,STANDBY,5
2025-11-16 14:14:15,De Vliegende Hollander,OPERATING,STANDBY,35
2025-11-16 14:14:15,De Vliegende Hollander,OPERATING,SINGLE_RIDER,0
2025-11-16 14:14:15,Kleuterhof,OPERATING,STANDBY,0
2025-11-16 14:14:15,Nest!,OPERATING,STANDBY,0
2025-11-16 14:14:15,Sirocco,REFURBISHMENT,STANDBY,N/A
2025-11-16 14:14:15,Volk van Laaf,OPERATING,STANDBY,0
2025-11-16 14:14:15,Fairytale Forest,OPERATING,STANDBY,0
2025-11-16 14:14:15,Stoomcarrousel,OPERATING,STANDBY,10
2025-11-16 14:14:15,Stoomtrein - Marerijk,OPERATING,STANDBY,25
2025-11-16 14:14:15,Efteling Museum,OPERATING,STANDBY,0
2025-11-16 14:14:15,Symbolica,OPERATING,STANDBY,45
2025-11-16 14:14:15,Symbolica,OPERATING,SINGLE_RIDER,10
2025-11-16 14:14:15,Halve Maen,OPERATING,STANDBY,10
2025-11-16 14:14:15,Archipel,OPERATING,STANDBY,0
2025-11-16 14:14:15,Stoomtrein - Oost,OPERATING,STANDBY,25
2025-11-16 14:14:15,Kinderspoor,OPERATING,STANDBY,10
2025-11-16 14:14:15,Diorama,OPERATING,STANDBY,0
2025-11-16 14:14:15,Fabula,OPERATING,STANDBY,10
2025-11-16 14:14:15,Kindervreugd,OPERATING,STANDBY,0
2025-11-16 14:14:15,Monorail,REFURBISHMENT,STANDBY,N/A
2025-11-16 14:14:15,Max & Moritz,OPERATING,STANDBY,20
2025-11-16 14:14:15,Max & Moritz,OPERATING,SINGLE_RIDER,5
2025-11-16 14:14:15,Anton Pieckplein,OPERATING,STANDBY,0
2025-11-16 14:14:15,Gondoletta,OPERATING,STANDBY,5
2025-11-16 14:14:15,Python,OPERATING,STANDBY,35
2025-11-16 14:14:15,Python,OPERATING,SINGLE_RIDER,20
2025-11-16 14:14:15,De Oude Tufferbaan,OPERATING,STANDBY,15
2025-11-16 14:14:15,Piraña,OPERATING,STANDBY,10
2025-11-16 14:14:15,Joris en de Draak,OPERATING,STANDBY,35
2025-11-16 14:14:15,Joris en de Draak,OPERATING,SINGLE_RIDER,15
2025-11-16 14:14:15,Carnaval Festival,OPERATING,STANDBY,20
2025-11-16 14:14:15,Vogel Rok,OPERATING,STANDBY,25
2025-11-16 14:14:15,Pagode,OPERATING,STANDBY,5
2025-11-16 14:14:15,Baron 1898,OPERATING,STANDBY,45
2025-11-16 14:14:15,Baron 1898,OPERATING,SINGLE_RIDER,25
2025-11-16 14:14:15,Danse Macabre,OPERATING,STANDBY,50
2025-11-16 14:14:15,Danse Macabre,OPERATING,SINGLE_RIDER,0
2025-11-16 14:31:46,Droomvlucht,OPERATING,STANDBY,40
2025-11-16 14:31:46,Fata Morgana,OPERATING,STANDBY,20
2025-11-16 14:31:46,Villa Volta,OPERATING,STANDBY,5
2025-11-16 14:31:46,De Vliegende Hollander,OPERATING,STANDBY,40
2025-11-16 14:31:46,De Vliegende Hollander,OPERATING,SINGLE_RIDER,0
2025-11-16 14:31:46,Kleuterhof,OPERATING,STANDBY,0
2025-11-16 14:31:46,Nest!,OPERATING,STANDBY,0
2025-11-16 14:31:46,Sirocco,REFURBISHMENT,STANDBY,N/A
2025-11-16 14:31:46,Volk van Laaf,OPERATING,STANDBY,0
2025-11-16 14:31:46,Fairytale Forest,OPERATING,STANDBY,0
2025-11-16 14:31:46,Stoomcarrousel,OPERATING,STANDBY,10
2025-11-16 14:31:46,Stoomtrein - Marerijk,OPERATING,STANDBY,25
2025-11-16 14:31:46,Efteling Museum,OPERATING,STANDBY,0
2025-11-16 14:31:46,Symbolica,OPERATING,STANDBY,35
2025-11-16 14:31:46,Symbolica,OPERATING,SINGLE_RIDER,15
2025-11-16 14:31:46,Halve Maen,OPERATING,STANDBY,10
2025-11-16 14:31:46,Archipel,OPERATING,STANDBY,0
2025-11-16 14:31:46,Stoomtrein - Oost,OPERATING,STANDBY,25
2025-11-16 14:31:46,Kinderspoor,OPERATING,STANDBY,5
2025-11-16 14:31:46,Diorama,OPERATING,STANDBY,0
2025-11-16 14:31:46,Fabula,OPERATING,STANDBY,10
2025-11-16 14:31:46,Kindervreugd,OPERATING,STANDBY,0
2025-11-16 14:31:46,Monorail,REFURBISHMENT,STANDBY,N/A
2025-11-16 14:31:46,Max & Moritz,OPERATING,STANDBY,15
2025-11-16 14:31:46,Max & Moritz,OPERATING,SINGLE_RIDER,5
2025-11-16 14:31:46,Anton Pieckplein,OPERATING,STANDBY,0
2025-11-16 14:31:46,Gondoletta,OPERATING,STANDBY,5
2025-11-16 14:31:46,Python,OPERATING,STANDBY,35
2025-11-16 14:31:46,Python,OPERATING,SINGLE_RIDER,25
2025-11-16 14:31:46,De Oude Tufferbaan,OPERATING,STANDBY,15
2025-11-16 14:31:46,Piraña,OPERATING,STANDBY,10
2025-11-16 14:31:46,Joris en de Draak,DOWN,STANDBY,0
2025-11-16 14:31:46,Joris en de Draak,DOWN,SINGLE_RIDER,N/A
2025-11-16 14:31:46,Carnaval Festival,OPERATING,STANDBY,20
2025-11-16 14:31:46,Vogel Rok,OPERATING,STANDBY,20
2025-11-16 14:31:46,Pagode,OPERATING,STANDBY,5
2025-11-16 14:31:46,Baron 1898,OPERATING,STANDBY,45
2025-11-16 14:31:46,Baron 1898,OPERATING,SINGLE_RIDER,45
2025-11-16 14:31:46,Danse Macabre,OPERATING,STANDBY,50
2025-11-16 14:31:46,Danse Macabre,OPERATING,SINGLE_RIDER,0
2025-11-16 14:49:42,Droomvlucht,OPERATING,STANDBY,40
2025-11-16 14:49:42,Fata Morgana,OPERATING,STANDBY,15
2025-11-16 14:49:42,Villa Volta,OPERATING,STANDBY,10
2025-11-16 14:49:42,De Vliegende Hollander,OPERATING,STANDBY,40
2025-11-16 14:49:42,De Vliegende Hollander,OPERATING,SINGLE_RIDER,0
2025-11-16 14:49:42,Kleuterhof,OPERATING,STANDBY,0
2025-11-16 14:49:42,Nest!,OPERATING,STANDBY,0
2025-11-16 14:49:42,Sirocco,REFURBISHMENT,STANDBY,N/A
2025-11-16 14:49:42,Volk van Laaf,OPERATING,STANDBY,0
2025-11-16 14:49:42,Fairytale Forest,OPERATING,STANDBY,0
2025-11-16 14:49:42,Stoomcarrousel,OPERATING,STANDBY,10
2025-11-16 14:49:42,Stoomtrein - Marerijk,OPERATING,STANDBY,25
2025-11-16 14:49:42,Efteling Museum,OPERATING,STANDBY,0
2025-11-16 14:49:42,Symbolica,OPERATING,STANDBY,40
2025-11-16 14:49:42,Symbolica,OPERATING,SINGLE_RIDER,15
2025-11-16 14:49:42,Halve Maen,OPERATING,STANDBY,10
2025-11-16 14:49:42,Archipel,OPERATING,STANDBY,0
2025-11-16 14:49:42,Stoomtrein - Oost,OPERATING,STANDBY,25
2025-11-16 14:49:42,Kinderspoor,OPERATING,STANDBY,5
2025-11-16 14:49:42,Diorama,OPERATING,STANDBY,0
2025-11-16 14:49:42,Fabula,OPERATING,STANDBY,10
2025-11-16 14:49:42,Kindervreugd,OPERATING,STANDBY,0
2025-11-16 14:49:42,Monorail,REFURBISHMENT,STANDBY,N/A
2025-11-16 14:49:42,Max & Moritz,OPERATING,STANDBY,15
2025-11-16 14:49:42,Max & Moritz,OPERATING,SINGLE_RIDER,5
2025-11-16 14:49:42,Anton Pieckplein,OPERATING,STANDBY,0
2025-11-16 14:49:42,Gondoletta,OPERATING,STANDBY,5
2025-11-16 14:49:42,Python,OPERATING,STANDBY,35
2025-11-16 14:49:42,Python,OPERATING,SINGLE_RIDER,25
2025-11-16 14:49:42,De Oude Tufferbaan,OPERATING,STANDBY,20
2025-11-16 14:49:42,Piraña,OPERATING,STANDBY,5
2025-11-16 14:49:42,Joris en de Draak,OPERATING,STANDBY,35
2025-11-16 14:49:42,Joris en de Draak,OPERATING,SINGLE_RIDER,20
2025-11-16 14:49:42,Carnaval Festival,OPERATING,STANDBY,20
2025-11-16 14:49:42,Vogel Rok,OPERATING,STANDBY,25
2025-11-16 14:49:42,Pagode,OPERATING,STANDBY,5
2025-11-16 14:49:42,Baron 1898,OPERATING,STANDBY,45
2025-11-16 14:49:42,Baron 1898,OPERATING,SINGLE_RIDER,45
2025-11-16 14:49:42,Danse Macabre,OPERATING,STANDBY,45
2025-11-16 14:49:42,Danse Macabre,OPERATING,SINGLE_RIDER,0
2025-11-16 15:15:12,Droomvlucht,OPERATING,STANDBY,40
2025-11-16 15:15:12,Fata Morgana,OPERATING,STANDBY,20
2025-11-16 15:15:12,Villa Volta,OPERATING,STANDBY,10
2025-11-16 15:15:12,De Vliegende Hollander,OPERATING,STANDBY,35
2025-11-16 15:15:12,De Vliegende Hollander,OPERATING,SINGLE_RIDER,0
2025-11-16 15:15:12,Kleuterhof,OPERATING,STANDBY,0
2025-11-16 15:15:12,Nest!,OPERATING,STANDBY,0
2025-11-16 15:15:12,Sirocco,REFURBISHMENT,STANDBY,N/A
2025-11-16 15:15:12,Volk van Laaf,OPERATING,STANDBY,0
2025-11-16 15:15:12,Fairytale Forest,OPERATING,STANDBY,0
2025-11-16 15:15:12,Stoomcarrousel,OPERATING,STANDBY,10
2025-11-16 15:15:12,Stoomtrein - Marerijk,OPERATING,STANDBY,25
2025-11-16 15:15:12,Efteling Museum,OPERATING,STANDBY,0
2025-11-16 15:15:12,Symbolica,OPERATING,STANDBY,40
2025-11-16 15:15:12,Symbolica,OPERATING,SINGLE_RIDER,10
2025-11-16 15:15:12,Halve Maen,OPERATING,STANDBY,10
2025-11-16 15:15:12,Archipel,OPERATING,STANDBY,0
2025-11-16 15:15:12,Stoomtrein - Oost,OPERATING,STANDBY,25
2025-11-16 15:15:12,Kinderspoor,OPERATING,STANDBY,15
2025-11-16 15:15:12,Diorama,OPERATING,STANDBY,0
2025-11-16 15:15:12,Fabula,OPERATING,STANDBY,10
2025-11-16 15:15:12,Kindervreugd,OPERATING,STANDBY,0
2025-11-16 15:15:12,Monorail,REFURBISHMENT,STANDBY,N/A
2025-11-16 15:15:12,Max & Moritz,OPERATING,STANDBY,15
2025-11-16 15:15:12,Max & Moritz,OPERATING,SINGLE_RIDER,5
2025-11-16 15:15:12,Anton Pieckplein,OPERATING,STANDBY,0
2025-11-16 15:15:12,Gondoletta,OPERATING,STANDBY,5
2025-11-16 15:15:12,Python,OPERATING,STANDBY,35
2025-11-16 15:15:12,Python,OPERATING,SINGLE_RIDER,25
2025-11-16 15:15:12,De Oude Tufferbaan,OPERATING,STANDBY,15
2025-11-16 15:15:12,Piraña,OPERATING,STANDBY,5
2025-11-16 15:15:12,Joris en de Draak,OPERATING,STANDBY,35
2025-11-16 15:15:12,Joris en de Draak,OPERATING,SINGLE_RIDER,20
2025-11-16 15:15:12,Carnaval Festival,OPERATING,STANDBY,15
2025-11-16 15:15:12,Vogel Rok,OPERATING,STANDBY,15
2025-11-16 15:15:12,Pagode,OPERATING,STANDBY,5
2025-11-16 15:15:12,Baron 1898,OPERATING,STANDBY,40
2025-11-16 15:15:12,Baron 1898,OPERATING,SINGLE_RIDER,30
2025-11-16 15:15:12,Danse Macabre,OPERATING,STANDBY,45
2025-11-16 15:15:12,Danse Macabre,OPERATING,SINGLE_RIDER,0
2025-11-16 15:37:04,Droomvlucht,OPERATING,STANDBY,40
2025-11-16 15:37:04,Fata Morgana,OPERATING,STANDBY,20
2025-11-16 15:37:04,Villa Volta,OPERATING,STANDBY,10
2025-11-16 15:37:04,De Vliegende Hollander,OPERATING,STANDBY,35
2025-11-16 15:37:04,De Vliegende Hollander,OPERATING,SINGLE_RIDER,0
2025-11-16 15:37:04,Kleuterhof,OPERATING,STANDBY,0
2025-11-16 15:37:04,Nest!,OPERATING,STANDBY,0
2025-11-16 15:37:04,Sirocco,REFURBISHMENT,STANDBY,N/A
2025-11-16 15:37:04,Volk van Laaf,OPERATING,STANDBY,0
2025-11-16 15:37:04,Fairytale Forest,OPERATING,STANDBY,0
2025-11-16 15:37:04,Stoomcarrousel,OPERATING,STANDBY,10
2025-11-16 15:37:04,Stoomtrein - Marerijk,OPERATING,STANDBY,25
2025-11-16 15:37:04,Efteling Museum,OPERATING,STANDBY,0
2025-11-16 15:37:04,Symbolica,OPERATING,STANDBY,40
2025-11-16 15:37:04,Symbolica,OPERATING,SINGLE_RIDER,10
2025-11-16 15:37:04,Halve Maen,OPERATING,STANDBY,10
2025-11-16 15:37:04,Archipel,OPERATING,STANDBY,0
2025-11-16 15:37:04,Stoomtrein - Oost,OPERATING,STANDBY,25
2025-11-16 15:37:04,Kinderspoor,OPERATING,STANDBY,15
2025-11-16 15:37:04,Diorama,OPERATING,STANDBY,0
2025-11-16 15:37:04,Fabula,OPERATING,STANDBY,10
2025-11-16 15:37:04,Kindervreugd,OPERATING,STANDBY,0
2025-11-16 15:37:04,Monorail,REFURBISHMENT,STANDBY,N/A
2025-11-16 15:37:04,Max & Moritz,OPERATING,STANDBY,15
2025-11-16 15:37:04,Max & Moritz,OPERATING,SINGLE_RIDER,5
2025-11-16 15:37:04,Anton Pieckplein,OPERATING,STANDBY,0
2025-11-16 15:37:04,Gondoletta,CLOSED,STANDBY,N/A
2025-11-16 15:37:04,Python,OPERATING,STANDBY,15
2025-11-16 15:37:04,Python,OPERATING,SINGLE_RIDER,15
2025-11-16 15:37:04,De Oude Tufferbaan,OPERATING,STANDBY,10
2025-11-16 15:37:04,Piraña,OPERATING,STANDBY,15
2025-11-16 15:37:04,Joris en de Draak,OPERATING,STANDBY,30
2025-11-16 15:37:04,Joris en de Draak,OPERATING,SINGLE_RIDER,25
2025-11-16 15:37:04,Carnaval Festival,OPERATING,STANDBY,15
2025-11-16 15:37:04,Vogel Rok,OPERATING,STANDBY,10
2025-11-16 15:37:04,Pagode,OPERATING,STANDBY,5
2025-11-16 15:37:04,Baron 1898,OPERATING,STANDBY,45
2025-11-16 15:37:04,Baron 1898,OPERATING,SINGLE_RIDER,25
2025-11-16 15:37:04,Danse Macabre,OPERATING,STANDBY,45
2025-11-16 15:37:04,Danse Macabre,OPERATING,SINGLE_RIDER,0
2025-11-16 15:49:24,Droomvlucht,OPERATING,STANDBY,40
2025-11-16 15:49:24,Fata Morgana,OPERATING,STANDBY,20
2025-11-16 15:49:24,Villa Volta,OPERATING,STANDBY,10
2025-11-16 15:49:24,De Vliegende Hollander,OPERATING,STANDBY,35
2025-11-16 15:49:24,De Vliegende Hollander,OPERATING,SINGLE_RIDER,0
2025-11-16 15:49:24,Kleuterhof,OPERATING,STANDBY,0
2025-11-16 15:49:24,Nest!,OPERATING,STANDBY,0
2025-11-16 15:49:24,Sirocco,REFURBISHMENT,STANDBY,N/A
2025-11-16 15:49:24,Volk van Laaf,OPERATING,STANDBY,0
2025-11-16 15:49:24,Fairytale Forest,OPERATING,STANDBY,0
2025-11-16 15:49:24,Stoomcarrousel,OPERATING,STANDBY,10
2025-11-16 15:49:24,Stoomtrein - Marerijk,OPERATING,STANDBY,25
2025-11-16 15:49:24,Efteling Museum,OPERATING,STANDBY,0
2025-11-16 15:49:24,Symbolica,OPERATING,STANDBY,40
2025-11-16 15:49:24,Symbolica,OPERATING,SINGLE_RIDER,10
2025-11-16 15:49:24,Halve Maen,OPERATING,STANDBY,10
2025-11-16 15:49:24,Archipel,OPERATING,STANDBY,0
2025-11-16 15:49:24,Stoomtrein - Oost,OPERATING,STANDBY,25
2025-11-16 15:49:24,Kinderspoor,OPERATING,STANDBY,15
2025-11-16 15:49:24,Diorama,OPERATING,STANDBY,0
2025-11-16 15:49:24,Fabula,OPERATING,STANDBY,10
2025-11-16 15:49:24,Kindervreugd,OPERATING,STANDBY,0
2025-11-16 15:49:24,Monorail,REFURBISHMENT,STANDBY,N/A
2025-11-16 15:49:24,Max & Moritz,OPERATING,STANDBY,15
2025-11-16 15:49:24,Max & Moritz,OPERATING,SINGLE_RIDER,5
2025-11-16 15:49:24,Anton Pieckplein,OPERATING,STANDBY,0
2025-11-16 15:49:24,Gondoletta,CLOSED,STANDBY,N/A
2025-11-16 15:49:24,Python,OPERATING,STANDBY,20
2025-11-16 15:49:24,Python,OPERATING,SINGLE_RIDER,15
2025-11-16 15:49:24,De Oude Tufferbaan,OPERATING,STANDBY,5
2025-11-16 15:49:24,Piraña,OPERATING,STANDBY,15
2025-11-16 15:49:24,Joris en de Draak,OPERATING,STANDBY,30
2025-11-16 15:49:24,Joris en de Draak,OPERATING,SINGLE_RIDER,25
2025-11-16 15:49:24,Carnaval Festival,OPERATING,STANDBY,5
2025-11-16 15:49:24,Vogel Rok,OPERATING,STANDBY,15
2025-11-16 15:49:24,Pagode,OPERATING,STANDBY,5
2025-11-16 15:49:24,Baron 1898,OPERATING,STANDBY,35
2025-11-16 15:49:24,Baron 1898,OPERATING,SINGLE_RIDER,40
2025-11-16 15:49:24,Danse Macabre,OPERATING,STANDBY,45
2025-11-16 15:49:24,Danse Macabre,OPERATING,SINGLE_RIDER,0
2025-11-16 16:18:40,Droomvlucht,OPERATING,STANDBY,30
2025-11-16 16:18:40,Fata Morgana,OPERATING,STANDBY,10
2025-11-16 16:18:40,Villa Volta,OPERATING,STANDBY,5
2025-11-16 16:18:40,De Vliegende Hollander,OPERATING,STANDBY,30
2025-11-16 16:18:40,De Vliegende Hollander,OPERATING,SINGLE_RIDER,0
2025-11-16 16:18:40,Kleuterhof,OPERATING,STANDBY,0
2025-11-16 16:18:40,Nest!,OPERATING,STANDBY,0
2025-11-16 16:18:40,Sirocco,REFURBISHMENT,STANDBY,N/A
2025-11-16 16:18:40,Volk van Laaf,OPERATING,STANDBY,0
2025-11-16 16:18:40,Fairytale Forest,OPERATING,STANDBY,0
2025-11-16 16:18:40,Stoomcarrousel,OPERATING,STANDBY,5
2025-11-16 16:18:40,Stoomtrein - Marerijk,OPERATING,STANDBY,25
2025-11-16 16:18:40,Efteling Museum,OPERATING,STANDBY,0
2025-11-16 16:18:40,Symbolica,OPERATING,STANDBY,30
2025-11-16 16:18:40,Symbolica,OPERATING,SINGLE_RIDER,15
2025-11-16 16:18:40,Halve Maen,OPERATING,STANDBY,10
2025-11-16 16:18:40,Archipel,CLOSED,STANDBY,N/A
2025-11-16 16:18:40,Stoomtrein - Oost,OPERATING,STANDBY,25
2025-11-16 16:18:40,Kinderspoor,OPERATING,STANDBY,15
2025-11-16 16:18:40,Diorama,OPERATING,STANDBY,0
2025-11-16 16:18:40,Fabula,OPERATING,STANDBY,10
2025-11-16 16:18:40,Kindervreugd,OPERATING,STANDBY,0
2025-11-16 16:18:40,Monorail,REFURBISHMENT,STANDBY,N/A
2025-11-16 16:18:40,Max & Moritz,OPERATING,STANDBY,15
2025-11-16 16:18:40,Max & Moritz,OPERATING,SINGLE_RIDER,5
2025-11-16 16:18:40,Anton Pieckplein,OPERATING,STANDBY,0
2025-11-16 16:18:40,Gondoletta,CLOSED,STANDBY,N/A
2025-11-16 16:18:40,Python,OPERATING,STANDBY,15
2025-11-16 16:18:40,Python,OPERATING,SINGLE_RIDER,10
2025-11-16 16:18:40,De Oude Tufferbaan,OPERATING,STANDBY,5
2025-11-16 16:18:40,Piraña,OPERATING,STANDBY,5
2025-11-16 16:18:40,Joris en de Draak,OPERATING,STANDBY,20
2025-11-16 16:18:40,Joris en de Draak,OPERATING,SINGLE_RIDER,10
2025-11-16 16:18:40,Carnaval Festival,OPERATING,STANDBY,0
2025-11-16 16:18:40,Vogel Rok,DOWN,STANDBY,0
2025-11-16 16:18:40,Pagode,OPERATING,STANDBY,5
2025-11-16 16:18:40,Baron 1898,OPERATING,STANDBY,45
2025-11-16 16:18:40,Baron 1898,OPERATING,SINGLE_RIDER,25
2025-11-16 16:18:40,Danse Macabre,OPERATING,STANDBY,40
2025-11-16 16:18:40,Danse Macabre,OPERATING,SINGLE_RIDER,0
2025-11-16 16:42:53,Droomvlucht,OPERATING,STANDBY,30
2025-11-16 16:42:53,Fata Morgana,OPERATING,STANDBY,5
2025-11-16 16:42:53,Villa Volta,OPERATING,STANDBY,5
2025-11-16 16:42:53,De Vliegende Hollander,OPERATING,STANDBY,25
2025-11-16 16:42:53,De Vliegende Hollander,OPERATING,SINGLE_RIDER,0
2025-11-16 16:42:53,Kleuterhof,OPERATING,STANDBY,0
2025-11-16 16:42:53,Nest!,OPERATING,STANDBY,0
2025-11-16 16:42:53,Sirocco,REFURBISHMENT,STANDBY,N/A
2025-11-16 16:42:53,Volk van Laaf,OPERATING,STANDBY,0
2025-11-16 16:42:53,Fairytale Forest,OPERATING,STANDBY,0
2025-11-16 16:42:53,Stoomcarrousel,OPERATING,STANDBY,5
2025-11-16 16:42:53,Stoomtrein - Marerijk,OPERATING,STANDBY,25
2025-11-16 16:42:53,Efteling Museum,OPERATING,STANDBY,0
2025-11-16 16:42:53,Symbolica,OPERATING,STANDBY,30
2025-11-16 16:42:53,Symbolica,OPERATING,SINGLE_RIDER,10
2025-11-16 16:42:53,Halve Maen,OPERATING,STANDBY,5
2025-11-16 16:42:53,Archipel,CLOSED,STANDBY,N/A
2025-11-16 16:42:53,Stoomtrein - Oost,OPERATING,STANDBY,25
2025-11-16 16:42:53,Kinderspoor,OPERATING,STANDBY,15
2025-11-16 16:42:53,Diorama,OPERATING,STANDBY,0
2025-11-16 16:42:53,Fabula,OPERATING,STANDBY,10
2025-11-16 16:42:53,Kindervreugd,OPERATING,STANDBY,0
2025-11-16 16:42:53,Monorail,REFURBISHMENT,STANDBY,N/A
2025-11-16 16:42:53,Max & Moritz,OPERATING,STANDBY,10
2025-11-16 16:42:53,Max & Moritz,OPERATING,SINGLE_RIDER,5
2025-11-16 16:42:53,Anton Pieckplein,OPERATING,STANDBY,0
2025-11-16 16:42:53,Gondoletta,CLOSED,STANDBY,N/A
2025-11-16 16:42:53,Python,OPERATING,STANDBY,15
2025-11-16 16:42:53,Python,OPERATING,SINGLE_RIDER,0
2025-11-16 16:42:53,De Oude Tufferbaan,OPERATING,STANDBY,5
2025-11-16 16:42:53,Piraña,OPERATING,STANDBY,5
2025-11-16 16:42:53,Joris en de Draak,OPERATING,STANDBY,20
2025-11-16 16:42:53,Joris en de Draak,OPERATING,SINGLE_RIDER,25
2025-11-16 16:42:53,Carnaval Festival,OPERATING,STANDBY,0
2025-11-16 16:42:53,Vogel Rok,DOWN,STANDBY,0
2025-11-16 16:42:53,Pagode,OPERATING,STANDBY,5
2025-11-16 16:42:53,Baron 1898,OPERATING,STANDBY,40
2025-11-16 16:42:53,Baron 1898,OPERATING,SINGLE_RIDER,25
2025-11-16 16:42:53,Danse Macabre,OPERATING,STANDBY,40
2025-11-16 16:42:53,Danse Macabre,OPERATING,SINGLE_RIDER,0
2025-11-16 16:52:02,Droomvlucht,OPERATING,STANDBY,30
2025-11-16 16:52:02,Fata Morgana,OPERATING,STANDBY,5
2025-11-16 16:52:02,Villa Volta,OPERATING,STANDBY,5
2025-11-16 16:52:02,De Vliegende Hollander,OPERATING,STANDBY,25
2025-11-16 16:52:02,De Vliegende Hollander,OPERATING,SINGLE_RIDER,0
2025-11-16 16:52:02,Kleuterhof,OPERATING,STANDBY,0
2025-11-16 16:52:02,Nest!,OPERATING,STANDBY,0
2025-11-16 16:52:02,Sirocco,REFURBISHMENT,STANDBY,N/A
2025-11-16 16:52:02,Volk van Laaf,OPERATING,STANDBY,0
2025-11-16 16:52:02,Fairytale Forest,OPERATING,STANDBY,0
2025-11-16 16:52:02,Stoomcarrousel,OPERATING,STANDBY,5
2025-11-16 16:52:02,Stoomtrein - Marerijk,OPERATING,STANDBY,25
2025-11-16 16:52:02,Efteling Museum,OPERATING,STANDBY,0
2025-11-16 16:52:02,Symbolica,OPERATING,STANDBY,25
2025-11-16 16:52:02,Symbolica,OPERATING,SINGLE_RIDER,5
2025-11-16 16:52:02,Halve Maen,OPERATING,STANDBY,5
2025-11-16 16:52:02,Archipel,CLOSED,STANDBY,N/A
2025-11-16 16:52:02,Stoomtrein - Oost,OPERATING,STANDBY,25
2025-11-16 16:52:02,Kinderspoor,OPERATING,STANDBY,15
2025-11-16 16:52:02,Diorama,OPERATING,STANDBY,0
2025-11-16 16:52:02,Fabula,OPERATING,STANDBY,10
2025-11-16 16:52:02,Kindervreugd,OPERATING,STANDBY,0
2025-11-16 16:52:02,Monorail,REFURBISHMENT,STANDBY,N/A
2025-11-16 16:52:02,Max & Moritz,OPERATING,STANDBY,10
2025-11-16 16:52:02,Max & Moritz,OPERATING,SINGLE_RIDER,5
2025-11-16 16:52:02,Anton Pieckplein,OPERATING,STANDBY,0
2025-11-16 16:52:02,Gondoletta,CLOSED,STANDBY,N/A
2025-11-16 16:52:02,Python,OPERATING,STANDBY,10
2025-11-16 16:52:02,Python,OPERATING,SINGLE_RIDER,0
2025-11-16 16:52:02,De Oude Tufferbaan,OPERATING,STANDBY,5
2025-11-16 16:52:02,Piraña,OPERATING,STANDBY,5
2025-11-16 16:52:02,Joris en de Draak,OPERATING,STANDBY,30
2025-11-16 16:52:02,Joris en de Draak,OPERATING,SINGLE_RIDER,5
2025-11-16 16:52:02,Carnaval Festival,OPERATING,STANDBY,0
2025-11-16 16:52:02,Vogel Rok,DOWN,STANDBY,0
2025-11-16 16:52:02,Pagode,OPERATING,STANDBY,5
2025-11-16 16:52:02,Baron 1898,OPERATING,STANDBY,35
2025-11-16 16:52:02,Baron 1898,OPERATING,SINGLE_RIDER,25
2025-11-16 16:52:02,Danse Macabre,OPERATING,STANDBY,40
2025-11-16 16:52:02,Danse Macabre,OPERATING,SINGLE_RIDER,0
2025-11-16 17:13:35,Droomvlucht,OPERATING,STANDBY,10
2025-11-16 17:13:35,Fata Morgana,OPERATING,STANDBY,5
2025-11-16 17:13:35,Villa Volta,OPERATING,STANDBY,5
2025-11-16 17:13:35,De Vliegende Hollander,OPERATING,STANDBY,30
2025-11-16 17:13:35,De Vliegende Hollander,OPERATING,SINGLE_RIDER,0
2025-11-16 17:13:35,Kleuterhof,OPERATING,STANDBY,0
2025-11-16 17:13:35,Nest!,OPERATING,STANDBY,0
2025-11-16 17:13:35,Sirocco,REFURBISHMENT,STANDBY,N/A
2025-11-16 17:13:35,Volk van Laaf,OPERATING,STANDBY,0
2025-11-16 17:13:35,Fairytale Forest,OPERATING,STANDBY,0
2025-11-16 17:13:35,Stoomcarrousel,OPERATING,STANDBY,5
2025-11-16 17:13:35,Stoomtrein - Marerijk,OPERATING,STANDBY,25
2025-11-16 17:13:35,Efteling Museum,OPERATING,STANDBY,0
2025-11-16 17:13:35,Symbolica,OPERATING,STANDBY,25
2025-11-16 17:13:35,Symbolica,OPERATING,SINGLE_RIDER,5
2025-11-16 17:13:35,Halve Maen,OPERATING,STANDBY,5
2025-11-16 17:13:35,Archipel,CLOSED,STANDBY,N/A
2025-11-16 17:13:35,Stoomtrein - Oost,OPERATING,STANDBY,25
2025-11-16 17:13:35,Kinderspoor,OPERATING,STANDBY,5
2025-11-16 17:13:35,Diorama,OPERATING,STANDBY,0
2025-11-16 17:13:35,Fabula,OPERATING,STANDBY,10
2025-11-16 17:13:35,Kindervreugd,CLOSED,STANDBY,N/A
2025-11-16 17:13:35,Monorail,REFURBISHMENT,STANDBY,N/A
2025-11-16 17:13:35,Max & Moritz,OPERATING,STANDBY,5
2025-11-16 17:13:35,Max & Moritz,OPERATING,SINGLE_RIDER,5
2025-11-16 17:13:35,Anton Pieckplein,OPERATING,STANDBY,0
2025-11-16 17:13:35,Gondoletta,CLOSED,STANDBY,N/A
2025-11-16 17:13:35,Python,OPERATING,STANDBY,10
2025-11-16 17:13:35,Python,OPERATING,SINGLE_RIDER,0
2025-11-16 17:13:35,De Oude Tufferbaan,OPERATING,STANDBY,0
2025-11-16 17:13:35,Piraña,OPERATING,STANDBY,5
2025-11-16 17:13:35,Joris en de Draak,OPERATING,STANDBY,25
2025-11-16 17:13:35,Joris en de Draak,OPERATING,SINGLE_RIDER,25
2025-11-16 17:13:35,Carnaval Festival,OPERATING,STANDBY,0
2025-11-16 17:13:35,Vogel Rok,DOWN,STANDBY,0
2025-11-16 17:13:35,Pagode,OPERATING,STANDBY,5
2025-11-16 17:13:35,Baron 1898,OPERATING,STANDBY,30
2025-11-16 17:13:35,Baron 1898,OPERATING,SINGLE_RIDER,40
2025-11-16 17:13:35,Danse Macabre,OPERATING,STANDBY,25
2025-11-16 17:13:35,Danse Macabre,OPERATING,SINGLE_RIDER,0
2025-11-16 17:30:00,Droomvlucht,OPERATING,STANDBY,5
2025-11-16 17:30:00,Fata Morgana,OPERATING,STANDBY,5
2025-11-16 17:30:00,Villa Volta,OPERATING,STANDBY,5
2025-11-16 17:30:00,De Vliegende Hollander,OPERATING,STANDBY,25
2025-11-16 17:30:00,De Vliegende Hollander,OPERATING,SINGLE_RIDER,0
2025-11-16 17:30:00,Kleuterhof,OPERATING,STANDBY,0
2025-11-16 17:30:00,Nest!,OPERATING,STANDBY,0
2025-11-16 17:30:00,Sirocco,REFURBISHMENT,STANDBY,N/A
2025-11-16 17:30:00,Volk van Laaf,OPERATING,STANDBY,0
2025-11-16 17:30:00,Fairytale Forest,OPERATING,STANDBY,0
2025-11-16 17:30:00,Stoomcarrousel,OPERATING,STANDBY,5
2025-11-16 17:30:00,Stoomtrein - Marerijk,OPERATING,STANDBY,25
2025-11-16 17:30:00,Efteling Museum,OPERATING,STANDBY,0
2025-11-16 17:30:00,Symbolica,OPERATING,STANDBY,25
2025-11-16 17:30:00,Symbolica,OPERATING,SINGLE_RIDER,5
2025-11-16 17:30:00,Halve Maen,OPERATING,STANDBY,5
2025-11-16 17:30:00,Archipel,CLOSED,STANDBY,N/A
2025-11-16 17:30:00,Stoomtrein - Oost,OPERATING,STANDBY,25
2025-11-16 17:30:00,Kinderspoor,OPERATING,STANDBY,5
2025-11-16 17:30:00,Diorama,OPERATING,STANDBY,0
2025-11-16 17:30:00,Fabula,OPERATING,STANDBY,10
2025-11-16 17:30:00,Kindervreugd,CLOSED,STANDBY,N/A
2025-11-16 17:30:00,Monorail,REFURBISHMENT,STANDBY,N/A
2025-11-16 17:30:00,Max & Moritz,OPERATING,STANDBY,5
2025-11-16 17:30:00,Max & Moritz,OPERATING,SINGLE_RIDER,5
2025-11-16 17:30:00,Anton Pieckplein,OPERATING,STANDBY,0
2025-11-16 17:30:00,Gondoletta,CLOSED,STANDBY,N/A
2025-11-16 17:30:00,Python,OPERATING,STANDBY,10
2025-11-16 17:30:00,Python,OPERATING,SINGLE_RIDER,0
2025-11-16 17:30:00,De Oude Tufferbaan,OPERATING,STANDBY,0
2025-11-16 17:30:00,Piraña,OPERATING,STANDBY,5
2025-11-16 17:30:00,Joris en de Draak,OPERATING,STANDBY,20
2025-11-16 17:30:00,Joris en de Draak,OPERATING,SINGLE_RIDER,5
2025-11-16 17:30:00,Carnaval Festival,OPERATING,STANDBY,0
2025-11-16 17:30:00,Vogel Rok,OPERATING,STANDBY,5
2025-11-16 17:30:00,Pagode,OPERATING,STANDBY,5
2025-11-16 17:30:00,Baron 1898,OPERATING,STANDBY,30
2025-11-16 17:30:00,Baron 1898,OPERATING,SINGLE_RIDER,30
2025-11-16 17:30:00,Danse Macabre,OPERATING,STANDBY,25
2025-11-16 17:30:00,Danse Macabre,OPERATING,SINGLE_RIDER,0
2025-11-16 17:41:39,Droomvlucht,OPERATING,STANDBY,5
2025-11-16 17:41:39,Fata Morgana,OPERATING,STANDBY,10
2025-11-16 17:41:39,Villa Volta,OPERATING,STANDBY,5
2025-11-16 17:41:39,De Vliegende Hollander,OPERATING,STANDBY,20
2025-11-16 17:41:39,De Vliegende Hollander,OPERATING,SINGLE_RIDER,0
2025-11-16 17:41:39,Kleuterhof,OPERATING,STANDBY,0
2025-11-16 17:41:39,Nest!,OPERATING,STANDBY,0
2025-11-16 17:41:39,Sirocco,REFURBISHMENT,STANDBY,N/A
2025-11-16 17:41:39,Volk van Laaf,OPERATING,STANDBY,0
2025-11-16 17:41:39,Fairytale Forest,OPERATING,STANDBY,0
2025-11-16 17:41:39,Stoomcarrousel,OPERATING,STANDBY,5
2025-11-16 17:41:39,Stoomtrein - Marerijk,OPERATING,STANDBY,25
2025-11-16 17:41:39,Efteling Museum,OPERATING,STANDBY,0
2025-11-16 17:41:39,Symbolica,OPERATING,STANDBY,25
2025-11-16 17:41:39,Symbolica,OPERATING,SINGLE_RIDER,5
2025-11-16 17:41:39,Halve Maen,OPERATING,STANDBY,5
2025-11-16 17:41:39,Archipel,CLOSED,STANDBY,N/A
2025-11-16 17:41:39,Stoomtrein - Oost,CLOSED,STANDBY,N/A
2025-11-16 17:41:39,Kinderspoor,OPERATING,STANDBY,5
2025-11-16 17:41:39,Diorama,OPERATING,STANDBY,0
2025-11-16 17:41:39,Fabula,OPERATING,STANDBY,10
2025-11-16 17:41:39,Kindervreugd,CLOSED,STANDBY,N/A
2025-11-16 17:41:39,Monorail,REFURBISHMENT,STANDBY,N/A
2025-11-16 17:41:39,Max & Moritz,OPERATING,STANDBY,5
2025-11-16 17:41:39,Max & Moritz,OPERATING,SINGLE_RIDER,5
2025-11-16 17:41:39,Anton Pieckplein,OPERATING,STANDBY,0
2025-11-16 17:41:39,Gondoletta,CLOSED,STANDBY,N/A
2025-11-16 17:41:39,Python,OPERATING,STANDBY,10
2025-11-16 17:41:39,Python,OPERATING,SINGLE_RIDER,0
2025-11-16 17:41:39,De Oude Tufferbaan,OPERATING,STANDBY,0
2025-11-16 17:41:39,Piraña,OPERATING,STANDBY,5
2025-11-16 17:41:39,Joris en de Draak,OPERATING,STANDBY,20
2025-11-16 17:41:39,Joris en de Draak,OPERATING,SINGLE_RIDER,5
2025-11-16 17:41:39,Carnaval Festival,OPERATING,STANDBY,0
2025-11-16 17:41:39,Vogel Rok,OPERATING,STANDBY,5
2025-11-16 17:41:39,Pagode,OPERATING,STANDBY,5
2025-11-16 17:41:39,Baron 1898,OPERATING,STANDBY,30
2025-11-16 17:41:39,Baron 1898,OPERATING,SINGLE_RIDER,30
2025-11-16 17:41:39,Danse Macabre,OPERATING,STANDBY,20
2025-11-16 17:41:39,Danse Macabre,OPERATING,SINGLE_RIDER,0
2025-11-16 17:50:54,Droomvlucht,OPERATING,STANDBY,5
2025-11-16 17:50:54,Fata Morgana,OPERATING,STANDBY,10
2025-11-16 17:50:54,Villa Volta,OPERATING,STANDBY,5
2025-11-16 17:50:54,De Vliegende Hollander,OPERATING,STANDBY,20
2025-11-16 17:50:54,De Vliegende Hollander,OPERATING,SINGLE_RIDER,0
2025-11-16 17:50:54,Kleuterhof,OPERATING,STANDBY,0
2025-11-16 17:50:54,Nest!,OPERATING,STANDBY,0
2025-11-16 17:50:54,Sirocco,REFURBISHMENT,STANDBY,N/A
2025-11-16 17:50:54,Volk van Laaf,OPERATING,STANDBY,0
2025-11-16 17:50:54,Fairytale Forest,OPERATING,STANDBY,0
2025-11-16 17:50:54,Stoomcarrousel,OPERATING,STANDBY,5
2025-11-16 17:50:54,Stoomtrein - Marerijk,CLOSED,STANDBY,N/A
2025-11-16 17:50:54,Efteling Museum,OPERATING,STANDBY,0
2025-11-16 17:50:54,Symbolica,OPERATING,STANDBY,25
2025-11-16 17:50:54,Symbolica,OPERATING,SINGLE_RIDER,5
2025-11-16 17:50:54,Halve Maen,OPERATING,STANDBY,5
2025-11-16 17:50:54,Archipel,CLOSED,STANDBY,N/A
2025-11-16 17:50:54,Stoomtrein - Oost,CLOSED,STANDBY,N/A
2025-11-16 17:50:54,Kinderspoor,OPERATING,STANDBY,5
2025-11-16 17:50:54,Diorama,OPERATING,STANDBY,0
2025-11-16 17:50:54,Fabula,OPERATING,STANDBY,10
2025-11-16 17:50:54,Kindervreugd,CLOSED,STANDBY,N/A
2025-11-16 17:50:54,Monorail,REFURBISHMENT,STANDBY,N/A
2025-11-16 17:50:54,Max & Moritz,OPERATING,STANDBY,5
2025-11-16 17:50:54,Max & Moritz,OPERATING,SINGLE_RIDER,5
2025-11-16 17:50:54,Anton Pieckplein,OPERATING,STANDBY,0
2025-11-16 17:50:54,Gondoletta,CLOSED,STANDBY,N/A
2025-11-16 17:50:54,Python,OPERATING,STANDBY,10
2025-11-16 17:50:54,Python,OPERATING,SINGLE_RIDER,0
2025-11-16 17:50:54,De Oude Tufferbaan,OPERATING,STANDBY,0
2025-11-16 17:50:54,Piraña,OPERATING,STANDBY,5
2025-11-16 17:50:54,Joris en de Draak,OPERATING,STANDBY,5
2025-11-16 17:50:54,Joris en de Draak,OPERATING,SINGLE_RIDER,5
2025-11-16 17:50:54,Carnaval Festival,OPERATING,STANDBY,0
2025-11-16 17:50:54,Vogel Rok,OPERATING,STANDBY,5
2025-11-16 17:50:54,Pagode,OPERATING,STANDBY,5
2025-11-16 17:50:54,Baron 1898,OPERATING,STANDBY,30
2025-11-16 17:50:54,Baron 1898,OPERATING,SINGLE_RIDER,20
2025-11-16 17:50:54,Danse Macabre,OPERATING,STANDBY,13
2025-11-16 17:50:54,Danse Macabre,OPERATING,SINGLE_RIDER,0
2025-11-17 09:44:18,Droomvlucht,OPERATING,STANDBY,5
2025-11-17 09:44:18,Fata Morgana,OPERATING,STANDBY,0
2025-11-17 09:44:18,Villa Volta,OPERATING,STANDBY,5
2025-11-17 09:44:18,De Vliegende Hollander,CLOSED,STANDBY,N/A
2025-11-17 09:44:18,De Vliegende Hollander,CLOSED,SINGLE_RIDER,N/A
2025-11-17 09:44:18,Kleuterhof,OPERATING,STANDBY,0
2025-11-17 09:44:18,Nest!,CLOSED,STANDBY,N/A
2025-11-17 09:44:18,Sirocco,REFURBISHMENT,STANDBY,N/A
2025-11-17 09:44:18,Volk van Laaf,CLOSED,STANDBY,N/A
2025-11-17 09:44:18,Fairytale Forest,OPERATING,STANDBY,0
2025-11-17 09:44:18,Stoomcarrousel,OPERATING,STANDBY,0
2025-11-17 09:44:18,Stoomtrein - Marerijk,CLOSED,STANDBY,N/A
2025-11-17 09:44:18,Efteling Museum,CLOSED,STANDBY,N/A
2025-11-17 09:44:18,Symbolica,CLOSED,STANDBY,N/A
2025-11-17 09:44:18,Symbolica,CLOSED,SINGLE_RIDER,N/A
2025-11-17 09:44:18,Halve Maen,CLOSED,STANDBY,N/A
2025-11-17 09:44:18,Archipel,CLOSED,STANDBY,N/A
2025-11-17 09:44:18,Stoomtrein - Oost,CLOSED,STANDBY,N/A
2025-11-17 09:44:18,Kinderspoor,CLOSED,STANDBY,N/A
2025-11-17 09:44:18,Diorama,OPERATING,STANDBY,0
2025-11-17 09:44:18,Fabula,CLOSED,STANDBY,N/A
2025-11-17 09:44:18,Monorail,CLOSED,STANDBY,N/A
2025-11-17 09:44:18,Kindervreugd,OPERATING,STANDBY,0
2025-11-17 09:44:18,Max & Moritz,REFURBISHMENT,STANDBY,N/A
2025-11-17 09:44:18,Max & Moritz,REFURBISHMENT,SINGLE_RIDER,N/A
2025-11-17 09:44:18,Anton Pieckplein,CLOSED,STANDBY,N/A
2025-11-17 09:44:18,Gondoletta,CLOSED,STANDBY,N/A
2025-11-17 09:44:18,Python,OPERATING,STANDBY,0
2025-11-17 09:44:18,Python,OPERATING,SINGLE_RIDER,0
2025-11-17 09:44:18,De Oude Tufferbaan,CLOSED,STANDBY,N/A
2025-11-17 09:44:18,Piraña,CLOSED,STANDBY,N/A
2025-11-17 09:44:18,Joris en de Draak,CLOSED,STANDBY,N/A
2025-11-17 09:44:18,Joris en de Draak,CLOSED,SINGLE_RIDER,N/A
2025-11-17 09:44:18,Carnaval Festival,DOWN,STANDBY,0
2025-11-17 09:44:18,Vogel Rok,DOWN,STANDBY,0
2025-11-17 09:44:18,Baron 1898,OPERATING,STANDBY,5
2025-11-17 09:44:18,Baron 1898,OPERATING,SINGLE_RIDER,5
2025-11-17 09:44:18,Pagode,OPERATING,STANDBY,5
2025-11-17 09:44:18,Danse Macabre,CLOSED,STANDBY,N/A
2025-11-17 09:44:18,Danse Macabre,CLOSED,SINGLE_RIDER,N/A
2025-11-17 09:54:25,Droomvlucht,OPERATING,STANDBY,5
2025-11-17 09:54:25,Fata Morgana,OPERATING,STANDBY,0
2025-11-17 09:54:25,Villa Volta,OPERATING,STANDBY,15
2025-11-17 09:54:25,De Vliegende Hollander,DOWN,STANDBY,0
2025-11-17 09:54:25,De Vliegende Hollander,DOWN,SINGLE_RIDER,N/A
2025-11-17 09:54:25,Kleuterhof,OPERATING,STANDBY,0
2025-11-17 09:54:25,Nest!,CLOSED,STANDBY,N/A
2025-11-17 09:54:25,Sirocco,REFURBISHMENT,STANDBY,N/A
2025-11-17 09:54:25,Volk van Laaf,CLOSED,STANDBY,N/A
2025-11-17 09:54:25,Fairytale Forest,OPERATING,STANDBY,0
2025-11-17 09:54:25,Stoomcarrousel,OPERATING,STANDBY,0
2025-11-17 09:54:25,Stoomtrein - Marerijk,CLOSED,STANDBY,N/A
2025-11-17 09:54:25,Efteling Museum,CLOSED,STANDBY,N/A
2025-11-17 09:54:25,Symbolica,CLOSED,STANDBY,N/A
2025-11-17 09:54:25,Symbolica,CLOSED,SINGLE_RIDER,N/A
2025-11-17 09:54:25,Halve Maen,OPERATING,STANDBY,0
2025-11-17 09:54:25,Archipel,CLOSED,STANDBY,N/A
2025-11-17 09:54:25,Stoomtrein - Oost,CLOSED,STANDBY,N/A
2025-11-17 09:54:25,Kinderspoor,CLOSED,STANDBY,N/A
2025-11-17 09:54:25,Diorama,OPERATING,STANDBY,0
2025-11-17 09:54:25,Fabula,CLOSED,STANDBY,N/A
2025-11-17 09:54:25,Monorail,CLOSED,STANDBY,N/A
2025-11-17 09:54:25,Kindervreugd,OPERATING,STANDBY,0
2025-11-17 09:54:25,Max & Moritz,REFURBISHMENT,STANDBY,N/A
2025-11-17 09:54:25,Max & Moritz,REFURBISHMENT,SINGLE_RIDER,N/A
2025-11-17 09:54:25,Anton Pieckplein,CLOSED,STANDBY,N/A
2025-11-17 09:54:25,Gondoletta,CLOSED,STANDBY,N/A
2025-11-17 09:54:25,Python,OPERATING,STANDBY,0
2025-11-17 09:54:25,Python,OPERATING,SINGLE_RIDER,0
2025-11-17 09:54:25,De Oude Tufferbaan,CLOSED,STANDBY,N/A
2025-11-17 09:54:25,Piraña,CLOSED,STANDBY,N/A
2025-11-17 09:54:25,Joris en de Draak,CLOSED,STANDBY,N/A
2025-11-17 09:54:25,Joris en de Draak,CLOSED,SINGLE_RIDER,N/A
2025-11-17 09:54:25,Carnaval Festival,CLOSED,STANDBY,N/A
2025-11-17 09:54:25,Vogel Rok,OPERATING,STANDBY,5
2025-11-17 09:54:25,Pagode,OPERATING,STANDBY,5
2025-11-17 09:54:25,Baron 1898,OPERATING,STANDBY,10
2025-11-17 09:54:25,Baron 1898,OPERATING,SINGLE_RIDER,15
2025-11-17 09:54:25,Danse Macabre,CLOSED,STANDBY,N/A
2025-11-17 09:54:25,Danse Macabre,CLOSED,SINGLE_RIDER,N/A
2025-11-17 10:19:45,Droomvlucht,OPERATING,STANDBY,15
2025-11-17 10:19:45,Fata Morgana,OPERATING,STANDBY,10
2025-11-17 10:19:45,Villa Volta,OPERATING,STANDBY,5
2025-11-17 10:19:45,De Vliegende Hollander,OPERATING,STANDBY,15
2025-11-17 10:19:45,De Vliegende Hollander,OPERATING,SINGLE_RIDER,0
2025-11-17 10:19:45,Kleuterhof,OPERATING,STANDBY,0
2025-11-17 10:19:45,Nest!,OPERATING,STANDBY,0
2025-11-17 10:19:45,Sirocco,REFURBISHMENT,STANDBY,N/A
2025-11-17 10:19:45,Volk van Laaf,OPERATING,STANDBY,0
2025-11-17 10:19:45,Fairytale Forest,OPERATING,STANDBY,0
2025-11-17 10:19:45,Stoomcarrousel,OPERATING,STANDBY,0
2025-11-17 10:19:45,Stoomtrein - Marerijk,DOWN,STANDBY,0
2025-11-17 10:19:45,Efteling Museum,OPERATING,STANDBY,0
2025-11-17 10:19:45,Symbolica,OPERATING,STANDBY,20
2025-11-17 10:19:45,Symbolica,OPERATING,SINGLE_RIDER,0
2025-11-17 10:19:45,Halve Maen,OPERATING,STANDBY,0
2025-11-17 10:19:45,Archipel,CLOSED,STANDBY,N/A
2025-11-17 10:19:45,Stoomtrein - Oost,DOWN,STANDBY,0
2025-11-17 10:19:45,Kinderspoor,OPERATING,STANDBY,0
2025-11-17 10:19:45,Diorama,OPERATING,STANDBY,0
2025-11-17 10:19:45,Fabula,OPERATING,STANDBY,10
2025-11-17 10:19:45,Kindervreugd,OPERATING,STANDBY,0
2025-11-17 10:19:45,Monorail,DOWN,STANDBY,0
2025-11-17 10:19:45,Max & Moritz,REFURBISHMENT,STANDBY,N/A
2025-11-17 10:19:45,Max & Moritz,REFURBISHMENT,SINGLE_RIDER,N/A
2025-11-17 10:19:45,Anton Pieckplein,OPERATING,STANDBY,0
2025-11-17 10:19:45,Gondoletta,OPERATING,STANDBY,0
2025-11-17 10:19:45,Python,OPERATING,STANDBY,0
2025-11-17 10:19:45,Python,OPERATING,SINGLE_RIDER,0
2025-11-17 10:19:45,De Oude Tufferbaan,OPERATING,STANDBY,0
2025-11-17 10:19:45,Piraña,OPERATING,STANDBY,0
2025-11-17 10:19:45,Joris en de Draak,OPERATING,STANDBY,5
2025-11-17 10:19:45,Joris en de Draak,OPERATING,SINGLE_RIDER,0
2025-11-17 10:19:45,Carnaval Festival,DOWN,STANDBY,0
2025-11-17 10:19:45,Vogel Rok,OPERATING,STANDBY,5
2025-11-17 10:19:45,Pagode,OPERATING,STANDBY,5
2025-11-17 10:19:45,Baron 1898,OPERATING,STANDBY,20
2025-11-17 10:19:45,Baron 1898,OPERATING,SINGLE_RIDER,10
2025-11-17 10:19:45,Danse Macabre,OPERATING,STANDBY,35
2025-11-17 10:19:45,Danse Macabre,OPERATING,SINGLE_RIDER,0
2025-11-17 10:45:41,Droomvlucht,OPERATING,STANDBY,25
2025-11-17 10:45:41,Fata Morgana,OPERATING,STANDBY,20
2025-11-17 10:45:41,Villa Volta,OPERATING,STANDBY,5
2025-11-17 10:45:41,De Vliegende Hollander,OPERATING,STANDBY,20
2025-11-17 10:45:41,De Vliegende Hollander,OPERATING,SINGLE_RIDER,0
2025-11-17 10:45:41,Kleuterhof,OPERATING,STANDBY,0
2025-11-17 10:45:41,Nest!,OPERATING,STANDBY,0
2025-11-17 10:45:41,Sirocco,REFURBISHMENT,STANDBY,N/A
2025-11-17 10:45:41,Volk van Laaf,OPERATING,STANDBY,0
2025-11-17 10:45:41,Fairytale Forest,OPERATING,STANDBY,0
2025-11-17 10:45:41,Stoomcarrousel,OPERATING,STANDBY,0
2025-11-17 10:45:41,Stoomtrein - Marerijk,DOWN,STANDBY,0
2025-11-17 10:45:41,Efteling Museum,OPERATING,STANDBY,0
2025-11-17 10:45:41,Symbolica,OPERATING,STANDBY,25
2025-11-17 10:45:41,Symbolica,OPERATING,SINGLE_RIDER,0
2025-11-17 10:45:41,Halve Maen,OPERATING,STANDBY,0
2025-11-17 10:45:41,Archipel,CLOSED,STANDBY,N/A
2025-11-17 10:45:41,Stoomtrein - Oost,DOWN,STANDBY,0
2025-11-17 10:45:41,Kinderspoor,OPERATING,STANDBY,0
2025-11-17 10:45:41,Diorama,OPERATING,STANDBY,0
2025-11-17 10:45:41,Fabula,OPERATING,STANDBY,10
2025-11-17 10:45:41,Kindervreugd,OPERATING,STANDBY,0
2025-11-17 10:45:41,Monorail,DOWN,STANDBY,0
2025-11-17 10:45:41,Max & Moritz,REFURBISHMENT,STANDBY,N/A
2025-11-17 10:45:41,Max & Moritz,REFURBISHMENT,SINGLE_RIDER,N/A
2025-11-17 10:45:41,Anton Pieckplein,OPERATING,STANDBY,0
2025-11-17 10:45:41,Gondoletta,OPERATING,STANDBY,0
2025-11-17 10:45:41,De Oude Tufferbaan,OPERATING,STANDBY,15
2025-11-17 10:45:41,Python,OPERATING,STANDBY,15
2025-11-17 10:45:41,Python,OPERATING,SINGLE_RIDER,0
2025-11-17 10:45:41,Piraña,OPERATING,STANDBY,0
2025-11-17 10:45:41,Joris en de Draak,OPERATING,STANDBY,15
2025-11-17 10:45:41,Joris en de Draak,OPERATING,SINGLE_RIDER,0
2025-11-17 10:45:41,Carnaval Festival,DOWN,STANDBY,0
2025-11-17 10:45:41,Vogel Rok,OPERATING,STANDBY,5
2025-11-17 10:45:41,Baron 1898,OPERATING,STANDBY,20
2025-11-17 10:45:41,Baron 1898,OPERATING,SINGLE_RIDER,20
2025-11-17 10:45:41,Pagode,OPERATING,STANDBY,5
2025-11-17 10:45:41,Danse Macabre,OPERATING,STANDBY,35
2025-11-17 10:45:41,Danse Macabre,OPERATING,SINGLE_RIDER,0
2025-11-17 11:15:31,Droomvlucht,OPERATING,STANDBY,25
2025-11-17 11:15:31,Fata Morgana,OPERATING,STANDBY,10
2025-11-17 11:15:31,Villa Volta,OPERATING,STANDBY,5
2025-11-17 11:15:31,De Vliegende Hollander,OPERATING,STANDBY,30
2025-11-17 11:15:31,De Vliegende Hollander,OPERATING,SINGLE_RIDER,0
2025-11-17 11:15:31,Kleuterhof,OPERATING,STANDBY,0
2025-11-17 11:15:31,Nest!,OPERATING,STANDBY,0
2025-11-17 11:15:31,Sirocco,REFURBISHMENT,STANDBY,N/A
2025-11-17 11:15:31,Volk van Laaf,OPERATING,STANDBY,0
2025-11-17 11:15:31,Fairytale Forest,OPERATING,STANDBY,0
2025-11-17 11:15:31,Stoomcarrousel,OPERATING,STANDBY,0
2025-11-17 11:15:31,Stoomtrein - Marerijk,OPERATING,STANDBY,25
2025-11-17 11:15:31,Efteling Museum,OPERATING,STANDBY,0
2025-11-17 11:15:31,Symbolica,OPERATING,STANDBY,25
2025-11-17 11:15:31,Symbolica,OPERATING,SINGLE_RIDER,0
2025-11-17 11:15:31,Halve Maen,OPERATING,STANDBY,0
2025-11-17 11:15:31,Archipel,CLOSED,STANDBY,N/A
2025-11-17 11:15:31,Stoomtrein - Oost,OPERATING,STANDBY,25
2025-11-17 11:15:31,Kinderspoor,OPERATING,STANDBY,0
2025-11-17 11:15:31,Diorama,OPERATING,STANDBY,0
2025-11-17 11:15:31,Fabula,OPERATING,STANDBY,10
2025-11-17 11:15:31,Kindervreugd,OPERATING,STANDBY,0
2025-11-17 11:15:31,Monorail,DOWN,STANDBY,0
2025-11-17 11:15:31,Max & Moritz,REFURBISHMENT,STANDBY,N/A
2025-11-17 11:15:31,Max & Moritz,REFURBISHMENT,SINGLE_RIDER,N/A
2025-11-17 11:15:31,Anton Pieckplein,OPERATING,STANDBY,0
2025-11-17 11:15:31,Gondoletta,OPERATING,STANDBY,5
2025-11-17 11:15:31,Python,OPERATING,STANDBY,25
2025-11-17 11:15:31,Python,OPERATING,SINGLE_RIDER,0
2025-11-17 11:15:31,De Oude Tufferbaan,OPERATING,STANDBY,30
2025-11-17 11:15:31,Piraña,OPERATING,STANDBY,0
2025-11-17 11:15:31,Joris en de Draak,OPERATING,STANDBY,30
2025-11-17 11:15:31,Joris en de Draak,OPERATING,SINGLE_RIDER,0
2025-11-17 11:15:31,Carnaval Festival,OPERATING,STANDBY,10
2025-11-17 11:15:31,Vogel Rok,OPERATING,STANDBY,5
2025-11-17 11:15:31,Pagode,OPERATING,STANDBY,5
2025-11-17 11:15:31,Baron 1898,OPERATING,STANDBY,25
2025-11-17 11:15:31,Baron 1898,OPERATING,SINGLE_RIDER,25
2025-11-17 11:15:31,Danse Macabre,OPERATING,STANDBY,20
2025-11-17 11:15:31,Danse Macabre,OPERATING,SINGLE_RIDER,0
2025-11-17 11:38:09,Droomvlucht,OPERATING,STANDBY,15
2025-11-17 11:38:09,Fata Morgana,OPERATING,STANDBY,5
2025-11-17 11:38:09,Villa Volta,OPERATING,STANDBY,5
2025-11-17 11:38:09,De Vliegende Hollander,OPERATING,STANDBY,25
2025-11-17 11:38:09,De Vliegende Hollander,OPERATING,SINGLE_RIDER,0
2025-11-17 11:38:09,Kleuterhof,OPERATING,STANDBY,0
2025-11-17 11:38:09,Nest!,OPERATING,STANDBY,0
2025-11-17 11:38:09,Sirocco,REFURBISHMENT,STANDBY,N/A
2025-11-17 11:38:09,Volk van Laaf,OPERATING,STANDBY,0
2025-11-17 11:38:09,Fairytale Forest,OPERATING,STANDBY,0
2025-11-17 11:38:09,Stoomcarrousel,OPERATING,STANDBY,0
2025-11-17 11:38:09,Stoomtrein - Marerijk,OPERATING,STANDBY,25
2025-11-17 11:38:09,Efteling Museum,OPERATING,STANDBY,0
2025-11-17 11:38:09,Symbolica,OPERATING,STANDBY,25
2025-11-17 11:38:09,Symbolica,OPERATING,SINGLE_RIDER,0
2025-11-17 11:38:09,Halve Maen,OPERATING,STANDBY,10
2025-11-17 11:38:09,Archipel,OPERATING,STANDBY,0
2025-11-17 11:38:09,Stoomtrein - Oost,OPERATING,STANDBY,25
2025-11-17 11:38:09,Kinderspoor,OPERATING,STANDBY,0
2025-11-17 11:38:09,Diorama,OPERATING,STANDBY,0
2025-11-17 11:38:09,Fabula,OPERATING,STANDBY,10
2025-11-17 11:38:09,Kindervreugd,OPERATING,STANDBY,0
2025-11-17 11:38:09,Monorail,DOWN,STANDBY,0
2025-11-17 11:38:09,Max & Moritz,REFURBISHMENT,STANDBY,N/A
2025-11-17 11:38:09,Max & Moritz,REFURBISHMENT,SINGLE_RIDER,N/A
2025-11-17 11:38:09,Anton Pieckplein,OPERATING,STANDBY,0
2025-11-17 11:38:09,Gondoletta,OPERATING,STANDBY,5
2025-11-17 11:38:09,De Oude Tufferbaan,OPERATING,STANDBY,30
2025-11-17 11:38:09,Python,OPERATING,STANDBY,25
2025-11-17 11:38:09,Python,OPERATING,SINGLE_RIDER,0
2025-11-17 11:38:09,Piraña,OPERATING,STANDBY,5
2025-11-17 11:38:09,Joris en de Draak,OPERATING,STANDBY,15
2025-11-17 11:38:09,Joris en de Draak,OPERATING,SINGLE_RIDER,0
2025-11-17 11:38:09,Carnaval Festival,OPERATING,STANDBY,15
2025-11-17 11:38:09,Vogel Rok,OPERATING,STANDBY,10
2025-11-17 11:38:09,Pagode,OPERATING,STANDBY,5
2025-11-17 11:38:09,Baron 1898,OPERATING,STANDBY,25
2025-11-17 11:38:09,Baron 1898,OPERATING,SINGLE_RIDER,25
2025-11-17 11:38:09,Danse Macabre,OPERATING,STANDBY,35
2025-11-17 11:38:09,Danse Macabre,OPERATING,SINGLE_RIDER,0
2025-11-17 11:49:29,Droomvlucht,OPERATING,STANDBY,20
2025-11-17 11:49:29,Fata Morgana,OPERATING,STANDBY,5
2025-11-17 11:49:29,Villa Volta,OPERATING,STANDBY,5
2025-11-17 11:49:29,De Vliegende Hollander,OPERATING,STANDBY,25
2025-11-17 11:49:29,De Vliegende Hollander,OPERATING,SINGLE_RIDER,0
2025-11-17 11:49:29,Kleuterhof,OPERATING,STANDBY,0
2025-11-17 11:49:29,Nest!,OPERATING,STANDBY,0
2025-11-17 11:49:29,Sirocco,REFURBISHMENT,STANDBY,N/A
2025-11-17 11:49:29,Volk van Laaf,OPERATING,STANDBY,0
2025-11-17 11:49:29,Fairytale Forest,OPERATING,STANDBY,0
2025-11-17 11:49:29,Stoomcarrousel,OPERATING,STANDBY,0
2025-11-17 11:49:29,Stoomtrein - Marerijk,OPERATING,STANDBY,25
2025-11-17 11:49:29,Efteling Museum,OPERATING,STANDBY,0
2025-11-17 11:49:29,Symbolica,OPERATING,STANDBY,25
2025-11-17 11:49:29,Symbolica,OPERATING,SINGLE_RIDER,0
2025-11-17 11:49:29,Halve Maen,OPERATING,STANDBY,10
2025-11-17 11:49:29,Archipel,OPERATING,STANDBY,0
2025-11-17 11:49:29,Stoomtrein - Oost,OPERATING,STANDBY,25
2025-11-17 11:49:29,Kinderspoor,OPERATING,STANDBY,5
2025-11-17 11:49:29,Diorama,OPERATING,STANDBY,0
2025-11-17 11:49:29,Fabula,OPERATING,STANDBY,10
2025-11-17 11:49:29,Kindervreugd,OPERATING,STANDBY,0
2025-11-17 11:49:29,Monorail,DOWN,STANDBY,0
2025-11-17 11:49:29,Max & Moritz,REFURBISHMENT,STANDBY,N/A
2025-11-17 11:49:29,Max & Moritz,REFURBISHMENT,SINGLE_RIDER,N/A
2025-11-17 11:49:29,Anton Pieckplein,OPERATING,STANDBY,0
2025-11-17 11:49:29,Gondoletta,OPERATING,STANDBY,0
2025-11-17 11:49:29,Python,OPERATING,STANDBY,30
2025-11-17 11:49:29,Python,OPERATING,SINGLE_RIDER,0
2025-11-17 11:49:29,De Oude Tufferbaan,OPERATING,STANDBY,20
2025-11-17 11:49:29,Piraña,OPERATING,STANDBY,5
2025-11-17 11:49:29,Joris en de Draak,OPERATING,STANDBY,15
2025-11-17 11:49:29,Joris en de Draak,OPERATING,SINGLE_RIDER,0
2025-11-17 11:49:29,Carnaval Festival,OPERATING,STANDBY,20
2025-11-17 11:49:29,Vogel Rok,OPERATING,STANDBY,10
2025-11-17 11:49:29,Pagode,OPERATING,STANDBY,5
2025-11-17 11:49:29,Baron 1898,OPERATING,STANDBY,30
2025-11-17 11:49:29,Baron 1898,OPERATING,SINGLE_RIDER,30
2025-11-17 11:49:29,Danse Macabre,OPERATING,STANDBY,35
2025-11-17 11:49:29,Danse Macabre,OPERATING,SINGLE_RIDER,0
2025-11-17 12:36:05,Droomvlucht,OPERATING,STANDBY,20
2025-11-17 12:36:05,Fata Morgana,OPERATING,STANDBY,5
2025-11-17 12:36:05,Villa Volta,OPERATING,STANDBY,5
2025-11-17 12:36:05,De Vliegende Hollander,DOWN,STANDBY,0
2025-11-17 12:36:05,De Vliegende Hollander,DOWN,SINGLE_RIDER,N/A
2025-11-17 12:36:05,Kleuterhof,OPERATING,STANDBY,0
2025-11-17 12:36:05,Nest!,OPERATING,STANDBY,0
2025-11-17 12:36:05,Sirocco,REFURBISHMENT,STANDBY,N/A
2025-11-17 12:36:05,Volk van Laaf,OPERATING,STANDBY,0
2025-11-17 12:36:05,Fairytale Forest,OPERATING,STANDBY,0
2025-11-17 12:36:05,Stoomcarrousel,OPERATING,STANDBY,0
2025-11-17 12:36:05,Stoomtrein - Marerijk,OPERATING,STANDBY,25
2025-11-17 12:36:05,Efteling Museum,OPERATING,STANDBY,0
2025-11-17 12:36:05,Symbolica,OPERATING,STANDBY,25
2025-11-17 12:36:05,Symbolica,OPERATING,SINGLE_RIDER,0
2025-11-17 12:36:05,Halve Maen,OPERATING,STANDBY,10
2025-11-17 12:36:05,Archipel,OPERATING,STANDBY,0
2025-11-17 12:36:05,Stoomtrein - Oost,OPERATING,STANDBY,25
2025-11-17 12:36:05,Kinderspoor,OPERATING,STANDBY,15
2025-11-17 12:36:05,Diorama,OPERATING,STANDBY,0
2025-11-17 12:36:05,Fabula,OPERATING,STANDBY,10
2025-11-17 12:36:05,Kindervreugd,OPERATING,STANDBY,0
2025-11-17 12:36:05,Monorail,DOWN,STANDBY,0
2025-11-17 12:36:05,Max & Moritz,REFURBISHMENT,STANDBY,N/A
2025-11-17 12:36:05,Max & Moritz,REFURBISHMENT,SINGLE_RIDER,N/A
2025-11-17 12:36:05,Anton Pieckplein,OPERATING,STANDBY,0
2025-11-17 12:36:05,Gondoletta,OPERATING,STANDBY,0
2025-11-17 12:36:05,Python,OPERATING,STANDBY,30
2025-11-17 12:36:05,Python,OPERATING,SINGLE_RIDER,0
2025-11-17 12:36:05,De Oude Tufferbaan,OPERATING,STANDBY,20
2025-11-17 12:36:05,Piraña,OPERATING,STANDBY,0
2025-11-17 12:36:05,Joris en de Draak,OPERATING,STANDBY,15
2025-11-17 12:36:05,Joris en de Draak,OPERATING,SINGLE_RIDER,0
2025-11-17 12:36:05,Carnaval Festival,OPERATING,STANDBY,20
2025-11-17 12:36:05,Vogel Rok,OPERATING,STANDBY,10
2025-11-17 12:36:05,Pagode,OPERATING,STANDBY,5
2025-11-17 12:36:05,Baron 1898,OPERATING,STANDBY,15
2025-11-17 12:36:05,Baron 1898,OPERATING,SINGLE_RIDER,10
2025-11-17 12:36:05,Danse Macabre,OPERATING,STANDBY,30
2025-11-17 12:36:05,Danse Macabre,OPERATING,SINGLE_RIDER,0
2025-11-17 13:20:54,Droomvlucht,OPERATING,STANDBY,20
2025-11-17 13:20:54,Fata Morgana,OPERATING,STANDBY,0
2025-11-17 13:20:54,Villa Volta,OPERATING,STANDBY,5
2025-11-17 13:20:54,De Vliegende Hollander,OPERATING,STANDBY,25
2025-11-17 13:20:54,De Vliegende Hollander,OPERATING,SINGLE_RIDER,0
2025-11-17 13:20:54,Kleuterhof,OPERATING,STANDBY,0
2025-11-17 13:20:54,Nest!,OPERATING,STANDBY,0
2025-11-17 13:20:54,Sirocco,REFURBISHMENT,STANDBY,N/A
2025-11-17 13:20:54,Volk van Laaf,OPERATING,STANDBY,0
2025-11-17 13:20:54,Fairytale Forest,OPERATING,STANDBY,0
2025-11-17 13:20:54,Stoomcarrousel,OPERATING,STANDBY,0
2025-11-17 13:20:54,Stoomtrein - Marerijk,OPERATING,STANDBY,25
2025-11-17 13:20:54,Efteling Museum,OPERATING,STANDBY,0
2025-11-17 13:20:54,Symbolica,OPERATING,STANDBY,30
2025-11-17 13:20:54,Symbolica,OPERATING,SINGLE_RIDER,0
2025-11-17 13:20:54,Halve Maen,OPERATING,STANDBY,10
2025-11-17 13:20:54,Archipel,OPERATING,STANDBY,0
2025-11-17 13:20:54,Stoomtrein - Oost,OPERATING,STANDBY,25
2025-11-17 13:20:54,Kinderspoor,OPERATING,STANDBY,10
2025-11-17 13:20:54,Diorama,OPERATING,STANDBY,0
2025-11-17 13:20:54,Fabula,OPERATING,STANDBY,10
2025-11-17 13:20:54,Monorail,OPERATING,STANDBY,0
2025-11-17 13:20:54,Kindervreugd,OPERATING,STANDBY,0
2025-11-17 13:20:54,Max & Moritz,REFURBISHMENT,STANDBY,N/A
2025-11-17 13:20:54,Max & Moritz,REFURBISHMENT,SINGLE_RIDER,N/A
2025-11-17 13:20:54,Anton Pieckplein,OPERATING,STANDBY,0
2025-11-17 13:20:54,Gondoletta,OPERATING,STANDBY,0
2025-11-17 13:20:54,Python,OPERATING,STANDBY,10
2025-11-17 13:20:54,Python,OPERATING,SINGLE_RIDER,0
2025-11-17 13:20:54,De Oude Tufferbaan,OPERATING,STANDBY,15
2025-11-17 13:20:54,Piraña,OPERATING,STANDBY,0
2025-11-17 13:20:54,Joris en de Draak,OPERATING,STANDBY,15
2025-11-17 13:20:54,Joris en de Draak,OPERATING,SINGLE_RIDER,0
2025-11-17 13:20:54,Carnaval Festival,OPERATING,STANDBY,15
2025-11-17 13:20:54,Vogel Rok,OPERATING,STANDBY,15
2025-11-17 13:20:54,Baron 1898,OPERATING,STANDBY,20
2025-11-17 13:20:54,Baron 1898,OPERATING,SINGLE_RIDER,10
2025-11-17 13:20:54,Pagode,OPERATING,STANDBY,5
2025-11-17 13:20:54,Danse Macabre,OPERATING,STANDBY,25
2025-11-17 13:20:54,Danse Macabre,OPERATING,SINGLE_RIDER,0
2025-11-17 13:48:00,Droomvlucht,OPERATING,STANDBY,30
2025-11-17 13:48:00,Fata Morgana,OPERATING,STANDBY,0
2025-11-17 13:48:00,Villa Volta,OPERATING,STANDBY,5
2025-11-17 13:48:00,De Vliegende Hollander,DOWN,STANDBY,0
2025-11-17 13:48:00,De Vliegende Hollander,DOWN,SINGLE_RIDER,N/A
2025-11-17 13:48:00,Kleuterhof,OPERATING,STANDBY,0
2025-11-17 13:48:00,Nest!,OPERATING,STANDBY,0
2025-11-17 13:48:00,Sirocco,REFURBISHMENT,STANDBY,N/A
2025-11-17 13:48:00,Volk van Laaf,OPERATING,STANDBY,0
2025-11-17 13:48:00,Fairytale Forest,OPERATING,STANDBY,0
2025-11-17 13:48:00,Stoomcarrousel,OPERATING,STANDBY,0
2025-11-17 13:48:00,Stoomtrein - Marerijk,OPERATING,STANDBY,25
2025-11-17 13:48:00,Efteling Museum,OPERATING,STANDBY,0
2025-11-17 13:48:00,Symbolica,OPERATING,STANDBY,30
2025-11-17 13:48:00,Symbolica,OPERATING,SINGLE_RIDER,0
2025-11-17 13:48:00,Halve Maen,OPERATING,STANDBY,10
2025-11-17 13:48:00,Archipel,OPERATING,STANDBY,0
2025-11-17 13:48:00,Stoomtrein - Oost,OPERATING,STANDBY,25
2025-11-17 13:48:00,Kinderspoor,OPERATING,STANDBY,5
2025-11-17 13:48:00,Diorama,OPERATING,STANDBY,0
2025-11-17 13:48:00,Fabula,OPERATING,STANDBY,10
2025-11-17 13:48:00,Kindervreugd,OPERATING,STANDBY,0
2025-11-17 13:48:00,Monorail,OPERATING,STANDBY,20
2025-11-17 13:48:00,Max & Moritz,REFURBISHMENT,STANDBY,N/A
2025-11-17 13:48:00,Max & Moritz,REFURBISHMENT,SINGLE_RIDER,N/A
2025-11-17 13:48:00,Anton Pieckplein,OPERATING,STANDBY,0
2025-11-17 13:48:00,Gondoletta,OPERATING,STANDBY,0
2025-11-17 13:48:00,De Oude Tufferbaan,OPERATING,STANDBY,15
2025-11-17 13:48:00,Python,OPERATING,STANDBY,20
2025-11-17 13:48:00,Python,OPERATING,SINGLE_RIDER,0
2025-11-17 13:48:00,Piraña,OPERATING,STANDBY,0
2025-11-17 13:48:00,Joris en de Draak,OPERATING,STANDBY,10
2025-11-17 13:48:00,Joris en de Draak,OPERATING,SINGLE_RIDER,0
2025-11-17 13:48:00,Carnaval Festival,OPERATING,STANDBY,15
2025-11-17 13:48:00,Vogel Rok,OPERATING,STANDBY,10
2025-11-17 13:48:00,Pagode,OPERATING,STANDBY,5
2025-11-17 13:48:00,Baron 1898,OPERATING,STANDBY,15
2025-11-17 13:48:00,Baron 1898,OPERATING,SINGLE_RIDER,15
2025-11-17 13:48:00,Danse Macabre,OPERATING,STANDBY,20
2025-11-17 13:48:00,Danse Macabre,OPERATING,SINGLE_RIDER,0
2025-11-17 14:17:29,Droomvlucht,OPERATING,STANDBY,30
2025-11-17 14:17:29,Fata Morgana,OPERATING,STANDBY,0
2025-11-17 14:17:29,Villa Volta,OPERATING,STANDBY,10
2025-11-17 14:17:29,De Vliegende Hollander,OPERATING,STANDBY,20
2025-11-17 14:17:29,De Vliegende Hollander,OPERATING,SINGLE_RIDER,0
2025-11-17 14:17:29,Kleuterhof,OPERATING,STANDBY,0
2025-11-17 14:17:29,Nest!,OPERATING,STANDBY,0
2025-11-17 14:17:29,Sirocco,REFURBISHMENT,STANDBY,N/A
2025-11-17 14:17:29,Volk van Laaf,OPERATING,STANDBY,0
2025-11-17 14:17:29,Fairytale Forest,OPERATING,STANDBY,0
2025-11-17 14:17:29,Stoomcarrousel,OPERATING,STANDBY,0
2025-11-17 14:17:29,Stoomtrein - Marerijk,OPERATING,STANDBY,25
2025-11-17 14:17:29,Efteling Museum,OPERATING,STANDBY,0
2025-11-17 14:17:29,Symbolica,OPERATING,STANDBY,30
2025-11-17 14:17:29,Symbolica,OPERATING,SINGLE_RIDER,0
2025-11-17 14:17:29,Halve Maen,OPERATING,STANDBY,10
2025-11-17 14:17:29,Archipel,OPERATING,STANDBY,0
2025-11-17 14:17:29,Stoomtrein - Oost,OPERATING,STANDBY,25
2025-11-17 14:17:29,Kinderspoor,OPERATING,STANDBY,15
2025-11-17 14:17:29,Diorama,OPERATING,STANDBY,0
2025-11-17 14:17:29,Fabula,OPERATING,STANDBY,10
2025-11-17 14:17:29,Kindervreugd,OPERATING,STANDBY,0
2025-11-17 14:17:29,Monorail,OPERATING,STANDBY,20
2025-11-17 14:17:29,Max & Moritz,REFURBISHMENT,STANDBY,N/A
2025-11-17 14:17:29,Max & Moritz,REFURBISHMENT,SINGLE_RIDER,N/A
2025-11-17 14:17:29,Anton Pieckplein,OPERATING,STANDBY,0
2025-11-17 14:17:29,Gondoletta,OPERATING,STANDBY,0
2025-11-17 14:17:29,De Oude Tufferbaan,OPERATING,STANDBY,15
2025-11-17 14:17:29,Python,OPERATING,STANDBY,15
2025-11-17 14:17:29,Python,OPERATING,SINGLE_RIDER,0
2025-11-17 14:17:29,Piraña,OPERATING,STANDBY,0
2025-11-17 14:17:29,Joris en de Draak,OPERATING,STANDBY,10
2025-11-17 14:17:29,Joris en de Draak,OPERATING,SINGLE_RIDER,0
2025-11-17 14:17:29,Carnaval Festival,OPERATING,STANDBY,10
2025-11-17 14:17:29,Vogel Rok,OPERATING,STANDBY,10
2025-11-17 14:17:29,Baron 1898,OPERATING,STANDBY,15
2025-11-17 14:17:29,Baron 1898,OPERATING,SINGLE_RIDER,20
2025-11-17 14:17:29,Pagode,OPERATING,STANDBY,5
2025-11-17 14:17:29,Danse Macabre,OPERATING,STANDBY,25
2025-11-17 14:17:29,Danse Macabre,OPERATING,SINGLE_RIDER,0
2025-11-17 14:54:37,Droomvlucht,OPERATING,STANDBY,30
2025-11-17 14:54:37,Fata Morgana,OPERATING,STANDBY,5
2025-11-17 14:54:37,Villa Volta,OPERATING,STANDBY,5
2025-11-17 14:54:37,De Vliegende Hollander,OPERATING,STANDBY,30
2025-11-17 14:54:37,De Vliegende Hollander,OPERATING,SINGLE_RIDER,0
2025-11-17 14:54:37,Kleuterhof,OPERATING,STANDBY,0
2025-11-17 14:54:37,Nest!,OPERATING,STANDBY,0
2025-11-17 14:54:37,Sirocco,REFURBISHMENT,STANDBY,N/A
2025-11-17 14:54:37,Volk van Laaf,OPERATING,STANDBY,0
2025-11-17 14:54:37,Fairytale Forest,OPERATING,STANDBY,0
2025-11-17 14:54:37,Stoomcarrousel,OPERATING,STANDBY,0
2025-11-17 14:54:37,Stoomtrein - Marerijk,OPERATING,STANDBY,25
2025-11-17 14:54:37,Efteling Museum,OPERATING,STANDBY,0
2025-11-17 14:54:37,Symbolica,OPERATING,STANDBY,30
2025-11-17 14:54:37,Symbolica,OPERATING,SINGLE_RIDER,0
2025-11-17 14:54:37,Halve Maen,OPERATING,STANDBY,5
2025-11-17 14:54:37,Archipel,OPERATING,STANDBY,0
2025-11-17 14:54:37,Stoomtrein - Oost,OPERATING,STANDBY,25
2025-11-17 14:54:37,Kinderspoor,OPERATING,STANDBY,5
2025-11-17 14:54:37,Diorama,OPERATING,STANDBY,0
2025-11-17 14:54:37,Fabula,OPERATING,STANDBY,10
2025-11-17 14:54:37,Kindervreugd,OPERATING,STANDBY,0
2025-11-17 14:54:37,Monorail,OPERATING,STANDBY,10
2025-11-17 14:54:37,Max & Moritz,REFURBISHMENT,STANDBY,N/A
2025-11-17 14:54:37,Max & Moritz,REFURBISHMENT,SINGLE_RIDER,N/A
2025-11-17 14:54:37,Anton Pieckplein,OPERATING,STANDBY,0
2025-11-17 14:54:37,Gondoletta,OPERATING,STANDBY,0
2025-11-17 14:54:37,Python,OPERATING,STANDBY,25
2025-11-17 14:54:37,Python,OPERATING,SINGLE_RIDER,0
2025-11-17 14:54:37,De Oude Tufferbaan,OPERATING,STANDBY,15
2025-11-17 14:54:37,Piraña,OPERATING,STANDBY,0
2025-11-17 14:54:37,Joris en de Draak,OPERATING,STANDBY,20
2025-11-17 14:54:37,Joris en de Draak,OPERATING,SINGLE_RIDER,0
2025-11-17 14:54:37,Carnaval Festival,OPERATING,STANDBY,10
2025-11-17 14:54:37,Vogel Rok,OPERATING,STANDBY,5
2025-11-17 14:54:37,Baron 1898,DOWN,STANDBY,0
2025-11-17 14:54:37,Baron 1898,DOWN,SINGLE_RIDER,N/A
2025-11-17 14:54:37,Pagode,OPERATING,STANDBY,5
2025-11-17 14:54:37,Danse Macabre,OPERATING,STANDBY,20
2025-11-17 14:54:37,Danse Macabre,OPERATING,SINGLE_RIDER,0
2025-11-17 15:19:32,Droomvlucht,OPERATING,STANDBY,20
2025-11-17 15:19:32,Fata Morgana,OPERATING,STANDBY,5
2025-11-17 15:19:32,Villa Volta,OPERATING,STANDBY,5
2025-11-17 15:19:32,De Vliegende Hollander,OPERATING,STANDBY,20
2025-11-17 15:19:32,De Vliegende Hollander,OPERATING,SINGLE_RIDER,0
2025-11-17 15:19:32,Kleuterhof,OPERATING,STANDBY,0
2025-11-17 15:19:32,Nest!,OPERATING,STANDBY,0
2025-11-17 15:19:32,Sirocco,REFURBISHMENT,STANDBY,N/A
2025-11-17 15:19:32,Volk van Laaf,OPERATING,STANDBY,0
2025-11-17 15:19:32,Fairytale Forest,OPERATING,STANDBY,0
2025-11-17 15:19:32,Stoomcarrousel,OPERATING,STANDBY,0
2025-11-17 15:19:32,Stoomtrein - Marerijk,OPERATING,STANDBY,25
2025-11-17 15:19:32,Efteling Museum,OPERATING,STANDBY,0
2025-11-17 15:19:32,Symbolica,OPERATING,STANDBY,25
2025-11-17 15:19:32,Symbolica,OPERATING,SINGLE_RIDER,0
2025-11-17 15:19:32,Halve Maen,OPERATING,STANDBY,5
2025-11-17 15:19:32,Archipel,OPERATING,STANDBY,0
2025-11-17 15:19:32,Stoomtrein - Oost,OPERATING,STANDBY,25
2025-11-17 15:19:32,Kinderspoor,OPERATING,STANDBY,5
2025-11-17 15:19:32,Diorama,OPERATING,STANDBY,0
2025-11-17 15:19:32,Fabula,OPERATING,STANDBY,10
2025-11-17 15:19:32,Kindervreugd,OPERATING,STANDBY,0
2025-11-17 15:19:32,Monorail,OPERATING,STANDBY,10
2025-11-17 15:19:32,Max & Moritz,REFURBISHMENT,STANDBY,N/A
2025-11-17 15:19:32,Max & Moritz,REFURBISHMENT,SINGLE_RIDER,N/A
2025-11-17 15:19:32,Anton Pieckplein,OPERATING,STANDBY,0
2025-11-17 15:19:32,Gondoletta,OPERATING,STANDBY,0
2025-11-17 15:19:32,Python,OPERATING,STANDBY,25
2025-11-17 15:19:32,Python,OPERATING,SINGLE_RIDER,0
2025-11-17 15:19:32,De Oude Tufferbaan,OPERATING,STANDBY,15
2025-11-17 15:19:32,Piraña,OPERATING,STANDBY,0
2025-11-17 15:19:32,Joris en de Draak,OPERATING,STANDBY,20
2025-11-17 15:19:32,Joris en de Draak,OPERATING,SINGLE_RIDER,0
2025-11-17 15:19:32,Carnaval Festival,OPERATING,STANDBY,10
2025-11-17 15:19:32,Vogel Rok,OPERATING,STANDBY,5
2025-11-17 15:19:32,Baron 1898,OPERATING,STANDBY,15
2025-11-17 15:19:32,Baron 1898,OPERATING,SINGLE_RIDER,15
2025-11-17 15:19:32,Pagode,OPERATING,STANDBY,5
2025-11-17 15:19:32,Danse Macabre,OPERATING,STANDBY,20
2025-11-17 15:19:32,Danse Macabre,OPERATING,SINGLE_RIDER,0
2025-11-17 15:43:09,Droomvlucht,OPERATING,STANDBY,20
2025-11-17 15:43:09,Fata Morgana,OPERATING,STANDBY,5
2025-11-17 15:43:09,Villa Volta,OPERATING,STANDBY,5
2025-11-17 15:43:09,De Vliegende Hollander,OPERATING,STANDBY,20
2025-11-17 15:43:09,De Vliegende Hollander,OPERATING,SINGLE_RIDER,0
2025-11-17 15:43:09,Kleuterhof,OPERATING,STANDBY,0
2025-11-17 15:43:09,Nest!,OPERATING,STANDBY,0
2025-11-17 15:43:09,Sirocco,REFURBISHMENT,STANDBY,N/A
2025-11-17 15:43:09,Volk van Laaf,OPERATING,STANDBY,0
2025-11-17 15:43:09,Fairytale Forest,OPERATING,STANDBY,0
2025-11-17 15:43:09,Stoomcarrousel,OPERATING,STANDBY,0
2025-11-17 15:43:09,Stoomtrein - Marerijk,OPERATING,STANDBY,25
2025-11-17 15:43:09,Efteling Museum,OPERATING,STANDBY,0
2025-11-17 15:43:09,Symbolica,OPERATING,STANDBY,25
2025-11-17 15:43:09,Symbolica,OPERATING,SINGLE_RIDER,0
2025-11-17 15:43:09,Halve Maen,OPERATING,STANDBY,5
2025-11-17 15:43:09,Archipel,OPERATING,STANDBY,0
2025-11-17 15:43:09,Stoomtrein - Oost,OPERATING,STANDBY,25
2025-11-17 15:43:09,Kinderspoor,OPERATING,STANDBY,5
2025-11-17 15:43:09,Diorama,OPERATING,STANDBY,0
2025-11-17 15:43:09,Fabula,OPERATING,STANDBY,10
2025-11-17 15:43:09,Monorail,DOWN,STANDBY,0
2025-11-17 15:43:09,Kindervreugd,OPERATING,STANDBY,0
2025-11-17 15:43:09,Max & Moritz,REFURBISHMENT,STANDBY,N/A
2025-11-17 15:43:09,Max & Moritz,REFURBISHMENT,SINGLE_RIDER,N/A
2025-11-17 15:43:09,Anton Pieckplein,OPERATING,STANDBY,0
2025-11-17 15:43:09,Gondoletta,CLOSED,STANDBY,N/A
2025-11-17 15:43:09,De Oude Tufferbaan,OPERATING,STANDBY,10
2025-11-17 15:43:09,Python,OPERATING,STANDBY,20
2025-11-17 15:43:09,Python,OPERATING,SINGLE_RIDER,0
2025-11-17 15:43:09,Piraña,OPERATING,STANDBY,5
2025-11-17 15:43:09,Joris en de Draak,OPERATING,STANDBY,10
2025-11-17 15:43:09,Joris en de Draak,OPERATING,SINGLE_RIDER,0
2025-11-17 15:43:09,Carnaval Festival,OPERATING,STANDBY,5
2025-11-17 15:43:09,Vogel Rok,OPERATING,STANDBY,5
2025-11-17 15:43:09,Pagode,OPERATING,STANDBY,5
2025-11-17 15:43:09,Baron 1898,OPERATING,STANDBY,20
2025-11-17 15:43:09,Baron 1898,OPERATING,SINGLE_RIDER,15
2025-11-17 15:43:09,Danse Macabre,OPERATING,STANDBY,20
2025-11-17 15:43:09,Danse Macabre,OPERATING,SINGLE_RIDER,0
2025-11-17 15:54:14,Droomvlucht,OPERATING,STANDBY,15
2025-11-17 15:54:14,Fata Morgana,OPERATING,STANDBY,5
2025-11-17 15:54:14,Villa Volta,OPERATING,STANDBY,5
2025-11-17 15:54:14,De Vliegende Hollander,OPERATING,STANDBY,20
2025-11-17 15:54:14,De Vliegende Hollander,OPERATING,SINGLE_RIDER,0
2025-11-17 15:54:14,Kleuterhof,OPERATING,STANDBY,0
2025-11-17 15:54:14,Nest!,CLOSED,STANDBY,N/A
2025-11-17 15:54:14,Sirocco,REFURBISHMENT,STANDBY,N/A
2025-11-17 15:54:14,Volk van Laaf,OPERATING,STANDBY,0
2025-11-17 15:54:14,Fairytale Forest,OPERATING,STANDBY,0
2025-11-17 15:54:14,Stoomcarrousel,OPERATING,STANDBY,0
2025-11-17 15:54:14,Stoomtrein - Marerijk,OPERATING,STANDBY,25
2025-11-17 15:54:14,Efteling Museum,OPERATING,STANDBY,0
2025-11-17 15:54:14,Symbolica,OPERATING,STANDBY,25
2025-11-17 15:54:14,Symbolica,OPERATING,SINGLE_RIDER,0
2025-11-17 15:54:14,Halve Maen,OPERATING,STANDBY,0
2025-11-17 15:54:14,Archipel,CLOSED,STANDBY,N/A
2025-11-17 15:54:14,Stoomtrein - Oost,OPERATING,STANDBY,25
2025-11-17 15:54:14,Kinderspoor,OPERATING,STANDBY,5
2025-11-17 15:54:14,Diorama,OPERATING,STANDBY,0
2025-11-17 15:54:14,Fabula,OPERATING,STANDBY,10
2025-11-17 15:54:14,Monorail,OPERATING,STANDBY,0
2025-11-17 15:54:14,Kindervreugd,OPERATING,STANDBY,0
2025-11-17 15:54:14,Max & Moritz,REFURBISHMENT,STANDBY,N/A
2025-11-17 15:54:14,Max & Moritz,REFURBISHMENT,SINGLE_RIDER,N/A
2025-11-17 15:54:14,Anton Pieckplein,OPERATING,STANDBY,0
2025-11-17 15:54:14,Gondoletta,CLOSED,STANDBY,N/A
2025-11-17 15:54:14,De Oude Tufferbaan,OPERATING,STANDBY,10
2025-11-17 15:54:14,Python,OPERATING,STANDBY,20
2025-11-17 15:54:14,Python,OPERATING,SINGLE_RIDER,0
2025-11-17 15:54:14,Piraña,OPERATING,STANDBY,5
2025-11-17 15:54:14,Joris en de Draak,OPERATING,STANDBY,10
2025-11-17 15:54:14,Joris en de Draak,OPERATING,SINGLE_RIDER,0
2025-11-17 15:54:14,Carnaval Festival,OPERATING,STANDBY,5
2025-11-17 15:54:14,Vogel Rok,OPERATING,STANDBY,5
2025-11-17 15:54:14,Baron 1898,OPERATING,STANDBY,20
2025-11-17 15:54:14,Baron 1898,OPERATING,SINGLE_RIDER,15
2025-11-17 15:54:14,Pagode,OPERATING,STANDBY,5
2025-11-17 15:54:14,Danse Macabre,OPERATING,STANDBY,15
2025-11-17 15:54:14,Danse Macabre,OPERATING,SINGLE_RIDER,0
