date,park_id,ride,avg_queue_min,max_queue_min,uptime_pct
2023-01-01,160,Anton Pieck Plein,,,99.0
2023-01-01,160,Archipel,,,65.0
2023-01-01,160,Badhuys indoor splash pool,,,100.0
2023-01-01,160,Baron 1898,5.0,10.0,100.0
2023-01-01,160,Baron 1898 Single-rider,,,0.0
2023-01-01,160,Carnaval Festival,5.0,5.0,100.0
2023-01-01,160,De Oude Tufferbaan,11.0,20.0,99.0
2023-01-01,160,De Vliegende Hollander,9.0,25.0,100.0
2023-01-01,160,De Vliegende Hollander Single-rider,,,0.0
2023-01-01,160,Diorama,,,100.0
2023-01-01,160,Droomvlucht,,,0.0
2023-01-01,160,Droomvlucht VR,,,0.0
2023-01-01,160,Efteling Museum,,,89.0
2023-01-01,160,Fabula,10.0,10.0,100.0
2023-01-01,160,Fairytale Forest,,,99.0
2023-01-01,160,Fata Morgana,5.0,10.0,100.0
2023-01-01,160,Gondoletta,,,62.0
2023-01-01,160,Halve Maen,5.0,5.0,99.0
2023-01-01,160,Joris en de Draak,,,0.0
2023-01-01,160,Joris en de Draak Single-rider,,,0.0
2023-01-01,160,Kinderspoor,10.0,10.0,99.0
2023-01-01,160,Kindervreugd,,,99.0
2023-01-01,160,Kleuterhof,,,100.0
2023-01-01,160,Max & Moritz,5.0,5.0,100.0
2023-01-01,160,Max & Moritz Single-rider,,,0.0
2023-01-01,160,Monorail,6.0,20.0,99.0
2023-01-01,160,Nest!,,,99.0
2023-01-01,160,Pagode,5.0,10.0,99.0
2023-01-01,160,Piraña,,,99.0
2023-01-01,160,Python,12.0,30.0,98.0
2023-01-01,160,Python Single-rider,,,0.0
2023-01-01,160,Sirocco,5.0,10.0,100.0
2023-01-01,160,Stoomcarrousel,,,100.0
2023-01-01,160,Stoomtrein Marerijk,20.0,25.0,99.0
2023-01-01,160,Stoomtrein Ruigrijk,20.0,25.0,99.0
2023-01-01,160,Symbolica,13.0,25.0,99.0
2023-01-01,160,Symbolica Single-rider,,,0.0
2023-01-01,160,The Six Swans,5.0,10.0,99.0
2023-01-01,160,Villa Volta,5.0,5.0,100.0
2023-01-01,160,Vogel Rok,5.0,15.0,100.0
2023-01-01,160,Volkvanlaaf,,,99.0
2023-01-02,160,Anton Pieck Plein,,,99.0
2023-01-02,160,Archipel,,,65.0
2023-01-02,160,Badhuys indoor splash pool,,,100.0
2023-01-02,160,Baron 1898,18.0,45.0,100.0
2023-01-02,160,Baron 1898 Single-rider,12.0,30.0,78.0
2023-01-02,160,Carnaval Festival,10.0,25.0,100.0
2023-01-02,160,De Oude Tufferbaan,14.0,25.0,88.0
2023-01-02,160,De Vliegende Hollander,28.0,45.0,80.0
2023-01-02,160,De Vliegende Hollander Single-rider,12.0,30.0,52.0
2023-01-02,160,Diorama,,,100.0
2023-01-02,160,Droomvlucht,,,0.0
2023-01-02,160,Droomvlucht VR,,,0.0
2023-01-02,160,Efteling Museum,,,89.0
2023-01-02,160,Fabula,9.0,10.0,99.0
2023-01-02,160,Fairytale Forest,,,99.0
2023-01-02,160,Fata Morgana,9.0,30.0,100.0
2023-01-02,160,Gondoletta,5.0,5.0,61.0
2023-01-02,160,Halve Maen,15.0,20.0,99.0
2023-01-02,160,Joris en de Draak,,,0.0
2023-01-02,160,Joris en de Draak Single-rider,,,0.0
2023-01-02,160,Kinderspoor,10.0,10.0,99.0
2023-01-02,160,Kindervreugd,,,99.0
2023-01-02,160,Kleuterhof,,,100.0
2023-01-02,160,Max & Moritz,10.0,30.0,100.0
2023-01-02,160,Max & Moritz Single-rider,6.0,20.0,97.0
2023-01-02,160,Monorail,11.0,20.0,99.0
2023-01-02,160,Nest!,,,99.0
2023-01-02,160,Pagode,5.0,10.0,96.0
2023-01-02,160,Piraña,5.0,5.0,99.0
2023-01-02,160,Python,18.0,40.0,85.0
2023-01-02,160,Python Single-rider,14.0,50.0,50.0
2023-01-02,160,Sirocco,9.0,20.0,99.0
2023-01-02,160,Stoomcarrousel,,,100.0
2023-01-02,160,Stoomtrein Marerijk,25.0,25.0,99.0
2023-01-02,160,Stoomtrein Ruigrijk,25.0,25.0,99.0
2023-01-02,160,Symbolica,28.0,40.0,96.0
2023-01-02,160,Symbolica Single-rider,8.0,10.0,4.0
2023-01-02,160,The Six Swans,8.0,20.0,98.0
2023-01-02,160,Villa Volta,6.0,10.0,99.0
2023-01-02,160,Vogel Rok,13.0,25.0,100.0
2023-01-02,160,Volkvanlaaf,,,99.0
2023-01-03,160,Anton Pieck Plein,,,99.0
2023-01-03,160,Archipel,,,70.0
2023-01-03,160,Badhuys indoor splash pool,,,100.0
2023-01-03,160,Baron 1898,48.0,80.0,100.0
2023-01-03,160,Baron 1898 Single-rider,35.0,55.0,99.0
2023-01-03,160,Carnaval Festival,41.0,80.0,100.0
2023-01-03,160,De Oude Tufferbaan,27.0,45.0,99.0
2023-01-03,160,De Vliegende Hollander,44.0,55.0,100.0
2023-01-03,160,De Vliegende Hollander Single-rider,28.0,45.0,81.0
2023-01-03,160,Diorama,,,100.0
2023-01-03,160,Droomvlucht,,,0.0
2023-01-03,160,Droomvlucht VR,,,0.0
2023-01-03,160,Efteling Museum,,,89.0
2023-01-03,160,Fabula,14.0,20.0,99.0
2023-01-03,160,Fairytale Forest,,,99.0
2023-01-03,160,Fata Morgana,30.0,55.0,100.0
2023-01-03,160,Gondoletta,21.0,25.0,63.0
2023-01-03,160,Halve Maen,25.0,50.0,99.0
2023-01-03,160,Joris en de Draak,,,0.0
2023-01-03,160,Joris en de Draak Single-rider,,,0.0
2023-01-03,160,Kinderspoor,26.0,30.0,99.0
2023-01-03,160,Kindervreugd,,,99.0
2023-01-03,160,Kleuterhof,,,100.0
2023-01-03,160,Max & Moritz,30.0,50.0,100.0
2023-01-03,160,Max & Moritz Single-rider,16.0,40.0,100.0
2023-01-03,160,Monorail,25.0,50.0,99.0
2023-01-03,160,Nest!,,,99.0
2023-01-03,160,Pagode,22.0,45.0,99.0
2023-01-03,160,Piraña,8.0,15.0,99.0
2023-01-03,160,Python,33.0,45.0,99.0
2023-01-03,160,Python Single-rider,32.0,50.0,86.0
2023-01-03,160,Sirocco,20.0,35.0,100.0
2023-01-03,160,Stoomcarrousel,12.0,15.0,100.0
2023-01-03,160,Stoomtrein Marerijk,22.0,30.0,99.0
2023-01-03,160,Stoomtrein Ruigrijk,24.0,40.0,99.0
2023-01-03,160,Symbolica,50.0,65.0,99.0
2023-01-03,160,Symbolica Single-rider,5.0,5.0,1.0
2023-01-03,160,The Six Swans,15.0,35.0,99.0
2023-01-03,160,Villa Volta,22.0,40.0,100.0
2023-01-03,160,Vogel Rok,36.0,50.0,100.0
2023-01-03,160,Volkvanlaaf,,,99.0
2023-01-04,160,Anton Pieck Plein,,,99.0
2023-01-04,160,Archipel,,,66.0
2023-01-04,160,Badhuys indoor splash pool,,,100.0
2023-01-04,160,Baron 1898,,,0.0
2023-01-04,160,Baron 1898 Single-rider,,,0.0
2023-01-04,160,Carnaval Festival,15.0,30.0,100.0
2023-01-04,160,De Oude Tufferbaan,15.0,35.0,99.0
2023-01-04,160,De Vliegende Hollander,32.0,40.0,89.0
2023-01-04,160,De Vliegende Hollander Single-rider,18.0,30.0,69.0
2023-01-04,160,Diorama,,,99.0
2023-01-04,160,Droomvlucht,,,0.0
2023-01-04,160,Droomvlucht VR,,,0.0
2023-01-04,160,Efteling Museum,,,89.0
2023-01-04,160,Fabula,11.0,15.0,99.0
2023-01-04,160,Fairytale Forest,,,99.0
2023-01-04,160,Fata Morgana,16.0,45.0,100.0
2023-01-04,160,Gondoletta,6.0,10.0,63.0
2023-01-04,160,Halve Maen,16.0,25.0,95.0
2023-01-04,160,Joris en de Draak,,,0.0
2023-01-04,160,Joris en de Draak Single-rider,,,0.0
2023-01-04,160,Kinderspoor,9.0,15.0,99.0
2023-01-04,160,Kindervreugd,,,99.0
2023-01-04,160,Kleuterhof,,,100.0
2023-01-04,160,Max & Moritz,15.0,30.0,90.0
2023-01-04,160,Max & Moritz Single-rider,8.0,15.0,77.0
2023-01-04,160,Monorail,12.0,30.0,99.0
2023-01-04,160,Nest!,,,99.0
2023-01-04,160,Pagode,6.0,10.0,86.0
2023-01-04,160,Piraña,6.0,10.0,94.0
2023-01-04,160,Python,22.0,30.0,99.0
2023-01-04,160,Python Single-rider,18.0,25.0,86.0
2023-01-04,160,Sirocco,10.0,20.0,100.0
2023-01-04,160,Stoomcarrousel,10.0,10.0,100.0
2023-01-04,160,Stoomtrein Marerijk,19.0,30.0,99.0
2023-01-04,160,Stoomtrein Ruigrijk,18.0,30.0,95.0
2023-01-04,160,Symbolica,37.0,50.0,98.0
2023-01-04,160,Symbolica Single-rider,,,0.0
2023-01-04,160,The Six Swans,8.0,20.0,96.0
2023-01-04,160,Villa Volta,14.0,25.0,100.0
2023-01-04,160,Vogel Rok,19.0,35.0,97.0
2023-01-04,160,Volkvanlaaf,,,99.0
2023-01-05,160,Anton Pieck Plein,,,99.0
2023-01-05,160,Archipel,,,65.0
2023-01-05,160,Badhuys indoor splash pool,,,100.0
2023-01-05,160,Baron 1898,45.0,60.0,100.0
2023-01-05,160,Baron 1898 Single-rider,32.0,60.0,99.0
2023-01-05,160,Carnaval Festival,21.0,35.0,100.0
2023-01-05,160,De Oude Tufferbaan,25.0,60.0,99.0
2023-01-05,160,De Vliegende Hollander,41.0,50.0,99.0
2023-01-05,160,De Vliegende Hollander Single-rider,25.0,40.0,78.0
2023-01-05,160,Diorama,,,100.0
2023-01-05,160,Droomvlucht,,,0.0
2023-01-05,160,Droomvlucht VR,,,0.0
2023-01-05,160,Efteling Museum,,,89.0
2023-01-05,160,Fabula,12.0,20.0,100.0
2023-01-05,160,Fairytale Forest,,,99.0
2023-01-05,160,Fata Morgana,25.0,55.0,100.0
2023-01-05,160,Gondoletta,24.0,30.0,62.0
2023-01-05,160,Halve Maen,26.0,40.0,99.0
2023-01-05,160,Joris en de Draak,,,0.0
2023-01-05,160,Joris en de Draak Single-rider,,,0.0
2023-01-05,160,Kinderspoor,20.0,20.0,99.0
2023-01-05,160,Kindervreugd,,,99.0
2023-01-05,160,Kleuterhof,,,100.0
2023-01-05,160,Max & Moritz,26.0,45.0,94.0
2023-01-05,160,Max & Moritz Single-rider,13.0,30.0,92.0
2023-01-05,160,Monorail,30.0,45.0,99.0
2023-01-05,160,Nest!,,,99.0
2023-01-05,160,Pagode,19.0,35.0,95.0
2023-01-05,160,Piraña,8.0,15.0,99.0
2023-01-05,160,Python,30.0,45.0,100.0
2023-01-05,160,Python Single-rider,27.0,45.0,92.0
2023-01-05,160,Sirocco,16.0,25.0,100.0
2023-01-05,160,Stoomcarrousel,15.0,15.0,100.0
2023-01-05,160,Stoomtrein Marerijk,43.0,60.0,99.0
2023-01-05,160,Stoomtrein Ruigrijk,43.0,60.0,99.0
2023-01-05,160,Symbolica,44.0,60.0,100.0
2023-01-05,160,Symbolica Single-rider,16.0,45.0,100.0
2023-01-05,160,The Six Swans,13.0,25.0,91.0
2023-01-05,160,Villa Volta,19.0,35.0,100.0
2023-01-05,160,Vogel Rok,27.0,50.0,100.0
2023-01-05,160,Volkvanlaaf,,,99.0
2023-01-06,160,Anton Pieck Plein,,,100.0
2023-01-06,160,Archipel,,,67.0
2023-01-06,160,Badhuys indoor splash pool,,,100.0
2023-01-06,160,Baron 1898,30.0,45.0,100.0
2023-01-06,160,Baron 1898 Single-rider,23.0,40.0,99.0
2023-01-06,160,Carnaval Festival,14.0,25.0,100.0
2023-01-06,160,De Oude Tufferbaan,22.0,40.0,100.0
2023-01-06,160,De Vliegende Hollander,32.0,45.0,100.0
2023-01-06,160,De Vliegende Hollander Single-rider,18.0,30.0,73.0
2023-01-06,160,Diorama,,,100.0
2023-01-06,160,Droomvlucht,,,0.0
2023-01-06,160,Droomvlucht VR,,,0.0
2023-01-06,160,Efteling Museum,,,89.0
2023-01-06,160,Fabula,10.0,10.0,100.0
2023-01-06,160,Fairytale Forest,,,100.0
2023-01-06,160,Fata Morgana,16.0,45.0,98.0
2023-01-06,160,Gondoletta,24.0,30.0,64.0
2023-01-06,160,Halve Maen,15.0,25.0,100.0
2023-01-06,160,Joris en de Draak,,,0.0
2023-01-06,160,Joris en de Draak Single-rider,,,0.0
2023-01-06,160,Kinderspoor,10.0,10.0,100.0
2023-01-06,160,Kindervreugd,,,100.0
2023-01-06,160,Kleuterhof,,,100.0
2023-01-06,160,Max & Moritz,18.0,40.0,100.0
2023-01-06,160,Max & Moritz Single-rider,9.0,25.0,100.0
2023-01-06,160,Monorail,14.0,30.0,100.0
2023-01-06,160,Nest!,,,100.0
2023-01-06,160,Pagode,20.0,40.0,39.0
2023-01-06,160,Piraña,8.0,15.0,100.0
2023-01-06,160,Python,21.0,35.0,100.0
2023-01-06,160,Python Single-rider,18.0,25.0,63.0
2023-01-06,160,Sirocco,12.0,20.0,100.0
2023-01-06,160,Stoomcarrousel,,,100.0
2023-01-06,160,Stoomtrein Marerijk,17.0,25.0,100.0
2023-01-06,160,Stoomtrein Ruigrijk,17.0,25.0,100.0
2023-01-06,160,Symbolica,35.0,50.0,100.0
2023-01-06,160,Symbolica Single-rider,10.0,30.0,99.0
2023-01-06,160,The Six Swans,12.0,20.0,99.0
2023-01-06,160,Villa Volta,10.0,40.0,100.0
2023-01-06,160,Vogel Rok,18.0,35.0,100.0
2023-01-06,160,Volkvanlaaf,,,100.0
2023-01-07,160,Anton Pieck Plein,,,99.0
2023-01-07,160,Archipel,,,67.0
2023-01-07,160,Badhuys indoor splash pool,,,100.0
2023-01-07,160,Baron 1898,28.0,45.0,100.0
2023-01-07,160,Baron 1898 Single-rider,21.0,40.0,99.0
2023-01-07,160,Carnaval Festival,22.0,35.0,100.0
2023-01-07,160,De Oude Tufferbaan,22.0,30.0,99.0
2023-01-07,160,De Vliegende Hollander,32.0,45.0,96.0
2023-01-07,160,De Vliegende Hollander Single-rider,18.0,30.0,79.0
2023-01-07,160,Diorama,,,99.0
2023-01-07,160,Droomvlucht,,,0.0
2023-01-07,160,Droomvlucht VR,,,0.0
2023-01-07,160,Efteling Museum,,,89.0
2023-01-07,160,Fabula,10.0,10.0,100.0
2023-01-07,160,Fairytale Forest,,,99.0
2023-01-07,160,Fata Morgana,24.0,50.0,100.0
2023-01-07,160,Gondoletta,14.0,20.0,63.0
2023-01-07,160,Halve Maen,14.0,25.0,99.0
2023-01-07,160,Joris en de Draak,,,0.0
2023-01-07,160,Joris en de Draak Single-rider,,,0.0
2023-01-07,160,Kinderspoor,10.0,10.0,99.0
2023-01-07,160,Kindervreugd,,,99.0
2023-01-07,160,Kleuterhof,,,99.0
2023-01-07,160,Max & Moritz,17.0,40.0,96.0
2023-01-07,160,Max & Moritz Single-rider,10.0,25.0,86.0
2023-01-07,160,Monorail,12.0,25.0,99.0
2023-01-07,160,Nest!,,,99.0
2023-01-07,160,Pagode,7.0,15.0,99.0
2023-01-07,160,Piraña,7.0,15.0,99.0
2023-01-07,160,Python,20.0,35.0,96.0
2023-01-07,160,Python Single-rider,17.0,25.0,90.0
2023-01-07,160,Sirocco,12.0,25.0,100.0
2023-01-07,160,Stoomcarrousel,10.0,15.0,100.0
2023-01-07,160,Stoomtrein Marerijk,17.0,25.0,99.0
2023-01-07,160,Stoomtrein Ruigrijk,19.0,30.0,99.0
2023-01-07,160,Symbolica,38.0,50.0,99.0
2023-01-07,160,Symbolica Single-rider,9.0,20.0,99.0
2023-01-07,160,The Six Swans,9.0,25.0,94.0
2023-01-07,160,Villa Volta,11.0,30.0,100.0
2023-01-07,160,Vogel Rok,21.0,35.0,100.0
2023-01-07,160,Volkvanlaaf,,,99.0
2023-01-08,160,Anton Pieck Plein,,,99.0
2023-01-08,160,Archipel,,,70.0
2023-01-08,160,Badhuys indoor splash pool,,,100.0
2023-01-08,160,Baron 1898,24.0,40.0,100.0
2023-01-08,160,Baron 1898 Single-rider,21.0,45.0,97.0
2023-01-08,160,Carnaval Festival,16.0,30.0,100.0
2023-01-08,160,De Oude Tufferbaan,22.0,35.0,100.0
2023-01-08,160,De Vliegende Hollander,29.0,40.0,99.0
2023-01-08,160,De Vliegende Hollander Single-rider,16.0,30.0,73.0
2023-01-08,160,Diorama,,,100.0
2023-01-08,160,Droomvlucht,,,0.0
2023-01-08,160,Droomvlucht VR,,,0.0
2023-01-08,160,Efteling Museum,,,89.0
2023-01-08,160,Fabula,10.0,20.0,100.0
2023-01-08,160,Fairytale Forest,,,99.0
2023-01-08,160,Fata Morgana,18.0,30.0,100.0
2023-01-08,160,Gondoletta,9.0,20.0,58.0
2023-01-08,160,Halve Maen,11.0,20.0,99.0
2023-01-08,160,Joris en de Draak,,,0.0
2023-01-08,160,Joris en de Draak Single-rider,,,0.0
2023-01-08,160,Kinderspoor,17.0,20.0,99.0
2023-01-08,160,Kindervreugd,,,99.0
2023-01-08,160,Kleuterhof,,,100.0
2023-01-08,160,Max & Moritz,10.0,20.0,100.0
2023-01-08,160,Max & Moritz Single-rider,5.0,15.0,91.0
2023-01-08,160,Monorail,11.0,20.0,99.0
2023-01-08,160,Nest!,,,99.0
2023-01-08,160,Pagode,6.0,15.0,99.0
2023-01-08,160,Piraña,6.0,10.0,99.0
2023-01-08,160,Python,18.0,25.0,100.0
2023-01-08,160,Python Single-rider,14.0,25.0,77.0
2023-01-08,160,Sirocco,10.0,20.0,100.0
2023-01-08,160,Stoomcarrousel,,,100.0
2023-01-08,160,Stoomtrein Marerijk,18.0,25.0,99.0
2023-01-08,160,Stoomtrein Ruigrijk,18.0,25.0,99.0
2023-01-08,160,Symbolica,31.0,50.0,99.0
2023-01-08,160,Symbolica Single-rider,9.0,15.0,99.0
2023-01-08,160,The Six Swans,7.0,15.0,100.0
2023-01-08,160,Villa Volta,11.0,30.0,100.0
2023-01-08,160,Vogel Rok,14.0,30.0,100.0
2023-01-08,160,Volkvanlaaf,,,99.0
2023-01-09,160,Anton Pieck Plein,,,100.0
2023-01-09,160,Archipel,,,82.0
2023-01-09,160,Badhuys indoor splash pool,,,42.0
2023-01-09,160,Baron 1898,12.0,30.0,100.0
2023-01-09,160,Baron 1898 Single-rider,9.0,15.0,30.0
2023-01-09,160,Carnaval Festival,5.0,10.0,100.0
2023-01-09,160,De Oude Tufferbaan,5.0,10.0,84.0
2023-01-09,160,De Vliegende Hollander,,,0.0
2023-01-09,160,De Vliegende Hollander Single-rider,,,0.0
2023-01-09,160,Diorama,,,100.0
2023-01-09,160,Droomvlucht,,,0.0
2023-01-09,160,Droomvlucht VR,,,0.0
2023-01-09,160,Efteling Museum,,,86.0
2023-01-09,160,Fabula,10.0,10.0,100.0
2023-01-09,160,Fairytale Forest,,,100.0
2023-01-09,160,Fata Morgana,8.0,25.0,100.0
2023-01-09,160,Gondoletta,,,76.0
2023-01-09,160,Halve Maen,5.0,5.0,100.0
2023-01-09,160,Joris en de Draak,11.0,30.0,100.0
2023-01-09,160,Joris en de Draak Single-rider,,,0.0
2023-01-09,160,Kinderspoor,,,100.0
2023-01-09,160,Kindervreugd,,,100.0
2023-01-09,160,Kleuterhof,,,100.0
2023-01-09,160,Max & Moritz,5.0,5.0,100.0
2023-01-09,160,Max & Moritz Single-rider,,,0.0
2023-01-09,160,Monorail,,,100.0
2023-01-09,160,Nest!,,,100.0
2023-01-09,160,Pagode,5.0,5.0,100.0
2023-01-09,160,Piraña,,,0.0
2023-01-09,160,Python,14.0,25.0,100.0
2023-01-09,160,Python Single-rider,,,0.0
2023-01-09,160,Sirocco,5.0,5.0,100.0
2023-01-09,160,Stoomcarrousel,,,100.0
2023-01-09,160,Stoomtrein Marerijk,25.0,25.0,97.0
2023-01-09,160,Stoomtrein Ruigrijk,25.0,25.0,91.0
2023-01-09,160,Symbolica,15.0,25.0,100.0
2023-01-09,160,Symbolica Single-rider,,,0.0
2023-01-09,160,The Six Swans,,,91.0
2023-01-09,160,Villa Volta,5.0,5.0,100.0
2023-01-09,160,Vogel Rok,5.0,15.0,100.0
2023-01-09,160,Volkvanlaaf,,,100.0
2023-01-10,160,Anton Pieck Plein,,,99.0
2023-01-10,160,Archipel,,,83.0
2023-01-10,160,Badhuys indoor splash pool,,,42.0
2023-01-10,160,Baron 1898,5.0,5.0,100.0
2023-01-10,160,Baron 1898 Single-rider,,,0.0
2023-01-10,160,Carnaval Festival,,,100.0
2023-01-10,160,De Oude Tufferbaan,5.0,5.0,100.0
2023-01-10,160,De Vliegende Hollander,,,0.0
2023-01-10,160,De Vliegende Hollander Single-rider,,,0.0
2023-01-10,160,Diorama,,,100.0
2023-01-10,160,Droomvlucht,,,0.0
2023-01-10,160,Droomvlucht VR,,,0.0
2023-01-10,160,Efteling Museum,,,86.0
2023-01-10,160,Fabula,10.0,10.0,99.0
2023-01-10,160,Fairytale Forest,,,99.0
2023-01-10,160,Fata Morgana,5.0,5.0,100.0
2023-01-10,160,Gondoletta,,,78.0
2023-01-10,160,Halve Maen,5.0,5.0,88.0
2023-01-10,160,Joris en de Draak,5.0,10.0,100.0
2023-01-10,160,Joris en de Draak Single-rider,,,0.0
2023-01-10,160,Kinderspoor,,,99.0
2023-01-10,160,Kindervreugd,,,99.0
2023-01-10,160,Kleuterhof,,,100.0
2023-01-10,160,Max & Moritz,5.0,5.0,97.0
2023-01-10,160,Max & Moritz Single-rider,,,0.0
2023-01-10,160,Monorail,,,99.0
2023-01-10,160,Nest!,,,99.0
2023-01-10,160,Pagode,5.0,5.0,86.0
2023-01-10,160,Piraña,,,0.0
2023-01-10,160,Python,8.0,15.0,95.0
2023-01-10,160,Python Single-rider,,,0.0
2023-01-10,160,Sirocco,,,100.0
2023-01-10,160,Stoomcarrousel,,,100.0
2023-01-10,160,Stoomtrein Marerijk,25.0,25.0,99.0
2023-01-10,160,Stoomtrein Ruigrijk,25.0,25.0,99.0
2023-01-10,160,Symbolica,5.0,15.0,99.0
2023-01-10,160,Symbolica Single-rider,,,0.0
2023-01-10,160,The Six Swans,,,83.0
2023-01-10,160,Villa Volta,5.0,5.0,100.0
2023-01-10,160,Vogel Rok,5.0,5.0,100.0
2023-01-10,160,Volkvanlaaf,,,99.0
2023-01-11,160,Anton Pieck Plein,,,99.0
2023-01-11,160,Archipel,,,91.0
2023-01-11,160,Badhuys indoor splash pool,,,42.0
2023-01-11,160,Baron 1898,8.0,15.0,42.0
2023-01-11,160,Baron 1898 Single-rider,,,0.0
2023-01-11,160,Carnaval Festival,5.0,5.0,100.0
2023-01-11,160,De Oude Tufferbaan,6.0,10.0,100.0
2023-01-11,160,De Vliegende Hollander,,,0.0
2023-01-11,160,De Vliegende Hollander Single-rider,,,0.0
2023-01-11,160,Diorama,,,100.0
2023-01-11,160,Droomvlucht,,,0.0
2023-01-11,160,Droomvlucht VR,,,0.0
2023-01-11,160,Efteling Museum,,,85.0
2023-01-11,160,Fabula,10.0,10.0,99.0
2023-01-11,160,Fairytale Forest,,,99.0
2023-01-11,160,Fata Morgana,5.0,55.0,100.0
2023-01-11,160,Gondoletta,,,59.0
2023-01-11,160,Halve Maen,5.0,5.0,99.0
2023-01-11,160,Joris en de Draak,5.0,10.0,100.0
2023-01-11,160,Joris en de Draak Single-rider,,,0.0
2023-01-11,160,Kinderspoor,,,99.0
2023-01-11,160,Kindervreugd,,,99.0
2023-01-11,160,Kleuterhof,,,100.0
2023-01-11,160,Max & Moritz,5.0,5.0,100.0
2023-01-11,160,Max & Moritz Single-rider,,,0.0
2023-01-11,160,Monorail,,,99.0
2023-01-11,160,Nest!,,,99.0
2023-01-11,160,Pagode,5.0,5.0,99.0
2023-01-11,160,Piraña,,,0.0
2023-01-11,160,Python,5.0,5.0,96.0
2023-01-11,160,Python Single-rider,,,0.0
2023-01-11,160,Sirocco,5.0,5.0,100.0
2023-01-11,160,Stoomcarrousel,,,100.0
2023-01-11,160,Stoomtrein Marerijk,25.0,25.0,100.0
2023-01-11,160,Stoomtrein Ruigrijk,25.0,25.0,100.0
2023-01-11,160,Symbolica,9.0,10.0,98.0
2023-01-11,160,Symbolica Single-rider,,,0.0
2023-01-11,160,The Six Swans,5.0,5.0,91.0
2023-01-11,160,Villa Volta,5.0,5.0,100.0
2023-01-11,160,Vogel Rok,5.0,5.0,100.0
2023-01-11,160,Volkvanlaaf,,,99.0
2023-01-12,160,Anton Pieck Plein,,,99.0
2023-01-12,160,Archipel,,,84.0
2023-01-12,160,Badhuys indoor splash pool,,,42.0
2023-01-12,160,Baron 1898,5.0,5.0,51.0
2023-01-12,160,Baron 1898 Single-rider,,,0.0
2023-01-12,160,Carnaval Festival,,,100.0
2023-01-12,160,De Oude Tufferbaan,,,73.0
2023-01-12,160,De Vliegende Hollander,,,0.0
2023-01-12,160,De Vliegende Hollander Single-rider,,,0.0
2023-01-12,160,Diorama,,,100.0
2023-01-12,160,Droomvlucht,,,0.0
2023-01-12,160,Droomvlucht VR,,,0.0
2023-01-12,160,Efteling Museum,,,85.0
2023-01-12,160,Fabula,10.0,10.0,100.0
2023-01-12,160,Fairytale Forest,,,99.0
2023-01-12,160,Fata Morgana,5.0,5.0,100.0
2023-01-12,160,Gondoletta,,,35.0
2023-01-12,160,Halve Maen,,,0.0
2023-01-12,160,Joris en de Draak,5.0,5.0,96.0
2023-01-12,160,Joris en de Draak Single-rider,,,0.0
2023-01-12,160,Kinderspoor,,,99.0
2023-01-12,160,Kindervreugd,,,99.0
2023-01-12,160,Kleuterhof,,,100.0
2023-01-12,160,Max & Moritz,5.0,5.0,100.0
2023-01-12,160,Max & Moritz Single-rider,,,0.0
2023-01-12,160,Monorail,,,99.0
2023-01-12,160,Nest!,,,99.0
2023-01-12,160,Pagode,5.0,5.0,71.0
2023-01-12,160,Piraña,,,0.0
2023-01-12,160,Python,,,100.0
2023-01-12,160,Python Single-rider,,,0.0
2023-01-12,160,Sirocco,5.0,5.0,100.0
2023-01-12,160,Stoomcarrousel,,,54.0
2023-01-12,160,Stoomtrein Marerijk,,,95.0
2023-01-12,160,Stoomtrein Ruigrijk,,,95.0
2023-01-12,160,Symbolica,5.0,5.0,99.0
2023-01-12,160,Symbolica Single-rider,,,0.0
2023-01-12,160,The Six Swans,5.0,5.0,84.0
2023-01-12,160,Villa Volta,5.0,5.0,100.0
2023-01-12,160,Vogel Rok,5.0,5.0,100.0
2023-01-12,160,Volkvanlaaf,,,99.0
2023-01-13,160,Anton Pieck Plein,,,99.0
2023-01-13,160,Archipel,,,83.0
2023-01-13,160,Badhuys indoor splash pool,,,42.0
2023-01-13,160,Baron 1898,6.0,15.0,67.0
2023-01-13,160,Baron 1898 Single-rider,,,0.0
2023-01-13,160,Carnaval Festival,5.0,5.0,100.0
2023-01-13,160,De Oude Tufferbaan,5.0,10.0,100.0
2023-01-13,160,De Vliegende Hollander,,,0.0
2023-01-13,160,De Vliegende Hollander Single-rider,,,0.0
2023-01-13,160,Diorama,,,100.0
2023-01-13,160,Droomvlucht,,,0.0
2023-01-13,160,Droomvlucht VR,,,0.0
2023-01-13,160,Efteling Museum,,,85.0
2023-01-13,160,Fabula,10.0,10.0,99.0
2023-01-13,160,Fairytale Forest,,,99.0
2023-01-13,160,Fata Morgana,5.0,5.0,100.0
2023-01-13,160,Gondoletta,,,78.0
2023-01-13,160,Halve Maen,5.0,5.0,99.0
2023-01-13,160,Joris en de Draak,5.0,10.0,97.0
2023-01-13,160,Joris en de Draak Single-rider,,,0.0
2023-01-13,160,Kinderspoor,,,99.0
2023-01-13,160,Kindervreugd,,,99.0
2023-01-13,160,Kleuterhof,,,100.0
2023-01-13,160,Max & Moritz,5.0,5.0,100.0
2023-01-13,160,Max & Moritz Single-rider,,,0.0
2023-01-13,160,Monorail,,,99.0
2023-01-13,160,Nest!,,,99.0
2023-01-13,160,Pagode,5.0,5.0,84.0
2023-01-13,160,Piraña,,,0.0
2023-01-13,160,Python,5.0,10.0,100.0
2023-01-13,160,Python Single-rider,,,0.0
2023-01-13,160,Sirocco,5.0,5.0,100.0
2023-01-13,160,Stoomcarrousel,,,100.0
2023-01-13,160,Stoomtrein Marerijk,25.0,25.0,99.0
2023-01-13,160,Stoomtrein Ruigrijk,25.0,25.0,99.0
2023-01-13,160,Symbolica,9.0,20.0,100.0
2023-01-13,160,Symbolica Single-rider,5.0,5.0,99.0
2023-01-13,160,The Six Swans,5.0,5.0,92.0
2023-01-13,160,Villa Volta,5.0,5.0,100.0
2023-01-13,160,Vogel Rok,5.0,5.0,100.0
2023-01-13,160,Volkvanlaaf,,,99.0
2023-01-14,160,Anton Pieck Plein,,,99.0
2023-01-14,160,Archipel,,,73.0
2023-01-14,160,Badhuys indoor splash pool,,,100.0
2023-01-14,160,Baron 1898,6.0,15.0,100.0
2023-01-14,160,Baron 1898 Single-rider,5.0,5.0,4.0
2023-01-14,160,Carnaval Festival,7.0,15.0,100.0
2023-01-14,160,De Oude Tufferbaan,8.0,20.0,74.0
2023-01-14,160,De Vliegende Hollander,,,0.0
2023-01-14,160,De Vliegende Hollander Single-rider,,,0.0
2023-01-14,160,Diorama,,,100.0
2023-01-14,160,Droomvlucht,,,0.0
2023-01-14,160,Droomvlucht VR,,,0.0
2023-01-14,160,Efteling Museum,,,87.0
2023-01-14,160,Fabula,10.0,10.0,100.0
2023-01-14,160,Fairytale Forest,,,99.0
2023-01-14,160,Fata Morgana,8.0,30.0,100.0
2023-01-14,160,Gondoletta,,,68.0
2023-01-14,160,Halve Maen,5.0,5.0,80.0
2023-01-14,160,Joris en de Draak,8.0,20.0,100.0
2023-01-14,160,Joris en de Draak Single-rider,5.0,5.0,25.0
2023-01-14,160,Kinderspoor,,,99.0
2023-01-14,160,Kindervreugd,,,99.0
2023-01-14,160,Kleuterhof,,,100.0
2023-01-14,160,Max & Moritz,5.0,5.0,100.0
2023-01-14,160,Max & Moritz Single-rider,,,0.0
2023-01-14,160,Monorail,5.0,5.0,99.0
2023-01-14,160,Nest!,,,99.0
2023-01-14,160,Pagode,5.0,5.0,64.0
2023-01-14,160,Piraña,,,0.0
2023-01-14,160,Python,7.0,15.0,100.0
2023-01-14,160,Python Single-rider,,,0.0
2023-01-14,160,Sirocco,5.0,5.0,100.0
2023-01-14,160,Stoomcarrousel,5.0,5.0,100.0
2023-01-14,160,Stoomtrein Marerijk,25.0,25.0,96.0
2023-01-14,160,Stoomtrein Ruigrijk,25.0,25.0,96.0
2023-01-14,160,Symbolica,18.0,30.0,99.0
2023-01-14,160,Symbolica Single-rider,5.0,5.0,99.0
2023-01-14,160,The Six Swans,5.0,5.0,73.0
2023-01-14,160,Villa Volta,5.0,5.0,100.0
2023-01-14,160,Vogel Rok,7.0,10.0,100.0
2023-01-14,160,Volkvanlaaf,,,99.0
2023-01-15,160,Anton Pieck Plein,,,100.0
2023-01-15,160,Archipel,,,77.0
2023-01-15,160,Badhuys indoor splash pool,,,100.0
2023-01-15,160,Baron 1898,16.0,35.0,95.0
2023-01-15,160,Baron 1898 Single-rider,11.0,25.0,73.0
2023-01-15,160,Carnaval Festival,16.0,25.0,100.0
2023-01-15,160,De Oude Tufferbaan,16.0,25.0,96.0
2023-01-15,160,De Vliegende Hollander,,,0.0
2023-01-15,160,De Vliegende Hollander Single-rider,,,0.0
2023-01-15,160,Diorama,,,100.0
2023-01-15,160,Droomvlucht,,,0.0
2023-01-15,160,Droomvlucht VR,,,0.0
2023-01-15,160,Efteling Museum,,,88.0
2023-01-15,160,Fabula,10.0,10.0,100.0
2023-01-15,160,Fairytale Forest,,,100.0
2023-01-15,160,Fata Morgana,14.0,30.0,100.0
2023-01-15,160,Gondoletta,,,68.0
2023-01-15,160,Halve Maen,8.0,10.0,100.0
2023-01-15,160,Joris en de Draak,17.0,40.0,98.0
2023-01-15,160,Joris en de Draak Single-rider,8.0,30.0,93.0
2023-01-15,160,Kinderspoor,10.0,10.0,100.0
2023-01-15,160,Kindervreugd,,,100.0
2023-01-15,160,Kleuterhof,,,100.0
2023-01-15,160,Max & Moritz,6.0,15.0,100.0
2023-01-15,160,Max & Moritz Single-rider,5.0,5.0,100.0
2023-01-15,160,Monorail,5.0,10.0,100.0
2023-01-15,160,Nest!,,,100.0
2023-01-15,160,Pagode,,,6.0
2023-01-15,160,Piraña,,,0.0
2023-01-15,160,Python,22.0,40.0,93.0
2023-01-15,160,Python Single-rider,,,0.0
2023-01-15,160,Sirocco,9.0,15.0,98.0
2023-01-15,160,Stoomcarrousel,,,100.0
2023-01-15,160,Stoomtrein Marerijk,26.0,30.0,98.0
2023-01-15,160,Stoomtrein Ruigrijk,26.0,30.0,98.0
2023-01-15,160,Symbolica,29.0,40.0,87.0
2023-01-15,160,Symbolica Single-rider,8.0,35.0,86.0
2023-01-15,160,The Six Swans,8.0,15.0,97.0
2023-01-15,160,Villa Volta,8.0,20.0,100.0
2023-01-15,160,Vogel Rok,9.0,20.0,100.0
2023-01-15,160,Volkvanlaaf,,,100.0
2023-01-16,160,Anton Pieck Plein,,,99.0
2023-01-16,160,Archipel,,,85.0
2023-01-16,160,Badhuys indoor splash pool,,,42.0
2023-01-16,160,Baron 1898,5.0,5.0,100.0
2023-01-16,160,Baron 1898 Single-rider,,,0.0
2023-01-16,160,Carnaval Festival,,,100.0
2023-01-16,160,De Oude Tufferbaan,5.0,5.0,79.0
2023-01-16,160,De Vliegende Hollander,,,0.0
2023-01-16,160,De Vliegende Hollander Single-rider,,,0.0
2023-01-16,160,Diorama,,,100.0
2023-01-16,160,Droomvlucht,,,0.0
2023-01-16,160,Droomvlucht VR,,,0.0
2023-01-16,160,Efteling Museum,,,85.0
2023-01-16,160,Fabula,10.0,10.0,99.0
2023-01-16,160,Fairytale Forest,,,99.0
2023-01-16,160,Fata Morgana,,,100.0
2023-01-16,160,Gondoletta,,,78.0
2023-01-16,160,Halve Maen,5.0,5.0,99.0
2023-01-16,160,Joris en de Draak,5.0,10.0,85.0
2023-01-16,160,Joris en de Draak Single-rider,,,0.0
2023-01-16,160,Kinderspoor,5.0,5.0,99.0
2023-01-16,160,Kindervreugd,,,99.0
2023-01-16,160,Kleuterhof,,,100.0
2023-01-16,160,Max & Moritz,5.0,5.0,100.0
2023-01-16,160,Max & Moritz Single-rider,,,0.0
2023-01-16,160,Monorail,,,99.0
2023-01-16,160,Nest!,,,99.0
2023-01-16,160,Pagode,5.0,5.0,60.0
2023-01-16,160,Piraña,,,0.0
2023-01-16,160,Python,5.0,10.0,99.0
2023-01-16,160,Python Single-rider,,,0.0
2023-01-16,160,Sirocco,5.0,5.0,95.0
2023-01-16,160,Stoomcarrousel,,,100.0
2023-01-16,160,Stoomtrein Marerijk,25.0,25.0,100.0
2023-01-16,160,Stoomtrein Ruigrijk,25.0,25.0,99.0
2023-01-16,160,Symbolica,6.0,25.0,99.0
2023-01-16,160,Symbolica Single-rider,,,0.0
2023-01-16,160,The Six Swans,5.0,5.0,85.0
2023-01-16,160,Villa Volta,,,0.0
2023-01-16,160,Vogel Rok,5.0,5.0,100.0
2023-01-16,160,Volkvanlaaf,,,99.0
2023-01-17,160,Anton Pieck Plein,,,99.0
2023-01-17,160,Archipel,,,86.0
2023-01-17,160,Badhuys indoor splash pool,,,42.0
2023-01-17,160,Baron 1898,6.0,50.0,83.0
2023-01-17,160,Baron 1898 Single-rider,,,0.0
2023-01-17,160,Carnaval Festival,,,100.0
2023-01-17,160,De Oude Tufferbaan,5.0,5.0,99.0
2023-01-17,160,De Vliegende Hollander,,,0.0
2023-01-17,160,De Vliegende Hollander Single-rider,,,0.0
2023-01-17,160,Diorama,,,100.0
2023-01-17,160,Droomvlucht,,,0.0
2023-01-17,160,Droomvlucht VR,,,0.0
2023-01-17,160,Efteling Museum,,,85.0
2023-01-17,160,Fabula,10.0,10.0,100.0
2023-01-17,160,Fairytale Forest,,,99.0
2023-01-17,160,Fata Morgana,5.0,5.0,100.0
2023-01-17,160,Gondoletta,5.0,5.0,79.0
2023-01-17,160,Halve Maen,5.0,5.0,99.0
2023-01-17,160,Joris en de Draak,,,0.0
2023-01-17,160,Joris en de Draak Single-rider,,,0.0
2023-01-17,160,Kinderspoor,,,99.0
2023-01-17,160,Kindervreugd,,,99.0
2023-01-17,160,Kleuterhof,,,100.0
2023-01-17,160,Max & Moritz,5.0,10.0,96.0
2023-01-17,160,Max & Moritz Single-rider,,,0.0
2023-01-17,160,Monorail,,,99.0
2023-01-17,160,Nest!,,,99.0
2023-01-17,160,Pagode,5.0,5.0,91.0
2023-01-17,160,Piraña,,,0.0
2023-01-17,160,Python,5.0,5.0,94.0
2023-01-17,160,Python Single-rider,,,0.0
2023-01-17,160,Sirocco,5.0,5.0,100.0
2023-01-17,160,Stoomcarrousel,,,100.0
2023-01-17,160,Stoomtrein Marerijk,25.0,25.0,100.0
2023-01-17,160,Stoomtrein Ruigrijk,25.0,25.0,100.0
2023-01-17,160,Symbolica,9.0,20.0,92.0
2023-01-17,160,Symbolica Single-rider,,,0.0
2023-01-17,160,The Six Swans,,,92.0
2023-01-17,160,Villa Volta,,,0.0
2023-01-17,160,Vogel Rok,5.0,5.0,100.0
2023-01-17,160,Volkvanlaaf,,,99.0
2023-01-18,160,Anton Pieck Plein,,,99.0
2023-01-18,160,Archipel,,,88.0
2023-01-18,160,Badhuys indoor splash pool,,,42.0
2023-01-18,160,Baron 1898,10.0,20.0,59.0
2023-01-18,160,Baron 1898 Single-rider,5.0,10.0,26.0
2023-01-18,160,Carnaval Festival,5.0,5.0,100.0
2023-01-18,160,De Oude Tufferbaan,5.0,10.0,89.0
2023-01-18,160,De Vliegende Hollander,,,0.0
2023-01-18,160,De Vliegende Hollander Single-rider,,,0.0
2023-01-18,160,Diorama,,,100.0
2023-01-18,160,Droomvlucht,,,0.0
2023-01-18,160,Droomvlucht VR,,,0.0
2023-01-18,160,Efteling Museum,,,85.0
2023-01-18,160,Fabula,10.0,10.0,99.0
2023-01-18,160,Fairytale Forest,,,99.0
2023-01-18,160,Fata Morgana,5.0,10.0,100.0
2023-01-18,160,Gondoletta,,,80.0
2023-01-18,160,Halve Maen,5.0,5.0,100.0
2023-01-18,160,Joris en de Draak,,,0.0
2023-01-18,160,Joris en de Draak Single-rider,,,0.0
2023-01-18,160,Kinderspoor,,,99.0
2023-01-18,160,Kindervreugd,,,99.0
2023-01-18,160,Kleuterhof,,,99.0
2023-01-18,160,Max & Moritz,5.0,5.0,97.0
2023-01-18,160,Max & Moritz Single-rider,,,0.0
2023-01-18,160,Monorail,,,99.0
2023-01-18,160,Nest!,,,99.0
2023-01-18,160,Pagode,5.0,5.0,99.0
2023-01-18,160,Piraña,,,0.0
2023-01-18,160,Python,6.0,20.0,92.0
2023-01-18,160,Python Single-rider,,,0.0
2023-01-18,160,Sirocco,5.0,5.0,100.0
2023-01-18,160,Stoomcarrousel,,,100.0
2023-01-18,160,Stoomtrein Marerijk,25.0,25.0,99.0
2023-01-18,160,Stoomtrein Ruigrijk,25.0,25.0,99.0
2023-01-18,160,Symbolica,8.0,15.0,100.0
2023-01-18,160,Symbolica Single-rider,,,0.0
2023-01-18,160,The Six Swans,,,88.0
2023-01-18,160,Villa Volta,,,0.0
2023-01-18,160,Vogel Rok,5.0,5.0,100.0
2023-01-18,160,Volkvanlaaf,,,99.0
2023-01-19,160,Anton Pieck Plein,,,99.0
2023-01-19,160,Archipel,,,84.0
2023-01-19,160,Badhuys indoor splash pool,,,42.0
2023-01-19,160,Baron 1898,5.0,5.0,98.0
2023-01-19,160,Baron 1898 Single-rider,,,0.0
2023-01-19,160,Carnaval Festival,,,100.0
2023-01-19,160,De Oude Tufferbaan,5.0,5.0,99.0
2023-01-19,160,De Vliegende Hollander,,,0.0
2023-01-19,160,De Vliegende Hollander Single-rider,,,0.0
2023-01-19,160,Diorama,,,100.0
2023-01-19,160,Droomvlucht,,,0.0
2023-01-19,160,Droomvlucht VR,,,0.0
2023-01-19,160,Efteling Museum,,,85.0
2023-01-19,160,Fabula,10.0,10.0,99.0
2023-01-19,160,Fairytale Forest,,,99.0
2023-01-19,160,Fata Morgana,,,100.0
2023-01-19,160,Gondoletta,,,79.0
2023-01-19,160,Halve Maen,,,99.0
2023-01-19,160,Joris en de Draak,,,0.0
2023-01-19,160,Joris en de Draak Single-rider,,,0.0
2023-01-19,160,Kinderspoor,,,98.0
2023-01-19,160,Kindervreugd,,,99.0
2023-01-19,160,Kleuterhof,,,100.0
2023-01-19,160,Max & Moritz,5.0,5.0,97.0
2023-01-19,160,Max & Moritz Single-rider,,,0.0
2023-01-19,160,Monorail,,,99.0
2023-01-19,160,Nest!,,,99.0
2023-01-19,160,Pagode,5.0,5.0,89.0
2023-01-19,160,Piraña,,,0.0
2023-01-19,160,Python,5.0,10.0,69.0
2023-01-19,160,Python Single-rider,,,0.0
2023-01-19,160,Sirocco,5.0,5.0,100.0
2023-01-19,160,Stoomcarrousel,,,100.0
2023-01-19,160,Stoomtrein Marerijk,,,99.0
2023-01-19,160,Stoomtrein Ruigrijk,25.0,25.0,99.0
2023-01-19,160,Symbolica,6.0,10.0,99.0
2023-01-19,160,Symbolica Single-rider,,,0.0
2023-01-19,160,The Six Swans,5.0,5.0,84.0
2023-01-19,160,Villa Volta,,,0.0
2023-01-19,160,Vogel Rok,5.0,5.0,100.0
2023-01-19,160,Volkvanlaaf,,,99.0
2023-01-20,160,Anton Pieck Plein,,,99.0
2023-01-20,160,Archipel,,,0.0
2023-01-20,160,Badhuys indoor splash pool,,,42.0
2023-01-20,160,Baron 1898,5.0,5.0,5.0
2023-01-20,160,Baron 1898 Single-rider,,,0.0
2023-01-20,160,Carnaval Festival,,,100.0
2023-01-20,160,De Oude Tufferbaan,,,0.0
2023-01-20,160,De Vliegende Hollander,,,0.0
2023-01-20,160,De Vliegende Hollander Single-rider,,,0.0
2023-01-20,160,Diorama,,,100.0
2023-01-20,160,Droomvlucht,,,0.0
2023-01-20,160,Droomvlucht VR,,,0.0
2023-01-20,160,Efteling Museum,,,86.0
2023-01-20,160,Fabula,10.0,10.0,99.0
2023-01-20,160,Fairytale Forest,,,99.0
2023-01-20,160,Fata Morgana,,,100.0
2023-01-20,160,Gondoletta,,,86.0
2023-01-20,160,Halve Maen,,,20.0
2023-01-20,160,Joris en de Draak,,,0.0
2023-01-20,160,Joris en de Draak Single-rider,,,0.0
2023-01-20,160,Kinderspoor,,,58.0
2023-01-20,160,Kindervreugd,,,99.0
2023-01-20,160,Kleuterhof,,,100.0
2023-01-20,160,Max & Moritz,,,0.0
2023-01-20,160,Max & Moritz Single-rider,,,0.0
2023-01-20,160,Monorail,,,20.0
2023-01-20,160,Nest!,,,99.0
2023-01-20,160,Pagode,5.0,5.0,89.0
2023-01-20,160,Piraña,,,0.0
2023-01-20,160,Python,,,20.0
2023-01-20,160,Python Single-rider,,,0.0
2023-01-20,160,Sirocco,5.0,5.0,100.0
2023-01-20,160,Stoomcarrousel,,,100.0
2023-01-20,160,Stoomtrein Marerijk,25.0,25.0,99.0
2023-01-20,160,Stoomtrein Ruigrijk,25.0,25.0,96.0
2023-01-20,160,Symbolica,5.0,5.0,99.0
2023-01-20,160,Symbolica Single-rider,,,0.0
2023-01-20,160,The Six Swans,5.0,5.0,97.0
2023-01-20,160,Villa Volta,,,0.0
2023-01-20,160,Vogel Rok,5.0,5.0,91.0
2023-01-20,160,Volkvanlaaf,,,99.0
2023-01-21,160,Anton Pieck Plein,,,99.0
2023-01-21,160,Archipel,,,0.0
2023-01-21,160,Badhuys indoor splash pool,,,100.0
2023-01-21,160,Baron 1898,40.0,60.0,82.0
2023-01-21,160,Baron 1898 Single-rider,29.0,45.0,79.0
2023-01-21,160,Carnaval Festival,26.0,40.0,100.0
2023-01-21,160,De Oude Tufferbaan,15.0,25.0,51.0
2023-01-21,160,De Vliegende Hollander,,,0.0
2023-01-21,160,De Vliegende Hollander Single-rider,,,0.0
2023-01-21,160,Diorama,,,99.0
2023-01-21,160,Droomvlucht,,,0.0
2023-01-21,160,Droomvlucht VR,,,0.0
2023-01-21,160,Efteling Museum,,,88.0
2023-01-21,160,Fabula,10.0,10.0,99.0
2023-01-21,160,Fairytale Forest,,,99.0
2023-01-21,160,Fata Morgana,29.0,45.0,100.0
2023-01-21,160,Gondoletta,12.0,20.0,38.0
2023-01-21,160,Halve Maen,12.0,20.0,100.0
2023-01-21,160,Joris en de Draak,,,0.0
2023-01-21,160,Joris en de Draak Single-rider,,,0.0
2023-01-21,160,Kinderspoor,6.0,15.0,99.0
2023-01-21,160,Kindervreugd,,,99.0
2023-01-21,160,Kleuterhof,,,100.0
2023-01-21,160,Max & Moritz,12.0,30.0,10.0
2023-01-21,160,Max & Moritz Single-rider,,,0.0
2023-01-21,160,Monorail,27.0,45.0,99.0
2023-01-21,160,Nest!,,,41.0
2023-01-21,160,Pagode,19.0,35.0,68.0
2023-01-21,160,Piraña,,,0.0
2023-01-21,160,Python,35.0,50.0,99.0
2023-01-21,160,Python Single-rider,33.0,50.0,69.0
2023-01-21,160,Sirocco,14.0,20.0,100.0
2023-01-21,160,Stoomcarrousel,15.0,15.0,99.0
2023-01-21,160,Stoomtrein Marerijk,31.0,50.0,99.0
2023-01-21,160,Stoomtrein Ruigrijk,31.0,50.0,99.0
2023-01-21,160,Symbolica,42.0,50.0,99.0
2023-01-21,160,Symbolica Single-rider,15.0,20.0,98.0
2023-01-21,160,The Six Swans,8.0,20.0,96.0
2023-01-21,160,Villa Volta,16.0,40.0,100.0
2023-01-21,160,Vogel Rok,27.0,45.0,100.0
2023-01-21,160,Volkvanlaaf,,,99.0
2023-01-22,160,Anton Pieck Plein,,,99.0
2023-01-22,160,Archipel,,,0.0
2023-01-22,160,Badhuys indoor splash pool,,,100.0
2023-01-22,160,Baron 1898,37.0,65.0,100.0
2023-01-22,160,Baron 1898 Single-rider,29.0,45.0,98.0
2023-01-22,160,Carnaval Festival,35.0,45.0,92.0
2023-01-22,160,De Oude Tufferbaan,17.0,45.0,99.0
2023-01-22,160,De Vliegende Hollander,,,0.0
2023-01-22,160,De Vliegende Hollander Single-rider,,,0.0
2023-01-22,160,Diorama,,,99.0
2023-01-22,160,Droomvlucht,,,0.0
2023-01-22,160,Droomvlucht VR,,,0.0
2023-01-22,160,Efteling Museum,,,89.0
2023-01-22,160,Fabula,14.0,20.0,100.0
2023-01-22,160,Fairytale Forest,,,99.0
2023-01-22,160,Fata Morgana,31.0,65.0,100.0
2023-01-22,160,Gondoletta,5.0,5.0,72.0
2023-01-22,160,Halve Maen,10.0,15.0,99.0
2023-01-22,160,Joris en de Draak,,,0.0
2023-01-22,160,Joris en de Draak Single-rider,,,0.0
2023-01-22,160,Kinderspoor,9.0,10.0,99.0
2023-01-22,160,Kindervreugd,,,99.0
2023-01-22,160,Kleuterhof,,,99.0
2023-01-22,160,Max & Moritz,43.0,60.0,80.0
2023-01-22,160,Max & Moritz Single-rider,35.0,70.0,72.0
2023-01-22,160,Monorail,20.0,30.0,99.0
2023-01-22,160,Nest!,,,13.0
2023-01-22,160,Pagode,16.0,45.0,92.0
2023-01-22,160,Piraña,,,0.0
2023-01-22,160,Python,46.0,60.0,100.0
2023-01-22,160,Python Single-rider,46.0,60.0,77.0
2023-01-22,160,Sirocco,15.0,30.0,100.0
2023-01-22,160,Stoomcarrousel,15.0,15.0,99.0
2023-01-22,160,Stoomtrein Marerijk,25.0,25.0,100.0
2023-01-22,160,Stoomtrein Ruigrijk,25.0,25.0,100.0
2023-01-22,160,Symbolica,52.0,60.0,99.0
2023-01-22,160,Symbolica Single-rider,22.0,40.0,100.0
2023-01-22,160,The Six Swans,14.0,30.0,97.0
2023-01-22,160,Villa Volta,24.0,45.0,100.0
2023-01-22,160,Vogel Rok,29.0,40.0,100.0
2023-01-22,160,Volkvanlaaf,,,99.0
2023-01-23,160,Anton Pieck Plein,,,99.0
2023-01-23,160,Archipel,,,100.0
2023-01-23,160,Badhuys indoor splash pool,,,42.0
2023-01-23,160,Baron 1898,5.0,10.0,94.0
2023-01-23,160,Baron 1898 Single-rider,,,0.0
2023-01-23,160,Carnaval Festival,5.0,5.0,100.0
2023-01-23,160,De Oude Tufferbaan,7.0,15.0,99.0
2023-01-23,160,De Vliegende Hollander,,,0.0
2023-01-23,160,De Vliegende Hollander Single-rider,,,0.0
2023-01-23,160,Diorama,,,100.0
2023-01-23,160,Droomvlucht,,,0.0
2023-01-23,160,Droomvlucht VR,,,0.0
2023-01-23,160,Efteling Museum,,,85.0
2023-01-23,160,Fabula,10.0,10.0,99.0
2023-01-23,160,Fairytale Forest,,,99.0
2023-01-23,160,Fata Morgana,7.0,15.0,100.0
2023-01-23,160,Gondoletta,,,83.0
2023-01-23,160,Halve Maen,5.0,5.0,99.0
2023-01-23,160,Joris en de Draak,,,0.0
2023-01-23,160,Joris en de Draak Single-rider,,,0.0
2023-01-23,160,Kinderspoor,,,99.0
2023-01-23,160,Kindervreugd,,,99.0
2023-01-23,160,Kleuterhof,,,99.0
2023-01-23,160,Max & Moritz,5.0,5.0,100.0
2023-01-23,160,Max & Moritz Single-rider,,,0.0
2023-01-23,160,Monorail,,,99.0
2023-01-23,160,Nest!,,,99.0
2023-01-23,160,Pagode,5.0,5.0,70.0
2023-01-23,160,Piraña,,,0.0
2023-01-23,160,Python,8.0,15.0,99.0
2023-01-23,160,Python Single-rider,,,0.0
2023-01-23,160,Sirocco,5.0,5.0,100.0
2023-01-23,160,Stoomcarrousel,,,100.0
2023-01-23,160,Stoomtrein Marerijk,25.0,25.0,99.0
2023-01-23,160,Stoomtrein Ruigrijk,25.0,25.0,92.0
2023-01-23,160,Symbolica,12.0,20.0,94.0
2023-01-23,160,Symbolica Single-rider,,,0.0
2023-01-23,160,The Six Swans,5.0,5.0,100.0
2023-01-23,160,Villa Volta,5.0,5.0,100.0
2023-01-23,160,Vogel Rok,5.0,5.0,88.0
2023-01-23,160,Volkvanlaaf,,,99.0
2023-01-24,160,Anton Pieck Plein,,,99.0
2023-01-24,160,Archipel,,,86.0
2023-01-24,160,Badhuys indoor splash pool,,,42.0
2023-01-24,160,Baron 1898,5.0,10.0,100.0
2023-01-24,160,Baron 1898 Single-rider,,,0.0
2023-01-24,160,Carnaval Festival,5.0,5.0,100.0
2023-01-24,160,De Oude Tufferbaan,5.0,10.0,95.0
2023-01-24,160,De Vliegende Hollander,,,0.0
2023-01-24,160,De Vliegende Hollander Single-rider,,,0.0
2023-01-24,160,Diorama,,,100.0
2023-01-24,160,Droomvlucht,,,0.0
2023-01-24,160,Droomvlucht VR,,,0.0
2023-01-24,160,Efteling Museum,,,85.0
2023-01-24,160,Fabula,10.0,10.0,99.0
2023-01-24,160,Fairytale Forest,,,99.0
2023-01-24,160,Fata Morgana,5.0,10.0,100.0
2023-01-24,160,Gondoletta,,,83.0
2023-01-24,160,Halve Maen,,,99.0
2023-01-24,160,Joris en de Draak,9.0,15.0,79.0
2023-01-24,160,Joris en de Draak Single-rider,,,0.0
2023-01-24,160,Kinderspoor,,,99.0
2023-01-24,160,Kindervreugd,,,99.0
2023-01-24,160,Kleuterhof,,,100.0
2023-01-24,160,Max & Moritz,5.0,5.0,100.0
2023-01-24,160,Max & Moritz Single-rider,,,0.0
2023-01-24,160,Monorail,,,99.0
2023-01-24,160,Nest!,,,99.0
2023-01-24,160,Pagode,5.0,5.0,100.0
2023-01-24,160,Piraña,,,0.0
2023-01-24,160,Python,5.0,5.0,100.0
2023-01-24,160,Python Single-rider,,,0.0
2023-01-24,160,Sirocco,,,100.0
2023-01-24,160,Stoomcarrousel,,,100.0
2023-01-24,160,Stoomtrein Marerijk,25.0,25.0,99.0
2023-01-24,160,Stoomtrein Ruigrijk,25.0,25.0,99.0
2023-01-24,160,Symbolica,8.0,10.0,78.0
2023-01-24,160,Symbolica Single-rider,,,0.0
2023-01-24,160,The Six Swans,,,86.0
2023-01-24,160,Villa Volta,5.0,5.0,100.0
2023-01-24,160,Vogel Rok,5.0,5.0,100.0
2023-01-24,160,Volkvanlaaf,,,99.0
2023-01-25,160,Anton Pieck Plein,,,99.0
2023-01-25,160,Archipel,,,86.0
2023-01-25,160,Badhuys indoor splash pool,,,42.0
2023-01-25,160,Baron 1898,5.0,5.0,100.0
2023-01-25,160,Baron 1898 Single-rider,,,0.0
2023-01-25,160,Carnaval Festival,5.0,5.0,100.0
2023-01-25,160,De Oude Tufferbaan,5.0,10.0,100.0
2023-01-25,160,De Vliegende Hollander,,,0.0
2023-01-25,160,De Vliegende Hollander Single-rider,,,0.0
2023-01-25,160,Diorama,,,100.0
2023-01-25,160,Droomvlucht,,,0.0
2023-01-25,160,Droomvlucht VR,,,0.0
2023-01-25,160,Efteling Museum,,,85.0
2023-01-25,160,Fabula,10.0,10.0,100.0
2023-01-25,160,Fairytale Forest,,,99.0
2023-01-25,160,Fata Morgana,6.0,10.0,100.0
2023-01-25,160,Gondoletta,,,83.0
2023-01-25,160,Halve Maen,5.0,5.0,99.0
2023-01-25,160,Joris en de Draak,,,0.0
2023-01-25,160,Joris en de Draak Single-rider,,,0.0
2023-01-25,160,Kinderspoor,,,99.0
2023-01-25,160,Kindervreugd,,,99.0
2023-01-25,160,Kleuterhof,,,100.0
2023-01-25,160,Max & Moritz,5.0,10.0,100.0
2023-01-25,160,Max & Moritz Single-rider,,,0.0
2023-01-25,160,Monorail,,,99.0
2023-01-25,160,Nest!,,,99.0
2023-01-25,160,Pagode,5.0,5.0,95.0
2023-01-25,160,Piraña,,,0.0
2023-01-25,160,Python,8.0,10.0,99.0
2023-01-25,160,Python Single-rider,,,0.0
2023-01-25,160,Sirocco,5.0,5.0,100.0
2023-01-25,160,Stoomcarrousel,,,100.0
2023-01-25,160,Stoomtrein Marerijk,25.0,25.0,100.0
2023-01-25,160,Stoomtrein Ruigrijk,25.0,25.0,91.0
2023-01-25,160,Symbolica,10.0,15.0,98.0
2023-01-25,160,Symbolica Single-rider,,,0.0
2023-01-25,160,The Six Swans,5.0,5.0,86.0
2023-01-25,160,Villa Volta,5.0,5.0,91.0
2023-01-25,160,Vogel Rok,5.0,10.0,100.0
2023-01-25,160,Volkvanlaaf,,,99.0
2023-01-26,160,Anton Pieck Plein,,,99.0
2023-01-26,160,Archipel,,,86.0
2023-01-26,160,Badhuys indoor splash pool,,,42.0
2023-01-26,160,Baron 1898,5.0,5.0,100.0
2023-01-26,160,Baron 1898 Single-rider,,,0.0
2023-01-26,160,Carnaval Festival,5.0,5.0,100.0
2023-01-26,160,De Oude Tufferbaan,5.0,5.0,97.0
2023-01-26,160,De Vliegende Hollander,,,0.0
2023-01-26,160,De Vliegende Hollander Single-rider,,,0.0
2023-01-26,160,Diorama,,,100.0
2023-01-26,160,Droomvlucht,,,0.0
2023-01-26,160,Droomvlucht VR,,,0.0
2023-01-26,160,Efteling Museum,,,85.0
2023-01-26,160,Fabula,10.0,10.0,99.0
2023-01-26,160,Fairytale Forest,,,99.0
2023-01-26,160,Fata Morgana,5.0,10.0,100.0
2023-01-26,160,Gondoletta,,,84.0
2023-01-26,160,Halve Maen,5.0,5.0,99.0
2023-01-26,160,Joris en de Draak,11.0,25.0,66.0
2023-01-26,160,Joris en de Draak Single-rider,,,0.0
2023-01-26,160,Kinderspoor,,,99.0
2023-01-26,160,Kindervreugd,,,99.0
2023-01-26,160,Kleuterhof,,,100.0
2023-01-26,160,Max & Moritz,5.0,5.0,99.0
2023-01-26,160,Max & Moritz Single-rider,,,0.0
2023-01-26,160,Monorail,,,99.0
2023-01-26,160,Nest!,,,99.0
2023-01-26,160,Pagode,5.0,5.0,98.0
2023-01-26,160,Piraña,,,0.0
2023-01-26,160,Python,6.0,10.0,95.0
2023-01-26,160,Python Single-rider,,,0.0
2023-01-26,160,Sirocco,5.0,5.0,100.0
2023-01-26,160,Stoomcarrousel,,,100.0
2023-01-26,160,Stoomtrein Marerijk,25.0,25.0,99.0
2023-01-26,160,Stoomtrein Ruigrijk,25.0,25.0,99.0
2023-01-26,160,Symbolica,6.0,15.0,99.0
2023-01-26,160,Symbolica Single-rider,,,0.0
2023-01-26,160,The Six Swans,5.0,5.0,86.0
2023-01-26,160,Villa Volta,5.0,5.0,100.0
2023-01-26,160,Vogel Rok,5.0,5.0,100.0
2023-01-26,160,Volkvanlaaf,,,99.0
2023-01-27,160,Anton Pieck Plein,,,99.0
2023-01-27,160,Archipel,,,91.0
2023-01-27,160,Badhuys indoor splash pool,,,42.0
2023-01-27,160,Baron 1898,12.0,30.0,98.0
2023-01-27,160,Baron 1898 Single-rider,8.0,20.0,64.0
2023-01-27,160,Carnaval Festival,7.0,15.0,100.0
2023-01-27,160,De Oude Tufferbaan,9.0,20.0,99.0
2023-01-27,160,De Vliegende Hollander,,,0.0
2023-01-27,160,De Vliegende Hollander Single-rider,,,0.0
2023-01-27,160,Diorama,,,100.0
2023-01-27,160,Droomvlucht,,,0.0
2023-01-27,160,Droomvlucht VR,,,0.0
2023-01-27,160,Efteling Museum,,,85.0
2023-01-27,160,Fabula,10.0,10.0,99.0
2023-01-27,160,Fairytale Forest,,,99.0
2023-01-27,160,Fata Morgana,6.0,20.0,100.0
2023-01-27,160,Gondoletta,,,65.0
2023-01-27,160,Halve Maen,6.0,10.0,99.0
2023-01-27,160,Joris en de Draak,13.0,30.0,90.0
2023-01-27,160,Joris en de Draak Single-rider,9.0,15.0,84.0
2023-01-27,160,Kinderspoor,5.0,5.0,99.0
2023-01-27,160,Kindervreugd,,,99.0
2023-01-27,160,Kleuterhof,,,99.0
2023-01-27,160,Max & Moritz,5.0,10.0,100.0
2023-01-27,160,Max & Moritz Single-rider,,,0.0
2023-01-27,160,Monorail,5.0,5.0,99.0
2023-01-27,160,Nest!,,,99.0
2023-01-27,160,Pagode,5.0,5.0,93.0
2023-01-27,160,Piraña,,,0.0
2023-01-27,160,Python,17.0,25.0,100.0
2023-01-27,160,Python Single-rider,,,0.0
2023-01-27,160,Sirocco,5.0,10.0,100.0
2023-01-27,160,Stoomcarrousel,,,100.0
2023-01-27,160,Stoomtrein Marerijk,25.0,25.0,100.0
2023-01-27,160,Stoomtrein Ruigrijk,25.0,25.0,100.0
2023-01-27,160,Symbolica,18.0,25.0,99.0
2023-01-27,160,Symbolica Single-rider,5.0,10.0,99.0
2023-01-27,160,The Six Swans,5.0,10.0,91.0
2023-01-27,160,Villa Volta,6.0,10.0,100.0
2023-01-27,160,Vogel Rok,7.0,15.0,100.0
2023-01-27,160,Volkvanlaaf,,,99.0
2023-01-28,160,Anton Pieck Plein,,,99.0
2023-01-28,160,Archipel,,,80.0
2023-01-28,160,Badhuys indoor splash pool,,,100.0
2023-01-28,160,Baron 1898,34.0,50.0,100.0
2023-01-28,160,Baron 1898 Single-rider,23.0,50.0,100.0
2023-01-28,160,Carnaval Festival,29.0,50.0,100.0
2023-01-28,160,De Oude Tufferbaan,25.0,35.0,100.0
2023-01-28,160,De Vliegende Hollander,,,0.0
2023-01-28,160,De Vliegende Hollander Single-rider,,,0.0
2023-01-28,160,Diorama,,,100.0
2023-01-28,160,Droomvlucht,,,0.0
2023-01-28,160,Droomvlucht VR,,,0.0
2023-01-28,160,Efteling Museum,,,88.0
2023-01-28,160,Fabula,10.0,10.0,100.0
2023-01-28,160,Fairytale Forest,,,99.0
2023-01-28,160,Fata Morgana,38.0,65.0,92.0
2023-01-28,160,Gondoletta,18.0,30.0,75.0
2023-01-28,160,Halve Maen,18.0,30.0,99.0
2023-01-28,160,Joris en de Draak,34.0,55.0,97.0
2023-01-28,160,Joris en de Draak Single-rider,21.0,40.0,98.0
2023-01-28,160,Kinderspoor,9.0,10.0,99.0
2023-01-28,160,Kindervreugd,,,99.0
2023-01-28,160,Kleuterhof,,,100.0
2023-01-28,160,Max & Moritz,23.0,40.0,100.0
2023-01-28,160,Max & Moritz Single-rider,10.0,25.0,100.0
2023-01-28,160,Monorail,32.0,50.0,99.0
2023-01-28,160,Nest!,,,99.0
2023-01-28,160,Pagode,20.0,35.0,97.0
2023-01-28,160,Piraña,,,0.0
2023-01-28,160,Python,38.0,60.0,99.0
2023-01-28,160,Python Single-rider,40.0,55.0,74.0
2023-01-28,160,Sirocco,15.0,30.0,100.0
2023-01-28,160,Stoomcarrousel,11.0,20.0,83.0
2023-01-28,160,Stoomtrein Marerijk,32.0,45.0,99.0
2023-01-28,160,Stoomtrein Ruigrijk,32.0,45.0,99.0
2023-01-28,160,Symbolica,52.0,60.0,99.0
2023-01-28,160,Symbolica Single-rider,20.0,50.0,99.0
2023-01-28,160,The Six Swans,15.0,30.0,92.0
2023-01-28,160,Villa Volta,23.0,40.0,100.0
2023-01-28,160,Vogel Rok,26.0,40.0,100.0
2023-01-28,160,Volkvanlaaf,,,99.0
2023-01-29,160,Anton Pieck Plein,,,99.0
2023-01-29,160,Archipel,,,81.0
2023-01-29,160,Badhuys indoor splash pool,,,100.0
2023-01-29,160,Baron 1898,36.0,60.0,95.0
2023-01-29,160,Baron 1898 Single-rider,26.0,45.0,92.0
2023-01-29,160,Carnaval Festival,26.0,40.0,100.0
2023-01-29,160,De Oude Tufferbaan,22.0,40.0,99.0
2023-01-29,160,De Vliegende Hollander,,,0.0
2023-01-29,160,De Vliegende Hollander Single-rider,,,0.0
2023-01-29,160,Diorama,,,100.0
2023-01-29,160,Droomvlucht,,,0.0
2023-01-29,160,Droomvlucht VR,,,0.0
2023-01-29,160,Efteling Museum,,,88.0
2023-01-29,160,Fabula,10.0,10.0,100.0
2023-01-29,160,Fairytale Forest,,,99.0
2023-01-29,160,Fata Morgana,36.0,60.0,100.0
2023-01-29,160,Gondoletta,9.0,10.0,76.0
2023-01-29,160,Halve Maen,13.0,30.0,99.0
2023-01-29,160,Joris en de Draak,34.0,55.0,100.0
2023-01-29,160,Joris en de Draak Single-rider,23.0,35.0,87.0
2023-01-29,160,Kinderspoor,9.0,10.0,99.0
2023-01-29,160,Kindervreugd,,,99.0
2023-01-29,160,Kleuterhof,,,100.0
2023-01-29,160,Max & Moritz,19.0,40.0,100.0
2023-01-29,160,Max & Moritz Single-rider,10.0,30.0,100.0
2023-01-29,160,Monorail,22.0,30.0,99.0
2023-01-29,160,Nest!,,,99.0
2023-01-29,160,Pagode,13.0,25.0,98.0
2023-01-29,160,Piraña,,,0.0
2023-01-29,160,Python,40.0,55.0,99.0
2023-01-29,160,Python Single-rider,39.0,65.0,82.0
2023-01-29,160,Sirocco,16.0,30.0,100.0
2023-01-29,160,Stoomcarrousel,14.0,20.0,100.0
2023-01-29,160,Stoomtrein Marerijk,26.0,30.0,99.0
2023-01-29,160,Stoomtrein Ruigrijk,27.0,40.0,99.0
2023-01-29,160,Symbolica,50.0,60.0,99.0
2023-01-29,160,Symbolica Single-rider,24.0,50.0,99.0
2023-01-29,160,The Six Swans,13.0,30.0,81.0
2023-01-29,160,Villa Volta,22.0,40.0,100.0
2023-01-29,160,Vogel Rok,30.0,50.0,100.0
2023-01-29,160,Volkvanlaaf,,,99.0
2023-01-30,160,Anton Pieck Plein,,,100.0
2023-01-30,160,Archipel,,,89.0
2023-01-30,160,Badhuys indoor splash pool,,,42.0
2023-01-30,160,Baron 1898,9.0,15.0,100.0
2023-01-30,160,Baron 1898 Single-rider,10.0,30.0,58.0
2023-01-30,160,Carnaval Festival,5.0,10.0,100.0
2023-01-30,160,De Oude Tufferbaan,12.0,20.0,100.0
2023-01-30,160,De Vliegende Hollander,,,0.0
2023-01-30,160,De Vliegende Hollander Single-rider,,,0.0
2023-01-30,160,Diorama,,,100.0
2023-01-30,160,Droomvlucht,,,0.0
2023-01-30,160,Droomvlucht VR,,,0.0
2023-01-30,160,Efteling Museum,,,85.0
2023-01-30,160,Fabula,10.0,10.0,100.0
2023-01-30,160,Fairytale Forest,,,100.0
2023-01-30,160,Fata Morgana,7.0,20.0,100.0
2023-01-30,160,Gondoletta,,,84.0
2023-01-30,160,Halve Maen,6.0,10.0,100.0
2023-01-30,160,Joris en de Draak,18.0,45.0,95.0
2023-01-30,160,Joris en de Draak Single-rider,,,0.0
2023-01-30,160,Kinderspoor,5.0,5.0,100.0
2023-01-30,160,Kindervreugd,,,100.0
2023-01-30,160,Kleuterhof,,,100.0
2023-01-30,160,Max & Moritz,5.0,20.0,100.0
2023-01-30,160,Max & Moritz Single-rider,,,0.0
2023-01-30,160,Monorail,5.0,5.0,100.0
2023-01-30,160,Nest!,,,100.0
2023-01-30,160,Pagode,5.0,5.0,73.0
2023-01-30,160,Piraña,,,0.0
2023-01-30,160,Python,19.0,25.0,100.0
2023-01-30,160,Python Single-rider,7.0,10.0,42.0
2023-01-30,160,Sirocco,5.0,10.0,100.0
2023-01-30,160,Stoomcarrousel,,,100.0
2023-01-30,160,Stoomtrein Marerijk,,,2.0
2023-01-30,160,Stoomtrein Ruigrijk,,,2.0
2023-01-30,160,Symbolica,21.0,30.0,100.0
2023-01-30,160,Symbolica Single-rider,,,0.0
2023-01-30,160,The Six Swans,5.0,10.0,95.0
2023-01-30,160,Villa Volta,5.0,5.0,100.0
2023-01-30,160,Vogel Rok,6.0,15.0,98.0
2023-01-30,160,Volkvanlaaf,,,100.0
2023-01-31,160,Anton Pieck Plein,,,91.0
2023-01-31,160,Archipel,,,91.0
2023-01-31,160,Badhuys indoor splash pool,,,44.0
2023-01-31,160,Baron 1898,8.0,15.0,47.0
2023-01-31,160,Baron 1898 Single-rider,7.0,15.0,26.0
2023-01-31,160,Carnaval Festival,5.0,5.0,90.0
2023-01-31,160,De Oude Tufferbaan,5.0,5.0,94.0
2023-01-31,160,De Vliegende Hollander,,,0.0
2023-01-31,160,De Vliegende Hollander Single-rider,,,0.0
2023-01-31,160,Diorama,,,52.0
2023-01-31,160,Droomvlucht,,,0.0
2023-01-31,160,Droomvlucht VR,,,0.0
2023-01-31,160,Efteling Museum,,,85.0
2023-01-31,160,Fabula,10.0,10.0,66.0
2023-01-31,160,Fairytale Forest,,,99.0
2023-01-31,160,Fata Morgana,5.0,10.0,71.0
2023-01-31,160,Gondoletta,5.0,5.0,79.0
2023-01-31,160,Halve Maen,5.0,5.0,94.0
2023-01-31,160,Joris en de Draak,8.0,20.0,64.0
2023-01-31,160,Joris en de Draak Single-rider,,,0.0
2023-01-31,160,Kinderspoor,,,99.0
2023-01-31,160,Kindervreugd,,,99.0
2023-01-31,160,Kleuterhof,,,100.0
2023-01-31,160,Max & Moritz,5.0,5.0,72.0
2023-01-31,160,Max & Moritz Single-rider,,,0.0
2023-01-31,160,Monorail,,,92.0
2023-01-31,160,Nest!,,,99.0
2023-01-31,160,Pagode,5.0,5.0,86.0
2023-01-31,160,Piraña,,,0.0
2023-01-31,160,Python,9.0,25.0,86.0
2023-01-31,160,Python Single-rider,,,0.0
2023-01-31,160,Sirocco,5.0,5.0,74.0
2023-01-31,160,Stoomcarrousel,,,52.0
2023-01-31,160,Stoomtrein Marerijk,21.0,25.0,89.0
2023-01-31,160,Stoomtrein Ruigrijk,21.0,25.0,89.0
2023-01-31,160,Symbolica,8.0,25.0,84.0
2023-01-31,160,Symbolica Single-rider,,,0.0
2023-01-31,160,The Six Swans,5.0,5.0,91.0
2023-01-31,160,Villa Volta,5.0,5.0,76.0
2023-01-31,160,Vogel Rok,5.0,5.0,74.0
2023-01-31,160,Volkvanlaaf,,,99.0
2023-02-01,160,Anton Pieck Plein,,,99.0
2023-02-01,160,Archipel,,,100.0
2023-02-01,160,Badhuys indoor splash pool,,,42.0
2023-02-01,160,Baron 1898,5.0,10.0,100.0
2023-02-01,160,Baron 1898 Single-rider,5.0,5.0,23.0
2023-02-01,160,Carnaval Festival,5.0,5.0,100.0
2023-02-01,160,De Oude Tufferbaan,7.0,10.0,94.0
2023-02-01,160,De Vliegende Hollander,,,0.0
2023-02-01,160,De Vliegende Hollander Single-rider,,,0.0
2023-02-01,160,Diorama,,,94.0
2023-02-01,160,Droomvlucht,,,0.0
2023-02-01,160,Droomvlucht VR,,,0.0
2023-02-01,160,Efteling Museum,,,85.0
2023-02-01,160,Fabula,10.0,10.0,100.0
2023-02-01,160,Fairytale Forest,,,99.0
2023-02-01,160,Fata Morgana,5.0,10.0,100.0
2023-02-01,160,Gondoletta,,,86.0
2023-02-01,160,Halve Maen,5.0,10.0,99.0
2023-02-01,160,Joris en de Draak,18.0,30.0,71.0
2023-02-01,160,Joris en de Draak Single-rider,,,0.0
2023-02-01,160,Kinderspoor,,,99.0
2023-02-01,160,Kindervreugd,,,99.0
2023-02-01,160,Kleuterhof,,,100.0
2023-02-01,160,Max & Moritz,5.0,5.0,100.0
2023-02-01,160,Max & Moritz Single-rider,,,0.0
2023-02-01,160,Monorail,,,99.0
2023-02-01,160,Nest!,,,99.0
2023-02-01,160,Pagode,5.0,5.0,91.0
2023-02-01,160,Piraña,,,0.0
2023-02-01,160,Python,7.0,10.0,100.0
2023-02-01,160,Python Single-rider,,,0.0
2023-02-01,160,Sirocco,5.0,5.0,100.0
2023-02-01,160,Stoomcarrousel,,,94.0
2023-02-01,160,Stoomtrein Marerijk,25.0,25.0,96.0
2023-02-01,160,Stoomtrein Ruigrijk,25.0,25.0,96.0
2023-02-01,160,Symbolica,11.0,20.0,99.0
2023-02-01,160,Symbolica Single-rider,,,0.0
2023-02-01,160,The Six Swans,,,99.0
2023-02-01,160,Villa Volta,5.0,5.0,100.0
2023-02-01,160,Vogel Rok,5.0,10.0,100.0
2023-02-01,160,Volkvanlaaf,,,99.0
2023-02-02,160,Anton Pieck Plein,,,99.0
2023-02-02,160,Archipel,,,94.0
2023-02-02,160,Badhuys indoor splash pool,,,44.0
2023-02-02,160,Baron 1898,5.0,5.0,100.0
2023-02-02,160,Baron 1898 Single-rider,,,0.0
2023-02-02,160,Carnaval Festival,5.0,5.0,100.0
2023-02-02,160,De Oude Tufferbaan,5.0,5.0,99.0
2023-02-02,160,De Vliegende Hollander,,,0.0
2023-02-02,160,De Vliegende Hollander Single-rider,,,0.0
2023-02-02,160,Diorama,,,100.0
2023-02-02,160,Droomvlucht,,,0.0
2023-02-02,160,Droomvlucht VR,,,0.0
2023-02-02,160,Efteling Museum,,,85.0
2023-02-02,160,Fabula,10.0,10.0,99.0
2023-02-02,160,Fairytale Forest,,,99.0
2023-02-02,160,Fata Morgana,5.0,5.0,100.0
2023-02-02,160,Gondoletta,,,85.0
2023-02-02,160,Halve Maen,5.0,5.0,99.0
2023-02-02,160,Joris en de Draak,5.0,10.0,90.0
2023-02-02,160,Joris en de Draak Single-rider,,,0.0
2023-02-02,160,Kinderspoor,,,99.0
2023-02-02,160,Kindervreugd,,,99.0
2023-02-02,160,Kleuterhof,,,100.0
2023-02-02,160,Max & Moritz,5.0,5.0,100.0
2023-02-02,160,Max & Moritz Single-rider,,,0.0
2023-02-02,160,Monorail,,,99.0
2023-02-02,160,Nest!,,,99.0
2023-02-02,160,Pagode,5.0,5.0,99.0
2023-02-02,160,Piraña,,,0.0
2023-02-02,160,Python,5.0,5.0,100.0
2023-02-02,160,Python Single-rider,,,0.0
2023-02-02,160,Sirocco,5.0,5.0,100.0
2023-02-02,160,Stoomcarrousel,,,100.0
2023-02-02,160,Stoomtrein Marerijk,,,99.0
2023-02-02,160,Stoomtrein Ruigrijk,,,99.0
2023-02-02,160,Symbolica,6.0,30.0,86.0
2023-02-02,160,Symbolica Single-rider,,,0.0
2023-02-02,160,The Six Swans,,,99.0
2023-02-02,160,Villa Volta,5.0,5.0,100.0
2023-02-02,160,Vogel Rok,5.0,5.0,100.0
2023-02-02,160,Volkvanlaaf,,,99.0
2023-02-03,160,Anton Pieck Plein,,,100.0
2023-02-03,160,Archipel,,,92.0
2023-02-03,160,Badhuys indoor splash pool,,,42.0
2023-02-03,160,Baron 1898,19.0,30.0,100.0
2023-02-03,160,Baron 1898 Single-rider,13.0,25.0,94.0
2023-02-03,160,Carnaval Festival,5.0,10.0,100.0
2023-02-03,160,De Oude Tufferbaan,16.0,25.0,100.0
2023-02-03,160,De Vliegende Hollander,,,0.0
2023-02-03,160,De Vliegende Hollander Single-rider,,,0.0
2023-02-03,160,Diorama,,,100.0
2023-02-03,160,Droomvlucht,,,0.0
2023-02-03,160,Droomvlucht VR,,,0.0
2023-02-03,160,Efteling Museum,,,85.0
2023-02-03,160,Fabula,10.0,10.0,100.0
2023-02-03,160,Fairytale Forest,,,100.0
2023-02-03,160,Fata Morgana,10.0,20.0,100.0
2023-02-03,160,Gondoletta,5.0,5.0,85.0
2023-02-03,160,Halve Maen,9.0,10.0,100.0
2023-02-03,160,Joris en de Draak,16.0,25.0,100.0
2023-02-03,160,Joris en de Draak Single-rider,8.0,30.0,100.0
2023-02-03,160,Kinderspoor,5.0,5.0,100.0
2023-02-03,160,Kindervreugd,,,100.0
2023-02-03,160,Kleuterhof,,,100.0
2023-02-03,160,Max & Moritz,6.0,15.0,100.0
2023-02-03,160,Max & Moritz Single-rider,,,0.0
2023-02-03,160,Monorail,9.0,20.0,100.0
2023-02-03,160,Nest!,,,100.0
2023-02-03,160,Pagode,5.0,5.0,100.0
2023-02-03,160,Piraña,,,0.0
2023-02-03,160,Python,24.0,40.0,100.0
2023-02-03,160,Python Single-rider,,,0.0
2023-02-03,160,Sirocco,7.0,10.0,100.0
2023-02-03,160,Stoomcarrousel,,,100.0
2023-02-03,160,Stoomtrein Marerijk,25.0,25.0,100.0
2023-02-03,160,Stoomtrein Ruigrijk,25.0,25.0,100.0
2023-02-03,160,Symbolica,23.0,30.0,97.0
2023-02-03,160,Symbolica Single-rider,5.0,10.0,63.0
2023-02-03,160,The Six Swans,,,100.0
2023-02-03,160,Villa Volta,6.0,10.0,98.0
2023-02-03,160,Vogel Rok,9.0,15.0,100.0
2023-02-03,160,Volkvanlaaf,,,100.0
2023-02-04,160,Anton Pieck Plein,,,100.0
2023-02-04,160,Archipel,,,81.0
2023-02-04,160,Badhuys indoor splash pool,,,100.0
2023-02-04,160,Baron 1898,29.0,40.0,100.0
2023-02-04,160,Baron 1898 Single-rider,21.0,45.0,100.0
2023-02-04,160,Carnaval Festival,23.0,30.0,100.0
2023-02-04,160,De Oude Tufferbaan,23.0,40.0,100.0
2023-02-04,160,De Vliegende Hollander,,,0.0
2023-02-04,160,De Vliegende Hollander Single-rider,,,0.0
2023-02-04,160,Diorama,,,100.0
2023-02-04,160,Droomvlucht,,,0.0
2023-02-04,160,Droomvlucht VR,,,0.0
2023-02-04,160,Efteling Museum,,,88.0
2023-02-04,160,Fabula,10.0,10.0,100.0
2023-02-04,160,Fairytale Forest,,,100.0
2023-02-04,160,Fata Morgana,25.0,50.0,100.0
2023-02-04,160,Gondoletta,18.0,25.0,73.0
2023-02-04,160,Halve Maen,11.0,25.0,100.0
2023-02-04,160,Joris en de Draak,26.0,50.0,100.0
2023-02-04,160,Joris en de Draak Single-rider,15.0,30.0,100.0
2023-02-04,160,Kinderspoor,5.0,10.0,100.0
2023-02-04,160,Kindervreugd,,,100.0
2023-02-04,160,Kleuterhof,,,100.0
2023-02-04,160,Max & Moritz,15.0,35.0,100.0
2023-02-04,160,Max & Moritz Single-rider,8.0,20.0,100.0
2023-02-04,160,Monorail,20.0,30.0,100.0
2023-02-04,160,Nest!,,,100.0
2023-02-04,160,Pagode,10.0,20.0,100.0
2023-02-04,160,Piraña,,,0.0
2023-02-04,160,Python,31.0,45.0,100.0
2023-02-04,160,Python Single-rider,29.0,40.0,81.0
2023-02-04,160,Sirocco,12.0,20.0,100.0
2023-02-04,160,Stoomcarrousel,5.0,5.0,100.0
2023-02-04,160,Stoomtrein Marerijk,38.0,50.0,100.0
2023-02-04,160,Stoomtrein Ruigrijk,38.0,50.0,100.0
2023-02-04,160,Symbolica,42.0,55.0,100.0
2023-02-04,160,Symbolica Single-rider,12.0,40.0,99.0
2023-02-04,160,The Six Swans,8.0,10.0,100.0
2023-02-04,160,Villa Volta,11.0,25.0,100.0
2023-02-04,160,Vogel Rok,19.0,35.0,100.0
2023-02-04,160,Volkvanlaaf,,,100.0
2023-02-05,160,Anton Pieck Plein,,,99.0
2023-02-05,160,Archipel,,,81.0
2023-02-05,160,Badhuys indoor splash pool,,,100.0
2023-02-05,160,Baron 1898,25.0,45.0,100.0
2023-02-05,160,Baron 1898 Single-rider,17.0,40.0,100.0
2023-02-05,160,Carnaval Festival,17.0,30.0,100.0
2023-02-05,160,De Oude Tufferbaan,23.0,40.0,97.0
2023-02-05,160,De Vliegende Hollander,,,0.0
2023-02-05,160,De Vliegende Hollander Single-rider,,,0.0
2023-02-05,160,Diorama,,,100.0
2023-02-05,160,Droomvlucht,,,0.0
2023-02-05,160,Droomvlucht VR,,,0.0
2023-02-05,160,Efteling Museum,,,87.0
2023-02-05,160,Fabula,10.0,10.0,99.0
2023-02-05,160,Fairytale Forest,,,99.0
2023-02-05,160,Fata Morgana,17.0,40.0,100.0
2023-02-05,160,Gondoletta,7.0,15.0,77.0
2023-02-05,160,Halve Maen,10.0,10.0,99.0
2023-02-05,160,Joris en de Draak,30.0,55.0,88.0
2023-02-05,160,Joris en de Draak Single-rider,18.0,35.0,85.0
2023-02-05,160,Kinderspoor,10.0,10.0,99.0
2023-02-05,160,Kindervreugd,,,99.0
2023-02-05,160,Kleuterhof,,,100.0
2023-02-05,160,Max & Moritz,13.0,25.0,100.0
2023-02-05,160,Max & Moritz Single-rider,5.0,10.0,100.0
2023-02-05,160,Monorail,13.0,25.0,99.0
2023-02-05,160,Nest!,,,99.0
2023-02-05,160,Pagode,5.0,10.0,99.0
2023-02-05,160,Piraña,,,0.0
2023-02-05,160,Python,26.0,40.0,100.0
2023-02-05,160,Python Single-rider,23.0,35.0,83.0
2023-02-05,160,Sirocco,12.0,20.0,100.0
2023-02-05,160,Stoomcarrousel,,,99.0
2023-02-05,160,Stoomtrein Marerijk,26.0,30.0,100.0
2023-02-05,160,Stoomtrein Ruigrijk,26.0,30.0,100.0
2023-02-05,160,Symbolica,35.0,45.0,100.0
2023-02-05,160,Symbolica Single-rider,11.0,25.0,99.0
2023-02-05,160,The Six Swans,5.0,10.0,99.0
2023-02-05,160,Villa Volta,8.0,15.0,100.0
2023-02-05,160,Vogel Rok,15.0,30.0,100.0
2023-02-05,160,Volkvanlaaf,,,99.0
2023-02-06,160,Anton Pieck Plein,,,99.0
2023-02-06,160,Archipel,,,94.0
2023-02-06,160,Badhuys indoor splash pool,,,44.0
2023-02-06,160,Baron 1898,11.0,20.0,100.0
2023-02-06,160,Baron 1898 Single-rider,11.0,20.0,19.0
2023-02-06,160,Carnaval Festival,6.0,10.0,100.0
2023-02-06,160,De Oude Tufferbaan,15.0,20.0,99.0
2023-02-06,160,De Vliegende Hollander,,,0.0
2023-02-06,160,De Vliegende Hollander Single-rider,,,0.0
2023-02-06,160,Diorama,,,100.0
2023-02-06,160,Droomvlucht,,,0.0
2023-02-06,160,Droomvlucht VR,,,0.0
2023-02-06,160,Efteling Museum,,,85.0
2023-02-06,160,Fabula,10.0,10.0,99.0
2023-02-06,160,Fairytale Forest,,,99.0
2023-02-06,160,Fata Morgana,6.0,20.0,100.0
2023-02-06,160,Gondoletta,,,86.0
2023-02-06,160,Halve Maen,5.0,5.0,99.0
2023-02-06,160,Joris en de Draak,12.0,20.0,89.0
2023-02-06,160,Joris en de Draak Single-rider,,,0.0
2023-02-06,160,Kinderspoor,5.0,5.0,99.0
2023-02-06,160,Kindervreugd,,,99.0
2023-02-06,160,Kleuterhof,,,100.0
2023-02-06,160,Max & Moritz,6.0,25.0,100.0
2023-02-06,160,Max & Moritz Single-rider,,,0.0
2023-02-06,160,Monorail,8.0,15.0,99.0
2023-02-06,160,Nest!,,,99.0
2023-02-06,160,Pagode,5.0,5.0,89.0
2023-02-06,160,Piraña,,,0.0
2023-02-06,160,Python,16.0,25.0,99.0
2023-02-06,160,Python Single-rider,,,0.0
2023-02-06,160,Sirocco,5.0,10.0,100.0
2023-02-06,160,Stoomcarrousel,,,100.0
2023-02-06,160,Stoomtrein Marerijk,25.0,25.0,100.0
2023-02-06,160,Stoomtrein Ruigrijk,25.0,25.0,91.0
2023-02-06,160,Symbolica,24.0,60.0,100.0
2023-02-06,160,Symbolica Single-rider,,,0.0
2023-02-06,160,The Six Swans,,,99.0
2023-02-06,160,Villa Volta,5.0,10.0,100.0
2023-02-06,160,Vogel Rok,5.0,10.0,100.0
2023-02-06,160,Volkvanlaaf,,,99.0
2023-02-07,160,Anton Pieck Plein,,,99.0
2023-02-07,160,Archipel,,,95.0
2023-02-07,160,Badhuys indoor splash pool,,,42.0
2023-02-07,160,Baron 1898,6.0,15.0,100.0
2023-02-07,160,Baron 1898 Single-rider,,,0.0
2023-02-07,160,Carnaval Festival,,,100.0
2023-02-07,160,De Oude Tufferbaan,7.0,10.0,100.0
2023-02-07,160,De Vliegende Hollander,,,0.0
2023-02-07,160,De Vliegende Hollander Single-rider,,,0.0
2023-02-07,160,Diorama,,,100.0
2023-02-07,160,Droomvlucht,,,0.0
2023-02-07,160,Droomvlucht VR,,,0.0
2023-02-07,160,Efteling Museum,,,85.0
2023-02-07,160,Fabula,10.0,10.0,99.0
2023-02-07,160,Fairytale Forest,,,99.0
2023-02-07,160,Fata Morgana,5.0,5.0,100.0
2023-02-07,160,Gondoletta,5.0,5.0,83.0
2023-02-07,160,Halve Maen,5.0,5.0,99.0
2023-02-07,160,Joris en de Draak,10.0,15.0,55.0
2023-02-07,160,Joris en de Draak Single-rider,,,0.0
2023-02-07,160,Kinderspoor,,,99.0
2023-02-07,160,Kindervreugd,,,99.0
2023-02-07,160,Kleuterhof,,,100.0
2023-02-07,160,Max & Moritz,5.0,5.0,100.0
2023-02-07,160,Max & Moritz Single-rider,,,0.0
2023-02-07,160,Monorail,,,99.0
2023-02-07,160,Nest!,,,99.0
2023-02-07,160,Pagode,5.0,5.0,98.0
2023-02-07,160,Piraña,,,0.0
2023-02-07,160,Python,,,0.0
2023-02-07,160,Python Single-rider,,,0.0
2023-02-07,160,Sirocco,5.0,5.0,100.0
2023-02-07,160,Stoomcarrousel,,,100.0
2023-02-07,160,Stoomtrein Marerijk,25.0,25.0,99.0
2023-02-07,160,Stoomtrein Ruigrijk,25.0,25.0,99.0
2023-02-07,160,Symbolica,10.0,25.0,99.0
2023-02-07,160,Symbolica Single-rider,,,0.0
2023-02-07,160,The Six Swans,,,100.0
2023-02-07,160,Villa Volta,5.0,5.0,100.0
2023-02-07,160,Vogel Rok,5.0,10.0,100.0
2023-02-07,160,Volkvanlaaf,,,99.0
2023-02-08,160,Anton Pieck Plein,,,99.0
2023-02-08,160,Archipel,,,85.0
2023-02-08,160,Badhuys indoor splash pool,,,42.0
2023-02-08,160,Baron 1898,6.0,10.0,100.0
2023-02-08,160,Baron 1898 Single-rider,6.0,10.0,26.0
2023-02-08,160,Carnaval Festival,5.0,5.0,100.0
2023-02-08,160,De Oude Tufferbaan,15.0,20.0,100.0
2023-02-08,160,De Vliegende Hollander,,,0.0
2023-02-08,160,De Vliegende Hollander Single-rider,,,0.0
2023-02-08,160,Diorama,,,100.0
2023-02-08,160,Droomvlucht,,,0.0
2023-02-08,160,Droomvlucht VR,,,0.0
2023-02-08,160,Efteling Museum,,,85.0
2023-02-08,160,Fabula,10.0,10.0,72.0
2023-02-08,160,Fairytale Forest,,,99.0
2023-02-08,160,Fata Morgana,6.0,15.0,100.0
2023-02-08,160,Gondoletta,5.0,5.0,89.0
2023-02-08,160,Halve Maen,,,0.0
2023-02-08,160,Joris en de Draak,16.0,25.0,48.0
2023-02-08,160,Joris en de Draak Single-rider,,,0.0
2023-02-08,160,Kinderspoor,,,99.0
2023-02-08,160,Kindervreugd,,,99.0
2023-02-08,160,Kleuterhof,,,100.0
2023-02-08,160,Max & Moritz,6.0,20.0,100.0
2023-02-08,160,Max & Moritz Single-rider,,,0.0
2023-02-08,160,Monorail,9.0,15.0,99.0
2023-02-08,160,Nest!,,,99.0
2023-02-08,160,Pagode,5.0,5.0,97.0
2023-02-08,160,Piraña,,,0.0
2023-02-08,160,Python,16.0,25.0,76.0
2023-02-08,160,Python Single-rider,,,0.0
2023-02-08,160,Sirocco,5.0,10.0,100.0
2023-02-08,160,Stoomcarrousel,,,100.0
2023-02-08,160,Stoomtrein Marerijk,25.0,25.0,83.0
2023-02-08,160,Stoomtrein Ruigrijk,25.0,25.0,83.0
2023-02-08,160,Symbolica,16.0,25.0,97.0
2023-02-08,160,Symbolica Single-rider,,,0.0
2023-02-08,160,The Six Swans,,,99.0
2023-02-08,160,Villa Volta,5.0,5.0,100.0
2023-02-08,160,Vogel Rok,5.0,5.0,100.0
2023-02-08,160,Volkvanlaaf,,,99.0
2023-02-09,160,Anton Pieck Plein,,,99.0
2023-02-09,160,Archipel,,,95.0
2023-02-09,160,Badhuys indoor splash pool,,,42.0
2023-02-09,160,Baron 1898,6.0,15.0,100.0
2023-02-09,160,Baron 1898 Single-rider,5.0,5.0,14.0
2023-02-09,160,Carnaval Festival,5.0,5.0,100.0
2023-02-09,160,De Oude Tufferbaan,8.0,15.0,100.0
2023-02-09,160,De Vliegende Hollander,,,0.0
2023-02-09,160,De Vliegende Hollander Single-rider,,,0.0
2023-02-09,160,Diorama,,,100.0
2023-02-09,160,Droomvlucht,,,0.0
2023-02-09,160,Droomvlucht VR,,,0.0
2023-02-09,160,Efteling Museum,,,85.0
2023-02-09,160,Fabula,10.0,10.0,99.0
2023-02-09,160,Fairytale Forest,,,99.0
2023-02-09,160,Fata Morgana,5.0,10.0,100.0
2023-02-09,160,Gondoletta,,,79.0
2023-02-09,160,Halve Maen,,,0.0
2023-02-09,160,Joris en de Draak,11.0,20.0,99.0
2023-02-09,160,Joris en de Draak Single-rider,,,0.0
2023-02-09,160,Kinderspoor,,,99.0
2023-02-09,160,Kindervreugd,,,99.0
2023-02-09,160,Kleuterhof,,,100.0
2023-02-09,160,Max & Moritz,5.0,5.0,100.0
2023-02-09,160,Max & Moritz Single-rider,,,0.0
2023-02-09,160,Monorail,,,99.0
2023-02-09,160,Nest!,,,99.0
2023-02-09,160,Pagode,5.0,5.0,99.0
2023-02-09,160,Piraña,,,0.0
2023-02-09,160,Python,7.0,15.0,100.0
2023-02-09,160,Python Single-rider,,,0.0
2023-02-09,160,Sirocco,5.0,5.0,100.0
2023-02-09,160,Stoomcarrousel,,,100.0
2023-02-09,160,Stoomtrein Marerijk,25.0,25.0,99.0
2023-02-09,160,Stoomtrein Ruigrijk,25.0,25.0,99.0
2023-02-09,160,Symbolica,15.0,20.0,97.0
2023-02-09,160,Symbolica Single-rider,,,0.0
2023-02-09,160,The Six Swans,,,99.0
2023-02-09,160,Villa Volta,5.0,5.0,100.0
2023-02-09,160,Vogel Rok,5.0,10.0,100.0
2023-02-09,160,Volkvanlaaf,,,99.0
2023-02-10,160,Anton Pieck Plein,,,99.0
2023-02-10,160,Archipel,,,97.0
2023-02-10,160,Badhuys indoor splash pool,,,42.0
2023-02-10,160,Baron 1898,6.0,15.0,100.0
2023-02-10,160,Baron 1898 Single-rider,,,0.0
2023-02-10,160,Carnaval Festival,8.0,15.0,100.0
2023-02-10,160,De Oude Tufferbaan,15.0,25.0,100.0
2023-02-10,160,De Vliegende Hollander,,,0.0
2023-02-10,160,De Vliegende Hollander Single-rider,,,0.0
2023-02-10,160,Diorama,,,100.0
2023-02-10,160,Droomvlucht,,,0.0
2023-02-10,160,Droomvlucht VR,,,0.0
2023-02-10,160,Efteling Museum,,,85.0
2023-02-10,160,Fabula,10.0,10.0,100.0
2023-02-10,160,Fairytale Forest,,,99.0
2023-02-10,160,Fata Morgana,6.0,20.0,100.0
2023-02-10,160,Gondoletta,5.0,5.0,89.0
2023-02-10,160,Halve Maen,7.0,10.0,99.0
2023-02-10,160,Joris en de Draak,6.0,15.0,100.0
2023-02-10,160,Joris en de Draak Single-rider,10.0,10.0,51.0
2023-02-10,160,Kinderspoor,,,99.0
2023-02-10,160,Kindervreugd,,,99.0
2023-02-10,160,Kleuterhof,,,99.0
2023-02-10,160,Max & Moritz,6.0,20.0,100.0
2023-02-10,160,Max & Moritz Single-rider,,,0.0
2023-02-10,160,Monorail,,,99.0
2023-02-10,160,Nest!,,,99.0
2023-02-10,160,Pagode,5.0,5.0,99.0
2023-02-10,160,Piraña,,,0.0
2023-02-10,160,Python,13.0,25.0,100.0
2023-02-10,160,Python Single-rider,,,0.0
2023-02-10,160,Sirocco,5.0,5.0,100.0
2023-02-10,160,Stoomcarrousel,,,100.0
2023-02-10,160,Stoomtrein Marerijk,25.0,25.0,100.0
2023-02-10,160,Stoomtrein Ruigrijk,25.0,25.0,100.0
2023-02-10,160,Symbolica,23.0,35.0,100.0
2023-02-10,160,Symbolica Single-rider,6.0,20.0,100.0
2023-02-10,160,The Six Swans,10.0,10.0,99.0
2023-02-10,160,Villa Volta,5.0,5.0,98.0
2023-02-10,160,Vogel Rok,5.0,10.0,100.0
2023-02-10,160,Volkvanlaaf,,,99.0
2023-02-11,160,Anton Pieck Plein,,,99.0
2023-02-11,160,Archipel,,,96.0
2023-02-11,160,Badhuys indoor splash pool,,,100.0
2023-02-11,160,Baron 1898,22.0,40.0,100.0
2023-02-11,160,Baron 1898 Single-rider,15.0,30.0,99.0
2023-02-11,160,Carnaval Festival,15.0,25.0,100.0
2023-02-11,160,De Oude Tufferbaan,21.0,30.0,99.0
2023-02-11,160,De Vliegende Hollander,,,0.0
2023-02-11,160,De Vliegende Hollander Single-rider,,,0.0
2023-02-11,160,Diorama,,,99.0
2023-02-11,160,Droomvlucht,,,0.0
2023-02-11,160,Droomvlucht VR,,,0.0
2023-02-11,160,Efteling Museum,,,87.0
2023-02-11,160,Fabula,10.0,10.0,100.0
2023-02-11,160,Fairytale Forest,,,99.0
2023-02-11,160,Fata Morgana,16.0,40.0,100.0
2023-02-11,160,Gondoletta,6.0,10.0,92.0
2023-02-11,160,Halve Maen,9.0,15.0,99.0
2023-02-11,160,Joris en de Draak,19.0,30.0,94.0
2023-02-11,160,Joris en de Draak Single-rider,12.0,25.0,94.0
2023-02-11,160,Kinderspoor,6.0,10.0,99.0
2023-02-11,160,Kindervreugd,,,99.0
2023-02-11,160,Kleuterhof,,,100.0
2023-02-11,160,Max & Moritz,10.0,25.0,100.0
2023-02-11,160,Max & Moritz Single-rider,5.0,15.0,100.0
2023-02-11,160,Monorail,19.0,25.0,99.0
2023-02-11,160,Nest!,,,99.0
2023-02-11,160,Pagode,5.0,5.0,100.0
2023-02-11,160,Piraña,,,0.0
2023-02-11,160,Python,24.0,40.0,100.0
2023-02-11,160,Python Single-rider,21.0,35.0,79.0
2023-02-11,160,Sirocco,7.0,20.0,100.0
2023-02-11,160,Stoomcarrousel,5.0,5.0,99.0
2023-02-11,160,Stoomtrein Marerijk,21.0,25.0,96.0
2023-02-11,160,Stoomtrein Ruigrijk,25.0,25.0,95.0
2023-02-11,160,Symbolica,30.0,45.0,99.0
2023-02-11,160,Symbolica Single-rider,6.0,15.0,99.0
2023-02-11,160,The Six Swans,7.0,10.0,99.0
2023-02-11,160,Villa Volta,9.0,15.0,100.0
2023-02-11,160,Vogel Rok,11.0,20.0,100.0
2023-02-11,160,Volkvanlaaf,,,99.0
2023-02-12,160,Anton Pieck Plein,,,99.0
2023-02-12,160,Archipel,,,95.0
2023-02-12,160,Badhuys indoor splash pool,,,100.0
2023-02-12,160,Baron 1898,18.0,30.0,100.0
2023-02-12,160,Baron 1898 Single-rider,13.0,25.0,91.0
2023-02-12,160,Carnaval Festival,15.0,20.0,100.0
2023-02-12,160,De Oude Tufferbaan,18.0,25.0,100.0
2023-02-12,160,De Vliegende Hollander,,,0.0
2023-02-12,160,De Vliegende Hollander Single-rider,,,0.0
2023-02-12,160,Diorama,,,100.0
2023-02-12,160,Droomvlucht,,,0.0
2023-02-12,160,Droomvlucht VR,,,0.0
2023-02-12,160,Efteling Museum,,,88.0
2023-02-12,160,Fabula,10.0,10.0,99.0
2023-02-12,160,Fairytale Forest,,,99.0
2023-02-12,160,Fata Morgana,13.0,25.0,100.0
2023-02-12,160,Gondoletta,6.0,10.0,91.0
2023-02-12,160,Halve Maen,15.0,25.0,100.0
2023-02-12,160,Joris en de Draak,18.0,30.0,99.0
2023-02-12,160,Joris en de Draak Single-rider,8.0,20.0,98.0
2023-02-12,160,Kinderspoor,10.0,10.0,99.0
2023-02-12,160,Kindervreugd,,,99.0
2023-02-12,160,Kleuterhof,,,100.0
2023-02-12,160,Max & Moritz,8.0,20.0,100.0
2023-02-12,160,Max & Moritz Single-rider,5.0,10.0,100.0
2023-02-12,160,Monorail,21.0,30.0,99.0
2023-02-12,160,Nest!,,,99.0
2023-02-12,160,Pagode,5.0,10.0,99.0
2023-02-12,160,Piraña,,,0.0
2023-02-12,160,Python,21.0,35.0,100.0
2023-02-12,160,Python Single-rider,17.0,30.0,79.0
2023-02-12,160,Sirocco,8.0,15.0,100.0
2023-02-12,160,Stoomcarrousel,,,100.0
2023-02-12,160,Stoomtrein Marerijk,25.0,25.0,99.0
2023-02-12,160,Stoomtrein Ruigrijk,25.0,25.0,93.0
2023-02-12,160,Symbolica,29.0,35.0,100.0
2023-02-12,160,Symbolica Single-rider,7.0,10.0,100.0
2023-02-12,160,The Six Swans,5.0,5.0,99.0
2023-02-12,160,Villa Volta,6.0,10.0,100.0
2023-02-12,160,Vogel Rok,10.0,20.0,100.0
2023-02-12,160,Volkvanlaaf,,,99.0
2023-02-13,160,Anton Pieck Plein,,,100.0
2023-02-13,160,Archipel,,,97.0
2023-02-13,160,Badhuys indoor splash pool,,,42.0
2023-02-13,160,Baron 1898,6.0,15.0,100.0
2023-02-13,160,Baron 1898 Single-rider,6.0,10.0,15.0
2023-02-13,160,Carnaval Festival,5.0,5.0,100.0
2023-02-13,160,De Oude Tufferbaan,13.0,20.0,89.0
2023-02-13,160,De Vliegende Hollander,,,0.0
2023-02-13,160,De Vliegende Hollander Single-rider,,,0.0
2023-02-13,160,Diorama,,,100.0
2023-02-13,160,Droomvlucht,,,0.0
2023-02-13,160,Droomvlucht VR,,,0.0
2023-02-13,160,Efteling Museum,,,86.0
2023-02-13,160,Fabula,10.0,10.0,100.0
2023-02-13,160,Fairytale Forest,,,99.0
2023-02-13,160,Fata Morgana,6.0,15.0,100.0
2023-02-13,160,Gondoletta,8.0,15.0,91.0
2023-02-13,160,Halve Maen,5.0,5.0,99.0
2023-02-13,160,Joris en de Draak,11.0,30.0,100.0
2023-02-13,160,Joris en de Draak Single-rider,,,0.0
2023-02-13,160,Kinderspoor,,,99.0
2023-02-13,160,Kindervreugd,,,99.0
2023-02-13,160,Kleuterhof,,,100.0
2023-02-13,160,Max & Moritz,5.0,10.0,100.0
2023-02-13,160,Max & Moritz Single-rider,,,0.0
2023-02-13,160,Monorail,10.0,10.0,100.0
2023-02-13,160,Nest!,,,99.0
2023-02-13,160,Pagode,5.0,5.0,99.0
2023-02-13,160,Piraña,,,0.0
2023-02-13,160,Python,12.0,25.0,99.0
2023-02-13,160,Python Single-rider,,,0.0
2023-02-13,160,Sirocco,5.0,10.0,100.0
2023-02-13,160,Stoomcarrousel,,,100.0
2023-02-13,160,Stoomtrein Marerijk,25.0,25.0,96.0
2023-02-13,160,Stoomtrein Ruigrijk,25.0,25.0,96.0
2023-02-13,160,Symbolica,19.0,30.0,98.0
2023-02-13,160,Symbolica Single-rider,,,0.0
2023-02-13,160,The Six Swans,5.0,5.0,99.0
2023-02-13,160,Villa Volta,5.0,5.0,100.0
2023-02-13,160,Vogel Rok,5.0,10.0,100.0
2023-02-13,160,Volkvanlaaf,,,99.0
2023-02-14,160,Anton Pieck Plein,,,99.0
2023-02-14,160,Archipel,,,100.0
2023-02-14,160,Badhuys indoor splash pool,,,44.0
2023-02-14,160,Baron 1898,5.0,10.0,100.0
2023-02-14,160,Baron 1898 Single-rider,5.0,5.0,8.0
2023-02-14,160,Carnaval Festival,5.0,5.0,100.0
2023-02-14,160,De Oude Tufferbaan,7.0,15.0,99.0
2023-02-14,160,De Vliegende Hollander,,,0.0
2023-02-14,160,De Vliegende Hollander Single-rider,,,0.0
2023-02-14,160,Diorama,,,100.0
2023-02-14,160,Droomvlucht,,,0.0
2023-02-14,160,Droomvlucht VR,,,0.0
2023-02-14,160,Efteling Museum,,,85.0
2023-02-14,160,Fabula,10.0,10.0,76.0
2023-02-14,160,Fairytale Forest,,,99.0
2023-02-14,160,Fata Morgana,6.0,10.0,100.0
2023-02-14,160,Gondoletta,9.0,15.0,90.0
2023-02-14,160,Halve Maen,5.0,5.0,100.0
2023-02-14,160,Joris en de Draak,13.0,30.0,100.0
2023-02-14,160,Joris en de Draak Single-rider,,,0.0
2023-02-14,160,Kinderspoor,,,99.0
2023-02-14,160,Kindervreugd,,,99.0
2023-02-14,160,Kleuterhof,,,100.0
2023-02-14,160,Max & Moritz,5.0,5.0,100.0
2023-02-14,160,Max & Moritz Single-rider,,,0.0
2023-02-14,160,Monorail,5.0,5.0,99.0
2023-02-14,160,Nest!,,,99.0
2023-02-14,160,Pagode,5.0,5.0,99.0
2023-02-14,160,Piraña,,,0.0
2023-02-14,160,Python,10.0,20.0,100.0
2023-02-14,160,Python Single-rider,,,0.0
2023-02-14,160,Sirocco,5.0,5.0,100.0
2023-02-14,160,Stoomcarrousel,,,100.0
2023-02-14,160,Stoomtrein Marerijk,25.0,25.0,97.0
2023-02-14,160,Stoomtrein Ruigrijk,25.0,25.0,97.0
2023-02-14,160,Symbolica,9.0,20.0,99.0
2023-02-14,160,Symbolica Single-rider,,,0.0
2023-02-14,160,The Six Swans,,,99.0
2023-02-14,160,Villa Volta,5.0,10.0,100.0
2023-02-14,160,Vogel Rok,6.0,10.0,100.0
2023-02-14,160,Volkvanlaaf,,,99.0
2023-02-15,160,Anton Pieck Plein,,,99.0
2023-02-15,160,Archipel,,,97.0
2023-02-15,160,Badhuys indoor splash pool,,,44.0
2023-02-15,160,Baron 1898,5.0,5.0,100.0
2023-02-15,160,Baron 1898 Single-rider,5.0,5.0,9.0
2023-02-15,160,Carnaval Festival,5.0,10.0,100.0
2023-02-15,160,De Oude Tufferbaan,11.0,15.0,99.0
2023-02-15,160,De Vliegende Hollander,,,0.0
2023-02-15,160,De Vliegende Hollander Single-rider,,,0.0
2023-02-15,160,Diorama,,,99.0
2023-02-15,160,Droomvlucht,,,0.0
2023-02-15,160,Droomvlucht VR,,,0.0
2023-02-15,160,Efteling Museum,,,85.0
2023-02-15,160,Fabula,10.0,10.0,99.0
2023-02-15,160,Fairytale Forest,,,99.0
2023-02-15,160,Fata Morgana,5.0,15.0,100.0
2023-02-15,160,Gondoletta,5.0,10.0,91.0
2023-02-15,160,Halve Maen,5.0,10.0,99.0
2023-02-15,160,Joris en de Draak,5.0,10.0,100.0
2023-02-15,160,Joris en de Draak Single-rider,,,0.0
2023-02-15,160,Kinderspoor,,,99.0
2023-02-15,160,Kindervreugd,,,99.0
2023-02-15,160,Kleuterhof,,,100.0
2023-02-15,160,Max & Moritz,5.0,5.0,100.0
2023-02-15,160,Max & Moritz Single-rider,,,0.0
2023-02-15,160,Monorail,5.0,5.0,99.0
2023-02-15,160,Nest!,,,99.0
2023-02-15,160,Pagode,5.0,5.0,99.0
2023-02-15,160,Piraña,,,0.0
2023-02-15,160,Python,8.0,20.0,100.0
2023-02-15,160,Python Single-rider,,,0.0
2023-02-15,160,Sirocco,5.0,10.0,100.0
2023-02-15,160,Stoomcarrousel,,,100.0
2023-02-15,160,Stoomtrein Marerijk,30.0,30.0,99.0
2023-02-15,160,Stoomtrein Ruigrijk,30.0,30.0,99.0
2023-02-15,160,Symbolica,12.0,25.0,99.0
2023-02-15,160,Symbolica Single-rider,,,0.0
2023-02-15,160,The Six Swans,,,99.0
2023-02-15,160,Villa Volta,5.0,5.0,100.0
2023-02-15,160,Vogel Rok,5.0,5.0,100.0
2023-02-15,160,Volkvanlaaf,,,99.0
2023-02-16,160,Anton Pieck Plein,,,99.0
2023-02-16,160,Archipel,,,97.0
2023-02-16,160,Badhuys indoor splash pool,,,44.0
2023-02-16,160,Baron 1898,5.0,5.0,100.0
2023-02-16,160,Baron 1898 Single-rider,,,0.0
2023-02-16,160,Carnaval Festival,5.0,5.0,99.0
2023-02-16,160,De Oude Tufferbaan,5.0,5.0,99.0
2023-02-16,160,De Vliegende Hollander,,,0.0
2023-02-16,160,De Vliegende Hollander Single-rider,,,0.0
2023-02-16,160,Diorama,,,100.0
2023-02-16,160,Droomvlucht,,,0.0
2023-02-16,160,Droomvlucht VR,,,0.0
2023-02-16,160,Efteling Museum,,,85.0
2023-02-16,160,Fabula,10.0,10.0,99.0
2023-02-16,160,Fairytale Forest,,,99.0
2023-02-16,160,Fata Morgana,5.0,5.0,100.0
2023-02-16,160,Gondoletta,,,96.0
2023-02-16,160,Halve Maen,5.0,5.0,99.0
2023-02-16,160,Joris en de Draak,5.0,10.0,100.0
2023-02-16,160,Joris en de Draak Single-rider,,,0.0
2023-02-16,160,Kinderspoor,,,99.0
2023-02-16,160,Kindervreugd,,,99.0
2023-02-16,160,Kleuterhof,,,99.0
2023-02-16,160,Max & Moritz,5.0,5.0,100.0
2023-02-16,160,Max & Moritz Single-rider,,,0.0
2023-02-16,160,Monorail,,,99.0
2023-02-16,160,Nest!,,,99.0
2023-02-16,160,Pagode,5.0,5.0,100.0
2023-02-16,160,Piraña,,,0.0
2023-02-16,160,Python,5.0,10.0,99.0
2023-02-16,160,Python Single-rider,,,0.0
2023-02-16,160,Sirocco,5.0,5.0,100.0
2023-02-16,160,Stoomcarrousel,,,100.0
2023-02-16,160,Stoomtrein Marerijk,25.0,25.0,85.0
2023-02-16,160,Stoomtrein Ruigrijk,25.0,25.0,85.0
2023-02-16,160,Symbolica,7.0,15.0,100.0
2023-02-16,160,Symbolica Single-rider,,,0.0
2023-02-16,160,The Six Swans,,,99.0
2023-02-16,160,Villa Volta,5.0,5.0,97.0
2023-02-16,160,Vogel Rok,5.0,5.0,76.0
2023-02-16,160,Volkvanlaaf,,,99.0
2023-02-17,160,Anton Pieck Plein,,,99.0
2023-02-17,160,Archipel,,,100.0
2023-02-17,160,Badhuys indoor splash pool,,,42.0
2023-02-17,160,Baron 1898,22.0,40.0,100.0
2023-02-17,160,Baron 1898 Single-rider,,,0.0
2023-02-17,160,Carnaval Festival,5.0,5.0,100.0
2023-02-17,160,De Oude Tufferbaan,5.0,10.0,99.0
2023-02-17,160,De Vliegende Hollander,,,0.0
2023-02-17,160,De Vliegende Hollander Single-rider,,,0.0
2023-02-17,160,Diorama,,,100.0
2023-02-17,160,Droomvlucht,,,0.0
2023-02-17,160,Droomvlucht VR,,,0.0
2023-02-17,160,Efteling Museum,,,85.0
2023-02-17,160,Fabula,10.0,10.0,99.0
2023-02-17,160,Fairytale Forest,,,99.0
2023-02-17,160,Fata Morgana,7.0,20.0,100.0
2023-02-17,160,Gondoletta,,,92.0
2023-02-17,160,Halve Maen,8.0,15.0,99.0
2023-02-17,160,Joris en de Draak,11.0,25.0,100.0
2023-02-17,160,Joris en de Draak Single-rider,6.0,15.0,72.0
2023-02-17,160,Kinderspoor,,,99.0
2023-02-17,160,Kindervreugd,,,99.0
2023-02-17,160,Kleuterhof,,,100.0
2023-02-17,160,Max & Moritz,5.0,5.0,100.0
2023-02-17,160,Max & Moritz Single-rider,,,0.0
2023-02-17,160,Monorail,,,99.0
2023-02-17,160,Nest!,,,99.0
2023-02-17,160,Pagode,5.0,5.0,92.0
2023-02-17,160,Piraña,,,0.0
2023-02-17,160,Python,12.0,25.0,99.0
2023-02-17,160,Python Single-rider,,,0.0
2023-02-17,160,Sirocco,5.0,5.0,100.0
2023-02-17,160,Stoomcarrousel,,,100.0
2023-02-17,160,Stoomtrein Marerijk,25.0,25.0,99.0
2023-02-17,160,Stoomtrein Ruigrijk,25.0,25.0,99.0
2023-02-17,160,Symbolica,15.0,20.0,99.0
2023-02-17,160,Symbolica Single-rider,5.0,10.0,95.0
2023-02-17,160,The Six Swans,,,96.0
2023-02-17,160,Villa Volta,5.0,10.0,100.0
2023-02-17,160,Vogel Rok,6.0,20.0,100.0
2023-02-17,160,Volkvanlaaf,,,99.0
2023-02-18,160,Anton Pieck Plein,,,99.0
2023-02-18,160,Archipel,,,100.0
2023-02-18,160,Badhuys indoor splash pool,,,100.0
2023-02-18,160,Baron 1898,9.0,15.0,100.0
2023-02-18,160,Baron 1898 Single-rider,5.0,10.0,42.0
2023-02-18,160,Carnaval Festival,6.0,10.0,100.0
2023-02-18,160,De Oude Tufferbaan,10.0,20.0,94.0
2023-02-18,160,De Vliegende Hollander,,,0.0
2023-02-18,160,De Vliegende Hollander Single-rider,,,0.0
2023-02-18,160,Diorama,,,100.0
2023-02-18,160,Droomvlucht,,,0.0
2023-02-18,160,Droomvlucht VR,,,0.0
2023-02-18,160,Efteling Museum,,,87.0
2023-02-18,160,Fabula,10.0,10.0,99.0
2023-02-18,160,Fairytale Forest,,,99.0
2023-02-18,160,Fata Morgana,6.0,15.0,100.0
2023-02-18,160,Gondoletta,5.0,5.0,99.0
2023-02-18,160,Halve Maen,6.0,10.0,99.0
2023-02-18,160,Joris en de Draak,12.0,25.0,94.0
2023-02-18,160,Joris en de Draak Single-rider,5.0,15.0,94.0
2023-02-18,160,Kinderspoor,,,100.0
2023-02-18,160,Kindervreugd,,,99.0
2023-02-18,160,Kleuterhof,,,100.0
2023-02-18,160,Max & Moritz,6.0,15.0,100.0
2023-02-18,160,Max & Moritz Single-rider,5.0,5.0,82.0
2023-02-18,160,Monorail,13.0,20.0,99.0
2023-02-18,160,Nest!,,,99.0
2023-02-18,160,Pagode,5.0,5.0,99.0
2023-02-18,160,Piraña,,,0.0
2023-02-18,160,Python,8.0,15.0,99.0
2023-02-18,160,Python Single-rider,,,0.0
2023-02-18,160,Sirocco,6.0,10.0,100.0
2023-02-18,160,Stoomcarrousel,,,100.0
2023-02-18,160,Stoomtrein Marerijk,25.0,25.0,99.0
2023-02-18,160,Stoomtrein Ruigrijk,25.0,25.0,99.0
2023-02-18,160,Symbolica,23.0,40.0,99.0
2023-02-18,160,Symbolica Single-rider,5.0,5.0,99.0
2023-02-18,160,The Six Swans,,,99.0
2023-02-18,160,Villa Volta,5.0,10.0,100.0
2023-02-18,160,Vogel Rok,6.0,15.0,100.0
2023-02-18,160,Volkvanlaaf,,,99.0
2023-02-19,160,Anton Pieck Plein,,,99.0
2023-02-19,160,Archipel,,,100.0
2023-02-19,160,Badhuys indoor splash pool,,,100.0
2023-02-19,160,Baron 1898,9.0,20.0,100.0
2023-02-19,160,Baron 1898 Single-rider,7.0,15.0,27.0
2023-02-19,160,Carnaval Festival,7.0,15.0,100.0
2023-02-19,160,De Oude Tufferbaan,14.0,20.0,99.0
2023-02-19,160,De Vliegende Hollander,,,0.0
2023-02-19,160,De Vliegende Hollander Single-rider,,,0.0
2023-02-19,160,Diorama,,,100.0
2023-02-19,160,Droomvlucht,,,0.0
2023-02-19,160,Droomvlucht VR,,,0.0
2023-02-19,160,Efteling Museum,,,87.0
2023-02-19,160,Fabula,10.0,10.0,99.0
2023-02-19,160,Fairytale Forest,,,99.0
2023-02-19,160,Fata Morgana,7.0,15.0,100.0
2023-02-19,160,Gondoletta,5.0,10.0,93.0
2023-02-19,160,Halve Maen,9.0,20.0,100.0
2023-02-19,160,Joris en de Draak,23.0,40.0,80.0
2023-02-19,160,Joris en de Draak Single-rider,9.0,20.0,80.0
2023-02-19,160,Kinderspoor,,,99.0
2023-02-19,160,Kindervreugd,,,99.0
2023-02-19,160,Kleuterhof,,,100.0
2023-02-19,160,Max & Moritz,6.0,20.0,96.0
2023-02-19,160,Max & Moritz Single-rider,5.0,10.0,83.0
2023-02-19,160,Monorail,13.0,20.0,99.0
2023-02-19,160,Nest!,,,99.0
2023-02-19,160,Pagode,5.0,5.0,99.0
2023-02-19,160,Piraña,,,0.0
2023-02-19,160,Python,10.0,15.0,100.0
2023-02-19,160,Python Single-rider,6.0,10.0,27.0
2023-02-19,160,Sirocco,8.0,10.0,100.0
2023-02-19,160,Stoomcarrousel,5.0,5.0,100.0
2023-02-19,160,Stoomtrein Marerijk,25.0,30.0,94.0
2023-02-19,160,Stoomtrein Ruigrijk,25.0,30.0,94.0
2023-02-19,160,Symbolica,23.0,30.0,99.0
2023-02-19,160,Symbolica Single-rider,6.0,10.0,99.0
2023-02-19,160,The Six Swans,5.0,5.0,99.0
2023-02-19,160,Villa Volta,5.0,10.0,100.0
2023-02-19,160,Vogel Rok,7.0,15.0,100.0
2023-02-19,160,Volkvanlaaf,,,99.0
2023-02-20,160,Anton Pieck Plein,,,99.0
2023-02-20,160,Archipel,,,100.0
2023-02-20,160,Badhuys indoor splash pool,,,100.0
2023-02-20,160,Baron 1898,13.0,20.0,100.0
2023-02-20,160,Baron 1898 Single-rider,10.0,25.0,90.0
2023-02-20,160,Carnaval Festival,16.0,25.0,100.0
2023-02-20,160,De Oude Tufferbaan,18.0,30.0,99.0
2023-02-20,160,De Vliegende Hollander,,,0.0
2023-02-20,160,De Vliegende Hollander Single-rider,,,0.0
2023-02-20,160,Diorama,,,100.0
2023-02-20,160,Droomvlucht,,,0.0
2023-02-20,160,Droomvlucht VR,,,0.0
2023-02-20,160,Efteling Museum,,,87.0
2023-02-20,160,Fabula,10.0,10.0,98.0
2023-02-20,160,Fairytale Forest,,,99.0
2023-02-20,160,Fata Morgana,11.0,20.0,100.0
2023-02-20,160,Gondoletta,7.0,15.0,100.0
2023-02-20,160,Halve Maen,8.0,15.0,99.0
2023-02-20,160,Joris en de Draak,22.0,35.0,100.0
2023-02-20,160,Joris en de Draak Single-rider,12.0,25.0,100.0
2023-02-20,160,Kinderspoor,5.0,5.0,99.0
2023-02-20,160,Kindervreugd,,,99.0
2023-02-20,160,Kleuterhof,,,100.0
2023-02-20,160,Max & Moritz,11.0,25.0,100.0
2023-02-20,160,Max & Moritz Single-rider,5.0,15.0,100.0
2023-02-20,160,Monorail,17.0,25.0,99.0
2023-02-20,160,Nest!,,,99.0
2023-02-20,160,Pagode,5.0,10.0,100.0
2023-02-20,160,Piraña,,,0.0
2023-02-20,160,Python,12.0,20.0,100.0
2023-02-20,160,Python Single-rider,9.0,20.0,56.0
2023-02-20,160,Sirocco,10.0,20.0,100.0
2023-02-20,160,Stoomcarrousel,10.0,10.0,100.0
2023-02-20,160,Stoomtrein Marerijk,25.0,25.0,100.0
2023-02-20,160,Stoomtrein Ruigrijk,25.0,25.0,94.0
2023-02-20,160,Symbolica,30.0,45.0,98.0
2023-02-20,160,Symbolica Single-rider,7.0,10.0,100.0
2023-02-20,160,The Six Swans,6.0,10.0,99.0
2023-02-20,160,Villa Volta,7.0,15.0,100.0
2023-02-20,160,Vogel Rok,11.0,20.0,100.0
2023-02-20,160,Volkvanlaaf,,,99.0
2023-02-21,160,Anton Pieck Plein,,,99.0
2023-02-21,160,Archipel,,,99.0
2023-02-21,160,Badhuys indoor splash pool,,,100.0
2023-02-21,160,Baron 1898,13.0,25.0,100.0
2023-02-21,160,Baron 1898 Single-rider,11.0,25.0,90.0
2023-02-21,160,Carnaval Festival,14.0,20.0,100.0
2023-02-21,160,De Oude Tufferbaan,21.0,35.0,100.0
2023-02-21,160,De Vliegende Hollander,,,0.0
2023-02-21,160,De Vliegende Hollander Single-rider,,,0.0
2023-02-21,160,Diorama,,,100.0
2023-02-21,160,Droomvlucht,,,0.0
2023-02-21,160,Droomvlucht VR,,,0.0
2023-02-21,160,Efteling Museum,,,88.0
2023-02-21,160,Fabula,7.0,10.0,100.0
2023-02-21,160,Fairytale Forest,,,99.0
2023-02-21,160,Fata Morgana,8.0,20.0,100.0
2023-02-21,160,Gondoletta,5.0,10.0,93.0
2023-02-21,160,Halve Maen,9.0,15.0,100.0
2023-02-21,160,Joris en de Draak,20.0,30.0,100.0
2023-02-21,160,Joris en de Draak Single-rider,10.0,30.0,100.0
2023-02-21,160,Kinderspoor,8.0,10.0,99.0
2023-02-21,160,Kindervreugd,,,99.0
2023-02-21,160,Kleuterhof,,,100.0
2023-02-21,160,Max & Moritz,9.0,25.0,100.0
2023-02-21,160,Max & Moritz Single-rider,5.0,15.0,98.0
2023-02-21,160,Monorail,17.0,25.0,99.0
2023-02-21,160,Nest!,,,99.0
2023-02-21,160,Pagode,5.0,10.0,99.0
2023-02-21,160,Piraña,,,0.0
2023-02-21,160,Python,13.0,20.0,100.0
2023-02-21,160,Python Single-rider,8.0,20.0,73.0
2023-02-21,160,Sirocco,11.0,15.0,100.0
2023-02-21,160,Stoomcarrousel,15.0,15.0,100.0
2023-02-21,160,Stoomtrein Marerijk,25.0,25.0,99.0
2023-02-21,160,Stoomtrein Ruigrijk,25.0,25.0,99.0
2023-02-21,160,Symbolica,32.0,40.0,99.0
2023-02-21,160,Symbolica Single-rider,9.0,15.0,98.0
2023-02-21,160,The Six Swans,9.0,15.0,99.0
2023-02-21,160,Villa Volta,7.0,15.0,100.0
2023-02-21,160,Vogel Rok,11.0,25.0,100.0
2023-02-21,160,Volkvanlaaf,,,99.0
2023-02-22,160,Anton Pieck Plein,,,99.0
2023-02-22,160,Archipel,,,100.0
2023-02-22,160,Badhuys indoor splash pool,,,100.0
2023-02-22,160,Baron 1898,11.0,15.0,100.0
2023-02-22,160,Baron 1898 Single-rider,10.0,20.0,95.0
2023-02-22,160,Carnaval Festival,11.0,20.0,100.0
2023-02-22,160,De Oude Tufferbaan,17.0,30.0,100.0
2023-02-22,160,De Vliegende Hollander,,,0.0
2023-02-22,160,De Vliegende Hollander Single-rider,,,0.0
2023-02-22,160,Diorama,,,99.0
2023-02-22,160,Droomvlucht,,,0.0
2023-02-22,160,Droomvlucht VR,,,0.0
2023-02-22,160,Efteling Museum,,,87.0
2023-02-22,160,Fabula,10.0,10.0,100.0
2023-02-22,160,Fairytale Forest,,,99.0
2023-02-22,160,Fata Morgana,6.0,15.0,92.0
2023-02-22,160,Gondoletta,6.0,10.0,93.0
2023-02-22,160,Halve Maen,9.0,20.0,99.0
2023-02-22,160,Joris en de Draak,15.0,30.0,99.0
2023-02-22,160,Joris en de Draak Single-rider,8.0,20.0,99.0
2023-02-22,160,Kinderspoor,7.0,10.0,99.0
2023-02-22,160,Kindervreugd,,,99.0
2023-02-22,160,Kleuterhof,,,100.0
2023-02-22,160,Max & Moritz,8.0,25.0,100.0
2023-02-22,160,Max & Moritz Single-rider,5.0,5.0,100.0
2023-02-22,160,Monorail,18.0,25.0,99.0
2023-02-22,160,Nest!,,,99.0
2023-02-22,160,Pagode,5.0,10.0,99.0
2023-02-22,160,Piraña,,,0.0
2023-02-22,160,Python,11.0,20.0,99.0
2023-02-22,160,Python Single-rider,13.0,30.0,17.0
2023-02-22,160,Sirocco,10.0,20.0,100.0
2023-02-22,160,Stoomcarrousel,10.0,15.0,100.0
2023-02-22,160,Stoomtrein Marerijk,25.0,25.0,92.0
2023-02-22,160,Stoomtrein Ruigrijk,25.0,25.0,92.0
2023-02-22,160,Symbolica,24.0,30.0,99.0
2023-02-22,160,Symbolica Single-rider,5.0,15.0,99.0
2023-02-22,160,The Six Swans,7.0,10.0,99.0
2023-02-22,160,Villa Volta,6.0,10.0,100.0
2023-02-22,160,Vogel Rok,8.0,15.0,100.0
2023-02-22,160,Volkvanlaaf,,,99.0
2023-02-23,160,Anton Pieck Plein,,,99.0
2023-02-23,160,Archipel,,,100.0
2023-02-23,160,Badhuys indoor splash pool,,,100.0
2023-02-23,160,Baron 1898,16.0,35.0,100.0
2023-02-23,160,Baron 1898 Single-rider,12.0,25.0,90.0
2023-02-23,160,Carnaval Festival,12.0,25.0,100.0
2023-02-23,160,De Oude Tufferbaan,22.0,30.0,99.0
2023-02-23,160,De Vliegende Hollander,,,0.0
2023-02-23,160,De Vliegende Hollander Single-rider,,,0.0
2023-02-23,160,Diorama,,,100.0
2023-02-23,160,Droomvlucht,,,0.0
2023-02-23,160,Droomvlucht VR,,,0.0
2023-02-23,160,Efteling Museum,,,87.0
2023-02-23,160,Fabula,10.0,10.0,99.0
2023-02-23,160,Fairytale Forest,,,99.0
2023-02-23,160,Fata Morgana,9.0,20.0,100.0
2023-02-23,160,Gondoletta,10.0,20.0,95.0
2023-02-23,160,Halve Maen,13.0,35.0,99.0
2023-02-23,160,Joris en de Draak,23.0,40.0,98.0
2023-02-23,160,Joris en de Draak Single-rider,13.0,30.0,98.0
2023-02-23,160,Kinderspoor,7.0,10.0,99.0
2023-02-23,160,Kindervreugd,,,99.0
2023-02-23,160,Kleuterhof,,,100.0
2023-02-23,160,Max & Moritz,14.0,25.0,88.0
2023-02-23,160,Max & Moritz Single-rider,5.0,15.0,88.0
2023-02-23,160,Monorail,15.0,15.0,99.0
2023-02-23,160,Nest!,,,99.0
2023-02-23,160,Pagode,5.0,10.0,100.0
2023-02-23,160,Piraña,,,0.0
2023-02-23,160,Python,23.0,35.0,92.0
2023-02-23,160,Python Single-rider,20.0,40.0,78.0
2023-02-23,160,Sirocco,11.0,20.0,100.0
2023-02-23,160,Stoomcarrousel,5.0,5.0,100.0
2023-02-23,160,Stoomtrein Marerijk,25.0,25.0,100.0
2023-02-23,160,Stoomtrein Ruigrijk,25.0,25.0,100.0
2023-02-23,160,Symbolica,27.0,30.0,99.0
2023-02-23,160,Symbolica Single-rider,7.0,15.0,99.0
2023-02-23,160,The Six Swans,5.0,10.0,100.0
2023-02-23,160,Villa Volta,6.0,10.0,100.0
2023-02-23,160,Vogel Rok,10.0,25.0,100.0
2023-02-23,160,Volkvanlaaf,,,99.0
2023-02-24,160,Anton Pieck Plein,,,100.0
2023-02-24,160,Archipel,,,100.0
2023-02-24,160,Badhuys indoor splash pool,,,100.0
2023-02-24,160,Baron 1898,15.0,35.0,100.0
2023-02-24,160,Baron 1898 Single-rider,11.0,30.0,73.0
2023-02-24,160,Carnaval Festival,15.0,25.0,100.0
2023-02-24,160,De Oude Tufferbaan,17.0,25.0,100.0
2023-02-24,160,De Vliegende Hollander,,,0.0
2023-02-24,160,De Vliegende Hollander Single-rider,,,0.0
2023-02-24,160,Diorama,,,100.0
2023-02-24,160,Droomvlucht,,,0.0
2023-02-24,160,Droomvlucht VR,,,0.0
2023-02-24,160,Efteling Museum,,,87.0
2023-02-24,160,Fabula,10.0,10.0,100.0
2023-02-24,160,Fairytale Forest,,,100.0
2023-02-24,160,Fata Morgana,9.0,25.0,100.0
2023-02-24,160,Gondoletta,,,96.0
2023-02-24,160,Halve Maen,8.0,15.0,100.0
2023-02-24,160,Joris en de Draak,18.0,40.0,100.0
2023-02-24,160,Joris en de Draak Single-rider,9.0,30.0,100.0
2023-02-24,160,Kinderspoor,9.0,20.0,100.0
2023-02-24,160,Kindervreugd,,,100.0
2023-02-24,160,Kleuterhof,,,100.0
2023-02-24,160,Max & Moritz,11.0,30.0,100.0
2023-02-24,160,Max & Moritz Single-rider,5.0,10.0,100.0
2023-02-24,160,Monorail,12.0,15.0,100.0
2023-02-24,160,Nest!,,,100.0
2023-02-24,160,Pagode,5.0,5.0,100.0
2023-02-24,160,Piraña,,,0.0
2023-02-24,160,Python,10.0,20.0,100.0
2023-02-24,160,Python Single-rider,8.0,15.0,81.0
2023-02-24,160,Sirocco,11.0,20.0,100.0
2023-02-24,160,Stoomcarrousel,14.0,20.0,100.0
2023-02-24,160,Stoomtrein Marerijk,25.0,25.0,100.0
2023-02-24,160,Stoomtrein Ruigrijk,25.0,25.0,100.0
2023-02-24,160,Symbolica,30.0,40.0,100.0
2023-02-24,160,Symbolica Single-rider,9.0,10.0,99.0
2023-02-24,160,The Six Swans,7.0,10.0,100.0
2023-02-24,160,Villa Volta,9.0,15.0,100.0
2023-02-24,160,Vogel Rok,13.0,35.0,100.0
2023-02-24,160,Volkvanlaaf,,,100.0
2023-02-25,160,Anton Pieck Plein,,,99.0
2023-02-25,160,Archipel,,,100.0
2023-02-25,160,Badhuys indoor splash pool,,,100.0
2023-02-25,160,Baron 1898,20.0,40.0,100.0
2023-02-25,160,Baron 1898 Single-rider,13.0,35.0,96.0
2023-02-25,160,Carnaval Festival,17.0,25.0,100.0
2023-02-25,160,De Oude Tufferbaan,21.0,30.0,100.0
2023-02-25,160,De Vliegende Hollander,,,0.0
2023-02-25,160,De Vliegende Hollander Single-rider,,,0.0
2023-02-25,160,Diorama,,,99.0
2023-02-25,160,Droomvlucht,,,0.0
2023-02-25,160,Droomvlucht VR,,,0.0
2023-02-25,160,Efteling Museum,,,87.0
2023-02-25,160,Fabula,10.0,10.0,100.0
2023-02-25,160,Fairytale Forest,,,99.0
2023-02-25,160,Fata Morgana,19.0,35.0,100.0
2023-02-25,160,Gondoletta,9.0,15.0,96.0
2023-02-25,160,Halve Maen,13.0,20.0,99.0
2023-02-25,160,Joris en de Draak,24.0,45.0,100.0
2023-02-25,160,Joris en de Draak Single-rider,13.0,30.0,99.0
2023-02-25,160,Kinderspoor,11.0,15.0,99.0
2023-02-25,160,Kindervreugd,,,99.0
2023-02-25,160,Kleuterhof,,,100.0
2023-02-25,160,Max & Moritz,13.0,25.0,87.0
2023-02-25,160,Max & Moritz Single-rider,7.0,30.0,87.0
2023-02-25,160,Monorail,9.0,20.0,100.0
2023-02-25,160,Nest!,,,99.0
2023-02-25,160,Pagode,6.0,15.0,99.0
2023-02-25,160,Piraña,,,0.0
2023-02-25,160,Python,16.0,30.0,83.0
2023-02-25,160,Python Single-rider,16.0,30.0,61.0
2023-02-25,160,Sirocco,12.0,20.0,100.0
2023-02-25,160,Stoomcarrousel,13.0,20.0,99.0
2023-02-25,160,Stoomtrein Marerijk,40.0,45.0,56.0
2023-02-25,160,Stoomtrein Ruigrijk,25.0,25.0,56.0
2023-02-25,160,Symbolica,37.0,45.0,98.0
2023-02-25,160,Symbolica Single-rider,10.0,20.0,100.0
2023-02-25,160,The Six Swans,5.0,5.0,99.0
2023-02-25,160,Villa Volta,10.0,20.0,99.0
2023-02-25,160,Vogel Rok,15.0,25.0,100.0
2023-02-25,160,Volkvanlaaf,,,100.0
2023-02-26,160,Anton Pieck Plein,,,99.0
2023-02-26,160,Archipel,,,100.0
2023-02-26,160,Badhuys indoor splash pool,,,100.0
2023-02-26,160,Baron 1898,20.0,30.0,100.0
2023-02-26,160,Baron 1898 Single-rider,15.0,30.0,98.0
2023-02-26,160,Carnaval Festival,17.0,25.0,100.0
2023-02-26,160,De Oude Tufferbaan,18.0,30.0,99.0
2023-02-26,160,De Vliegende Hollander,,,0.0
2023-02-26,160,De Vliegende Hollander Single-rider,,,0.0
2023-02-26,160,Diorama,,,100.0
2023-02-26,160,Droomvlucht,,,0.0
2023-02-26,160,Droomvlucht VR,,,0.0
2023-02-26,160,Efteling Museum,,,87.0
2023-02-26,160,Fabula,11.0,20.0,99.0
2023-02-26,160,Fairytale Forest,,,99.0
2023-02-26,160,Fata Morgana,17.0,30.0,100.0
2023-02-26,160,Gondoletta,8.0,15.0,96.0
2023-02-26,160,Halve Maen,10.0,15.0,99.0
2023-02-26,160,Joris en de Draak,34.0,45.0,73.0
2023-02-26,160,Joris en de Draak Single-rider,18.0,35.0,73.0
2023-02-26,160,Kinderspoor,10.0,15.0,99.0
2023-02-26,160,Kindervreugd,,,99.0
2023-02-26,160,Kleuterhof,,,100.0
2023-02-26,160,Max & Moritz,12.0,30.0,100.0
2023-02-26,160,Max & Moritz Single-rider,5.0,5.0,100.0
2023-02-26,160,Monorail,14.0,20.0,99.0
2023-02-26,160,Nest!,,,99.0
2023-02-26,160,Pagode,6.0,15.0,96.0
2023-02-26,160,Piraña,,,0.0
2023-02-26,160,Python,16.0,35.0,100.0
2023-02-26,160,Python Single-rider,10.0,25.0,87.0
2023-02-26,160,Sirocco,12.0,20.0,100.0
2023-02-26,160,Stoomcarrousel,,,100.0
2023-02-26,160,Stoomtrein Marerijk,25.0,30.0,89.0
2023-02-26,160,Stoomtrein Ruigrijk,25.0,30.0,89.0
2023-02-26,160,Symbolica,35.0,40.0,100.0
2023-02-26,160,Symbolica Single-rider,12.0,20.0,100.0
2023-02-26,160,The Six Swans,6.0,10.0,99.0
2023-02-26,160,Villa Volta,10.0,20.0,100.0
2023-02-26,160,Vogel Rok,14.0,30.0,100.0
2023-02-26,160,Volkvanlaaf,,,99.0
2023-02-27,160,Anton Pieck Plein,,,99.0
2023-02-27,160,Archipel,,,100.0
2023-02-27,160,Badhuys indoor splash pool,,,3.0
2023-02-27,160,Baron 1898,29.0,60.0,100.0
2023-02-27,160,Baron 1898 Single-rider,22.0,35.0,99.0
2023-02-27,160,Carnaval Festival,14.0,25.0,100.0
2023-02-27,160,De Oude Tufferbaan,17.0,25.0,99.0
2023-02-27,160,De Vliegende Hollander,,,0.0
2023-02-27,160,De Vliegende Hollander Single-rider,,,0.0
2023-02-27,160,Diorama,,,100.0
2023-02-27,160,Droomvlucht,,,0.0
2023-02-27,160,Droomvlucht VR,,,0.0
2023-02-27,160,Efteling Museum,,,87.0
2023-02-27,160,Fabula,10.0,10.0,99.0
2023-02-27,160,Fairytale Forest,,,99.0
2023-02-27,160,Fata Morgana,11.0,45.0,100.0
2023-02-27,160,Gondoletta,7.0,15.0,97.0
2023-02-27,160,Halve Maen,11.0,25.0,87.0
2023-02-27,160,Joris en de Draak,38.0,50.0,67.0
2023-02-27,160,Joris en de Draak Single-rider,25.0,35.0,66.0
2023-02-27,160,Kinderspoor,10.0,10.0,99.0
2023-02-27,160,Kindervreugd,,,99.0
2023-02-27,160,Kleuterhof,,,99.0
2023-02-27,160,Max & Moritz,15.0,40.0,100.0
2023-02-27,160,Max & Moritz Single-rider,9.0,30.0,100.0
2023-02-27,160,Monorail,17.0,20.0,99.0
2023-02-27,160,Nest!,,,99.0
2023-02-27,160,Pagode,7.0,10.0,95.0
2023-02-27,160,Piraña,,,0.0
2023-02-27,160,Python,19.0,30.0,99.0
2023-02-27,160,Python Single-rider,16.0,20.0,83.0
2023-02-27,160,Sirocco,14.0,20.0,100.0
2023-02-27,160,Stoomcarrousel,,,100.0
2023-02-27,160,Stoomtrein Marerijk,25.0,25.0,97.0
2023-02-27,160,Stoomtrein Ruigrijk,25.0,25.0,97.0
2023-02-27,160,Symbolica,38.0,45.0,95.0
2023-02-27,160,Symbolica Single-rider,11.0,30.0,95.0
2023-02-27,160,The Six Swans,7.0,15.0,99.0
2023-02-27,160,Villa Volta,12.0,20.0,100.0
2023-02-27,160,Vogel Rok,19.0,50.0,100.0
2023-02-27,160,Volkvanlaaf,,,99.0
2023-02-28,160,Anton Pieck Plein,,,99.0
2023-02-28,160,Archipel,,,99.0
2023-02-28,160,Badhuys indoor splash pool,,,100.0
2023-02-28,160,Baron 1898,21.0,40.0,100.0
2023-02-28,160,Baron 1898 Single-rider,17.0,30.0,98.0
2023-02-28,160,Carnaval Festival,9.0,15.0,100.0
2023-02-28,160,De Oude Tufferbaan,16.0,20.0,100.0
2023-02-28,160,De Vliegende Hollander,,,0.0
2023-02-28,160,De Vliegende Hollander Single-rider,,,0.0
2023-02-28,160,Diorama,,,100.0
2023-02-28,160,Droomvlucht,,,0.0
2023-02-28,160,Droomvlucht VR,,,0.0
2023-02-28,160,Efteling Museum,,,88.0
2023-02-28,160,Fabula,10.0,20.0,99.0
2023-02-28,160,Fairytale Forest,,,99.0
2023-02-28,160,Fata Morgana,8.0,20.0,100.0
2023-02-28,160,Gondoletta,11.0,15.0,97.0
2023-02-28,160,Halve Maen,12.0,20.0,97.0
2023-02-28,160,Joris en de Draak,22.0,35.0,95.0
2023-02-28,160,Joris en de Draak Single-rider,13.0,25.0,94.0
2023-02-28,160,Kinderspoor,9.0,10.0,99.0
2023-02-28,160,Kindervreugd,,,99.0
2023-02-28,160,Kleuterhof,,,99.0
2023-02-28,160,Max & Moritz,7.0,25.0,100.0
2023-02-28,160,Max & Moritz Single-rider,5.0,5.0,42.0
2023-02-28,160,Monorail,15.0,25.0,99.0
2023-02-28,160,Nest!,,,99.0
2023-02-28,160,Pagode,5.0,5.0,97.0
2023-02-28,160,Piraña,,,0.0
2023-02-28,160,Python,12.0,25.0,100.0
2023-02-28,160,Python Single-rider,8.0,20.0,86.0
2023-02-28,160,Sirocco,8.0,20.0,100.0
2023-02-28,160,Stoomcarrousel,,,100.0
2023-02-28,160,Stoomtrein Marerijk,25.0,25.0,99.0
2023-02-28,160,Stoomtrein Ruigrijk,25.0,25.0,99.0
2023-02-28,160,Symbolica,30.0,50.0,99.0
2023-02-28,160,Symbolica Single-rider,7.0,20.0,98.0
2023-02-28,160,The Six Swans,5.0,5.0,99.0
2023-02-28,160,Villa Volta,9.0,20.0,100.0
2023-02-28,160,Vogel Rok,13.0,25.0,91.0
2023-02-28,160,Volkvanlaaf,,,99.0
2023-03-01,160,Anton Pieck Plein,,,99.0
2023-03-01,160,Archipel,,,100.0
2023-03-01,160,Badhuys indoor splash pool,,,100.0
2023-03-01,160,Baron 1898,32.0,60.0,100.0
2023-03-01,160,Baron 1898 Single-rider,26.0,40.0,100.0
2023-03-01,160,Carnaval Festival,15.0,20.0,100.0
2023-03-01,160,De Oude Tufferbaan,22.0,30.0,99.0
2023-03-01,160,De Vliegende Hollander,,,0.0
2023-03-01,160,De Vliegende Hollander Single-rider,,,0.0
2023-03-01,160,Diorama,,,100.0
2023-03-01,160,Droomvlucht,,,0.0
2023-03-01,160,Droomvlucht VR,,,0.0
2023-03-01,160,Efteling Museum,,,87.0
2023-03-01,160,Fabula,11.0,20.0,99.0
2023-03-01,160,Fairytale Forest,,,99.0
2023-03-01,160,Fata Morgana,16.0,40.0,100.0
2023-03-01,160,Gondoletta,14.0,25.0,97.0
2023-03-01,160,Halve Maen,12.0,20.0,96.0
2023-03-01,160,Joris en de Draak,34.0,140.0,100.0
2023-03-01,160,Joris en de Draak Single-rider,18.0,30.0,96.0
2023-03-01,160,Kinderspoor,13.0,15.0,99.0
2023-03-01,160,Kindervreugd,,,99.0
2023-03-01,160,Kleuterhof,,,100.0
2023-03-01,160,Max & Moritz,16.0,35.0,100.0
2023-03-01,160,Max & Moritz Single-rider,8.0,15.0,97.0
2023-03-01,160,Monorail,22.0,30.0,99.0
2023-03-01,160,Nest!,,,99.0
2023-03-01,160,Pagode,7.0,15.0,93.0
2023-03-01,160,Piraña,,,0.0
2023-03-01,160,Python,20.0,25.0,99.0
2023-03-01,160,Python Single-rider,17.0,30.0,95.0
2023-03-01,160,Sirocco,15.0,25.0,100.0
2023-03-01,160,Stoomcarrousel,10.0,10.0,100.0
2023-03-01,160,Stoomtrein Marerijk,25.0,25.0,99.0
2023-03-01,160,Stoomtrein Ruigrijk,25.0,25.0,99.0
2023-03-01,160,Symbolica,33.0,40.0,100.0
2023-03-01,160,Symbolica Single-rider,11.0,25.0,100.0
2023-03-01,160,The Six Swans,5.0,15.0,99.0
2023-03-01,160,Villa Volta,10.0,20.0,100.0
2023-03-01,160,Vogel Rok,19.0,30.0,100.0
2023-03-01,160,Volkvanlaaf,,,99.0
2023-03-02,160,Anton Pieck Plein,,,99.0
2023-03-02,160,Archipel,,,100.0
2023-03-02,160,Badhuys indoor splash pool,,,100.0
2023-03-02,160,Baron 1898,28.0,40.0,100.0
2023-03-02,160,Baron 1898 Single-rider,23.0,40.0,100.0
2023-03-02,160,Carnaval Festival,13.0,25.0,100.0
2023-03-02,160,De Oude Tufferbaan,16.0,25.0,99.0
2023-03-02,160,De Vliegende Hollander,,,0.0
2023-03-02,160,De Vliegende Hollander Single-rider,,,0.0
2023-03-02,160,Diorama,,,100.0
2023-03-02,160,Droomvlucht,,,0.0
2023-03-02,160,Droomvlucht VR,,,0.0
2023-03-02,160,Efteling Museum,,,87.0
2023-03-02,160,Fabula,10.0,10.0,99.0
2023-03-02,160,Fairytale Forest,,,99.0
2023-03-02,160,Fata Morgana,14.0,35.0,94.0
2023-03-02,160,Gondoletta,13.0,25.0,100.0
2023-03-02,160,Halve Maen,12.0,20.0,99.0
2023-03-02,160,Joris en de Draak,26.0,30.0,98.0
2023-03-02,160,Joris en de Draak Single-rider,15.0,25.0,93.0
2023-03-02,160,Kinderspoor,,,99.0
2023-03-02,160,Kindervreugd,,,99.0
2023-03-02,160,Kleuterhof,,,100.0
2023-03-02,160,Max & Moritz,12.0,30.0,100.0
2023-03-02,160,Max & Moritz Single-rider,6.0,15.0,83.0
2023-03-02,160,Monorail,18.0,20.0,99.0
2023-03-02,160,Nest!,,,99.0
2023-03-02,160,Pagode,5.0,10.0,99.0
2023-03-02,160,Piraña,,,0.0
2023-03-02,160,Python,16.0,25.0,92.0
2023-03-02,160,Python Single-rider,13.0,20.0,84.0
2023-03-02,160,Sirocco,12.0,20.0,100.0
2023-03-02,160,Stoomcarrousel,,,100.0
2023-03-02,160,Stoomtrein Marerijk,25.0,25.0,99.0
2023-03-02,160,Stoomtrein Ruigrijk,25.0,25.0,99.0
2023-03-02,160,Symbolica,31.0,35.0,100.0
2023-03-02,160,Symbolica Single-rider,10.0,20.0,100.0
2023-03-02,160,The Six Swans,6.0,15.0,99.0
2023-03-02,160,Villa Volta,13.0,30.0,100.0
2023-03-02,160,Vogel Rok,15.0,25.0,100.0
2023-03-02,160,Volkvanlaaf,,,99.0
2023-03-03,160,Anton Pieck Plein,,,99.0
2023-03-03,160,Archipel,,,100.0
2023-03-03,160,Badhuys indoor splash pool,,,100.0
2023-03-03,160,Baron 1898,29.0,50.0,100.0
2023-03-03,160,Baron 1898 Single-rider,21.0,40.0,100.0
2023-03-03,160,Carnaval Festival,15.0,20.0,100.0
2023-03-03,160,De Oude Tufferbaan,19.0,25.0,99.0
2023-03-03,160,De Vliegende Hollander,,,0.0
2023-03-03,160,De Vliegende Hollander Single-rider,,,0.0
2023-03-03,160,Diorama,,,100.0
2023-03-03,160,Droomvlucht,,,0.0
2023-03-03,160,Droomvlucht VR,,,0.0
2023-03-03,160,Efteling Museum,,,87.0
2023-03-03,160,Fabula,10.0,10.0,99.0
2023-03-03,160,Fairytale Forest,,,99.0
2023-03-03,160,Fata Morgana,13.0,40.0,100.0
2023-03-03,160,Gondoletta,13.0,20.0,97.0
2023-03-03,160,Halve Maen,16.0,25.0,99.0
2023-03-03,160,Joris en de Draak,31.0,45.0,97.0
2023-03-03,160,Joris en de Draak Single-rider,18.0,30.0,97.0
2023-03-03,160,Kinderspoor,5.0,5.0,99.0
2023-03-03,160,Kindervreugd,,,99.0
2023-03-03,160,Kleuterhof,,,100.0
2023-03-03,160,Max & Moritz,17.0,40.0,100.0
2023-03-03,160,Max & Moritz Single-rider,9.0,20.0,100.0
2023-03-03,160,Monorail,28.0,30.0,99.0
2023-03-03,160,Nest!,,,99.0
2023-03-03,160,Pagode,6.0,25.0,100.0
2023-03-03,160,Piraña,,,0.0
2023-03-03,160,Python,18.0,35.0,93.0
2023-03-03,160,Python Single-rider,18.0,35.0,87.0
2023-03-03,160,Sirocco,13.0,20.0,100.0
2023-03-03,160,Stoomcarrousel,,,100.0
2023-03-03,160,Stoomtrein Marerijk,,,99.0
2023-03-03,160,Stoomtrein Ruigrijk,25.0,25.0,99.0
2023-03-03,160,Symbolica,36.0,45.0,96.0
2023-03-03,160,Symbolica Single-rider,11.0,25.0,96.0
2023-03-03,160,The Six Swans,5.0,15.0,99.0
2023-03-03,160,Villa Volta,13.0,25.0,100.0
2023-03-03,160,Vogel Rok,17.0,30.0,90.0
2023-03-03,160,Volkvanlaaf,,,99.0
2023-03-04,160,Anton Pieck Plein,,,99.0
2023-03-04,160,Archipel,,,100.0
2023-03-04,160,Badhuys indoor splash pool,,,100.0
2023-03-04,160,Baron 1898,28.0,40.0,100.0
2023-03-04,160,Baron 1898 Single-rider,21.0,35.0,100.0
2023-03-04,160,Carnaval Festival,18.0,45.0,100.0
2023-03-04,160,De Oude Tufferbaan,17.0,25.0,99.0
2023-03-04,160,De Vliegende Hollander,,,0.0
2023-03-04,160,De Vliegende Hollander Single-rider,,,0.0
2023-03-04,160,Diorama,,,99.0
2023-03-04,160,Droomvlucht,44.0,60.0,100.0
2023-03-04,160,Droomvlucht VR,,,100.0
2023-03-04,160,Efteling Museum,,,87.0
2023-03-04,160,Fabula,10.0,10.0,100.0
2023-03-04,160,Fairytale Forest,,,99.0
2023-03-04,160,Fata Morgana,14.0,40.0,100.0
2023-03-04,160,Gondoletta,6.0,15.0,99.0
2023-03-04,160,Halve Maen,12.0,20.0,99.0
2023-03-04,160,Joris en de Draak,21.0,35.0,100.0
2023-03-04,160,Joris en de Draak Single-rider,12.0,35.0,98.0
2023-03-04,160,Kinderspoor,,,99.0
2023-03-04,160,Kindervreugd,,,99.0
2023-03-04,160,Kleuterhof,,,100.0
2023-03-04,160,Max & Moritz,12.0,25.0,100.0
2023-03-04,160,Max & Moritz Single-rider,6.0,15.0,100.0
2023-03-04,160,Monorail,17.0,30.0,99.0
2023-03-04,160,Nest!,,,99.0
2023-03-04,160,Pagode,7.0,15.0,92.0
2023-03-04,160,Piraña,,,0.0
2023-03-04,160,Python,12.0,20.0,95.0
2023-03-04,160,Python Single-rider,10.0,15.0,70.0
2023-03-04,160,Sirocco,11.0,20.0,100.0
2023-03-04,160,Stoomcarrousel,,,99.0
2023-03-04,160,Stoomtrein Marerijk,14.0,25.0,99.0
2023-03-04,160,Stoomtrein Ruigrijk,14.0,25.0,99.0
2023-03-04,160,Symbolica,32.0,40.0,100.0
2023-03-04,160,Symbolica Single-rider,10.0,20.0,100.0
2023-03-04,160,The Six Swans,8.0,15.0,99.0
2023-03-04,160,Villa Volta,8.0,15.0,100.0
2023-03-04,160,Vogel Rok,15.0,30.0,100.0
2023-03-04,160,Volkvanlaaf,,,99.0
2023-03-05,160,Anton Pieck Plein,,,99.0
2023-03-05,160,Archipel,,,100.0
2023-03-05,160,Badhuys indoor splash pool,,,100.0
2023-03-05,160,Baron 1898,17.0,30.0,100.0
2023-03-05,160,Baron 1898 Single-rider,12.0,30.0,91.0
2023-03-05,160,Carnaval Festival,8.0,15.0,100.0
2023-03-05,160,De Oude Tufferbaan,14.0,25.0,99.0
2023-03-05,160,De Vliegende Hollander,,,0.0
2023-03-05,160,De Vliegende Hollander Single-rider,,,0.0
2023-03-05,160,Diorama,,,100.0
2023-03-05,160,Droomvlucht,39.0,50.0,100.0
2023-03-05,160,Droomvlucht VR,,,100.0
2023-03-05,160,Efteling Museum,,,88.0
2023-03-05,160,Fabula,10.0,10.0,100.0
2023-03-05,160,Fairytale Forest,,,99.0
2023-03-05,160,Fata Morgana,8.0,15.0,100.0
2023-03-05,160,Gondoletta,6.0,10.0,99.0
2023-03-05,160,Halve Maen,8.0,10.0,99.0
2023-03-05,160,Joris en de Draak,18.0,25.0,100.0
2023-03-05,160,Joris en de Draak Single-rider,10.0,25.0,95.0
2023-03-05,160,Kinderspoor,8.0,20.0,99.0
2023-03-05,160,Kindervreugd,,,99.0
2023-03-05,160,Kleuterhof,,,100.0
2023-03-05,160,Max & Moritz,5.0,10.0,100.0
2023-03-05,160,Max & Moritz Single-rider,5.0,5.0,93.0
2023-03-05,160,Monorail,10.0,20.0,99.0
2023-03-05,160,Nest!,,,99.0
2023-03-05,160,Pagode,5.0,5.0,99.0
2023-03-05,160,Piraña,,,0.0
2023-03-05,160,Python,11.0,20.0,100.0
2023-03-05,160,Python Single-rider,8.0,10.0,95.0
2023-03-05,160,Sirocco,8.0,15.0,100.0
2023-03-05,160,Stoomcarrousel,,,100.0
2023-03-05,160,Stoomtrein Marerijk,13.0,30.0,96.0
2023-03-05,160,Stoomtrein Ruigrijk,12.0,30.0,92.0
2023-03-05,160,Symbolica,24.0,30.0,99.0
2023-03-05,160,Symbolica Single-rider,5.0,10.0,99.0
2023-03-05,160,The Six Swans,,,98.0
2023-03-05,160,Villa Volta,6.0,10.0,100.0
2023-03-05,160,Vogel Rok,9.0,20.0,100.0
2023-03-05,160,Volkvanlaaf,,,99.0
2023-03-06,160,Anton Pieck Plein,,,100.0
2023-03-06,160,Archipel,,,0.0
2023-03-06,160,Badhuys indoor splash pool,,,37.0
2023-03-06,160,Baron 1898,6.0,15.0,100.0
2023-03-06,160,Baron 1898 Single-rider,5.0,15.0,56.0
2023-03-06,160,Carnaval Festival,8.0,10.0,100.0
2023-03-06,160,De Oude Tufferbaan,11.0,15.0,100.0
2023-03-06,160,De Vliegende Hollander,,,0.0
2023-03-06,160,De Vliegende Hollander Single-rider,,,0.0
2023-03-06,160,Diorama,,,100.0
2023-03-06,160,Droomvlucht,22.0,45.0,100.0
2023-03-06,160,Droomvlucht VR,,,100.0
2023-03-06,160,Efteling Museum,,,87.0
2023-03-06,160,Fabula,10.0,10.0,45.0
2023-03-06,160,Fairytale Forest,,,100.0
2023-03-06,160,Fata Morgana,5.0,15.0,100.0
2023-03-06,160,Gondoletta,5.0,5.0,100.0
2023-03-06,160,Halve Maen,5.0,5.0,95.0
2023-03-06,160,Joris en de Draak,8.0,15.0,100.0
2023-03-06,160,Joris en de Draak Single-rider,5.0,5.0,37.0
2023-03-06,160,Kinderspoor,5.0,5.0,100.0
2023-03-06,160,Kindervreugd,,,100.0
2023-03-06,160,Kleuterhof,,,100.0
2023-03-06,160,Max & Moritz,6.0,15.0,100.0
2023-03-06,160,Max & Moritz Single-rider,,,0.0
2023-03-06,160,Monorail,12.0,20.0,100.0
2023-03-06,160,Nest!,,,100.0
2023-03-06,160,Pagode,5.0,5.0,94.0
2023-03-06,160,Piraña,,,0.0
2023-03-06,160,Python,5.0,15.0,100.0
2023-03-06,160,Python Single-rider,,,0.0
2023-03-06,160,Sirocco,7.0,15.0,100.0
2023-03-06,160,Stoomcarrousel,,,100.0
2023-03-06,160,Stoomtrein Marerijk,25.0,25.0,100.0
2023-03-06,160,Stoomtrein Ruigrijk,25.0,25.0,100.0
2023-03-06,160,Symbolica,20.0,30.0,100.0
2023-03-06,160,Symbolica Single-rider,5.0,10.0,99.0
2023-03-06,160,The Six Swans,5.0,5.0,100.0
2023-03-06,160,Villa Volta,6.0,15.0,99.0
2023-03-06,160,Vogel Rok,5.0,10.0,100.0
2023-03-06,160,Volkvanlaaf,,,100.0
2023-03-07,160,Anton Pieck Plein,,,99.0
2023-03-07,160,Archipel,,,0.0
2023-03-07,160,Badhuys indoor splash pool,,,37.0
2023-03-07,160,Baron 1898,5.0,5.0,100.0
2023-03-07,160,Baron 1898 Single-rider,,,0.0
2023-03-07,160,Carnaval Festival,,,100.0
2023-03-07,160,De Oude Tufferbaan,5.0,5.0,81.0
2023-03-07,160,De Vliegende Hollander,,,0.0
2023-03-07,160,De Vliegende Hollander Single-rider,,,0.0
2023-03-07,160,Diorama,,,100.0
2023-03-07,160,Droomvlucht,,,100.0
2023-03-07,160,Droomvlucht VR,,,100.0
2023-03-07,160,Efteling Museum,,,87.0
2023-03-07,160,Fabula,10.0,10.0,64.0
2023-03-07,160,Fairytale Forest,,,99.0
2023-03-07,160,Fata Morgana,5.0,5.0,100.0
2023-03-07,160,Gondoletta,5.0,5.0,97.0
2023-03-07,160,Halve Maen,5.0,5.0,76.0
2023-03-07,160,Joris en de Draak,5.0,5.0,100.0
2023-03-07,160,Joris en de Draak Single-rider,,,0.0
2023-03-07,160,Kinderspoor,,,99.0
2023-03-07,160,Kindervreugd,,,99.0
2023-03-07,160,Kleuterhof,,,100.0
2023-03-07,160,Max & Moritz,5.0,5.0,100.0
2023-03-07,160,Max & Moritz Single-rider,,,0.0
2023-03-07,160,Monorail,,,99.0
2023-03-07,160,Nest!,,,99.0
2023-03-07,160,Pagode,5.0,5.0,99.0
2023-03-07,160,Piraña,,,0.0
2023-03-07,160,Python,5.0,5.0,100.0
2023-03-07,160,Python Single-rider,,,0.0
2023-03-07,160,Sirocco,5.0,5.0,100.0
2023-03-07,160,Stoomcarrousel,,,99.0
2023-03-07,160,Stoomtrein Marerijk,25.0,25.0,99.0
2023-03-07,160,Stoomtrein Ruigrijk,25.0,25.0,99.0
2023-03-07,160,Symbolica,,,0.0
2023-03-07,160,Symbolica Single-rider,,,0.0
2023-03-07,160,The Six Swans,,,99.0
2023-03-07,160,Villa Volta,5.0,5.0,100.0
2023-03-07,160,Vogel Rok,5.0,5.0,100.0
2023-03-07,160,Volkvanlaaf,,,99.0
2023-03-08,160,Anton Pieck Plein,,,99.0
2023-03-08,160,Archipel,,,100.0
2023-03-08,160,Badhuys indoor splash pool,,,38.0
2023-03-08,160,Baron 1898,5.0,5.0,94.0
2023-03-08,160,Baron 1898 Single-rider,,,0.0
2023-03-08,160,Carnaval Festival,,,100.0
2023-03-08,160,De Oude Tufferbaan,5.0,5.0,100.0
2023-03-08,160,De Vliegende Hollander,,,0.0
2023-03-08,160,De Vliegende Hollander Single-rider,,,0.0
2023-03-08,160,Diorama,,,99.0
2023-03-08,160,Droomvlucht,5.0,5.0,100.0
2023-03-08,160,Droomvlucht VR,,,100.0
2023-03-08,160,Efteling Museum,,,87.0
2023-03-08,160,Fabula,10.0,10.0,100.0
2023-03-08,160,Fairytale Forest,,,99.0
2023-03-08,160,Fata Morgana,5.0,5.0,100.0
2023-03-08,160,Gondoletta,,,99.0
2023-03-08,160,Halve Maen,5.0,5.0,72.0
2023-03-08,160,Joris en de Draak,12.0,25.0,32.0
2023-03-08,160,Joris en de Draak Single-rider,7.0,15.0,15.0
2023-03-08,160,Kinderspoor,,,99.0
2023-03-08,160,Kindervreugd,,,99.0
2023-03-08,160,Kleuterhof,,,99.0
2023-03-08,160,Max & Moritz,5.0,5.0,71.0
2023-03-08,160,Max & Moritz Single-rider,,,0.0
2023-03-08,160,Monorail,,,80.0
2023-03-08,160,Nest!,,,99.0
2023-03-08,160,Pagode,5.0,5.0,99.0
2023-03-08,160,Piraña,,,0.0
2023-03-08,160,Python,6.0,10.0,99.0
2023-03-08,160,Python Single-rider,,,0.0
2023-03-08,160,Sirocco,5.0,5.0,100.0
2023-03-08,160,Stoomcarrousel,,,99.0
2023-03-08,160,Stoomtrein Marerijk,25.0,25.0,100.0
2023-03-08,160,Stoomtrein Ruigrijk,25.0,25.0,100.0
2023-03-08,160,Symbolica,,,0.0
2023-03-08,160,Symbolica Single-rider,,,0.0
2023-03-08,160,The Six Swans,,,99.0
2023-03-08,160,Villa Volta,5.0,5.0,100.0
2023-03-08,160,Vogel Rok,5.0,5.0,100.0
2023-03-08,160,Volkvanlaaf,,,99.0
2023-03-09,160,Anton Pieck Plein,,,99.0
2023-03-09,160,Archipel,,,100.0
2023-03-09,160,Badhuys indoor splash pool,,,37.0
2023-03-09,160,Baron 1898,5.0,5.0,100.0
2023-03-09,160,Baron 1898 Single-rider,,,0.0
2023-03-09,160,Carnaval Festival,,,100.0
2023-03-09,160,De Oude Tufferbaan,5.0,5.0,53.0
2023-03-09,160,De Vliegende Hollander,,,0.0
2023-03-09,160,De Vliegende Hollander Single-rider,,,0.0
2023-03-09,160,Diorama,,,99.0
2023-03-09,160,Droomvlucht,5.0,5.0,100.0
2023-03-09,160,Droomvlucht VR,,,100.0
2023-03-09,160,Efteling Museum,,,88.0
2023-03-09,160,Fabula,10.0,10.0,86.0
2023-03-09,160,Fairytale Forest,,,99.0
2023-03-09,160,Fata Morgana,,,100.0
2023-03-09,160,Gondoletta,,,99.0
2023-03-09,160,Halve Maen,5.0,5.0,26.0
2023-03-09,160,Joris en de Draak,9.0,25.0,49.0
2023-03-09,160,Joris en de Draak Single-rider,,,0.0
2023-03-09,160,Kinderspoor,,,99.0
2023-03-09,160,Kindervreugd,,,99.0
2023-03-09,160,Kleuterhof,,,100.0
2023-03-09,160,Max & Moritz,5.0,5.0,45.0
2023-03-09,160,Max & Moritz Single-rider,,,0.0
2023-03-09,160,Monorail,,,99.0
2023-03-09,160,Nest!,,,99.0
2023-03-09,160,Pagode,5.0,5.0,87.0
2023-03-09,160,Piraña,,,0.0
2023-03-09,160,Python,6.0,15.0,100.0
2023-03-09,160,Python Single-rider,,,0.0
2023-03-09,160,Sirocco,5.0,5.0,100.0
2023-03-09,160,Stoomcarrousel,,,99.0
2023-03-09,160,Stoomtrein Marerijk,25.0,25.0,83.0
2023-03-09,160,Stoomtrein Ruigrijk,25.0,25.0,83.0
2023-03-09,160,Symbolica,,,0.0
2023-03-09,160,Symbolica Single-rider,,,0.0
2023-03-09,160,The Six Swans,,,99.0
2023-03-09,160,Villa Volta,5.0,5.0,100.0
2023-03-09,160,Vogel Rok,5.0,5.0,99.0
2023-03-09,160,Volkvanlaaf,,,99.0
2023-03-10,160,Anton Pieck Plein,,,99.0
2023-03-10,160,Archipel,,,100.0
2023-03-10,160,Badhuys indoor splash pool,,,37.0
2023-03-10,160,Baron 1898,5.0,5.0,100.0
2023-03-10,160,Baron 1898 Single-rider,,,0.0
2023-03-10,160,Carnaval Festival,5.0,5.0,100.0
2023-03-10,160,De Oude Tufferbaan,5.0,5.0,99.0
2023-03-10,160,De Vliegende Hollander,,,0.0
2023-03-10,160,De Vliegende Hollander Single-rider,,,0.0
2023-03-10,160,Diorama,,,99.0
2023-03-10,160,Droomvlucht,5.0,5.0,100.0
2023-03-10,160,Droomvlucht VR,,,100.0
2023-03-10,160,Efteling Museum,,,87.0
2023-03-10,160,Fabula,10.0,10.0,99.0
2023-03-10,160,Fairytale Forest,,,99.0
2023-03-10,160,Fata Morgana,5.0,5.0,100.0
2023-03-10,160,Gondoletta,,,50.0
2023-03-10,160,Halve Maen,,,0.0
2023-03-10,160,Joris en de Draak,6.0,10.0,94.0
2023-03-10,160,Joris en de Draak Single-rider,,,0.0
2023-03-10,160,Kinderspoor,,,99.0
2023-03-10,160,Kindervreugd,,,99.0
2023-03-10,160,Kleuterhof,,,100.0
2023-03-10,160,Max & Moritz,5.0,5.0,100.0
2023-03-10,160,Max & Moritz Single-rider,,,0.0
2023-03-10,160,Monorail,,,99.0
2023-03-10,160,Nest!,,,99.0
2023-03-10,160,Pagode,5.0,5.0,84.0
2023-03-10,160,Piraña,,,0.0
2023-03-10,160,Python,5.0,10.0,98.0
2023-03-10,160,Python Single-rider,,,0.0
2023-03-10,160,Sirocco,5.0,5.0,100.0
2023-03-10,160,Stoomcarrousel,5.0,5.0,99.0
2023-03-10,160,Stoomtrein Marerijk,25.0,25.0,99.0
2023-03-10,160,Stoomtrein Ruigrijk,25.0,25.0,99.0
2023-03-10,160,Symbolica,12.0,20.0,82.0
2023-03-10,160,Symbolica Single-rider,5.0,5.0,77.0
2023-03-10,160,The Six Swans,,,99.0
2023-03-10,160,Villa Volta,5.0,5.0,100.0
2023-03-10,160,Vogel Rok,5.0,10.0,100.0
2023-03-10,160,Volkvanlaaf,,,99.0
2023-03-11,160,Anton Pieck Plein,,,99.0
2023-03-11,160,Archipel,,,100.0
2023-03-11,160,Badhuys indoor splash pool,,,100.0
2023-03-11,160,Baron 1898,11.0,20.0,100.0
2023-03-11,160,Baron 1898 Single-rider,8.0,20.0,96.0
2023-03-11,160,Carnaval Festival,7.0,15.0,100.0
2023-03-11,160,De Oude Tufferbaan,15.0,20.0,100.0
2023-03-11,160,De Vliegende Hollander,,,0.0
2023-03-11,160,De Vliegende Hollander Single-rider,,,0.0
2023-03-11,160,Diorama,,,99.0
2023-03-11,160,Droomvlucht,29.0,45.0,100.0
2023-03-11,160,Droomvlucht VR,,,100.0
2023-03-11,160,Efteling Museum,,,87.0
2023-03-11,160,Fabula,10.0,10.0,100.0
2023-03-11,160,Fairytale Forest,,,99.0
2023-03-11,160,Fata Morgana,5.0,10.0,100.0
2023-03-11,160,Gondoletta,6.0,15.0,99.0
2023-03-11,160,Halve Maen,5.0,5.0,100.0
2023-03-11,160,Joris en de Draak,15.0,25.0,86.0
2023-03-11,160,Joris en de Draak Single-rider,7.0,25.0,84.0
2023-03-11,160,Kinderspoor,5.0,5.0,99.0
2023-03-11,160,Kindervreugd,,,99.0
2023-03-11,160,Kleuterhof,,,99.0
2023-03-11,160,Max & Moritz,6.0,15.0,100.0
2023-03-11,160,Max & Moritz Single-rider,5.0,5.0,91.0
2023-03-11,160,Monorail,12.0,15.0,99.0
2023-03-11,160,Nest!,,,99.0
2023-03-11,160,Pagode,5.0,5.0,99.0
2023-03-11,160,Piraña,8.0,15.0,57.0
2023-03-11,160,Python,7.0,10.0,97.0
2023-03-11,160,Python Single-rider,5.0,10.0,58.0
2023-03-11,160,Sirocco,9.0,15.0,100.0
2023-03-11,160,Stoomcarrousel,,,99.0
2023-03-11,160,Stoomtrein Marerijk,15.0,25.0,96.0
2023-03-11,160,Stoomtrein Ruigrijk,15.0,25.0,96.0
2023-03-11,160,Symbolica,25.0,30.0,99.0
2023-03-11,160,Symbolica Single-rider,5.0,10.0,99.0
2023-03-11,160,The Six Swans,8.0,10.0,99.0
2023-03-11,160,Villa Volta,6.0,10.0,100.0
2023-03-11,160,Vogel Rok,7.0,10.0,97.0
2023-03-11,160,Volkvanlaaf,,,99.0
2023-03-12,160,Anton Pieck Plein,,,99.0
2023-03-12,160,Archipel,,,100.0
2023-03-12,160,Badhuys indoor splash pool,,,100.0
2023-03-12,160,Baron 1898,10.0,25.0,100.0
2023-03-12,160,Baron 1898 Single-rider,7.0,15.0,100.0
2023-03-12,160,Carnaval Festival,5.0,5.0,100.0
2023-03-12,160,De Oude Tufferbaan,15.0,25.0,99.0
2023-03-12,160,De Vliegende Hollander,,,0.0
2023-03-12,160,De Vliegende Hollander Single-rider,,,0.0
2023-03-12,160,Diorama,,,99.0
2023-03-12,160,Droomvlucht,28.0,45.0,100.0
2023-03-12,160,Droomvlucht VR,,,100.0
2023-03-12,160,Efteling Museum,,,88.0
2023-03-12,160,Fabula,10.0,10.0,22.0
2023-03-12,160,Fairytale Forest,,,99.0
2023-03-12,160,Fata Morgana,5.0,10.0,100.0
2023-03-12,160,Gondoletta,5.0,5.0,99.0
2023-03-12,160,Halve Maen,13.0,15.0,99.0
2023-03-12,160,Joris en de Draak,18.0,35.0,81.0
2023-03-12,160,Joris en de Draak Single-rider,9.0,20.0,48.0
2023-03-12,160,Kinderspoor,,,99.0
2023-03-12,160,Kindervreugd,,,99.0
2023-03-12,160,Kleuterhof,,,100.0
2023-03-12,160,Max & Moritz,5.0,10.0,100.0
2023-03-12,160,Max & Moritz Single-rider,5.0,5.0,100.0
2023-03-12,160,Monorail,7.0,15.0,99.0
2023-03-12,160,Nest!,,,99.0
2023-03-12,160,Pagode,5.0,5.0,99.0
2023-03-12,160,Piraña,5.0,5.0,89.0
2023-03-12,160,Python,6.0,15.0,100.0
2023-03-12,160,Python Single-rider,5.0,5.0,26.0
2023-03-12,160,Sirocco,5.0,10.0,100.0
2023-03-12,160,Stoomcarrousel,,,99.0
2023-03-12,160,Stoomtrein Marerijk,14.0,30.0,99.0
2023-03-12,160,Stoomtrein Ruigrijk,14.0,30.0,99.0
2023-03-12,160,Symbolica,20.0,30.0,98.0
2023-03-12,160,Symbolica Single-rider,5.0,5.0,100.0
2023-03-12,160,The Six Swans,,,99.0
2023-03-12,160,Villa Volta,5.0,10.0,100.0
2023-03-12,160,Vogel Rok,6.0,10.0,100.0
2023-03-12,160,Volkvanlaaf,,,99.0
2023-03-13,160,Anton Pieck Plein,,,99.0
2023-03-13,160,Archipel,,,100.0
2023-03-13,160,Badhuys indoor splash pool,,,37.0
2023-03-13,160,Baron 1898,20.0,25.0,7.0
2023-03-13,160,Baron 1898 Single-rider,13.0,15.0,7.0
2023-03-13,160,Carnaval Festival,,,100.0
2023-03-13,160,De Oude Tufferbaan,,,0.0
2023-03-13,160,De Vliegende Hollander,,,0.0
2023-03-13,160,De Vliegende Hollander Single-rider,,,0.0
2023-03-13,160,Diorama,,,100.0
2023-03-13,160,Droomvlucht,6.0,15.0,100.0
2023-03-13,160,Droomvlucht VR,,,100.0
2023-03-13,160,Efteling Museum,,,87.0
2023-03-13,160,Fabula,10.0,10.0,67.0
2023-03-13,160,Fairytale Forest,,,99.0
2023-03-13,160,Fata Morgana,5.0,5.0,100.0
2023-03-13,160,Gondoletta,5.0,10.0,99.0
2023-03-13,160,Halve Maen,,,99.0
2023-03-13,160,Joris en de Draak,6.0,10.0,96.0
2023-03-13,160,Joris en de Draak Single-rider,,,0.0
2023-03-13,160,Kinderspoor,,,99.0
2023-03-13,160,Kindervreugd,,,99.0
2023-03-13,160,Kleuterhof,,,100.0
2023-03-13,160,Max & Moritz,5.0,5.0,100.0
2023-03-13,160,Max & Moritz Single-rider,,,0.0
2023-03-13,160,Monorail,,,99.0
2023-03-13,160,Nest!,,,99.0
2023-03-13,160,Pagode,5.0,5.0,99.0
2023-03-13,160,Piraña,5.0,5.0,99.0
2023-03-13,160,Python,5.0,5.0,97.0
2023-03-13,160,Python Single-rider,,,0.0
2023-03-13,160,Sirocco,5.0,10.0,100.0
2023-03-13,160,Stoomcarrousel,,,100.0
2023-03-13,160,Stoomtrein Marerijk,25.0,25.0,96.0
2023-03-13,160,Stoomtrein Ruigrijk,25.0,25.0,91.0
2023-03-13,160,Symbolica,11.0,20.0,100.0
2023-03-13,160,Symbolica Single-rider,5.0,5.0,0.0
2023-03-13,160,The Six Swans,,,99.0
2023-03-13,160,Villa Volta,5.0,5.0,100.0
2023-03-13,160,Vogel Rok,5.0,5.0,100.0
2023-03-13,160,Volkvanlaaf,,,99.0
2023-03-14,160,Anton Pieck Plein,,,100.0
2023-03-14,160,Archipel,,,100.0
2023-03-14,160,Badhuys indoor splash pool,,,37.0
2023-03-14,160,Baron 1898,5.0,5.0,100.0
2023-03-14,160,Baron 1898 Single-rider,,,0.0
2023-03-14,160,Carnaval Festival,5.0,5.0,100.0
2023-03-14,160,De Oude Tufferbaan,,,0.0
2023-03-14,160,De Vliegende Hollander,,,0.0
2023-03-14,160,De Vliegende Hollander Single-rider,,,0.0
2023-03-14,160,Diorama,,,100.0
2023-03-14,160,Droomvlucht,,,100.0
2023-03-14,160,Droomvlucht VR,,,100.0
2023-03-14,160,Efteling Museum,,,100.0
2023-03-14,160,Fabula,10.0,10.0,100.0
2023-03-14,160,Fairytale Forest,,,100.0
2023-03-14,160,Fata Morgana,,,100.0
2023-03-14,160,Gondoletta,,,100.0
2023-03-14,160,Halve Maen,5.0,5.0,100.0
2023-03-14,160,Joris en de Draak,5.0,10.0,100.0
2023-03-14,160,Joris en de Draak Single-rider,,,0.0
2023-03-14,160,Kinderspoor,,,100.0
2023-03-14,160,Kindervreugd,,,100.0
2023-03-14,160,Kleuterhof,,,100.0
2023-03-14,160,Max & Moritz,5.0,5.0,71.0
2023-03-14,160,Max & Moritz Single-rider,,,0.0
2023-03-14,160,Monorail,,,100.0
2023-03-14,160,Nest!,,,100.0
2023-03-14,160,Pagode,5.0,5.0,93.0
2023-03-14,160,Piraña,,,100.0
2023-03-14,160,Python,5.0,10.0,100.0
2023-03-14,160,Python Single-rider,,,0.0
2023-03-14,160,Sirocco,5.0,5.0,90.0
2023-03-14,160,Stoomcarrousel,,,100.0
2023-03-14,160,Stoomtrein Marerijk,25.0,25.0,100.0
2023-03-14,160,Stoomtrein Ruigrijk,25.0,25.0,100.0
2023-03-14,160,Symbolica,5.0,10.0,100.0
2023-03-14,160,Symbolica Single-rider,5.0,5.0,30.0
2023-03-14,160,The Six Swans,,,100.0
2023-03-14,160,Villa Volta,6.0,15.0,100.0
2023-03-14,160,Vogel Rok,5.0,5.0,100.0
2023-03-14,160,Volkvanlaaf,,,100.0
2023-03-15,160,Anton Pieck Plein,,,99.0
2023-03-15,160,Archipel,,,100.0
2023-03-15,160,Badhuys indoor splash pool,,,38.0
2023-03-15,160,Baron 1898,6.0,15.0,100.0
2023-03-15,160,Baron 1898 Single-rider,7.0,15.0,14.0
2023-03-15,160,Carnaval Festival,5.0,5.0,100.0
2023-03-15,160,De Oude Tufferbaan,,,0.0
2023-03-15,160,De Vliegende Hollander,,,0.0
2023-03-15,160,De Vliegende Hollander Single-rider,,,0.0
2023-03-15,160,Diorama,,,99.0
2023-03-15,160,Droomvlucht,11.0,25.0,100.0
2023-03-15,160,Droomvlucht VR,,,95.0
2023-03-15,160,Efteling Museum,,,87.0
2023-03-15,160,Fabula,10.0,10.0,99.0
2023-03-15,160,Fairytale Forest,,,99.0
2023-03-15,160,Fata Morgana,5.0,5.0,100.0
2023-03-15,160,Gondoletta,5.0,5.0,99.0
2023-03-15,160,Halve Maen,5.0,5.0,99.0
2023-03-15,160,Joris en de Draak,5.0,10.0,96.0
2023-03-15,160,Joris en de Draak Single-rider,,,0.0
2023-03-15,160,Kinderspoor,5.0,10.0,99.0
2023-03-15,160,Kindervreugd,,,99.0
2023-03-15,160,Kleuterhof,,,100.0
2023-03-15,160,Max & Moritz,5.0,5.0,100.0
2023-03-15,160,Max & Moritz Single-rider,,,0.0
2023-03-15,160,Monorail,10.0,10.0,99.0
2023-03-15,160,Nest!,,,99.0
2023-03-15,160,Pagode,5.0,5.0,91.0
2023-03-15,160,Piraña,5.0,5.0,99.0
2023-03-15,160,Python,10.0,15.0,100.0
2023-03-15,160,Python Single-rider,,,0.0
2023-03-15,160,Sirocco,5.0,10.0,100.0
2023-03-15,160,Stoomcarrousel,,,99.0
2023-03-15,160,Stoomtrein Marerijk,25.0,25.0,83.0
2023-03-15,160,Stoomtrein Ruigrijk,25.0,25.0,84.0
2023-03-15,160,Symbolica,15.0,20.0,99.0
2023-03-15,160,Symbolica Single-rider,5.0,5.0,99.0
2023-03-15,160,The Six Swans,5.0,5.0,99.0
2023-03-15,160,Villa Volta,5.0,10.0,100.0
2023-03-15,160,Vogel Rok,5.0,10.0,87.0
2023-03-15,160,Volkvanlaaf,,,99.0
2023-03-16,160,Anton Pieck Plein,,,99.0
2023-03-16,160,Archipel,,,100.0
2023-03-16,160,Badhuys indoor splash pool,,,38.0
2023-03-16,160,Baron 1898,7.0,30.0,100.0
2023-03-16,160,Baron 1898 Single-rider,6.0,15.0,36.0
2023-03-16,160,Carnaval Festival,5.0,10.0,100.0
2023-03-16,160,De Oude Tufferbaan,,,0.0
2023-03-16,160,De Vliegende Hollander,,,0.0
2023-03-16,160,De Vliegende Hollander Single-rider,,,0.0
2023-03-16,160,Diorama,,,99.0
2023-03-16,160,Droomvlucht,8.0,15.0,96.0
2023-03-16,160,Droomvlucht VR,,,96.0
2023-03-16,160,Efteling Museum,,,88.0
2023-03-16,160,Fabula,10.0,10.0,100.0
2023-03-16,160,Fairytale Forest,,,99.0
2023-03-16,160,Fata Morgana,5.0,10.0,100.0
2023-03-16,160,Gondoletta,,,99.0
2023-03-16,160,Halve Maen,5.0,5.0,99.0
2023-03-16,160,Joris en de Draak,5.0,10.0,100.0
2023-03-16,160,Joris en de Draak Single-rider,,,0.0
2023-03-16,160,Kinderspoor,5.0,5.0,99.0
2023-03-16,160,Kindervreugd,,,99.0
2023-03-16,160,Kleuterhof,,,99.0
2023-03-16,160,Max & Moritz,5.0,5.0,100.0
2023-03-16,160,Max & Moritz Single-rider,,,1.0
2023-03-16,160,Monorail,5.0,5.0,99.0
2023-03-16,160,Nest!,,,99.0
2023-03-16,160,Pagode,5.0,5.0,99.0
2023-03-16,160,Piraña,5.0,10.0,99.0
2023-03-16,160,Python,8.0,20.0,100.0
2023-03-16,160,Python Single-rider,,,0.0
2023-03-16,160,Sirocco,5.0,5.0,100.0
2023-03-16,160,Stoomcarrousel,,,99.0
2023-03-16,160,Stoomtrein Marerijk,25.0,25.0,99.0
2023-03-16,160,Stoomtrein Ruigrijk,,,99.0
2023-03-16,160,Symbolica,10.0,15.0,99.0
2023-03-16,160,Symbolica Single-rider,5.0,5.0,99.0
2023-03-16,160,The Six Swans,5.0,5.0,99.0
2023-03-16,160,Villa Volta,5.0,10.0,100.0
2023-03-16,160,Vogel Rok,5.0,10.0,100.0
2023-03-16,160,Volkvanlaaf,,,99.0
2023-03-17,160,Anton Pieck Plein,,,100.0
2023-03-17,160,Archipel,,,100.0
2023-03-17,160,Badhuys indoor splash pool,,,37.0
2023-03-17,160,Baron 1898,8.0,20.0,100.0
2023-03-17,160,Baron 1898 Single-rider,8.0,20.0,11.0
2023-03-17,160,Carnaval Festival,6.0,10.0,100.0
2023-03-17,160,De Oude Tufferbaan,,,0.0
2023-03-17,160,De Vliegende Hollander,,,0.0
2023-03-17,160,De Vliegende Hollander Single-rider,,,0.0
2023-03-17,160,Diorama,,,100.0
2023-03-17,160,Droomvlucht,15.0,30.0,100.0
2023-03-17,160,Droomvlucht VR,,,100.0
2023-03-17,160,Efteling Museum,,,88.0
2023-03-17,160,Fabula,10.0,10.0,100.0
2023-03-17,160,Fairytale Forest,,,100.0
2023-03-17,160,Fata Morgana,5.0,5.0,100.0
2023-03-17,160,Gondoletta,9.0,20.0,100.0
2023-03-17,160,Halve Maen,5.0,10.0,100.0
2023-03-17,160,Joris en de Draak,7.0,20.0,100.0
2023-03-17,160,Joris en de Draak Single-rider,,,0.0
2023-03-17,160,Kinderspoor,5.0,10.0,100.0
2023-03-17,160,Kindervreugd,,,100.0
2023-03-17,160,Kleuterhof,,,100.0
2023-03-17,160,Max & Moritz,5.0,10.0,100.0
2023-03-17,160,Max & Moritz Single-rider,,,0.0
2023-03-17,160,Monorail,5.0,5.0,100.0
2023-03-17,160,Nest!,,,100.0
2023-03-17,160,Pagode,5.0,5.0,100.0
2023-03-17,160,Piraña,7.0,15.0,100.0
2023-03-17,160,Python,6.0,10.0,90.0
2023-03-17,160,Python Single-rider,,,0.0
2023-03-17,160,Sirocco,6.0,10.0,100.0
2023-03-17,160,Stoomcarrousel,,,100.0
2023-03-17,160,Stoomtrein Marerijk,25.0,25.0,100.0
2023-03-17,160,Stoomtrein Ruigrijk,25.0,25.0,100.0
2023-03-17,160,Symbolica,15.0,25.0,100.0
2023-03-17,160,Symbolica Single-rider,5.0,5.0,99.0
2023-03-17,160,The Six Swans,5.0,5.0,100.0
2023-03-17,160,Villa Volta,5.0,5.0,100.0
2023-03-17,160,Vogel Rok,5.0,5.0,100.0
2023-03-17,160,Volkvanlaaf,,,100.0
2023-03-18,160,Anton Pieck Plein,,,99.0
2023-03-18,160,Archipel,,,100.0
2023-03-18,160,Badhuys indoor splash pool,,,100.0
2023-03-18,160,Baron 1898,18.0,40.0,100.0
2023-03-18,160,Baron 1898 Single-rider,11.0,20.0,100.0
2023-03-18,160,Carnaval Festival,9.0,15.0,100.0
2023-03-18,160,De Oude Tufferbaan,19.0,25.0,96.0
2023-03-18,160,De Vliegende Hollander,,,0.0
2023-03-18,160,De Vliegende Hollander Single-rider,,,0.0
2023-03-18,160,Diorama,,,99.0
2023-03-18,160,Droomvlucht,28.0,40.0,100.0
2023-03-18,160,Droomvlucht VR,,,100.0
2023-03-18,160,Efteling Museum,,,87.0
2023-03-18,160,Fabula,10.0,10.0,99.0
2023-03-18,160,Fairytale Forest,,,99.0
2023-03-18,160,Fata Morgana,7.0,15.0,100.0
2023-03-18,160,Gondoletta,12.0,20.0,99.0
2023-03-18,160,Halve Maen,5.0,5.0,99.0
2023-03-18,160,Joris en de Draak,14.0,25.0,100.0
2023-03-18,160,Joris en de Draak Single-rider,6.0,15.0,98.0
2023-03-18,160,Kinderspoor,,,99.0
2023-03-18,160,Kindervreugd,,,99.0
2023-03-18,160,Kleuterhof,,,99.0
2023-03-18,160,Max & Moritz,6.0,20.0,100.0
2023-03-18,160,Max & Moritz Single-rider,5.0,15.0,100.0
2023-03-18,160,Monorail,14.0,20.0,99.0
2023-03-18,160,Nest!,,,99.0
2023-03-18,160,Pagode,5.0,5.0,99.0
2023-03-18,160,Piraña,8.0,15.0,99.0
2023-03-18,160,Python,8.0,20.0,100.0
2023-03-18,160,Python Single-rider,5.0,10.0,34.0
2023-03-18,160,Sirocco,8.0,20.0,100.0
2023-03-18,160,Stoomcarrousel,8.0,10.0,100.0
2023-03-18,160,Stoomtrein Marerijk,22.0,30.0,99.0
2023-03-18,160,Stoomtrein Ruigrijk,22.0,30.0,99.0
2023-03-18,160,Symbolica,24.0,35.0,99.0
2023-03-18,160,Symbolica Single-rider,5.0,5.0,99.0
2023-03-18,160,The Six Swans,10.0,10.0,99.0
2023-03-18,160,Villa Volta,6.0,15.0,100.0
2023-03-18,160,Vogel Rok,10.0,20.0,100.0
2023-03-18,160,Volkvanlaaf,,,99.0
2023-03-19,160,Anton Pieck Plein,,,99.0
2023-03-19,160,Archipel,,,100.0
2023-03-19,160,Badhuys indoor splash pool,,,100.0
2023-03-19,160,Baron 1898,21.0,35.0,100.0
2023-03-19,160,Baron 1898 Single-rider,16.0,25.0,99.0
2023-03-19,160,Carnaval Festival,10.0,15.0,100.0
2023-03-19,160,De Oude Tufferbaan,22.0,35.0,99.0
2023-03-19,160,De Vliegende Hollander,,,0.0
2023-03-19,160,De Vliegende Hollander Single-rider,,,0.0
2023-03-19,160,Diorama,,,100.0
2023-03-19,160,Droomvlucht,34.0,50.0,100.0
2023-03-19,160,Droomvlucht VR,,,100.0
2023-03-19,160,Efteling Museum,,,87.0
2023-03-19,160,Fabula,10.0,15.0,95.0
2023-03-19,160,Fairytale Forest,,,99.0
2023-03-19,160,Fata Morgana,7.0,15.0,100.0
2023-03-19,160,Gondoletta,12.0,25.0,100.0
2023-03-19,160,Halve Maen,8.0,10.0,87.0
2023-03-19,160,Joris en de Draak,16.0,30.0,100.0
2023-03-19,160,Joris en de Draak Single-rider,8.0,20.0,98.0
2023-03-19,160,Kinderspoor,8.0,10.0,99.0
2023-03-19,160,Kindervreugd,,,99.0
2023-03-19,160,Kleuterhof,,,100.0
2023-03-19,160,Max & Moritz,8.0,20.0,97.0
2023-03-19,160,Max & Moritz Single-rider,5.0,5.0,97.0
2023-03-19,160,Monorail,14.0,25.0,99.0
2023-03-19,160,Nest!,,,99.0
2023-03-19,160,Pagode,5.0,5.0,100.0
2023-03-19,160,Piraña,6.0,15.0,99.0
2023-03-19,160,Python,12.0,20.0,100.0
2023-03-19,160,Python Single-rider,6.0,20.0,83.0
2023-03-19,160,Sirocco,9.0,15.0,100.0
2023-03-19,160,Stoomcarrousel,,,100.0
2023-03-19,160,Stoomtrein Marerijk,25.0,30.0,96.0
2023-03-19,160,Stoomtrein Ruigrijk,25.0,25.0,93.0
2023-03-19,160,Symbolica,25.0,35.0,99.0
2023-03-19,160,Symbolica Single-rider,5.0,15.0,99.0
2023-03-19,160,The Six Swans,7.0,10.0,99.0
2023-03-19,160,Villa Volta,7.0,15.0,100.0
2023-03-19,160,Vogel Rok,10.0,15.0,100.0
2023-03-19,160,Volkvanlaaf,,,99.0
2023-03-20,160,Anton Pieck Plein,,,99.0
2023-03-20,160,Archipel,,,100.0
2023-03-20,160,Badhuys indoor splash pool,,,38.0
2023-03-20,160,Baron 1898,8.0,20.0,97.0
2023-03-20,160,Baron 1898 Single-rider,6.0,15.0,85.0
2023-03-20,160,Carnaval Festival,7.0,10.0,100.0
2023-03-20,160,De Oude Tufferbaan,12.0,25.0,99.0
2023-03-20,160,De Vliegende Hollander,,,0.0
2023-03-20,160,De Vliegende Hollander Single-rider,,,0.0
2023-03-20,160,Diorama,,,99.0
2023-03-20,160,Droomvlucht,17.0,30.0,100.0
2023-03-20,160,Droomvlucht VR,,,100.0
2023-03-20,160,Efteling Museum,,,87.0
2023-03-20,160,Fabula,10.0,10.0,99.0
2023-03-20,160,Fairytale Forest,,,99.0
2023-03-20,160,Fata Morgana,6.0,15.0,100.0
2023-03-20,160,Gondoletta,5.0,5.0,99.0
2023-03-20,160,Halve Maen,6.0,10.0,99.0
2023-03-20,160,Joris en de Draak,10.0,25.0,100.0
2023-03-20,160,Joris en de Draak Single-rider,5.0,5.0,60.0
2023-03-20,160,Kinderspoor,7.0,10.0,99.0
2023-03-20,160,Kindervreugd,,,99.0
2023-03-20,160,Kleuterhof,,,100.0
2023-03-20,160,Max & Moritz,,,0.0
2023-03-20,160,Max & Moritz Single-rider,,,0.0
2023-03-20,160,Monorail,,,99.0
2023-03-20,160,Nest!,,,99.0
2023-03-20,160,Pagode,5.0,5.0,99.0
2023-03-20,160,Piraña,,,100.0
2023-03-20,160,Python,5.0,10.0,99.0
2023-03-20,160,Python Single-rider,5.0,5.0,50.0
2023-03-20,160,Sirocco,5.0,10.0,100.0
2023-03-20,160,Stoomcarrousel,,,99.0
2023-03-20,160,Stoomtrein Marerijk,25.0,25.0,95.0
2023-03-20,160,Stoomtrein Ruigrijk,25.0,25.0,95.0
2023-03-20,160,Symbolica,18.0,40.0,100.0
2023-03-20,160,Symbolica Single-rider,5.0,5.0,100.0
2023-03-20,160,The Six Swans,,,99.0
2023-03-20,160,Villa Volta,6.0,10.0,100.0
2023-03-20,160,Vogel Rok,8.0,15.0,74.0
2023-03-20,160,Volkvanlaaf,,,99.0
2023-03-21,160,Anton Pieck Plein,,,99.0
2023-03-21,160,Archipel,,,100.0
2023-03-21,160,Badhuys indoor splash pool,,,37.0
2023-03-21,160,Baron 1898,6.0,10.0,100.0
2023-03-21,160,Baron 1898 Single-rider,,,0.0
2023-03-21,160,Carnaval Festival,5.0,5.0,100.0
2023-03-21,160,De Oude Tufferbaan,6.0,10.0,100.0
2023-03-21,160,De Vliegende Hollander,,,0.0
2023-03-21,160,De Vliegende Hollander Single-rider,,,0.0
2023-03-21,160,Diorama,,,99.0
2023-03-21,160,Droomvlucht,5.0,5.0,100.0
2023-03-21,160,Droomvlucht VR,,,100.0
2023-03-21,160,Efteling Museum,,,88.0
2023-03-21,160,Fabula,10.0,10.0,100.0
2023-03-21,160,Fairytale Forest,,,99.0
2023-03-21,160,Fata Morgana,,,100.0
2023-03-21,160,Gondoletta,,,99.0
2023-03-21,160,Halve Maen,5.0,5.0,99.0
2023-03-21,160,Joris en de Draak,11.0,30.0,46.0
2023-03-21,160,Joris en de Draak Single-rider,9.0,25.0,23.0
2023-03-21,160,Kinderspoor,,,99.0
2023-03-21,160,Kindervreugd,,,99.0
2023-03-21,160,Kleuterhof,,,100.0
2023-03-21,160,Max & Moritz,,,0.0
2023-03-21,160,Max & Moritz Single-rider,,,0.0
2023-03-21,160,Monorail,,,99.0
2023-03-21,160,Nest!,,,99.0
2023-03-21,160,Pagode,5.0,5.0,99.0
2023-03-21,160,Piraña,,,100.0
2023-03-21,160,Python,8.0,20.0,99.0
2023-03-21,160,Python Single-rider,,,0.0
2023-03-21,160,Sirocco,5.0,5.0,100.0
2023-03-21,160,Stoomcarrousel,,,99.0
2023-03-21,160,Stoomtrein Marerijk,25.0,25.0,100.0
2023-03-21,160,Stoomtrein Ruigrijk,25.0,25.0,93.0
2023-03-21,160,Symbolica,6.0,20.0,99.0
2023-03-21,160,Symbolica Single-rider,5.0,5.0,32.0
2023-03-21,160,The Six Swans,,,99.0
2023-03-21,160,Villa Volta,5.0,5.0,100.0
2023-03-21,160,Vogel Rok,5.0,5.0,100.0
2023-03-21,160,Volkvanlaaf,,,99.0
2023-03-22,160,Anton Pieck Plein,,,99.0
2023-03-22,160,Archipel,,,100.0
2023-03-22,160,Badhuys indoor splash pool,,,0.0
2023-03-22,160,Baron 1898,5.0,5.0,100.0
2023-03-22,160,Baron 1898 Single-rider,,,0.0
2023-03-22,160,Carnaval Festival,5.0,5.0,100.0
2023-03-22,160,De Oude Tufferbaan,9.0,15.0,100.0
2023-03-22,160,De Vliegende Hollander,,,0.0
2023-03-22,160,De Vliegende Hollander Single-rider,,,0.0
2023-03-22,160,Diorama,,,100.0
2023-03-22,160,Droomvlucht,5.0,10.0,100.0
2023-03-22,160,Droomvlucht VR,,,100.0
2023-03-22,160,Efteling Museum,,,87.0
2023-03-22,160,Fabula,10.0,10.0,99.0
2023-03-22,160,Fairytale Forest,,,99.0
2023-03-22,160,Fata Morgana,5.0,10.0,100.0
2023-03-22,160,Gondoletta,5.0,5.0,100.0
2023-03-22,160,Halve Maen,5.0,5.0,99.0
2023-03-22,160,Joris en de Draak,6.0,10.0,90.0
2023-03-22,160,Joris en de Draak Single-rider,5.0,5.0,30.0
2023-03-22,160,Kinderspoor,,,99.0
2023-03-22,160,Kindervreugd,,,99.0
2023-03-22,160,Kleuterhof,,,100.0
2023-03-22,160,Max & Moritz,,,0.0
2023-03-22,160,Max & Moritz Single-rider,,,0.0
2023-03-22,160,Monorail,5.0,5.0,99.0
2023-03-22,160,Nest!,,,99.0
2023-03-22,160,Pagode,5.0,5.0,83.0
2023-03-22,160,Piraña,5.0,5.0,100.0
2023-03-22,160,Python,6.0,10.0,97.0
2023-03-22,160,Python Single-rider,5.0,5.0,10.0
2023-03-22,160,Sirocco,5.0,10.0,100.0
2023-03-22,160,Stoomcarrousel,,,82.0
2023-03-22,160,Stoomtrein Marerijk,25.0,25.0,99.0
2023-03-22,160,Stoomtrein Ruigrijk,25.0,25.0,99.0
2023-03-22,160,Symbolica,11.0,20.0,98.0
2023-03-22,160,Symbolica Single-rider,5.0,5.0,98.0
2023-03-22,160,The Six Swans,,,99.0
2023-03-22,160,Villa Volta,5.0,10.0,100.0
2023-03-22,160,Vogel Rok,5.0,5.0,100.0
2023-03-22,160,Volkvanlaaf,,,99.0
2023-03-23,160,Anton Pieck Plein,,,99.0
2023-03-23,160,Archipel,,,92.0
2023-03-23,160,Badhuys indoor splash pool,,,37.0
2023-03-23,160,Baron 1898,6.0,15.0,100.0
2023-03-23,160,Baron 1898 Single-rider,6.0,15.0,34.0
2023-03-23,160,Carnaval Festival,5.0,5.0,100.0
2023-03-23,160,De Oude Tufferbaan,8.0,15.0,99.0
2023-03-23,160,De Vliegende Hollander,,,0.0
2023-03-23,160,De Vliegende Hollander Single-rider,,,0.0
2023-03-23,160,Diorama,,,99.0
2023-03-23,160,Droomvlucht,6.0,10.0,100.0
2023-03-23,160,Droomvlucht VR,,,100.0
2023-03-23,160,Efteling Museum,,,87.0
2023-03-23,160,Fabula,10.0,10.0,99.0
2023-03-23,160,Fairytale Forest,,,99.0
2023-03-23,160,Fata Morgana,5.0,5.0,100.0
2023-03-23,160,Gondoletta,,,99.0
2023-03-23,160,Halve Maen,5.0,10.0,99.0
2023-03-23,160,Joris en de Draak,7.0,15.0,96.0
2023-03-23,160,Joris en de Draak Single-rider,5.0,5.0,27.0
2023-03-23,160,Kinderspoor,5.0,5.0,99.0
2023-03-23,160,Kindervreugd,,,99.0
2023-03-23,160,Kleuterhof,,,100.0
2023-03-23,160,Max & Moritz,,,0.0
2023-03-23,160,Max & Moritz Single-rider,,,0.0
2023-03-23,160,Monorail,5.0,5.0,99.0
2023-03-23,160,Nest!,,,99.0
2023-03-23,160,Pagode,5.0,10.0,92.0
2023-03-23,160,Piraña,5.0,10.0,100.0
2023-03-23,160,Python,7.0,20.0,100.0
2023-03-23,160,Python Single-rider,,,0.0
2023-03-23,160,Sirocco,5.0,5.0,100.0
2023-03-23,160,Stoomcarrousel,,,88.0
2023-03-23,160,Stoomtrein Marerijk,25.0,25.0,97.0
2023-03-23,160,Stoomtrein Ruigrijk,25.0,25.0,97.0
2023-03-23,160,Symbolica,10.0,20.0,97.0
2023-03-23,160,Symbolica Single-rider,5.0,5.0,99.0
2023-03-23,160,The Six Swans,5.0,5.0,99.0
2023-03-23,160,Villa Volta,5.0,5.0,100.0
2023-03-23,160,Vogel Rok,5.0,5.0,100.0
2023-03-23,160,Volkvanlaaf,,,99.0
2023-03-24,160,Anton Pieck Plein,,,99.0
2023-03-24,160,Archipel,,,99.0
2023-03-24,160,Badhuys indoor splash pool,,,37.0
2023-03-24,160,Baron 1898,7.0,15.0,99.0
2023-03-24,160,Baron 1898 Single-rider,7.0,20.0,43.0
2023-03-24,160,Carnaval Festival,5.0,10.0,99.0
2023-03-24,160,De Oude Tufferbaan,12.0,20.0,99.0
2023-03-24,160,De Vliegende Hollander,,,0.0
2023-03-24,160,De Vliegende Hollander Single-rider,,,0.0
2023-03-24,160,Diorama,,,99.0
2023-03-24,160,Droomvlucht,16.0,35.0,90.0
2023-03-24,160,Droomvlucht VR,,,90.0
2023-03-24,160,Efteling Museum,,,88.0
2023-03-24,160,Fabula,10.0,10.0,99.0
2023-03-24,160,Fairytale Forest,,,99.0
2023-03-24,160,Fata Morgana,5.0,10.0,100.0
2023-03-24,160,Gondoletta,5.0,5.0,95.0
2023-03-24,160,Halve Maen,5.0,5.0,89.0
2023-03-24,160,Joris en de Draak,7.0,20.0,100.0
2023-03-24,160,Joris en de Draak Single-rider,5.0,5.0,50.0
2023-03-24,160,Kinderspoor,,,99.0
2023-03-24,160,Kindervreugd,,,99.0
2023-03-24,160,Kleuterhof,,,99.0
2023-03-24,160,Max & Moritz,,,0.0
2023-03-24,160,Max & Moritz Single-rider,,,0.0
2023-03-24,160,Monorail,5.0,10.0,99.0
2023-03-24,160,Nest!,,,99.0
2023-03-24,160,Pagode,5.0,10.0,94.0
2023-03-24,160,Piraña,,,95.0
2023-03-24,160,Python,9.0,20.0,86.0
2023-03-24,160,Python Single-rider,,,0.0
2023-03-24,160,Sirocco,5.0,10.0,100.0
2023-03-24,160,Stoomcarrousel,,,99.0
2023-03-24,160,Stoomtrein Marerijk,25.0,25.0,81.0
2023-03-24,160,Stoomtrein Ruigrijk,25.0,25.0,81.0
2023-03-24,160,Symbolica,14.0,20.0,99.0
2023-03-24,160,Symbolica Single-rider,5.0,10.0,99.0
2023-03-24,160,The Six Swans,,,99.0
2023-03-24,160,Villa Volta,6.0,10.0,100.0
2023-03-24,160,Vogel Rok,5.0,10.0,100.0
2023-03-24,160,Volkvanlaaf,,,99.0
2023-03-25,160,Anton Pieck Plein,,,99.0
2023-03-25,160,Archipel,,,100.0
2023-03-25,160,Badhuys indoor splash pool,,,100.0
2023-03-25,160,Baron 1898,32.0,45.0,55.0
2023-03-25,160,Baron 1898 Single-rider,22.0,45.0,53.0
2023-03-25,160,Carnaval Festival,6.0,10.0,100.0
2023-03-25,160,De Oude Tufferbaan,18.0,25.0,99.0
2023-03-25,160,De Vliegende Hollander,,,0.0
2023-03-25,160,De Vliegende Hollander Single-rider,,,0.0
2023-03-25,160,Diorama,,,100.0
2023-03-25,160,Droomvlucht,21.0,40.0,100.0
2023-03-25,160,Droomvlucht VR,,,100.0
2023-03-25,160,Efteling Museum,,,87.0
2023-03-25,160,Fabula,10.0,10.0,94.0
2023-03-25,160,Fairytale Forest,,,99.0
2023-03-25,160,Fata Morgana,8.0,25.0,100.0
2023-03-25,160,Gondoletta,5.0,5.0,99.0
2023-03-25,160,Halve Maen,13.0,15.0,83.0
2023-03-25,160,Joris en de Draak,14.0,25.0,27.0
2023-03-25,160,Joris en de Draak Single-rider,5.0,5.0,21.0
2023-03-25,160,Kinderspoor,20.0,20.0,99.0
2023-03-25,160,Kindervreugd,,,99.0
2023-03-25,160,Kleuterhof,,,99.0
2023-03-25,160,Max & Moritz,13.0,25.0,37.0
2023-03-25,160,Max & Moritz Single-rider,5.0,10.0,22.0
2023-03-25,160,Monorail,13.0,20.0,99.0
2023-03-25,160,Nest!,,,99.0
2023-03-25,160,Pagode,5.0,5.0,2.0
2023-03-25,160,Piraña,7.0,15.0,100.0
2023-03-25,160,Python,11.0,20.0,26.0
2023-03-25,160,Python Single-rider,7.0,10.0,33.0
2023-03-25,160,Sirocco,8.0,15.0,100.0
2023-03-25,160,Stoomcarrousel,,,100.0
2023-03-25,160,Stoomtrein Marerijk,18.0,25.0,97.0
2023-03-25,160,Stoomtrein Ruigrijk,18.0,25.0,97.0
2023-03-25,160,Symbolica,25.0,35.0,99.0
2023-03-25,160,Symbolica Single-rider,5.0,10.0,99.0
2023-03-25,160,The Six Swans,9.0,10.0,100.0
2023-03-25,160,Villa Volta,8.0,20.0,100.0
2023-03-25,160,Vogel Rok,13.0,25.0,100.0
2023-03-25,160,Volkvanlaaf,,,99.0
2023-03-26,160,Anton Pieck Plein,,,99.0
2023-03-26,160,Archipel,,,100.0
2023-03-26,160,Badhuys indoor splash pool,,,100.0
2023-03-26,160,Baron 1898,8.0,15.0,100.0
2023-03-26,160,Baron 1898 Single-rider,8.0,15.0,30.0
2023-03-26,160,Carnaval Festival,5.0,5.0,100.0
2023-03-26,160,De Oude Tufferbaan,8.0,10.0,41.0
2023-03-26,160,De Vliegende Hollander,,,0.0
2023-03-26,160,De Vliegende Hollander Single-rider,,,0.0
2023-03-26,160,Diorama,,,99.0
2023-03-26,160,Droomvlucht,14.0,25.0,100.0
2023-03-26,160,Droomvlucht VR,,,100.0
2023-03-26,160,Efteling Museum,,,87.0
2023-03-26,160,Fabula,10.0,10.0,100.0
2023-03-26,160,Fairytale Forest,,,99.0
2023-03-26,160,Fata Morgana,6.0,10.0,100.0
2023-03-26,160,Gondoletta,,,99.0
2023-03-26,160,Halve Maen,5.0,5.0,99.0
2023-03-26,160,Joris en de Draak,9.0,25.0,100.0
2023-03-26,160,Joris en de Draak Single-rider,5.0,5.0,15.0
2023-03-26,160,Kinderspoor,,,99.0
2023-03-26,160,Kindervreugd,,,99.0
2023-03-26,160,Kleuterhof,,,100.0
2023-03-26,160,Max & Moritz,5.0,5.0,100.0
2023-03-26,160,Max & Moritz Single-rider,5.0,5.0,93.0
2023-03-26,160,Monorail,,,99.0
2023-03-26,160,Nest!,,,99.0
2023-03-26,160,Pagode,5.0,5.0,95.0
2023-03-26,160,Piraña,5.0,5.0,100.0
2023-03-26,160,Python,6.0,15.0,95.0
2023-03-26,160,Python Single-rider,,,0.0
2023-03-26,160,Sirocco,5.0,5.0,100.0
2023-03-26,160,Stoomcarrousel,,,99.0
2023-03-26,160,Stoomtrein Marerijk,17.0,25.0,100.0
2023-03-26,160,Stoomtrein Ruigrijk,17.0,25.0,100.0
2023-03-26,160,Symbolica,14.0,25.0,100.0
2023-03-26,160,Symbolica Single-rider,5.0,5.0,100.0
2023-03-26,160,The Six Swans,,,99.0
2023-03-26,160,Villa Volta,5.0,5.0,100.0
2023-03-26,160,Vogel Rok,5.0,10.0,100.0
2023-03-26,160,Volkvanlaaf,,,99.0
2023-03-27,160,Anton Pieck Plein,,,99.0
2023-03-27,160,Archipel,,,0.0
2023-03-27,160,Badhuys indoor splash pool,,,37.0
2023-03-27,160,Baron 1898,10.0,30.0,100.0
2023-03-27,160,Baron 1898 Single-rider,9.0,25.0,86.0
2023-03-27,160,Carnaval Festival,6.0,15.0,100.0
2023-03-27,160,De Oude Tufferbaan,12.0,20.0,100.0
2023-03-27,160,De Vliegende Hollander,,,0.0
2023-03-27,160,De Vliegende Hollander Single-rider,,,0.0
2023-03-27,160,Diorama,,,99.0
2023-03-27,160,Droomvlucht,10.0,15.0,100.0
2023-03-27,160,Droomvlucht VR,,,100.0
2023-03-27,160,Efteling Museum,,,87.0
2023-03-27,160,Fabula,10.0,10.0,99.0
2023-03-27,160,Fairytale Forest,,,99.0
2023-03-27,160,Fata Morgana,5.0,15.0,100.0
2023-03-27,160,Gondoletta,5.0,5.0,99.0
2023-03-27,160,Halve Maen,5.0,5.0,99.0
2023-03-27,160,Joris en de Draak,6.0,20.0,95.0
2023-03-27,160,Joris en de Draak Single-rider,5.0,5.0,66.0
2023-03-27,160,Kinderspoor,,,99.0
2023-03-27,160,Kindervreugd,,,99.0
2023-03-27,160,Kleuterhof,,,100.0
2023-03-27,160,Max & Moritz,6.0,10.0,100.0
2023-03-27,160,Max & Moritz Single-rider,,,0.0
2023-03-27,160,Monorail,,,99.0
2023-03-27,160,Nest!,,,99.0
2023-03-27,160,Pagode,5.0,5.0,99.0
2023-03-27,160,Piraña,5.0,5.0,100.0
2023-03-27,160,Python,8.0,15.0,99.0
2023-03-27,160,Python Single-rider,,,0.0
2023-03-27,160,Sirocco,5.0,10.0,100.0
2023-03-27,160,Stoomcarrousel,,,99.0
2023-03-27,160,Stoomtrein Marerijk,25.0,25.0,92.0
2023-03-27,160,Stoomtrein Ruigrijk,25.0,25.0,92.0
2023-03-27,160,Symbolica,16.0,25.0,99.0
2023-03-27,160,Symbolica Single-rider,5.0,5.0,99.0
2023-03-27,160,The Six Swans,5.0,5.0,99.0
2023-03-27,160,Villa Volta,5.0,10.0,98.0
2023-03-27,160,Vogel Rok,5.0,10.0,100.0
2023-03-27,160,Volkvanlaaf,,,99.0
2023-03-28,160,Anton Pieck Plein,,,99.0
2023-03-28,160,Archipel,,,0.0
2023-03-28,160,Badhuys indoor splash pool,,,38.0
2023-03-28,160,Baron 1898,14.0,30.0,100.0
2023-03-28,160,Baron 1898 Single-rider,13.0,25.0,91.0
2023-03-28,160,Carnaval Festival,5.0,5.0,100.0
2023-03-28,160,De Oude Tufferbaan,8.0,20.0,99.0
2023-03-28,160,De Vliegende Hollander,,,0.0
2023-03-28,160,De Vliegende Hollander Single-rider,,,0.0
2023-03-28,160,Diorama,,,99.0
2023-03-28,160,Droomvlucht,7.0,10.0,100.0
2023-03-28,160,Droomvlucht VR,,,100.0
2023-03-28,160,Efteling Museum,,,0.0
2023-03-28,160,Fabula,10.0,10.0,99.0
2023-03-28,160,Fairytale Forest,,,99.0
2023-03-28,160,Fata Morgana,6.0,15.0,100.0
2023-03-28,160,Gondoletta,5.0,5.0,99.0
2023-03-28,160,Halve Maen,5.0,10.0,99.0
2023-03-28,160,Joris en de Draak,13.0,25.0,98.0
2023-03-28,160,Joris en de Draak Single-rider,8.0,15.0,50.0
2023-03-28,160,Kinderspoor,,,99.0
2023-03-28,160,Kindervreugd,,,99.0
2023-03-28,160,Kleuterhof,,,100.0
2023-03-28,160,Max & Moritz,6.0,10.0,53.0
2023-03-28,160,Max & Moritz Single-rider,,,0.0
2023-03-28,160,Monorail,,,99.0
2023-03-28,160,Nest!,,,99.0
2023-03-28,160,Pagode,5.0,5.0,99.0
2023-03-28,160,Piraña,5.0,5.0,100.0
2023-03-28,160,Python,9.0,20.0,100.0
2023-03-28,160,Python Single-rider,,,0.0
2023-03-28,160,Sirocco,5.0,10.0,99.0
2023-03-28,160,Stoomcarrousel,,,99.0
2023-03-28,160,Stoomtrein Marerijk,25.0,25.0,100.0
2023-03-28,160,Stoomtrein Ruigrijk,25.0,25.0,100.0
2023-03-28,160,Symbolica,14.0,20.0,96.0
2023-03-28,160,Symbolica Single-rider,5.0,5.0,97.0
2023-03-28,160,The Six Swans,5.0,10.0,100.0
2023-03-28,160,Villa Volta,5.0,5.0,100.0
2023-03-28,160,Vogel Rok,5.0,10.0,100.0
2023-03-28,160,Volkvanlaaf,,,99.0
2023-03-29,160,Anton Pieck Plein,,,99.0
2023-03-29,160,Archipel,,,3.0
2023-03-29,160,Badhuys indoor splash pool,,,37.0
2023-03-29,160,Baron 1898,34.0,50.0,100.0
2023-03-29,160,Baron 1898 Single-rider,25.0,50.0,100.0
2023-03-29,160,Carnaval Festival,9.0,15.0,100.0
2023-03-29,160,De Oude Tufferbaan,14.0,25.0,99.0
2023-03-29,160,De Vliegende Hollander,,,0.0
2023-03-29,160,De Vliegende Hollander Single-rider,,,0.0
2023-03-29,160,Diorama,,,99.0
2023-03-29,160,Droomvlucht,20.0,45.0,100.0
2023-03-29,160,Droomvlucht VR,,,100.0
2023-03-29,160,Efteling Museum,,,0.0
2023-03-29,160,Fabula,10.0,10.0,99.0
2023-03-29,160,Fairytale Forest,,,99.0
2023-03-29,160,Fata Morgana,7.0,15.0,100.0
2023-03-29,160,Gondoletta,9.0,20.0,99.0
2023-03-29,160,Halve Maen,22.0,40.0,99.0
2023-03-29,160,Joris en de Draak,29.0,45.0,98.0
2023-03-29,160,Joris en de Draak Single-rider,20.0,40.0,97.0
2023-03-29,160,Kinderspoor,10.0,15.0,99.0
2023-03-29,160,Kindervreugd,,,99.0
2023-03-29,160,Kleuterhof,,,100.0
2023-03-29,160,Max & Moritz,8.0,20.0,100.0
2023-03-29,160,Max & Moritz Single-rider,6.0,20.0,90.0
2023-03-29,160,Monorail,10.0,20.0,99.0
2023-03-29,160,Nest!,,,99.0
2023-03-29,160,Pagode,5.0,5.0,99.0
2023-03-29,160,Piraña,11.0,20.0,100.0
2023-03-29,160,Python,22.0,35.0,100.0
2023-03-29,160,Python Single-rider,24.0,40.0,81.0
2023-03-29,160,Sirocco,6.0,10.0,100.0
2023-03-29,160,Stoomcarrousel,,,99.0
2023-03-29,160,Stoomtrein Marerijk,25.0,25.0,100.0
2023-03-29,160,Stoomtrein Ruigrijk,25.0,25.0,100.0
2023-03-29,160,Symbolica,18.0,25.0,99.0
2023-03-29,160,Symbolica Single-rider,5.0,10.0,99.0
2023-03-29,160,The Six Swans,5.0,10.0,100.0
2023-03-29,160,Villa Volta,7.0,10.0,100.0
2023-03-29,160,Vogel Rok,17.0,35.0,100.0
2023-03-29,160,Volkvanlaaf,,,99.0
2023-03-30,160,Anton Pieck Plein,,,99.0
2023-03-30,160,Archipel,,,0.0
2023-03-30,160,Badhuys indoor splash pool,,,37.0
2023-03-30,160,Baron 1898,17.0,40.0,100.0
2023-03-30,160,Baron 1898 Single-rider,12.0,35.0,94.0
2023-03-30,160,Carnaval Festival,5.0,5.0,100.0
2023-03-30,160,De Oude Tufferbaan,6.0,10.0,99.0
2023-03-30,160,De Vliegende Hollander,21.0,30.0,97.0
2023-03-30,160,De Vliegende Hollander Single-rider,,,0.0
2023-03-30,160,Diorama,,,100.0
2023-03-30,160,Droomvlucht,8.0,15.0,100.0
2023-03-30,160,Droomvlucht VR,,,100.0
2023-03-30,160,Efteling Museum,,,0.0
2023-03-30,160,Fabula,10.0,10.0,99.0
2023-03-30,160,Fairytale Forest,,,99.0
2023-03-30,160,Fata Morgana,5.0,5.0,100.0
2023-03-30,160,Gondoletta,,,99.0
2023-03-30,160,Halve Maen,7.0,10.0,94.0
2023-03-30,160,Joris en de Draak,7.0,20.0,19.0
2023-03-30,160,Joris en de Draak Single-rider,8.0,10.0,21.0
2023-03-30,160,Kinderspoor,5.0,5.0,99.0
2023-03-30,160,Kindervreugd,,,99.0
2023-03-30,160,Kleuterhof,,,100.0
2023-03-30,160,Max & Moritz,5.0,15.0,100.0
2023-03-30,160,Max & Moritz Single-rider,5.0,10.0,31.0
2023-03-30,160,Monorail,,,99.0
2023-03-30,160,Nest!,,,99.0
2023-03-30,160,Pagode,5.0,5.0,33.0
2023-03-30,160,Piraña,5.0,10.0,100.0
2023-03-30,160,Python,16.0,25.0,29.0
2023-03-30,160,Python Single-rider,13.0,20.0,26.0
2023-03-30,160,Sirocco,5.0,5.0,100.0
2023-03-30,160,Stoomcarrousel,,,100.0
2023-03-30,160,Stoomtrein Marerijk,25.0,25.0,99.0
2023-03-30,160,Stoomtrein Ruigrijk,25.0,25.0,99.0
2023-03-30,160,Symbolica,8.0,10.0,99.0
2023-03-30,160,Symbolica Single-rider,5.0,5.0,99.0
2023-03-30,160,The Six Swans,,,99.0
2023-03-30,160,Villa Volta,5.0,5.0,100.0
2023-03-30,160,Vogel Rok,5.0,10.0,100.0
2023-03-30,160,Volkvanlaaf,,,99.0
2023-03-31,160,Anton Pieck Plein,,,99.0
2023-03-31,160,Archipel,,,0.0
2023-03-31,160,Badhuys indoor splash pool,,,38.0
2023-03-31,160,Baron 1898,14.0,40.0,100.0
2023-03-31,160,Baron 1898 Single-rider,10.0,30.0,70.0
2023-03-31,160,Carnaval Festival,5.0,5.0,100.0
2023-03-31,160,De Oude Tufferbaan,6.0,15.0,99.0
2023-03-31,160,De Vliegende Hollander,21.0,35.0,91.0
2023-03-31,160,De Vliegende Hollander Single-rider,,,0.0
2023-03-31,160,Diorama,,,99.0
2023-03-31,160,Droomvlucht,19.0,40.0,78.0
2023-03-31,160,Droomvlucht VR,,,85.0
2023-03-31,160,Efteling Museum,,,0.0
2023-03-31,160,Fabula,10.0,10.0,99.0
2023-03-31,160,Fairytale Forest,,,99.0
2023-03-31,160,Fata Morgana,8.0,20.0,100.0
2023-03-31,160,Gondoletta,,,99.0
2023-03-31,160,Halve Maen,6.0,10.0,98.0
2023-03-31,160,Joris en de Draak,11.0,20.0,77.0
2023-03-31,160,Joris en de Draak Single-rider,5.0,15.0,62.0
2023-03-31,160,Kinderspoor,,,99.0
2023-03-31,160,Kindervreugd,,,99.0
2023-03-31,160,Kleuterhof,,,100.0
2023-03-31,160,Max & Moritz,5.0,10.0,93.0
2023-03-31,160,Max & Moritz Single-rider,5.0,5.0,65.0
2023-03-31,160,Monorail,,,99.0
2023-03-31,160,Nest!,,,99.0
2023-03-31,160,Pagode,5.0,5.0,58.0
2023-03-31,160,Piraña,5.0,5.0,100.0
2023-03-31,160,Python,12.0,35.0,100.0
2023-03-31,160,Python Single-rider,10.0,25.0,61.0
2023-03-31,160,Sirocco,5.0,5.0,100.0
2023-03-31,160,Stoomcarrousel,,,99.0
2023-03-31,160,Stoomtrein Marerijk,25.0,25.0,99.0
2023-03-31,160,Stoomtrein Ruigrijk,25.0,25.0,93.0
2023-03-31,160,Symbolica,13.0,25.0,98.0
2023-03-31,160,Symbolica Single-rider,5.0,5.0,39.0
2023-03-31,160,The Six Swans,,,99.0
2023-03-31,160,Villa Volta,5.0,10.0,100.0
2023-03-31,160,Vogel Rok,11.0,30.0,100.0
2023-03-31,160,Volkvanlaaf,,,99.0
2023-04-01,160,Anton Pieck Plein,,,99.0
2023-04-01,160,Archipel,,,100.0
2023-04-01,160,Badhuys indoor splash pool,,,100.0
2023-04-01,160,Baron 1898,10.0,30.0,100.0
2023-04-01,160,Baron 1898 Single-rider,7.0,20.0,87.0
2023-04-01,160,Carnaval Festival,6.0,10.0,100.0
2023-04-01,160,De Oude Tufferbaan,12.0,15.0,79.0
2023-04-01,160,De Vliegende Hollander,17.0,25.0,100.0
2023-04-01,160,De Vliegende Hollander Single-rider,7.0,15.0,76.0
2023-04-01,160,Diorama,,,99.0
2023-04-01,160,Droomvlucht,14.0,25.0,100.0
2023-04-01,160,Droomvlucht VR,,,96.0
2023-04-01,160,Efteling Museum,,,0.0
2023-04-01,160,Fabula,10.0,10.0,97.0
2023-04-01,160,Fairytale Forest,,,99.0
2023-04-01,160,Fata Morgana,6.0,15.0,100.0
2023-04-01,160,Gondoletta,,,99.0
2023-04-01,160,Halve Maen,5.0,10.0,79.0
2023-04-01,160,Joris en de Draak,12.0,30.0,96.0
2023-04-01,160,Joris en de Draak Single-rider,7.0,20.0,83.0
2023-04-01,160,Kinderspoor,5.0,5.0,99.0
2023-04-01,160,Kindervreugd,,,99.0
2023-04-01,160,Kleuterhof,,,100.0
2023-04-01,160,Max & Moritz,6.0,15.0,100.0
2023-04-01,160,Max & Moritz Single-rider,5.0,15.0,100.0
2023-04-01,160,Monorail,10.0,10.0,99.0
2023-04-01,160,Nest!,,,99.0
2023-04-01,160,Pagode,5.0,5.0,99.0
2023-04-01,160,Piraña,5.0,5.0,100.0
2023-04-01,160,Python,8.0,30.0,91.0
2023-04-01,160,Python Single-rider,9.0,15.0,27.0
2023-04-01,160,Sirocco,6.0,15.0,100.0
2023-04-01,160,Stoomcarrousel,5.0,5.0,100.0
2023-04-01,160,Stoomtrein Marerijk,14.0,25.0,99.0
2023-04-01,160,Stoomtrein Ruigrijk,12.0,25.0,99.0
2023-04-01,160,Symbolica,18.0,25.0,99.0
2023-04-01,160,Symbolica Single-rider,5.0,10.0,99.0
2023-04-01,160,The Six Swans,,,99.0
2023-04-01,160,Villa Volta,5.0,10.0,100.0
2023-04-01,160,Vogel Rok,9.0,30.0,100.0
2023-04-01,160,Volkvanlaaf,,,99.0
2023-04-02,160,Anton Pieck Plein,,,99.0
2023-04-02,160,Archipel,,,100.0
2023-04-02,160,Badhuys indoor splash pool,,,100.0
2023-04-02,160,Baron 1898,23.0,35.0,100.0
2023-04-02,160,Baron 1898 Single-rider,17.0,25.0,100.0
2023-04-02,160,Carnaval Festival,13.0,30.0,100.0
2023-04-02,160,De Oude Tufferbaan,23.0,40.0,100.0
2023-04-02,160,De Vliegende Hollander,34.0,45.0,96.0
2023-04-02,160,De Vliegende Hollander Single-rider,21.0,40.0,93.0
2023-04-02,160,Diorama,,,99.0
2023-04-02,160,Droomvlucht,34.0,50.0,100.0
2023-04-02,160,Droomvlucht VR,,,100.0
2023-04-02,160,Efteling Museum,,,0.0
2023-04-02,160,Fabula,10.0,10.0,99.0
2023-04-02,160,Fairytale Forest,,,99.0
2023-04-02,160,Fata Morgana,14.0,25.0,100.0
2023-04-02,160,Gondoletta,12.0,15.0,99.0
2023-04-02,160,Halve Maen,13.0,20.0,99.0
2023-04-02,160,Joris en de Draak,26.0,35.0,97.0
2023-04-02,160,Joris en de Draak Single-rider,15.0,30.0,93.0
2023-04-02,160,Kinderspoor,10.0,10.0,99.0
2023-04-02,160,Kindervreugd,,,99.0
2023-04-02,160,Kleuterhof,,,100.0
2023-04-02,160,Max & Moritz,11.0,30.0,100.0
2023-04-02,160,Max & Moritz Single-rider,6.0,15.0,95.0
2023-04-02,160,Monorail,11.0,25.0,99.0
2023-04-02,160,Nest!,,,99.0
2023-04-02,160,Pagode,5.0,10.0,99.0
2023-04-02,160,Piraña,8.0,20.0,100.0
2023-04-02,160,Python,17.0,25.0,99.0
2023-04-02,160,Python Single-rider,14.0,25.0,82.0
2023-04-02,160,Sirocco,10.0,20.0,100.0
2023-04-02,160,Stoomcarrousel,10.0,10.0,99.0
2023-04-02,160,Stoomtrein Marerijk,14.0,25.0,100.0
2023-04-02,160,Stoomtrein Ruigrijk,14.0,25.0,100.0
2023-04-02,160,Symbolica,28.0,40.0,100.0
2023-04-02,160,Symbolica Single-rider,9.0,15.0,100.0
2023-04-02,160,The Six Swans,8.0,10.0,100.0
2023-04-02,160,Villa Volta,8.0,20.0,100.0
2023-04-02,160,Vogel Rok,16.0,35.0,100.0
2023-04-02,160,Volkvanlaaf,,,99.0
2023-04-03,160,Anton Pieck Plein,,,100.0
2023-04-03,160,Archipel,,,100.0
2023-04-03,160,Badhuys indoor splash pool,,,44.0
2023-04-03,160,Baron 1898,20.0,40.0,100.0
2023-04-03,160,Baron 1898 Single-rider,18.0,30.0,96.0
2023-04-03,160,Carnaval Festival,10.0,15.0,100.0
2023-04-03,160,De Oude Tufferbaan,22.0,30.0,99.0
2023-04-03,160,De Vliegende Hollander,26.0,40.0,97.0
2023-04-03,160,De Vliegende Hollander Single-rider,15.0,20.0,77.0
2023-04-03,160,Diorama,,,100.0
2023-04-03,160,Droomvlucht,26.0,45.0,100.0
2023-04-03,160,Droomvlucht VR,,,100.0
2023-04-03,160,Efteling Museum,,,0.0
2023-04-03,160,Fabula,10.0,10.0,100.0
2023-04-03,160,Fairytale Forest,,,100.0
2023-04-03,160,Fata Morgana,8.0,30.0,100.0
2023-04-03,160,Gondoletta,14.0,25.0,100.0
2023-04-03,160,Halve Maen,16.0,30.0,89.0
2023-04-03,160,Joris en de Draak,23.0,35.0,96.0
2023-04-03,160,Joris en de Draak Single-rider,14.0,30.0,96.0
2023-04-03,160,Kinderspoor,25.0,30.0,100.0
2023-04-03,160,Kindervreugd,,,100.0
2023-04-03,160,Kleuterhof,,,100.0
2023-04-03,160,Max & Moritz,9.0,30.0,100.0
2023-04-03,160,Max & Moritz Single-rider,6.0,25.0,93.0
2023-04-03,160,Monorail,19.0,30.0,91.0
2023-04-03,160,Nest!,,,100.0
2023-04-03,160,Pagode,,,0.0
2023-04-03,160,Piraña,7.0,20.0,100.0
2023-04-03,160,Python,,,0.0
2023-04-03,160,Python Single-rider,,,0.0
2023-04-03,160,Sirocco,9.0,20.0,100.0
2023-04-03,160,Stoomcarrousel,,,100.0
2023-04-03,160,Stoomtrein Marerijk,15.0,25.0,100.0
2023-04-03,160,Stoomtrein Ruigrijk,15.0,25.0,100.0
2023-04-03,160,Symbolica,30.0,40.0,96.0
2023-04-03,160,Symbolica Single-rider,11.0,25.0,97.0
2023-04-03,160,The Six Swans,6.0,10.0,100.0
2023-04-03,160,Villa Volta,9.0,20.0,97.0
2023-04-03,160,Vogel Rok,15.0,30.0,100.0
2023-04-03,160,Volkvanlaaf,,,100.0
2023-04-04,160,Anton Pieck Plein,,,99.0
2023-04-04,160,Archipel,,,100.0
2023-04-04,160,Badhuys indoor splash pool,,,44.0
2023-04-04,160,Baron 1898,19.0,35.0,93.0
2023-04-04,160,Baron 1898 Single-rider,14.0,25.0,92.0
2023-04-04,160,Carnaval Festival,9.0,20.0,100.0
2023-04-04,160,De Oude Tufferbaan,19.0,30.0,99.0
2023-04-04,160,De Vliegende Hollander,23.0,35.0,99.0
2023-04-04,160,De Vliegende Hollander Single-rider,11.0,30.0,92.0
2023-04-04,160,Diorama,,,99.0
2023-04-04,160,Droomvlucht,17.0,40.0,100.0
2023-04-04,160,Droomvlucht VR,,,100.0
2023-04-04,160,Efteling Museum,,,0.0
2023-04-04,160,Fabula,10.0,10.0,96.0
2023-04-04,160,Fairytale Forest,,,99.0
2023-04-04,160,Fata Morgana,9.0,30.0,100.0
2023-04-04,160,Gondoletta,13.0,25.0,99.0
2023-04-04,160,Halve Maen,12.0,30.0,99.0
2023-04-04,160,Joris en de Draak,25.0,40.0,87.0
2023-04-04,160,Joris en de Draak Single-rider,13.0,30.0,86.0
2023-04-04,160,Kinderspoor,17.0,20.0,99.0
2023-04-04,160,Kindervreugd,,,99.0
2023-04-04,160,Kleuterhof,,,99.0
2023-04-04,160,Max & Moritz,7.0,25.0,100.0
2023-04-04,160,Max & Moritz Single-rider,6.0,20.0,87.0
2023-04-04,160,Monorail,17.0,30.0,99.0
2023-04-04,160,Nest!,,,99.0
2023-04-04,160,Pagode,,,0.0
2023-04-04,160,Piraña,8.0,20.0,100.0
2023-04-04,160,Python,,,0.0
2023-04-04,160,Python Single-rider,,,0.0
2023-04-04,160,Sirocco,9.0,15.0,100.0
2023-04-04,160,Stoomcarrousel,,,99.0
2023-04-04,160,Stoomtrein Marerijk,25.0,25.0,99.0
2023-04-04,160,Stoomtrein Ruigrijk,25.0,40.0,99.0
2023-04-04,160,Symbolica,24.0,30.0,99.0
2023-04-04,160,Symbolica Single-rider,5.0,10.0,100.0
2023-04-04,160,The Six Swans,6.0,20.0,99.0
2023-04-04,160,Villa Volta,8.0,20.0,100.0
2023-04-04,160,Vogel Rok,13.0,30.0,100.0
2023-04-04,160,Volkvanlaaf,,,99.0
2023-04-05,160,Anton Pieck Plein,,,99.0
2023-04-05,160,Archipel,,,100.0
2023-04-05,160,Badhuys indoor splash pool,,,44.0
2023-04-05,160,Baron 1898,32.0,50.0,100.0
2023-04-05,160,Baron 1898 Single-rider,27.0,55.0,99.0
2023-04-05,160,Carnaval Festival,13.0,25.0,100.0
2023-04-05,160,De Oude Tufferbaan,25.0,45.0,99.0
2023-04-05,160,De Vliegende Hollander,37.0,50.0,61.0
2023-04-05,160,De Vliegende Hollander Single-rider,24.0,35.0,56.0
2023-04-05,160,Diorama,,,99.0
2023-04-05,160,Droomvlucht,29.0,45.0,100.0
2023-04-05,160,Droomvlucht VR,,,100.0
2023-04-05,160,Efteling Museum,,,0.0
2023-04-05,160,Fabula,10.0,10.0,100.0
2023-04-05,160,Fairytale Forest,,,99.0
2023-04-05,160,Fata Morgana,10.0,40.0,100.0
2023-04-05,160,Gondoletta,21.0,30.0,99.0
2023-04-05,160,Halve Maen,21.0,40.0,100.0
2023-04-05,160,Joris en de Draak,33.0,50.0,99.0
2023-04-05,160,Joris en de Draak Single-rider,23.0,40.0,99.0
2023-04-05,160,Kinderspoor,30.0,30.0,99.0
2023-04-05,160,Kindervreugd,,,99.0
2023-04-05,160,Kleuterhof,,,100.0
2023-04-05,160,Max & Moritz,17.0,35.0,100.0
2023-04-05,160,Max & Moritz Single-rider,9.0,20.0,93.0
2023-04-05,160,Monorail,24.0,30.0,99.0
2023-04-05,160,Nest!,,,99.0
2023-04-05,160,Pagode,,,0.0
2023-04-05,160,Piraña,19.0,25.0,100.0
2023-04-05,160,Python,,,0.0
2023-04-05,160,Python Single-rider,,,0.0
2023-04-05,160,Sirocco,13.0,25.0,100.0
2023-04-05,160,Stoomcarrousel,,,99.0
2023-04-05,160,Stoomtrein Marerijk,16.0,25.0,99.0
2023-04-05,160,Stoomtrein Ruigrijk,16.0,25.0,99.0
2023-04-05,160,Symbolica,30.0,40.0,99.0
2023-04-05,160,Symbolica Single-rider,8.0,10.0,99.0
2023-04-05,160,The Six Swans,7.0,15.0,99.0
2023-04-05,160,Villa Volta,12.0,30.0,100.0
2023-04-05,160,Vogel Rok,23.0,40.0,100.0
2023-04-05,160,Volkvanlaaf,,,99.0
2023-04-06,160,Anton Pieck Plein,,,99.0
2023-04-06,160,Archipel,,,100.0
2023-04-06,160,Badhuys indoor splash pool,,,44.0
2023-04-06,160,Baron 1898,55.0,90.0,100.0
2023-04-06,160,Baron 1898 Single-rider,31.0,60.0,49.0
2023-04-06,160,Carnaval Festival,21.0,50.0,100.0
2023-04-06,160,De Oude Tufferbaan,19.0,40.0,99.0
2023-04-06,160,De Vliegende Hollander,45.0,65.0,79.0
2023-04-06,160,De Vliegende Hollander Single-rider,,,0.0
2023-04-06,160,Diorama,,,99.0
2023-04-06,160,Droomvlucht,38.0,70.0,100.0
2023-04-06,160,Droomvlucht VR,,,100.0
2023-04-06,160,Efteling Museum,,,0.0
2023-04-06,160,Fabula,10.0,10.0,99.0
2023-04-06,160,Fairytale Forest,,,99.0
2023-04-06,160,Fata Morgana,18.0,55.0,100.0
2023-04-06,160,Gondoletta,11.0,20.0,99.0
2023-04-06,160,Halve Maen,19.0,40.0,97.0
2023-04-06,160,Joris en de Draak,44.0,80.0,89.0
2023-04-06,160,Joris en de Draak Single-rider,28.0,55.0,89.0
2023-04-06,160,Kinderspoor,,,99.0
2023-04-06,160,Kindervreugd,,,99.0
2023-04-06,160,Kleuterhof,,,100.0
2023-04-06,160,Max & Moritz,19.0,45.0,100.0
2023-04-06,160,Max & Moritz Single-rider,15.0,40.0,75.0
2023-04-06,160,Monorail,30.0,35.0,99.0
2023-04-06,160,Nest!,,,99.0
2023-04-06,160,Pagode,6.0,15.0,99.0
2023-04-06,160,Piraña,9.0,20.0,100.0
2023-04-06,160,Python,,,0.0
2023-04-06,160,Python Single-rider,,,0.0
2023-04-06,160,Sirocco,17.0,30.0,100.0
2023-04-06,160,Stoomcarrousel,15.0,15.0,99.0
2023-04-06,160,Stoomtrein Marerijk,16.0,25.0,100.0
2023-04-06,160,Stoomtrein Ruigrijk,16.0,25.0,99.0
2023-04-06,160,Symbolica,37.0,50.0,100.0
2023-04-06,160,Symbolica Single-rider,14.0,30.0,100.0
2023-04-06,160,The Six Swans,5.0,10.0,99.0
2023-04-06,160,Villa Volta,20.0,35.0,100.0
2023-04-06,160,Vogel Rok,33.0,60.0,100.0
2023-04-06,160,Volkvanlaaf,,,99.0
2023-04-07,160,Anton Pieck Plein,,,99.0
2023-04-07,160,Archipel,,,100.0
2023-04-07,160,Badhuys indoor splash pool,,,44.0
2023-04-07,160,Baron 1898,27.0,50.0,100.0
2023-04-07,160,Baron 1898 Single-rider,22.0,40.0,100.0
2023-04-07,160,Carnaval Festival,17.0,40.0,100.0
2023-04-07,160,De Oude Tufferbaan,23.0,35.0,96.0
2023-04-07,160,De Vliegende Hollander,34.0,45.0,99.0
2023-04-07,160,De Vliegende Hollander Single-rider,23.0,35.0,85.0
2023-04-07,160,Diorama,,,99.0
2023-04-07,160,Droomvlucht,30.0,50.0,99.0
2023-04-07,160,Droomvlucht VR,,,100.0
2023-04-07,160,Efteling Museum,,,0.0
2023-04-07,160,Fabula,10.0,10.0,100.0
2023-04-07,160,Fairytale Forest,,,99.0
2023-04-07,160,Fata Morgana,10.0,30.0,100.0
2023-04-07,160,Gondoletta,9.0,20.0,99.0
2023-04-07,160,Halve Maen,17.0,35.0,99.0
2023-04-07,160,Joris en de Draak,32.0,45.0,100.0
2023-04-07,160,Joris en de Draak Single-rider,21.0,35.0,98.0
2023-04-07,160,Kinderspoor,15.0,15.0,99.0
2023-04-07,160,Kindervreugd,,,99.0
2023-04-07,160,Kleuterhof,,,100.0
2023-04-07,160,Max & Moritz,20.0,40.0,100.0
2023-04-07,160,Max & Moritz Single-rider,10.0,30.0,99.0
2023-04-07,160,Monorail,22.0,25.0,99.0
2023-04-07,160,Nest!,,,99.0
2023-04-07,160,Pagode,5.0,15.0,99.0
2023-04-07,160,Piraña,9.0,15.0,100.0
2023-04-07,160,Python,,,0.0
2023-04-07,160,Python Single-rider,,,0.0
2023-04-07,160,Sirocco,15.0,25.0,100.0
2023-04-07,160,Stoomcarrousel,,,99.0
2023-04-07,160,Stoomtrein Marerijk,36.0,45.0,99.0
2023-04-07,160,Stoomtrein Ruigrijk,37.0,45.0,94.0
2023-04-07,160,Symbolica,33.0,45.0,95.0
2023-04-07,160,Symbolica Single-rider,10.0,40.0,99.0
2023-04-07,160,The Six Swans,6.0,10.0,99.0
2023-04-07,160,Villa Volta,8.0,25.0,100.0
2023-04-07,160,Vogel Rok,21.0,35.0,93.0
2023-04-07,160,Volkvanlaaf,,,99.0
2023-04-08,160,Anton Pieck Plein,,,99.0
2023-04-08,160,Archipel,,,100.0
2023-04-08,160,Badhuys indoor splash pool,,,100.0
2023-04-08,160,Baron 1898,23.0,35.0,94.0
2023-04-08,160,Baron 1898 Single-rider,16.0,40.0,94.0
2023-04-08,160,Carnaval Festival,8.0,15.0,100.0
2023-04-08,160,De Oude Tufferbaan,20.0,35.0,100.0
2023-04-08,160,De Vliegende Hollander,29.0,40.0,99.0
2023-04-08,160,De Vliegende Hollander Single-rider,17.0,40.0,86.0
2023-04-08,160,Diorama,,,99.0
2023-04-08,160,Droomvlucht,24.0,35.0,98.0
2023-04-08,160,Droomvlucht VR,,,100.0
2023-04-08,160,Efteling Museum,,,0.0
2023-04-08,160,Fabula,10.0,10.0,99.0
2023-04-08,160,Fairytale Forest,,,99.0
2023-04-08,160,Fata Morgana,7.0,20.0,100.0
2023-04-08,160,Gondoletta,19.0,30.0,99.0
2023-04-08,160,Halve Maen,12.0,15.0,99.0
2023-04-08,160,Joris en de Draak,28.0,45.0,84.0
2023-04-08,160,Joris en de Draak Single-rider,16.0,30.0,81.0
2023-04-08,160,Kinderspoor,9.0,10.0,99.0
2023-04-08,160,Kindervreugd,,,99.0
2023-04-08,160,Kleuterhof,,,100.0
2023-04-08,160,Max & Moritz,12.0,30.0,96.0
2023-04-08,160,Max & Moritz Single-rider,7.0,10.0,96.0
2023-04-08,160,Monorail,19.0,25.0,99.0
2023-04-08,160,Nest!,,,99.0
2023-04-08,160,Pagode,6.0,15.0,99.0
2023-04-08,160,Piraña,11.0,25.0,100.0
2023-04-08,160,Python,,,0.0
2023-04-08,160,Python Single-rider,,,0.0
2023-04-08,160,Sirocco,10.0,15.0,100.0
2023-04-08,160,Stoomcarrousel,,,99.0
2023-04-08,160,Stoomtrein Marerijk,18.0,25.0,99.0
2023-04-08,160,Stoomtrein Ruigrijk,18.0,25.0,99.0
2023-04-08,160,Symbolica,30.0,45.0,99.0
2023-04-08,160,Symbolica Single-rider,6.0,15.0,99.0
2023-04-08,160,The Six Swans,6.0,10.0,99.0
2023-04-08,160,Villa Volta,8.0,20.0,100.0
2023-04-08,160,Vogel Rok,17.0,40.0,89.0
2023-04-08,160,Volkvanlaaf,,,99.0
2023-04-09,160,Anton Pieck Plein,,,99.0
2023-04-09,160,Archipel,,,100.0
2023-04-09,160,Badhuys indoor splash pool,,,100.0
2023-04-09,160,Baron 1898,25.0,35.0,100.0
2023-04-09,160,Baron 1898 Single-rider,21.0,30.0,100.0
2023-04-09,160,Carnaval Festival,14.0,35.0,100.0
2023-04-09,160,De Oude Tufferbaan,20.0,30.0,99.0
2023-04-09,160,De Vliegende Hollander,33.0,45.0,96.0
2023-04-09,160,De Vliegende Hollander Single-rider,18.0,40.0,90.0
2023-04-09,160,Diorama,,,99.0
2023-04-09,160,Droomvlucht,33.0,50.0,100.0
2023-04-09,160,Droomvlucht VR,,,100.0
2023-04-09,160,Efteling Museum,,,0.0
2023-04-09,160,Fabula,10.0,10.0,99.0
2023-04-09,160,Fairytale Forest,,,99.0
2023-04-09,160,Fata Morgana,11.0,25.0,100.0
2023-04-09,160,Gondoletta,24.0,35.0,99.0
2023-04-09,160,Halve Maen,11.0,20.0,99.0
2023-04-09,160,Joris en de Draak,27.0,40.0,95.0
2023-04-09,160,Joris en de Draak Single-rider,16.0,35.0,90.0
2023-04-09,160,Kinderspoor,17.0,20.0,99.0
2023-04-09,160,Kindervreugd,,,99.0
2023-04-09,160,Kleuterhof,,,100.0
2023-04-09,160,Max & Moritz,13.0,30.0,100.0
2023-04-09,160,Max & Moritz Single-rider,7.0,15.0,91.0
2023-04-09,160,Monorail,26.0,35.0,99.0
2023-04-09,160,Nest!,,,99.0
2023-04-09,160,Pagode,6.0,15.0,99.0
2023-04-09,160,Piraña,15.0,25.0,91.0
2023-04-09,160,Python,,,0.0
2023-04-09,160,Python Single-rider,,,0.0
2023-04-09,160,Sirocco,13.0,25.0,100.0
2023-04-09,160,Stoomcarrousel,,,99.0
2023-04-09,160,Stoomtrein Marerijk,19.0,30.0,98.0
2023-04-09,160,Stoomtrein Ruigrijk,19.0,30.0,98.0
2023-04-09,160,Symbolica,34.0,40.0,100.0
2023-04-09,160,Symbolica Single-rider,10.0,15.0,100.0
2023-04-09,160,The Six Swans,7.0,15.0,99.0
2023-04-09,160,Villa Volta,8.0,20.0,100.0
2023-04-09,160,Vogel Rok,22.0,40.0,100.0
2023-04-09,160,Volkvanlaaf,,,99.0
2023-04-10,160,Anton Pieck Plein,,,99.0
2023-04-10,160,Archipel,,,100.0
2023-04-10,160,Badhuys indoor splash pool,,,100.0
2023-04-10,160,Baron 1898,31.0,55.0,100.0
2023-04-10,160,Baron 1898 Single-rider,24.0,50.0,100.0
2023-04-10,160,Carnaval Festival,30.0,60.0,100.0
2023-04-10,160,De Oude Tufferbaan,19.0,35.0,99.0
2023-04-10,160,De Vliegende Hollander,36.0,65.0,83.0
2023-04-10,160,De Vliegende Hollander Single-rider,24.0,45.0,59.0
2023-04-10,160,Diorama,,,100.0
2023-04-10,160,Droomvlucht,40.0,60.0,100.0
2023-04-10,160,Droomvlucht VR,,,100.0
2023-04-10,160,Efteling Museum,,,0.0
2023-04-10,160,Fabula,10.0,10.0,100.0
2023-04-10,160,Fairytale Forest,,,99.0
2023-04-10,160,Fata Morgana,15.0,35.0,100.0
2023-04-10,160,Gondoletta,16.0,30.0,99.0
2023-04-10,160,Halve Maen,20.0,35.0,99.0
2023-04-10,160,Joris en de Draak,31.0,55.0,94.0
2023-04-10,160,Joris en de Draak Single-rider,19.0,40.0,91.0
2023-04-10,160,Kinderspoor,11.0,30.0,99.0
2023-04-10,160,Kindervreugd,,,99.0
2023-04-10,160,Kleuterhof,,,100.0
2023-04-10,160,Max & Moritz,30.0,60.0,73.0
2023-04-10,160,Max & Moritz Single-rider,15.0,40.0,64.0
2023-04-10,160,Monorail,24.0,50.0,99.0
2023-04-10,160,Nest!,,,99.0
2023-04-10,160,Pagode,6.0,20.0,94.0
2023-04-10,160,Piraña,10.0,20.0,99.0
2023-04-10,160,Python,,,0.0
2023-04-10,160,Python Single-rider,,,0.0
2023-04-10,160,Sirocco,16.0,30.0,100.0
2023-04-10,160,Stoomcarrousel,10.0,10.0,100.0
2023-04-10,160,Stoomtrein Marerijk,17.0,30.0,98.0
2023-04-10,160,Stoomtrein Ruigrijk,18.0,30.0,98.0
2023-04-10,160,Symbolica,34.0,50.0,99.0
2023-04-10,160,Symbolica Single-rider,12.0,30.0,99.0
2023-04-10,160,The Six Swans,7.0,15.0,99.0
2023-04-10,160,Villa Volta,11.0,25.0,96.0
2023-04-10,160,Vogel Rok,25.0,45.0,100.0
2023-04-10,160,Volkvanlaaf,,,99.0
2023-04-11,160,Anton Pieck Plein,,,100.0
2023-04-11,160,Archipel,,,100.0
2023-04-11,160,Badhuys indoor splash pool,,,49.0
2023-04-11,160,Baron 1898,65.0,90.0,91.0
2023-04-11,160,Baron 1898 Single-rider,49.0,70.0,91.0
2023-04-11,160,Carnaval Festival,30.0,60.0,98.0
2023-04-11,160,De Oude Tufferbaan,37.0,55.0,97.0
2023-04-11,160,De Vliegende Hollander,56.0,90.0,90.0
2023-04-11,160,De Vliegende Hollander Single-rider,40.0,65.0,68.0
2023-04-11,160,Diorama,,,100.0
2023-04-11,160,Droomvlucht,54.0,70.0,100.0
2023-04-11,160,Droomvlucht VR,,,100.0
2023-04-11,160,Efteling Museum,,,0.0
2023-04-11,160,Fabula,16.0,20.0,100.0
2023-04-11,160,Fairytale Forest,,,100.0
2023-04-11,160,Fata Morgana,31.0,50.0,100.0
2023-04-11,160,Gondoletta,34.0,50.0,99.0
2023-04-11,160,Halve Maen,38.0,60.0,98.0
2023-04-11,160,Joris en de Draak,58.0,80.0,78.0
2023-04-11,160,Joris en de Draak Single-rider,44.0,70.0,73.0
2023-04-11,160,Kinderspoor,33.0,40.0,98.0
2023-04-11,160,Kindervreugd,,,100.0
2023-04-11,160,Kleuterhof,,,100.0
2023-04-11,160,Max & Moritz,64.0,80.0,98.0
2023-04-11,160,Max & Moritz Single-rider,42.0,80.0,80.0
2023-04-11,160,Monorail,37.0,60.0,100.0
2023-04-11,160,Nest!,,,100.0
2023-04-11,160,Pagode,25.0,40.0,94.0
2023-04-11,160,Piraña,21.0,35.0,13.0
2023-04-11,160,Python,,,0.0
2023-04-11,160,Python Single-rider,,,0.0
2023-04-11,160,Sirocco,22.0,35.0,100.0
2023-04-11,160,Stoomcarrousel,18.0,20.0,100.0
2023-04-11,160,Stoomtrein Marerijk,28.0,45.0,100.0
2023-04-11,160,Stoomtrein Ruigrijk,27.0,45.0,100.0
2023-04-11,160,Symbolica,56.0,90.0,99.0
2023-04-11,160,Symbolica Single-rider,30.0,60.0,99.0
2023-04-11,160,The Six Swans,16.0,40.0,100.0
2023-04-11,160,Villa Volta,31.0,70.0,100.0
2023-04-11,160,Vogel Rok,40.0,60.0,70.0
2023-04-11,160,Volkvanlaaf,,,100.0
2023-04-12,160,Anton Pieck Plein,,,99.0
2023-04-12,160,Archipel,,,97.0
2023-04-12,160,Badhuys indoor splash pool,,,45.0
2023-04-12,160,Baron 1898,12.0,30.0,97.0
2023-04-12,160,Baron 1898 Single-rider,8.0,30.0,97.0
2023-04-12,160,Carnaval Festival,5.0,10.0,100.0
2023-04-12,160,De Oude Tufferbaan,15.0,30.0,80.0
2023-04-12,160,De Vliegende Hollander,20.0,35.0,97.0
2023-04-12,160,De Vliegende Hollander Single-rider,7.0,15.0,83.0
2023-04-12,160,Diorama,,,99.0
2023-04-12,160,Droomvlucht,17.0,35.0,100.0
2023-04-12,160,Droomvlucht VR,,,100.0
2023-04-12,160,Efteling Museum,,,0.0
2023-04-12,160,Fabula,,,0.0
2023-04-12,160,Fairytale Forest,,,99.0
2023-04-12,160,Fata Morgana,9.0,15.0,99.0
2023-04-12,160,Gondoletta,6.0,10.0,91.0
2023-04-12,160,Halve Maen,8.0,10.0,88.0
2023-04-12,160,Joris en de Draak,19.0,30.0,93.0
2023-04-12,160,Joris en de Draak Single-rider,9.0,30.0,87.0
2023-04-12,160,Kinderspoor,7.0,10.0,97.0
2023-04-12,160,Kindervreugd,,,99.0
2023-04-12,160,Kleuterhof,,,100.0
2023-04-12,160,Max & Moritz,9.0,30.0,96.0
2023-04-12,160,Max & Moritz Single-rider,6.0,10.0,34.0
2023-04-12,160,Monorail,16.0,30.0,98.0
2023-04-12,160,Nest!,,,99.0
2023-04-12,160,Pagode,,,0.0
2023-04-12,160,Piraña,8.0,15.0,67.0
2023-04-12,160,Python,,,0.0
2023-04-12,160,Python Single-rider,,,0.0
2023-04-12,160,Sirocco,7.0,10.0,97.0
2023-04-12,160,Stoomcarrousel,5.0,5.0,99.0
2023-04-12,160,Stoomtrein Marerijk,16.0,25.0,99.0
2023-04-12,160,Stoomtrein Ruigrijk,18.0,25.0,94.0
2023-04-12,160,Symbolica,23.0,30.0,99.0
2023-04-12,160,Symbolica Single-rider,5.0,5.0,99.0
2023-04-12,160,The Six Swans,7.0,15.0,97.0
2023-04-12,160,Villa Volta,5.0,10.0,100.0
2023-04-12,160,Vogel Rok,10.0,15.0,100.0
2023-04-12,160,Volkvanlaaf,,,99.0
2023-04-13,160,Anton Pieck Plein,,,99.0
2023-04-13,160,Archipel,,,100.0
2023-04-13,160,Badhuys indoor splash pool,,,44.0
2023-04-13,160,Baron 1898,34.0,50.0,100.0
2023-04-13,160,Baron 1898 Single-rider,28.0,60.0,95.0
2023-04-13,160,Carnaval Festival,10.0,20.0,100.0
2023-04-13,160,De Oude Tufferbaan,17.0,25.0,99.0
2023-04-13,160,De Vliegende Hollander,30.0,40.0,100.0
2023-04-13,160,De Vliegende Hollander Single-rider,19.0,30.0,86.0
2023-04-13,160,Diorama,,,99.0
2023-04-13,160,Droomvlucht,24.0,50.0,100.0
2023-04-13,160,Droomvlucht VR,,,100.0
2023-04-13,160,Efteling Museum,,,0.0
2023-04-13,160,Fabula,,,0.0
2023-04-13,160,Fairytale Forest,,,99.0
2023-04-13,160,Fata Morgana,11.0,40.0,100.0
2023-04-13,160,Gondoletta,13.0,25.0,99.0
2023-04-13,160,Halve Maen,21.0,35.0,99.0
2023-04-13,160,Joris en de Draak,33.0,55.0,97.0
2023-04-13,160,Joris en de Draak Single-rider,22.0,35.0,94.0
2023-04-13,160,Kinderspoor,8.0,15.0,99.0
2023-04-13,160,Kindervreugd,,,99.0
2023-04-13,160,Kleuterhof,,,100.0
2023-04-13,160,Max & Moritz,14.0,40.0,100.0
2023-04-13,160,Max & Moritz Single-rider,9.0,25.0,73.0
2023-04-13,160,Monorail,22.0,35.0,99.0
2023-04-13,160,Nest!,,,99.0
2023-04-13,160,Pagode,5.0,10.0,99.0
2023-04-13,160,Piraña,14.0,25.0,100.0
2023-04-13,160,Python,,,0.0
2023-04-13,160,Python Single-rider,,,0.0
2023-04-13,160,Sirocco,11.0,20.0,100.0
2023-04-13,160,Stoomcarrousel,,,99.0
2023-04-13,160,Stoomtrein Marerijk,25.0,25.0,100.0
2023-04-13,160,Stoomtrein Ruigrijk,36.0,40.0,100.0
2023-04-13,160,Symbolica,31.0,40.0,99.0
2023-04-13,160,Symbolica Single-rider,10.0,15.0,99.0
2023-04-13,160,The Six Swans,6.0,15.0,99.0
2023-04-13,160,Villa Volta,15.0,30.0,100.0
2023-04-13,160,Vogel Rok,24.0,45.0,100.0
2023-04-13,160,Volkvanlaaf,,,99.0
2023-04-14,160,Anton Pieck Plein,,,99.0
2023-04-14,160,Archipel,,,100.0
2023-04-14,160,Badhuys indoor splash pool,,,44.0
2023-04-14,160,Baron 1898,39.0,60.0,100.0
2023-04-14,160,Baron 1898 Single-rider,31.0,50.0,99.0
2023-04-14,160,Carnaval Festival,15.0,25.0,100.0
2023-04-14,160,De Oude Tufferbaan,23.0,35.0,100.0
2023-04-14,160,De Vliegende Hollander,36.0,50.0,93.0
2023-04-14,160,De Vliegende Hollander Single-rider,23.0,40.0,79.0
2023-04-14,160,Diorama,,,99.0
2023-04-14,160,Droomvlucht,28.0,45.0,100.0
2023-04-14,160,Droomvlucht VR,,,100.0
2023-04-14,160,Efteling Museum,,,0.0
2023-04-14,160,Fabula,,,0.0
2023-04-14,160,Fairytale Forest,,,99.0
2023-04-14,160,Fata Morgana,11.0,40.0,100.0
2023-04-14,160,Gondoletta,19.0,30.0,100.0
2023-04-14,160,Halve Maen,20.0,30.0,100.0
2023-04-14,160,Joris en de Draak,35.0,50.0,96.0
2023-04-14,160,Joris en de Draak Single-rider,22.0,40.0,88.0
2023-04-14,160,Kinderspoor,15.0,25.0,99.0
2023-04-14,160,Kindervreugd,,,99.0
2023-04-14,160,Kleuterhof,,,100.0
2023-04-14,160,Max & Moritz,17.0,35.0,100.0
2023-04-14,160,Max & Moritz Single-rider,9.0,25.0,98.0
2023-04-14,160,Monorail,24.0,30.0,99.0
2023-04-14,160,Nest!,,,99.0
2023-04-14,160,Pagode,5.0,10.0,90.0
2023-04-14,160,Piraña,18.0,25.0,100.0
2023-04-14,160,Python,,,0.0
2023-04-14,160,Python Single-rider,,,0.0
2023-04-14,160,Sirocco,12.0,20.0,100.0
2023-04-14,160,Stoomcarrousel,10.0,10.0,100.0
2023-04-14,160,Stoomtrein Marerijk,19.0,25.0,97.0
2023-04-14,160,Stoomtrein Ruigrijk,19.0,25.0,93.0
2023-04-14,160,Symbolica,34.0,45.0,99.0
2023-04-14,160,Symbolica Single-rider,8.0,10.0,99.0
2023-04-14,160,The Six Swans,7.0,15.0,99.0
2023-04-14,160,Villa Volta,12.0,30.0,100.0
2023-04-14,160,Vogel Rok,25.0,45.0,100.0
2023-04-14,160,Volkvanlaaf,,,99.0
2023-04-15,160,Anton Pieck Plein,,,99.0
2023-04-15,160,Archipel,,,100.0
2023-04-15,160,Badhuys indoor splash pool,,,100.0
2023-04-15,160,Baron 1898,17.0,30.0,100.0
2023-04-15,160,Baron 1898 Single-rider,10.0,20.0,100.0
2023-04-15,160,Carnaval Festival,10.0,15.0,100.0
2023-04-15,160,De Oude Tufferbaan,17.0,25.0,99.0
2023-04-15,160,De Vliegende Hollander,24.0,35.0,99.0
2023-04-15,160,De Vliegende Hollander Single-rider,13.0,25.0,84.0
2023-04-15,160,Diorama,,,99.0
2023-04-15,160,Droomvlucht,23.0,40.0,100.0
2023-04-15,160,Droomvlucht VR,,,100.0
2023-04-15,160,Efteling Museum,,,0.0
2023-04-15,160,Fabula,10.0,10.0,99.0
2023-04-15,160,Fairytale Forest,,,99.0
2023-04-15,160,Fata Morgana,7.0,25.0,100.0
2023-04-15,160,Gondoletta,15.0,25.0,100.0
2023-04-15,160,Halve Maen,11.0,20.0,99.0
2023-04-15,160,Joris en de Draak,21.0,35.0,98.0
2023-04-15,160,Joris en de Draak Single-rider,10.0,25.0,97.0
2023-04-15,160,Kinderspoor,9.0,10.0,99.0
2023-04-15,160,Kindervreugd,,,99.0
2023-04-15,160,Kleuterhof,,,100.0
2023-04-15,160,Max & Moritz,8.0,35.0,100.0
2023-04-15,160,Max & Moritz Single-rider,5.0,10.0,99.0
2023-04-15,160,Monorail,13.0,30.0,99.0
2023-04-15,160,Nest!,,,99.0
2023-04-15,160,Pagode,5.0,5.0,91.0
2023-04-15,160,Piraña,8.0,15.0,97.0
2023-04-15,160,Python,,,0.0
2023-04-15,160,Python Single-rider,,,0.0
2023-04-15,160,Sirocco,8.0,20.0,100.0
2023-04-15,160,Stoomcarrousel,,,99.0
2023-04-15,160,Stoomtrein Marerijk,18.0,25.0,99.0
2023-04-15,160,Stoomtrein Ruigrijk,18.0,25.0,99.0
2023-04-15,160,Symbolica,27.0,40.0,99.0
2023-04-15,160,Symbolica Single-rider,8.0,15.0,99.0
2023-04-15,160,The Six Swans,8.0,15.0,100.0
2023-04-15,160,Villa Volta,9.0,25.0,100.0
2023-04-15,160,Vogel Rok,16.0,30.0,100.0
2023-04-15,160,Volkvanlaaf,,,99.0
2023-04-16,160,Anton Pieck Plein,,,100.0
2023-04-16,160,Archipel,,,100.0
2023-04-16,160,Badhuys indoor splash pool,,,100.0
2023-04-16,160,Baron 1898,19.0,30.0,100.0
2023-04-16,160,Baron 1898 Single-rider,14.0,25.0,98.0
2023-04-16,160,Carnaval Festival,8.0,15.0,100.0
2023-04-16,160,De Oude Tufferbaan,17.0,30.0,100.0
2023-04-16,160,De Vliegende Hollander,23.0,30.0,100.0
2023-04-16,160,De Vliegende Hollander Single-rider,14.0,30.0,79.0
2023-04-16,160,Diorama,,,100.0
2023-04-16,160,Droomvlucht,28.0,45.0,100.0
2023-04-16,160,Droomvlucht VR,,,100.0
2023-04-16,160,Efteling Museum,,,0.0
2023-04-16,160,Fabula,10.0,10.0,100.0
2023-04-16,160,Fairytale Forest,,,100.0
2023-04-16,160,Fata Morgana,9.0,30.0,100.0
2023-04-16,160,Gondoletta,5.0,5.0,100.0
2023-04-16,160,Halve Maen,8.0,20.0,100.0
2023-04-16,160,Joris en de Draak,21.0,40.0,97.0
2023-04-16,160,Joris en de Draak Single-rider,11.0,25.0,90.0
2023-04-16,160,Kinderspoor,,,100.0
2023-04-16,160,Kindervreugd,,,100.0
2023-04-16,160,Kleuterhof,,,100.0
2023-04-16,160,Max & Moritz,7.0,25.0,100.0
2023-04-16,160,Max & Moritz Single-rider,5.0,5.0,80.0
2023-04-16,160,Monorail,8.0,15.0,100.0
2023-04-16,160,Nest!,,,100.0
2023-04-16,160,Pagode,5.0,5.0,100.0
2023-04-16,160,Piraña,5.0,15.0,100.0
2023-04-16,160,Python,,,0.0
2023-04-16,160,Python Single-rider,,,0.0
2023-04-16,160,Sirocco,7.0,15.0,100.0
2023-04-16,160,Stoomcarrousel,,,100.0
2023-04-16,160,Stoomtrein Marerijk,18.0,30.0,98.0
2023-04-16,160,Stoomtrein Ruigrijk,19.0,30.0,98.0
2023-04-16,160,Symbolica,26.0,35.0,100.0
2023-04-16,160,Symbolica Single-rider,8.0,15.0,99.0
2023-04-16,160,The Six Swans,5.0,5.0,100.0
2023-04-16,160,Villa Volta,9.0,20.0,100.0
2023-04-16,160,Vogel Rok,13.0,30.0,100.0
2023-04-16,160,Volkvanlaaf,,,100.0
2023-04-17,160,Anton Pieck Plein,,,99.0
2023-04-17,160,Archipel,,,100.0
2023-04-17,160,Badhuys indoor splash pool,,,37.0
2023-04-17,160,Baron 1898,20.0,45.0,100.0
2023-04-17,160,Baron 1898 Single-rider,15.0,25.0,94.0
2023-04-17,160,Carnaval Festival,9.0,15.0,100.0
2023-04-17,160,De Oude Tufferbaan,10.0,20.0,99.0
2023-04-17,160,De Vliegende Hollander,20.0,40.0,97.0
2023-04-17,160,De Vliegende Hollander Single-rider,12.0,30.0,80.0
2023-04-17,160,Diorama,,,99.0
2023-04-17,160,Droomvlucht,18.0,30.0,100.0
2023-04-17,160,Droomvlucht VR,,,100.0
2023-04-17,160,Efteling Museum,,,0.0
2023-04-17,160,Fabula,10.0,10.0,100.0
2023-04-17,160,Fairytale Forest,,,99.0
2023-04-17,160,Fata Morgana,6.0,20.0,100.0
2023-04-17,160,Gondoletta,8.0,15.0,100.0
2023-04-17,160,Halve Maen,8.0,15.0,99.0
2023-04-17,160,Joris en de Draak,16.0,25.0,83.0
2023-04-17,160,Joris en de Draak Single-rider,9.0,25.0,74.0
2023-04-17,160,Kinderspoor,,,99.0
2023-04-17,160,Kindervreugd,,,99.0
2023-04-17,160,Kleuterhof,,,100.0
2023-04-17,160,Max & Moritz,5.0,15.0,87.0
2023-04-17,160,Max & Moritz Single-rider,5.0,5.0,48.0
2023-04-17,160,Monorail,,,99.0
2023-04-17,160,Nest!,,,99.0
2023-04-17,160,Pagode,5.0,5.0,97.0
2023-04-17,160,Piraña,8.0,15.0,99.0
2023-04-17,160,Python,,,0.0
2023-04-17,160,Python Single-rider,,,0.0
2023-04-17,160,Sirocco,5.0,10.0,100.0
2023-04-17,160,Stoomcarrousel,,,100.0
2023-04-17,160,Stoomtrein Marerijk,25.0,30.0,99.0
2023-04-17,160,Stoomtrein Ruigrijk,25.0,30.0,99.0
2023-04-17,160,Symbolica,20.0,30.0,99.0
2023-04-17,160,Symbolica Single-rider,5.0,15.0,99.0
2023-04-17,160,The Six Swans,5.0,5.0,99.0
2023-04-17,160,Villa Volta,5.0,5.0,100.0
2023-04-17,160,Vogel Rok,8.0,20.0,100.0
2023-04-17,160,Volkvanlaaf,,,99.0
2023-04-18,160,Anton Pieck Plein,,,99.0
2023-04-18,160,Archipel,,,100.0
2023-04-18,160,Badhuys indoor splash pool,,,38.0
2023-04-18,160,Baron 1898,11.0,25.0,100.0
2023-04-18,160,Baron 1898 Single-rider,10.0,30.0,61.0
2023-04-18,160,Carnaval Festival,5.0,5.0,100.0
2023-04-18,160,De Oude Tufferbaan,6.0,15.0,99.0
2023-04-18,160,De Vliegende Hollander,11.0,20.0,100.0
2023-04-18,160,De Vliegende Hollander Single-rider,7.0,25.0,50.0
2023-04-18,160,Diorama,,,99.0
2023-04-18,160,Droomvlucht,10.0,20.0,100.0
2023-04-18,160,Droomvlucht VR,,,100.0
2023-04-18,160,Efteling Museum,,,0.0
2023-04-18,160,Fabula,10.0,10.0,99.0
2023-04-18,160,Fairytale Forest,,,99.0
2023-04-18,160,Fata Morgana,6.0,15.0,100.0
2023-04-18,160,Gondoletta,5.0,5.0,99.0
2023-04-18,160,Halve Maen,5.0,10.0,99.0
2023-04-18,160,Joris en de Draak,16.0,30.0,80.0
2023-04-18,160,Joris en de Draak Single-rider,8.0,20.0,71.0
2023-04-18,160,Kinderspoor,,,99.0
2023-04-18,160,Kindervreugd,,,99.0
2023-04-18,160,Kleuterhof,,,100.0
2023-04-18,160,Max & Moritz,5.0,5.0,100.0
2023-04-18,160,Max & Moritz Single-rider,,,26.0
2023-04-18,160,Monorail,5.0,10.0,99.0
2023-04-18,160,Nest!,,,99.0
2023-04-18,160,Pagode,5.0,5.0,99.0
2023-04-18,160,Piraña,5.0,5.0,99.0
2023-04-18,160,Python,,,0.0
2023-04-18,160,Python Single-rider,,,0.0
2023-04-18,160,Sirocco,5.0,5.0,100.0
2023-04-18,160,Stoomcarrousel,,,99.0
2023-04-18,160,Stoomtrein Marerijk,25.0,25.0,97.0
2023-04-18,160,Stoomtrein Ruigrijk,25.0,25.0,97.0
2023-04-18,160,Symbolica,15.0,25.0,99.0
2023-04-18,160,Symbolica Single-rider,5.0,5.0,99.0
2023-04-18,160,The Six Swans,5.0,5.0,100.0
2023-04-18,160,Villa Volta,5.0,10.0,100.0
2023-04-18,160,Vogel Rok,5.0,10.0,100.0
2023-04-18,160,Volkvanlaaf,,,99.0
2023-04-19,160,Anton Pieck Plein,,,100.0
2023-04-19,160,Archipel,,,100.0
2023-04-19,160,Badhuys indoor splash pool,,,37.0
2023-04-19,160,Baron 1898,20.0,45.0,100.0
2023-04-19,160,Baron 1898 Single-rider,15.0,40.0,90.0
2023-04-19,160,Carnaval Festival,8.0,10.0,100.0
2023-04-19,160,De Oude Tufferbaan,14.0,25.0,100.0
2023-04-19,160,De Vliegende Hollander,20.0,30.0,100.0
2023-04-19,160,De Vliegende Hollander Single-rider,10.0,25.0,76.0
2023-04-19,160,Diorama,,,100.0
2023-04-19,160,Droomvlucht,15.0,30.0,95.0
2023-04-19,160,Droomvlucht VR,,,95.0
2023-04-19,160,Efteling Museum,,,87.0
2023-04-19,160,Fabula,10.0,10.0,100.0
2023-04-19,160,Fairytale Forest,,,100.0
2023-04-19,160,Fata Morgana,7.0,15.0,100.0
2023-04-19,160,Gondoletta,11.0,20.0,100.0
2023-04-19,160,Halve Maen,5.0,10.0,100.0
2023-04-19,160,Joris en de Draak,29.0,45.0,51.0
2023-04-19,160,Joris en de Draak Single-rider,17.0,30.0,51.0
2023-04-19,160,Kinderspoor,,,100.0
2023-04-19,160,Kindervreugd,,,100.0
2023-04-19,160,Kleuterhof,,,100.0
2023-04-19,160,Max & Moritz,6.0,15.0,78.0
2023-04-19,160,Max & Moritz Single-rider,5.0,5.0,52.0
2023-04-19,160,Monorail,9.0,10.0,100.0
2023-04-19,160,Nest!,,,100.0
2023-04-19,160,Pagode,5.0,5.0,100.0
2023-04-19,160,Piraña,8.0,15.0,100.0
2023-04-19,160,Python,,,0.0
2023-04-19,160,Python Single-rider,,,0.0
2023-04-19,160,Sirocco,5.0,10.0,100.0
2023-04-19,160,Stoomcarrousel,,,100.0
2023-04-19,160,Stoomtrein Marerijk,25.0,25.0,100.0
2023-04-19,160,Stoomtrein Ruigrijk,25.0,25.0,100.0
2023-04-19,160,Symbolica,19.0,30.0,100.0
2023-04-19,160,Symbolica Single-rider,5.0,10.0,99.0
2023-04-19,160,The Six Swans,5.0,5.0,100.0
2023-04-19,160,Villa Volta,5.0,10.0,100.0
2023-04-19,160,Vogel Rok,11.0,20.0,100.0
2023-04-19,160,Volkvanlaaf,,,100.0
2023-04-20,160,Anton Pieck Plein,,,99.0
2023-04-20,160,Archipel,,,100.0
2023-04-20,160,Badhuys indoor splash pool,,,37.0
2023-04-20,160,Baron 1898,25.0,45.0,100.0
2023-04-20,160,Baron 1898 Single-rider,18.0,40.0,99.0
2023-04-20,160,Carnaval Festival,5.0,5.0,100.0
2023-04-20,160,De Oude Tufferbaan,7.0,20.0,99.0
2023-04-20,160,De Vliegende Hollander,24.0,50.0,95.0
2023-04-20,160,De Vliegende Hollander Single-rider,14.0,20.0,8.0
2023-04-20,160,Diorama,,,99.0
2023-04-20,160,Droomvlucht,14.0,30.0,100.0
2023-04-20,160,Droomvlucht VR,,,100.0
2023-04-20,160,Efteling Museum,,,87.0
2023-04-20,160,Fabula,10.0,10.0,99.0
2023-04-20,160,Fairytale Forest,,,99.0
2023-04-20,160,Fata Morgana,6.0,15.0,100.0
2023-04-20,160,Gondoletta,,,99.0
2023-04-20,160,Halve Maen,7.0,30.0,99.0
2023-04-20,160,Joris en de Draak,22.0,45.0,97.0
2023-04-20,160,Joris en de Draak Single-rider,11.0,30.0,94.0
2023-04-20,160,Kinderspoor,,,99.0
2023-04-20,160,Kindervreugd,,,99.0
2023-04-20,160,Kleuterhof,,,100.0
2023-04-20,160,Max & Moritz,5.0,5.0,100.0
2023-04-20,160,Max & Moritz Single-rider,,,0.0
2023-04-20,160,Monorail,,,99.0
2023-04-20,160,Nest!,,,99.0
2023-04-20,160,Pagode,5.0,5.0,99.0
2023-04-20,160,Piraña,5.0,10.0,99.0
2023-04-20,160,Python,,,0.0
2023-04-20,160,Python Single-rider,,,0.0
2023-04-20,160,Sirocco,5.0,10.0,100.0
2023-04-20,160,Stoomcarrousel,,,99.0
2023-04-20,160,Stoomtrein Marerijk,25.0,25.0,99.0
2023-04-20,160,Stoomtrein Ruigrijk,25.0,25.0,99.0
2023-04-20,160,Symbolica,18.0,30.0,99.0
2023-04-20,160,Symbolica Single-rider,5.0,10.0,99.0
2023-04-20,160,The Six Swans,5.0,5.0,99.0
2023-04-20,160,Villa Volta,6.0,10.0,100.0
2023-04-20,160,Vogel Rok,14.0,30.0,100.0
2023-04-20,160,Volkvanlaaf,,,99.0
2023-04-21,160,Anton Pieck Plein,,,100.0
2023-04-21,160,Archipel,,,100.0
2023-04-21,160,Badhuys indoor splash pool,,,44.0
2023-04-21,160,Baron 1898,46.0,70.0,100.0
2023-04-21,160,Baron 1898 Single-rider,34.0,60.0,100.0
2023-04-21,160,Carnaval Festival,11.0,15.0,100.0
2023-04-21,160,De Oude Tufferbaan,13.0,20.0,100.0
2023-04-21,160,De Vliegende Hollander,35.0,60.0,100.0
2023-04-21,160,De Vliegende Hollander Single-rider,20.0,30.0,16.0
2023-04-21,160,Diorama,,,100.0
2023-04-21,160,Droomvlucht,23.0,45.0,100.0
2023-04-21,160,Droomvlucht VR,,,100.0
2023-04-21,160,Efteling Museum,,,88.0
2023-04-21,160,Fabula,10.0,10.0,100.0
2023-04-21,160,Fairytale Forest,,,100.0
2023-04-21,160,Fata Morgana,12.0,30.0,100.0
2023-04-21,160,Gondoletta,15.0,30.0,100.0
2023-04-21,160,Halve Maen,21.0,30.0,100.0
2023-04-21,160,Joris en de Draak,34.0,55.0,48.0
2023-04-21,160,Joris en de Draak Single-rider,23.0,45.0,48.0
2023-04-21,160,Kinderspoor,,,100.0
2023-04-21,160,Kindervreugd,,,100.0
2023-04-21,160,Kleuterhof,,,100.0
2023-04-21,160,Max & Moritz,7.0,25.0,100.0
2023-04-21,160,Max & Moritz Single-rider,6.0,15.0,74.0
2023-04-21,160,Monorail,11.0,15.0,100.0
2023-04-21,160,Nest!,,,100.0
2023-04-21,160,Pagode,5.0,5.0,100.0
2023-04-21,160,Piraña,16.0,25.0,100.0
2023-04-21,160,Python,,,0.0
2023-04-21,160,Python Single-rider,,,0.0
2023-04-21,160,Sirocco,6.0,10.0,100.0
2023-04-21,160,Stoomcarrousel,,,100.0
2023-04-21,160,Stoomtrein Marerijk,14.0,25.0,100.0
2023-04-21,160,Stoomtrein Ruigrijk,14.0,25.0,100.0
2023-04-21,160,Symbolica,24.0,35.0,100.0
2023-04-21,160,Symbolica Single-rider,6.0,20.0,99.0
2023-04-21,160,The Six Swans,5.0,5.0,100.0
2023-04-21,160,Villa Volta,10.0,25.0,100.0
2023-04-21,160,Vogel Rok,21.0,40.0,99.0
2023-04-21,160,Volkvanlaaf,,,100.0
2023-04-22,160,Anton Pieck Plein,,,99.0
2023-04-22,160,Archipel,,,100.0
2023-04-22,160,Badhuys indoor splash pool,,,100.0
2023-04-22,160,Baron 1898,18.0,45.0,100.0
2023-04-22,160,Baron 1898 Single-rider,11.0,35.0,100.0
2023-04-22,160,Carnaval Festival,8.0,20.0,100.0
2023-04-22,160,De Oude Tufferbaan,14.0,30.0,99.0
2023-04-22,160,De Vliegende Hollander,21.0,35.0,79.0
2023-04-22,160,De Vliegende Hollander Single-rider,13.0,30.0,62.0
2023-04-22,160,Diorama,,,99.0
2023-04-22,160,Droomvlucht,17.0,35.0,100.0
2023-04-22,160,Droomvlucht VR,,,100.0
2023-04-22,160,Efteling Museum,,,88.0
2023-04-22,160,Fabula,10.0,10.0,100.0
2023-04-22,160,Fairytale Forest,,,99.0
2023-04-22,160,Fata Morgana,7.0,20.0,100.0
2023-04-22,160,Gondoletta,8.0,20.0,100.0
2023-04-22,160,Halve Maen,7.0,15.0,94.0
2023-04-22,160,Joris en de Draak,17.0,40.0,100.0
2023-04-22,160,Joris en de Draak Single-rider,9.0,25.0,88.0
2023-04-22,160,Kinderspoor,,,99.0
2023-04-22,160,Kindervreugd,,,99.0
2023-04-22,160,Kleuterhof,,,99.0
2023-04-22,160,Max & Moritz,6.0,20.0,100.0
2023-04-22,160,Max & Moritz Single-rider,5.0,10.0,82.0
2023-04-22,160,Monorail,12.0,25.0,99.0
2023-04-22,160,Nest!,,,99.0
2023-04-22,160,Pagode,5.0,5.0,100.0
2023-04-22,160,Piraña,6.0,15.0,100.0
2023-04-22,160,Python,,,0.0
2023-04-22,160,Python Single-rider,,,0.0
2023-04-22,160,Sirocco,7.0,15.0,100.0
2023-04-22,160,Stoomcarrousel,,,99.0
2023-04-22,160,Stoomtrein Marerijk,14.0,25.0,99.0
2023-04-22,160,Stoomtrein Ruigrijk,14.0,25.0,99.0
2023-04-22,160,Symbolica,26.0,40.0,98.0
2023-04-22,160,Symbolica Single-rider,5.0,10.0,98.0
2023-04-22,160,The Six Swans,6.0,10.0,100.0
2023-04-22,160,Villa Volta,8.0,25.0,100.0
2023-04-22,160,Vogel Rok,11.0,25.0,100.0
2023-04-22,160,Volkvanlaaf,,,99.0
2023-04-23,160,Anton Pieck Plein,,,99.0
2023-04-23,160,Archipel,,,100.0
2023-04-23,160,Badhuys indoor splash pool,,,100.0
2023-04-23,160,Baron 1898,13.0,30.0,100.0
2023-04-23,160,Baron 1898 Single-rider,10.0,25.0,100.0
2023-04-23,160,Carnaval Festival,8.0,15.0,100.0
2023-04-23,160,De Oude Tufferbaan,13.0,25.0,100.0
2023-04-23,160,De Vliegende Hollander,20.0,30.0,96.0
2023-04-23,160,De Vliegende Hollander Single-rider,11.0,20.0,69.0
2023-04-23,160,Diorama,,,100.0
2023-04-23,160,Droomvlucht,19.0,35.0,100.0
2023-04-23,160,Droomvlucht VR,,,100.0
2023-04-23,160,Efteling Museum,,,89.0
2023-04-23,160,Fabula,10.0,10.0,100.0
2023-04-23,160,Fairytale Forest,,,99.0
2023-04-23,160,Fata Morgana,6.0,15.0,100.0
2023-04-23,160,Gondoletta,11.0,20.0,99.0
2023-04-23,160,Halve Maen,7.0,25.0,100.0
2023-04-23,160,Joris en de Draak,13.0,35.0,98.0
2023-04-23,160,Joris en de Draak Single-rider,8.0,20.0,74.0
2023-04-23,160,Kinderspoor,8.0,10.0,99.0
2023-04-23,160,Kindervreugd,,,99.0
2023-04-23,160,Kleuterhof,,,100.0
2023-04-23,160,Max & Moritz,6.0,15.0,100.0
2023-04-23,160,Max & Moritz Single-rider,5.0,10.0,42.0
2023-04-23,160,Monorail,8.0,15.0,99.0
2023-04-23,160,Nest!,,,99.0
2023-04-23,160,Pagode,5.0,5.0,99.0
2023-04-23,160,Piraña,7.0,15.0,99.0
2023-04-23,160,Python,,,0.0
2023-04-23,160,Python Single-rider,,,0.0
2023-04-23,160,Sirocco,7.0,10.0,100.0
2023-04-23,160,Stoomcarrousel,,,99.0
2023-04-23,160,Stoomtrein Marerijk,15.0,30.0,99.0
2023-04-23,160,Stoomtrein Ruigrijk,15.0,30.0,99.0
2023-04-23,160,Symbolica,22.0,30.0,100.0
2023-04-23,160,Symbolica Single-rider,5.0,10.0,100.0
2023-04-23,160,The Six Swans,5.0,5.0,99.0
2023-04-23,160,Villa Volta,6.0,15.0,100.0
2023-04-23,160,Vogel Rok,6.0,15.0,100.0
2023-04-23,160,Volkvanlaaf,,,99.0
2023-04-24,160,Anton Pieck Plein,,,100.0
2023-04-24,160,Archipel,,,100.0
2023-04-24,160,Badhuys indoor splash pool,,,100.0
2023-04-24,160,Baron 1898,16.0,40.0,100.0
2023-04-24,160,Baron 1898 Single-rider,13.0,25.0,99.0
2023-04-24,160,Carnaval Festival,10.0,30.0,100.0
2023-04-24,160,De Oude Tufferbaan,12.0,20.0,98.0
2023-04-24,160,De Vliegende Hollander,19.0,35.0,100.0
2023-04-24,160,De Vliegende Hollander Single-rider,11.0,20.0,70.0
2023-04-24,160,Diorama,,,100.0
2023-04-24,160,Droomvlucht,24.0,40.0,100.0
2023-04-24,160,Droomvlucht VR,,,100.0
2023-04-24,160,Efteling Museum,,,88.0
2023-04-24,160,Fabula,10.0,10.0,100.0
2023-04-24,160,Fairytale Forest,,,100.0
2023-04-24,160,Fata Morgana,8.0,25.0,100.0
2023-04-24,160,Gondoletta,5.0,5.0,100.0
2023-04-24,160,Halve Maen,7.0,10.0,94.0
2023-04-24,160,Joris en de Draak,22.0,40.0,86.0
2023-04-24,160,Joris en de Draak Single-rider,11.0,35.0,86.0
2023-04-24,160,Kinderspoor,,,100.0
2023-04-24,160,Kindervreugd,,,100.0
2023-04-24,160,Kleuterhof,,,100.0
2023-04-24,160,Max & Moritz,7.0,30.0,100.0
2023-04-24,160,Max & Moritz Single-rider,6.0,10.0,23.0
2023-04-24,160,Monorail,8.0,25.0,100.0
2023-04-24,160,Nest!,,,100.0
2023-04-24,160,Pagode,5.0,5.0,95.0
2023-04-24,160,Piraña,5.0,10.0,100.0
2023-04-24,160,Python,,,0.0
2023-04-24,160,Python Single-rider,,,0.0
2023-04-24,160,Sirocco,8.0,15.0,100.0
2023-04-24,160,Stoomcarrousel,15.0,15.0,100.0
2023-04-24,160,Stoomtrein Marerijk,25.0,30.0,97.0
2023-04-24,160,Stoomtrein Ruigrijk,25.0,25.0,93.0
2023-04-24,160,Symbolica,26.0,35.0,99.0
2023-04-24,160,Symbolica Single-rider,5.0,5.0,99.0
2023-04-24,160,The Six Swans,5.0,5.0,99.0
2023-04-24,160,Villa Volta,6.0,10.0,100.0
2023-04-24,160,Vogel Rok,11.0,15.0,100.0
2023-04-24,160,Volkvanlaaf,,,100.0
2023-04-25,160,Anton Pieck Plein,,,100.0
2023-04-25,160,Archipel,,,100.0
2023-04-25,160,Badhuys indoor splash pool,,,100.0
2023-04-25,160,Baron 1898,35.0,50.0,77.0
2023-04-25,160,Baron 1898 Single-rider,23.0,50.0,76.0
2023-04-25,160,Carnaval Festival,13.0,15.0,100.0
2023-04-25,160,De Oude Tufferbaan,17.0,25.0,100.0
2023-04-25,160,De Vliegende Hollander,32.0,45.0,100.0
2023-04-25,160,De Vliegende Hollander Single-rider,20.0,35.0,96.0
2023-04-25,160,Diorama,,,100.0
2023-04-25,160,Droomvlucht,31.0,55.0,98.0
2023-04-25,160,Droomvlucht VR,,,98.0
2023-04-25,160,Efteling Museum,,,88.0
2023-04-25,160,Fabula,10.0,10.0,100.0
2023-04-25,160,Fairytale Forest,,,100.0
2023-04-25,160,Fata Morgana,12.0,30.0,100.0
2023-04-25,160,Gondoletta,14.0,20.0,100.0
2023-04-25,160,Halve Maen,15.0,30.0,100.0
2023-04-25,160,Joris en de Draak,34.0,50.0,97.0
2023-04-25,160,Joris en de Draak Single-rider,23.0,35.0,95.0
2023-04-25,160,Kinderspoor,10.0,10.0,100.0
2023-04-25,160,Kindervreugd,,,100.0
2023-04-25,160,Kleuterhof,,,100.0
2023-04-25,160,Max & Moritz,16.0,35.0,100.0
2023-04-25,160,Max & Moritz Single-rider,8.0,20.0,42.0
2023-04-25,160,Monorail,12.0,20.0,100.0
2023-04-25,160,Nest!,,,100.0
2023-04-25,160,Pagode,5.0,5.0,100.0
2023-04-25,160,Piraña,11.0,20.0,100.0
2023-04-25,160,Python,,,0.0
2023-04-25,160,Python Single-rider,,,0.0
2023-04-25,160,Sirocco,11.0,20.0,100.0
2023-04-25,160,Stoomcarrousel,,,100.0
2023-04-25,160,Stoomtrein Marerijk,25.0,25.0,96.0
2023-04-25,160,Stoomtrein Ruigrijk,25.0,25.0,94.0
2023-04-25,160,Symbolica,28.0,40.0,99.0
2023-04-25,160,Symbolica Single-rider,9.0,25.0,99.0
2023-04-25,160,The Six Swans,5.0,10.0,100.0
2023-04-25,160,Villa Volta,12.0,30.0,85.0
2023-04-25,160,Vogel Rok,21.0,30.0,100.0
2023-04-25,160,Volkvanlaaf,,,100.0
2023-04-26,160,Anton Pieck Plein,,,99.0
2023-04-26,160,Archipel,,,100.0
2023-04-26,160,Badhuys indoor splash pool,,,100.0
2023-04-26,160,Baron 1898,23.0,40.0,86.0
2023-04-26,160,Baron 1898 Single-rider,18.0,35.0,86.0
2023-04-26,160,Carnaval Festival,8.0,20.0,100.0
2023-04-26,160,De Oude Tufferbaan,17.0,30.0,99.0
2023-04-26,160,De Vliegende Hollander,27.0,40.0,99.0
2023-04-26,160,De Vliegende Hollander Single-rider,16.0,35.0,83.0
2023-04-26,160,Diorama,,,99.0
2023-04-26,160,Droomvlucht,25.0,45.0,100.0
2023-04-26,160,Droomvlucht VR,,,100.0
2023-04-26,160,Efteling Museum,,,89.0
2023-04-26,160,Fabula,10.0,10.0,100.0
2023-04-26,160,Fairytale Forest,,,99.0
2023-04-26,160,Fata Morgana,7.0,20.0,97.0
2023-04-26,160,Gondoletta,11.0,15.0,100.0
2023-04-26,160,Halve Maen,8.0,15.0,99.0
2023-04-26,160,Joris en de Draak,24.0,40.0,90.0
2023-04-26,160,Joris en de Draak Single-rider,13.0,30.0,88.0
2023-04-26,160,Kinderspoor,5.0,5.0,99.0
2023-04-26,160,Kindervreugd,,,99.0
2023-04-26,160,Kleuterhof,,,100.0
2023-04-26,160,Max & Moritz,7.0,25.0,100.0
2023-04-26,160,Max & Moritz Single-rider,5.0,10.0,81.0
2023-04-26,160,Monorail,10.0,15.0,99.0
2023-04-26,160,Nest!,,,99.0
2023-04-26,160,Pagode,5.0,5.0,100.0
2023-04-26,160,Piraña,7.0,10.0,100.0
2023-04-26,160,Python,,,0.0
2023-04-26,160,Python Single-rider,,,0.0
2023-04-26,160,Sirocco,10.0,20.0,100.0
2023-04-26,160,Stoomcarrousel,,,99.0
2023-04-26,160,Stoomtrein Marerijk,14.0,25.0,100.0
2023-04-26,160,Stoomtrein Ruigrijk,14.0,25.0,100.0
2023-04-26,160,Symbolica,26.0,35.0,99.0
2023-04-26,160,Symbolica Single-rider,6.0,10.0,99.0
2023-04-26,160,The Six Swans,5.0,5.0,99.0
2023-04-26,160,Villa Volta,7.0,25.0,89.0
2023-04-26,160,Vogel Rok,11.0,25.0,100.0
2023-04-26,160,Volkvanlaaf,,,99.0
2023-04-27,160,Anton Pieck Plein,,,100.0
2023-04-27,160,Archipel,,,100.0
2023-04-27,160,Badhuys indoor splash pool,,,100.0
2023-04-27,160,Baron 1898,33.0,45.0,87.0
2023-04-27,160,Baron 1898 Single-rider,27.0,40.0,87.0
2023-04-27,160,Carnaval Festival,12.0,35.0,96.0
2023-04-27,160,De Oude Tufferbaan,23.0,40.0,100.0
2023-04-27,160,De Vliegende Hollander,32.0,60.0,96.0
2023-04-27,160,De Vliegende Hollander Single-rider,19.0,35.0,82.0
2023-04-27,160,Diorama,,,100.0
2023-04-27,160,Droomvlucht,35.0,60.0,100.0
2023-04-27,160,Droomvlucht VR,,,100.0
2023-04-27,160,Efteling Museum,,,89.0
2023-04-27,160,Fabula,10.0,10.0,100.0
2023-04-27,160,Fairytale Forest,,,100.0
2023-04-27,160,Fata Morgana,15.0,35.0,100.0
2023-04-27,160,Gondoletta,22.0,35.0,100.0
2023-04-27,160,Halve Maen,13.0,20.0,94.0
2023-04-27,160,Joris en de Draak,29.0,45.0,100.0
2023-04-27,160,Joris en de Draak Single-rider,16.0,35.0,99.0
2023-04-27,160,Kinderspoor,14.0,15.0,100.0
2023-04-27,160,Kindervreugd,,,100.0
2023-04-27,160,Kleuterhof,,,100.0
2023-04-27,160,Max & Moritz,15.0,30.0,100.0
2023-04-27,160,Max & Moritz Single-rider,8.0,15.0,99.0
2023-04-27,160,Monorail,15.0,20.0,100.0
2023-04-27,160,Nest!,,,100.0
2023-04-27,160,Pagode,5.0,10.0,98.0
2023-04-27,160,Piraña,12.0,20.0,100.0
2023-04-27,160,Python,,,0.0
2023-04-27,160,Python Single-rider,,,0.0
2023-04-27,160,Sirocco,12.0,20.0,99.0
2023-04-27,160,Stoomcarrousel,,,100.0
2023-04-27,160,Stoomtrein Marerijk,14.0,30.0,100.0
2023-04-27,160,Stoomtrein Ruigrijk,14.0,30.0,95.0
2023-04-27,160,Symbolica,34.0,45.0,98.0
2023-04-27,160,Symbolica Single-rider,7.0,10.0,99.0
2023-04-27,160,The Six Swans,5.0,10.0,100.0
2023-04-27,160,Villa Volta,10.0,15.0,98.0
2023-04-27,160,Vogel Rok,18.0,30.0,100.0
2023-04-27,160,Volkvanlaaf,,,100.0
2023-04-28,160,Anton Pieck Plein,,,99.0
2023-04-28,160,Archipel,,,100.0
2023-04-28,160,Badhuys indoor splash pool,,,100.0
2023-04-28,160,Baron 1898,23.0,40.0,100.0
2023-04-28,160,Baron 1898 Single-rider,18.0,30.0,96.0
2023-04-28,160,Carnaval Festival,10.0,20.0,100.0
2023-04-28,160,De Oude Tufferbaan,18.0,30.0,99.0
2023-04-28,160,De Vliegende Hollander,27.0,35.0,67.0
2023-04-28,160,De Vliegende Hollander Single-rider,15.0,20.0,64.0
2023-04-28,160,Diorama,,,99.0
2023-04-28,160,Droomvlucht,24.0,45.0,97.0
2023-04-28,160,Droomvlucht VR,,,99.0
2023-04-28,160,Efteling Museum,,,88.0
2023-04-28,160,Fabula,10.0,10.0,99.0
2023-04-28,160,Fairytale Forest,,,99.0
2023-04-28,160,Fata Morgana,7.0,20.0,100.0
2023-04-28,160,Gondoletta,8.0,15.0,99.0
2023-04-28,160,Halve Maen,11.0,15.0,99.0
2023-04-28,160,Joris en de Draak,24.0,40.0,100.0
2023-04-28,160,Joris en de Draak Single-rider,13.0,30.0,100.0
2023-04-28,160,Kinderspoor,,,99.0
2023-04-28,160,Kindervreugd,,,99.0
2023-04-28,160,Kleuterhof,,,99.0
2023-04-28,160,Max & Moritz,10.0,20.0,100.0
2023-04-28,160,Max & Moritz Single-rider,6.0,15.0,58.0
2023-04-28,160,Monorail,8.0,15.0,99.0
2023-04-28,160,Nest!,,,99.0
2023-04-28,160,Pagode,5.0,5.0,97.0
2023-04-28,160,Piraña,7.0,15.0,82.0
2023-04-28,160,Python,,,0.0
2023-04-28,160,Python Single-rider,,,0.0
2023-04-28,160,Sirocco,8.0,20.0,100.0
2023-04-28,160,Stoomcarrousel,5.0,5.0,99.0
2023-04-28,160,Stoomtrein Marerijk,14.0,25.0,99.0
2023-04-28,160,Stoomtrein Ruigrijk,18.0,25.0,99.0
2023-04-28,160,Symbolica,36.0,40.0,99.0
2023-04-28,160,Symbolica Single-rider,10.0,20.0,99.0
2023-04-28,160,The Six Swans,5.0,5.0,99.0
2023-04-28,160,Villa Volta,10.0,25.0,75.0
2023-04-28,160,Vogel Rok,16.0,30.0,97.0
2023-04-28,160,Volkvanlaaf,,,99.0
2023-04-29,160,Anton Pieck Plein,,,99.0
2023-04-29,160,Archipel,,,100.0
2023-04-29,160,Badhuys indoor splash pool,,,100.0
2023-04-29,160,Baron 1898,34.0,50.0,98.0
2023-04-29,160,Baron 1898 Single-rider,26.0,45.0,96.0
2023-04-29,160,Carnaval Festival,12.0,20.0,100.0
2023-04-29,160,De Oude Tufferbaan,19.0,30.0,100.0
2023-04-29,160,De Vliegende Hollander,33.0,45.0,100.0
2023-04-29,160,De Vliegende Hollander Single-rider,18.0,40.0,93.0
2023-04-29,160,Diorama,,,99.0
2023-04-29,160,Droomvlucht,26.0,40.0,99.0
2023-04-29,160,Droomvlucht VR,,,78.0
2023-04-29,160,Efteling Museum,,,88.0
2023-04-29,160,Fabula,10.0,10.0,99.0
2023-04-29,160,Fairytale Forest,,,99.0
2023-04-29,160,Fata Morgana,13.0,40.0,100.0
2023-04-29,160,Gondoletta,19.0,35.0,99.0
2023-04-29,160,Halve Maen,18.0,30.0,100.0
2023-04-29,160,Joris en de Draak,31.0,40.0,98.0
2023-04-29,160,Joris en de Draak Single-rider,18.0,30.0,98.0
2023-04-29,160,Kinderspoor,15.0,15.0,99.0
2023-04-29,160,Kindervreugd,,,99.0
2023-04-29,160,Kleuterhof,,,100.0
2023-04-29,160,Max & Moritz,19.0,45.0,94.0
2023-04-29,160,Max & Moritz Single-rider,9.0,20.0,93.0
2023-04-29,160,Monorail,25.0,25.0,99.0
2023-04-29,160,Nest!,,,99.0
2023-04-29,160,Pagode,6.0,30.0,98.0
2023-04-29,160,Piraña,15.0,30.0,100.0
2023-04-29,160,Python,,,0.0
2023-04-29,160,Python Single-rider,,,0.0
2023-04-29,160,Sirocco,10.0,15.0,100.0
2023-04-29,160,Stoomcarrousel,,,99.0
2023-04-29,160,Stoomtrein Marerijk,14.0,60.0,95.0
2023-04-29,160,Stoomtrein Ruigrijk,18.0,45.0,95.0
2023-04-29,160,Symbolica,43.0,45.0,99.0
2023-04-29,160,Symbolica Single-rider,16.0,25.0,99.0
2023-04-29,160,The Six Swans,10.0,20.0,100.0
2023-04-29,160,Villa Volta,11.0,25.0,100.0
2023-04-29,160,Vogel Rok,16.0,35.0,100.0
2023-04-29,160,Volkvanlaaf,,,99.0
2023-04-30,160,Anton Pieck Plein,,,99.0
2023-04-30,160,Archipel,,,100.0
2023-04-30,160,Badhuys indoor splash pool,,,100.0
2023-04-30,160,Baron 1898,38.0,60.0,100.0
2023-04-30,160,Baron 1898 Single-rider,29.0,60.0,100.0
2023-04-30,160,Carnaval Festival,14.0,25.0,100.0
2023-04-30,160,De Oude Tufferbaan,23.0,40.0,100.0
2023-04-30,160,De Vliegende Hollander,39.0,55.0,99.0
2023-04-30,160,De Vliegende Hollander Single-rider,24.0,35.0,93.0
2023-04-30,160,Diorama,,,99.0
2023-04-30,160,Droomvlucht,35.0,60.0,99.0
2023-04-30,160,Droomvlucht VR,,,99.0
2023-04-30,160,Efteling Museum,,,89.0
2023-04-30,160,Fabula,10.0,10.0,100.0
2023-04-30,160,Fairytale Forest,,,99.0
2023-04-30,160,Fata Morgana,16.0,50.0,100.0
2023-04-30,160,Gondoletta,24.0,35.0,99.0
2023-04-30,160,Halve Maen,19.0,30.0,99.0
2023-04-30,160,Joris en de Draak,37.0,55.0,99.0
2023-04-30,160,Joris en de Draak Single-rider,25.0,35.0,97.0
2023-04-30,160,Kinderspoor,13.0,20.0,99.0
2023-04-30,160,Kindervreugd,,,99.0
2023-04-30,160,Kleuterhof,,,99.0
2023-04-30,160,Max & Moritz,19.0,30.0,91.0
2023-04-30,160,Max & Moritz Single-rider,9.0,20.0,81.0
2023-04-30,160,Monorail,22.0,35.0,99.0
2023-04-30,160,Nest!,,,99.0
2023-04-30,160,Pagode,9.0,25.0,99.0
2023-04-30,160,Piraña,36.0,45.0,87.0
2023-04-30,160,Python,,,0.0
2023-04-30,160,Python Single-rider,,,0.0
2023-04-30,160,Sirocco,12.0,25.0,99.0
2023-04-30,160,Stoomcarrousel,20.0,20.0,99.0
2023-04-30,160,Stoomtrein Marerijk,18.0,30.0,99.0
2023-04-30,160,Stoomtrein Ruigrijk,17.0,30.0,99.0
2023-04-30,160,Symbolica,43.0,50.0,99.0
2023-04-30,160,Symbolica Single-rider,16.0,30.0,99.0
2023-04-30,160,The Six Swans,13.0,20.0,99.0
2023-04-30,160,Villa Volta,12.0,30.0,98.0
2023-04-30,160,Vogel Rok,20.0,40.0,100.0
2023-04-30,160,Volkvanlaaf,,,99.0
2023-05-01,160,Anton Pieck Plein,,,100.0
2023-05-01,160,Archipel,,,100.0
2023-05-01,160,Badhuys indoor splash pool,,,100.0
2023-05-01,160,Baron 1898,49.0,65.0,100.0
2023-05-01,160,Baron 1898 Single-rider,40.0,60.0,100.0
2023-05-01,160,Carnaval Festival,17.0,30.0,100.0
2023-05-01,160,De Oude Tufferbaan,26.0,40.0,98.0
2023-05-01,160,De Vliegende Hollander,45.0,60.0,99.0
2023-05-01,160,De Vliegende Hollander Single-rider,29.0,40.0,87.0
2023-05-01,160,Diorama,,,100.0
2023-05-01,160,Droomvlucht,56.0,70.0,84.0
2023-05-01,160,Droomvlucht VR,,,84.0
2023-05-01,160,Efteling Museum,,,88.0
2023-05-01,160,Fabula,10.0,10.0,100.0
2023-05-01,160,Fairytale Forest,,,100.0
2023-05-01,160,Fata Morgana,23.0,55.0,100.0
2023-05-01,160,Gondoletta,27.0,50.0,100.0
2023-05-01,160,Halve Maen,26.0,30.0,100.0
2023-05-01,160,Joris en de Draak,44.0,65.0,100.0
2023-05-01,160,Joris en de Draak Single-rider,32.0,45.0,94.0
2023-05-01,160,Kinderspoor,16.0,30.0,100.0
2023-05-01,160,Kindervreugd,,,100.0
2023-05-01,160,Kleuterhof,,,100.0
2023-05-01,160,Max & Moritz,29.0,50.0,95.0
2023-05-01,160,Max & Moritz Single-rider,15.0,45.0,88.0
2023-05-01,160,Monorail,30.0,45.0,100.0
2023-05-01,160,Nest!,,,100.0
2023-05-01,160,Pagode,9.0,20.0,100.0
2023-05-01,160,Piraña,33.0,50.0,100.0
2023-05-01,160,Python,,,0.0
2023-05-01,160,Python Single-rider,,,0.0
2023-05-01,160,Sirocco,15.0,30.0,100.0
2023-05-01,160,Stoomcarrousel,13.0,25.0,100.0
2023-05-01,160,Stoomtrein Marerijk,36.0,45.0,100.0
2023-05-01,160,Stoomtrein Ruigrijk,36.0,45.0,100.0
2023-05-01,160,Symbolica,44.0,60.0,100.0
2023-05-01,160,Symbolica Single-rider,18.0,30.0,99.0
2023-05-01,160,The Six Swans,11.0,25.0,100.0
2023-05-01,160,Villa Volta,22.0,40.0,100.0
2023-05-01,160,Vogel Rok,30.0,40.0,91.0
2023-05-01,160,Volkvanlaaf,,,100.0
2023-05-02,160,Anton Pieck Plein,,,99.0
2023-05-02,160,Archipel,,,100.0
2023-05-02,160,Badhuys indoor splash pool,,,100.0
2023-05-02,160,Baron 1898,54.0,80.0,87.0
2023-05-02,160,Baron 1898 Single-rider,40.0,60.0,87.0
2023-05-02,160,Carnaval Festival,20.0,35.0,100.0
2023-05-02,160,De Oude Tufferbaan,25.0,40.0,99.0
2023-05-02,160,De Vliegende Hollander,46.0,60.0,100.0
2023-05-02,160,De Vliegende Hollander Single-rider,30.0,45.0,99.0
2023-05-02,160,Diorama,,,99.0
2023-05-02,160,Droomvlucht,44.0,60.0,97.0
2023-05-02,160,Droomvlucht VR,,,98.0
2023-05-02,160,Efteling Museum,,,88.0
2023-05-02,160,Fabula,10.0,10.0,99.0
2023-05-02,160,Fairytale Forest,,,99.0
2023-05-02,160,Fata Morgana,21.0,45.0,100.0
2023-05-02,160,Gondoletta,23.0,35.0,99.0
2023-05-02,160,Halve Maen,25.0,40.0,100.0
2023-05-02,160,Joris en de Draak,46.0,65.0,100.0
2023-05-02,160,Joris en de Draak Single-rider,33.0,45.0,100.0
2023-05-02,160,Kinderspoor,15.0,20.0,99.0
2023-05-02,160,Kindervreugd,,,99.0
2023-05-02,160,Kleuterhof,,,100.0
2023-05-02,160,Max & Moritz,25.0,45.0,100.0
2023-05-02,160,Max & Moritz Single-rider,13.0,20.0,100.0
2023-05-02,160,Monorail,21.0,35.0,99.0
2023-05-02,160,Nest!,,,99.0
2023-05-02,160,Pagode,7.0,15.0,99.0
2023-05-02,160,Piraña,30.0,45.0,100.0
2023-05-02,160,Python,,,0.0
2023-05-02,160,Python Single-rider,,,0.0
2023-05-02,160,Sirocco,15.0,25.0,100.0
2023-05-02,160,Stoomcarrousel,,,99.0
2023-05-02,160,Stoomtrein Marerijk,14.0,30.0,99.0
2023-05-02,160,Stoomtrein Ruigrijk,15.0,30.0,99.0
2023-05-02,160,Symbolica,43.0,55.0,99.0
2023-05-02,160,Symbolica Single-rider,18.0,40.0,99.0
2023-05-02,160,The Six Swans,8.0,20.0,100.0
2023-05-02,160,Villa Volta,23.0,45.0,97.0
2023-05-02,160,Vogel Rok,30.0,45.0,98.0
2023-05-02,160,Volkvanlaaf,,,99.0
2023-05-03,160,Anton Pieck Plein,,,99.0
2023-05-03,160,Archipel,,,100.0
2023-05-03,160,Badhuys indoor splash pool,,,100.0
2023-05-03,160,Baron 1898,35.0,55.0,100.0
2023-05-03,160,Baron 1898 Single-rider,27.0,45.0,100.0
2023-05-03,160,Carnaval Festival,15.0,25.0,100.0
2023-05-03,160,De Oude Tufferbaan,22.0,40.0,99.0
2023-05-03,160,De Vliegende Hollander,38.0,50.0,100.0
2023-05-03,160,De Vliegende Hollander Single-rider,25.0,40.0,82.0
2023-05-03,160,Diorama,,,99.0
2023-05-03,160,Droomvlucht,34.0,50.0,88.0
2023-05-03,160,Droomvlucht VR,,,92.0
2023-05-03,160,Efteling Museum,,,88.0
2023-05-03,160,Fabula,10.0,10.0,100.0
2023-05-03,160,Fairytale Forest,,,99.0
2023-05-03,160,Fata Morgana,15.0,45.0,100.0
2023-05-03,160,Gondoletta,22.0,35.0,99.0
2023-05-03,160,Halve Maen,22.0,50.0,89.0
2023-05-03,160,Joris en de Draak,38.0,50.0,99.0
2023-05-03,160,Joris en de Draak Single-rider,26.0,40.0,99.0
2023-05-03,160,Kinderspoor,12.0,20.0,99.0
2023-05-03,160,Kindervreugd,,,99.0
2023-05-03,160,Kleuterhof,,,100.0
2023-05-03,160,Max & Moritz,21.0,40.0,100.0
2023-05-03,160,Max & Moritz Single-rider,13.0,20.0,97.0
2023-05-03,160,Monorail,21.0,25.0,99.0
2023-05-03,160,Nest!,,,99.0
2023-05-03,160,Pagode,6.0,15.0,99.0
2023-05-03,160,Piraña,24.0,35.0,99.0
2023-05-03,160,Python,,,0.0
2023-05-03,160,Python Single-rider,,,0.0
2023-05-03,160,Sirocco,12.0,20.0,100.0
2023-05-03,160,Stoomcarrousel,15.0,15.0,99.0
2023-05-03,160,Stoomtrein Marerijk,19.0,25.0,99.0
2023-05-03,160,Stoomtrein Ruigrijk,18.0,25.0,99.0
2023-05-03,160,Symbolica,35.0,50.0,99.0
2023-05-03,160,Symbolica Single-rider,9.0,20.0,99.0
2023-05-03,160,The Six Swans,9.0,20.0,99.0
2023-05-03,160,Villa Volta,10.0,25.0,95.0
2023-05-03,160,Vogel Rok,24.0,40.0,100.0
2023-05-03,160,Volkvanlaaf,,,99.0
2023-05-04,160,Anton Pieck Plein,,,99.0
2023-05-04,160,Archipel,,,100.0
2023-05-04,160,Badhuys indoor splash pool,,,100.0
2023-05-04,160,Baron 1898,53.0,70.0,100.0
2023-05-04,160,Baron 1898 Single-rider,42.0,65.0,100.0
2023-05-04,160,Carnaval Festival,22.0,45.0,100.0
2023-05-04,160,De Oude Tufferbaan,30.0,50.0,99.0
2023-05-04,160,De Vliegende Hollander,49.0,70.0,82.0
2023-05-04,160,De Vliegende Hollander Single-rider,33.0,45.0,79.0
2023-05-04,160,Diorama,,,99.0
2023-05-04,160,Droomvlucht,44.0,70.0,100.0
2023-05-04,160,Droomvlucht VR,,,100.0
2023-05-04,160,Efteling Museum,,,88.0
2023-05-04,160,Fabula,10.0,10.0,99.0
2023-05-04,160,Fairytale Forest,,,99.0
2023-05-04,160,Fata Morgana,27.0,55.0,100.0
2023-05-04,160,Gondoletta,32.0,50.0,100.0
2023-05-04,160,Halve Maen,33.0,40.0,100.0
2023-05-04,160,Joris en de Draak,50.0,70.0,83.0
2023-05-04,160,Joris en de Draak Single-rider,36.0,50.0,83.0
2023-05-04,160,Kinderspoor,16.0,20.0,99.0
2023-05-04,160,Kindervreugd,,,99.0
2023-05-04,160,Kleuterhof,,,100.0
2023-05-04,160,Max & Moritz,32.0,60.0,83.0
2023-05-04,160,Max & Moritz Single-rider,26.0,60.0,82.0
2023-05-04,160,Monorail,25.0,30.0,99.0
2023-05-04,160,Nest!,,,99.0
2023-05-04,160,Pagode,12.0,35.0,100.0
2023-05-04,160,Piraña,54.0,60.0,83.0
2023-05-04,160,Python,,,0.0
2023-05-04,160,Python Single-rider,,,0.0
2023-05-04,160,Sirocco,16.0,30.0,100.0
2023-05-04,160,Stoomcarrousel,10.0,10.0,99.0
2023-05-04,160,Stoomtrein Marerijk,23.0,25.0,99.0
2023-05-04,160,Stoomtrein Ruigrijk,20.0,25.0,99.0
2023-05-04,160,Symbolica,42.0,55.0,99.0
2023-05-04,160,Symbolica Single-rider,18.0,45.0,99.0
2023-05-04,160,The Six Swans,9.0,15.0,100.0
2023-05-04,160,Villa Volta,22.0,45.0,100.0
2023-05-04,160,Vogel Rok,35.0,50.0,100.0
2023-05-04,160,Volkvanlaaf,,,99.0
2023-05-05,160,Anton Pieck Plein,,,99.0
2023-05-05,160,Archipel,,,99.0
2023-05-05,160,Badhuys indoor splash pool,,,100.0
2023-05-05,160,Baron 1898,19.0,55.0,96.0
2023-05-05,160,Baron 1898 Single-rider,14.0,35.0,96.0
2023-05-05,160,Carnaval Festival,9.0,25.0,100.0
2023-05-05,160,De Oude Tufferbaan,11.0,25.0,11.0
2023-05-05,160,De Vliegende Hollander,20.0,40.0,85.0
2023-05-05,160,De Vliegende Hollander Single-rider,10.0,20.0,48.0
2023-05-05,160,Diorama,,,99.0
2023-05-05,160,Droomvlucht,16.0,30.0,99.0
2023-05-05,160,Droomvlucht VR,,,99.0
2023-05-05,160,Efteling Museum,,,88.0
2023-05-05,160,Fabula,10.0,10.0,99.0
2023-05-05,160,Fairytale Forest,,,99.0
2023-05-05,160,Fata Morgana,6.0,25.0,100.0
2023-05-05,160,Gondoletta,8.0,10.0,97.0
2023-05-05,160,Halve Maen,10.0,15.0,25.0
2023-05-05,160,Joris en de Draak,20.0,40.0,63.0
2023-05-05,160,Joris en de Draak Single-rider,10.0,30.0,63.0
2023-05-05,160,Kinderspoor,5.0,5.0,96.0
2023-05-05,160,Kindervreugd,,,99.0
2023-05-05,160,Kleuterhof,,,100.0
2023-05-05,160,Max & Moritz,9.0,30.0,98.0
2023-05-05,160,Max & Moritz Single-rider,8.0,20.0,54.0
2023-05-05,160,Monorail,7.0,10.0,99.0
2023-05-05,160,Nest!,,,96.0
2023-05-05,160,Pagode,5.0,5.0,99.0
2023-05-05,160,Piraña,7.0,20.0,96.0
2023-05-05,160,Python,,,0.0
2023-05-05,160,Python Single-rider,,,0.0
2023-05-05,160,Sirocco,8.0,20.0,99.0
2023-05-05,160,Stoomcarrousel,,,99.0
2023-05-05,160,Stoomtrein Marerijk,12.0,25.0,98.0
2023-05-05,160,Stoomtrein Ruigrijk,13.0,25.0,98.0
2023-05-05,160,Symbolica,24.0,40.0,100.0
2023-05-05,160,Symbolica Single-rider,6.0,15.0,99.0
2023-05-05,160,The Six Swans,7.0,10.0,99.0
2023-05-05,160,Villa Volta,7.0,15.0,100.0
2023-05-05,160,Vogel Rok,13.0,30.0,92.0
2023-05-05,160,Volkvanlaaf,,,99.0
2023-05-06,160,Anton Pieck Plein,,,99.0
2023-05-06,160,Archipel,,,100.0
2023-05-06,160,Badhuys indoor splash pool,,,100.0
2023-05-06,160,Baron 1898,22.0,40.0,100.0
2023-05-06,160,Baron 1898 Single-rider,14.0,30.0,95.0
2023-05-06,160,Carnaval Festival,11.0,20.0,100.0
2023-05-06,160,De Oude Tufferbaan,19.0,30.0,100.0
2023-05-06,160,De Vliegende Hollander,31.0,40.0,93.0
2023-05-06,160,De Vliegende Hollander Single-rider,15.0,30.0,81.0
2023-05-06,160,Diorama,,,99.0
2023-05-06,160,Droomvlucht,23.0,50.0,99.0
2023-05-06,160,Droomvlucht VR,,,100.0
2023-05-06,160,Efteling Museum,,,88.0
2023-05-06,160,Fabula,10.0,10.0,99.0
2023-05-06,160,Fairytale Forest,,,99.0
2023-05-06,160,Fata Morgana,13.0,40.0,100.0
2023-05-06,160,Gondoletta,26.0,40.0,99.0
2023-05-06,160,Halve Maen,15.0,20.0,96.0
2023-05-06,160,Joris en de Draak,24.0,40.0,100.0
2023-05-06,160,Joris en de Draak Single-rider,13.0,30.0,100.0
2023-05-06,160,Kinderspoor,15.0,20.0,99.0
2023-05-06,160,Kindervreugd,,,99.0
2023-05-06,160,Kleuterhof,,,100.0
2023-05-06,160,Max & Moritz,14.0,25.0,100.0
2023-05-06,160,Max & Moritz Single-rider,7.0,15.0,86.0
2023-05-06,160,Monorail,17.0,40.0,99.0
2023-05-06,160,Nest!,,,99.0
2023-05-06,160,Pagode,5.0,10.0,99.0
2023-05-06,160,Piraña,23.0,40.0,100.0
2023-05-06,160,Python,31.0,45.0,94.0
2023-05-06,160,Python Single-rider,29.0,45.0,72.0
2023-05-06,160,Sirocco,10.0,15.0,100.0
2023-05-06,160,Stoomcarrousel,,,99.0
2023-05-06,160,Stoomtrein Marerijk,27.0,30.0,99.0
2023-05-06,160,Stoomtrein Ruigrijk,31.0,45.0,96.0
2023-05-06,160,Symbolica,27.0,50.0,99.0
2023-05-06,160,Symbolica Single-rider,8.0,20.0,99.0
2023-05-06,160,The Six Swans,7.0,10.0,100.0
2023-05-06,160,Villa Volta,8.0,15.0,100.0
2023-05-06,160,Vogel Rok,16.0,30.0,100.0
2023-05-06,160,Volkvanlaaf,,,99.0
2023-05-07,160,Anton Pieck Plein,,,99.0
2023-05-07,160,Archipel,,,100.0
2023-05-07,160,Badhuys indoor splash pool,,,100.0
2023-05-07,160,Baron 1898,15.0,30.0,100.0
2023-05-07,160,Baron 1898 Single-rider,9.0,20.0,100.0
2023-05-07,160,Carnaval Festival,5.0,10.0,100.0
2023-05-07,160,De Oude Tufferbaan,11.0,25.0,100.0
2023-05-07,160,De Vliegende Hollander,26.0,40.0,39.0
2023-05-07,160,De Vliegende Hollander Single-rider,12.0,30.0,45.0
2023-05-07,160,Diorama,,,100.0
2023-05-07,160,Droomvlucht,14.0,20.0,100.0
2023-05-07,160,Droomvlucht VR,,,100.0
2023-05-07,160,Efteling Museum,,,88.0
2023-05-07,160,Fabula,10.0,10.0,100.0
2023-05-07,160,Fairytale Forest,,,99.0
2023-05-07,160,Fata Morgana,5.0,10.0,100.0
2023-05-07,160,Gondoletta,10.0,15.0,93.0
2023-05-07,160,Halve Maen,8.0,15.0,89.0
2023-05-07,160,Joris en de Draak,16.0,35.0,91.0
2023-05-07,160,Joris en de Draak Single-rider,8.0,20.0,91.0
2023-05-07,160,Kinderspoor,9.0,10.0,99.0
2023-05-07,160,Kindervreugd,,,99.0
2023-05-07,160,Kleuterhof,,,100.0
2023-05-07,160,Max & Moritz,5.0,15.0,100.0
2023-05-07,160,Max & Moritz Single-rider,,,0.0
2023-05-07,160,Monorail,10.0,20.0,99.0
2023-05-07,160,Nest!,,,99.0
2023-05-07,160,Pagode,5.0,20.0,97.0
2023-05-07,160,Piraña,7.0,10.0,68.0
2023-05-07,160,Python,20.0,35.0,99.0
2023-05-07,160,Python Single-rider,15.0,40.0,87.0
2023-05-07,160,Sirocco,6.0,15.0,100.0
2023-05-07,160,Stoomcarrousel,,,100.0
2023-05-07,160,Stoomtrein Marerijk,18.0,25.0,97.0
2023-05-07,160,Stoomtrein Ruigrijk,18.0,25.0,97.0
2023-05-07,160,Symbolica,17.0,35.0,99.0
2023-05-07,160,Symbolica Single-rider,7.0,35.0,99.0
2023-05-07,160,The Six Swans,5.0,5.0,99.0
2023-05-07,160,Villa Volta,5.0,10.0,93.0
2023-05-07,160,Vogel Rok,7.0,15.0,100.0
2023-05-07,160,Volkvanlaaf,,,99.0
2023-05-08,160,Anton Pieck Plein,,,99.0
2023-05-08,160,Archipel,,,100.0
2023-05-08,160,Badhuys indoor splash pool,,,37.0
2023-05-08,160,Baron 1898,,,0.0
2023-05-08,160,Baron 1898 Single-rider,,,0.0
2023-05-08,160,Carnaval Festival,11.0,20.0,100.0
2023-05-08,160,De Oude Tufferbaan,18.0,30.0,99.0
2023-05-08,160,De Vliegende Hollander,21.0,40.0,22.0
2023-05-08,160,De Vliegende Hollander Single-rider,12.0,40.0,18.0
2023-05-08,160,Diorama,,,99.0
2023-05-08,160,Droomvlucht,23.0,30.0,100.0
2023-05-08,160,Droomvlucht VR,,,100.0
2023-05-08,160,Efteling Museum,,,87.0
2023-05-08,160,Fabula,10.0,10.0,99.0
2023-05-08,160,Fairytale Forest,,,99.0
2023-05-08,160,Fata Morgana,9.0,30.0,100.0
2023-05-08,160,Gondoletta,16.0,25.0,99.0
2023-05-08,160,Halve Maen,12.0,15.0,99.0
2023-05-08,160,Joris en de Draak,28.0,100.0,93.0
2023-05-08,160,Joris en de Draak Single-rider,17.0,30.0,92.0
2023-05-08,160,Kinderspoor,10.0,15.0,99.0
2023-05-08,160,Kindervreugd,,,99.0
2023-05-08,160,Kleuterhof,,,100.0
2023-05-08,160,Max & Moritz,8.0,25.0,100.0
2023-05-08,160,Max & Moritz Single-rider,8.0,30.0,34.0
2023-05-08,160,Monorail,19.0,25.0,99.0
2023-05-08,160,Nest!,,,99.0
2023-05-08,160,Pagode,5.0,5.0,93.0
2023-05-08,160,Piraña,16.0,30.0,100.0
2023-05-08,160,Python,34.0,50.0,99.0
2023-05-08,160,Python Single-rider,32.0,50.0,88.0
2023-05-08,160,Sirocco,8.0,15.0,100.0
2023-05-08,160,Stoomcarrousel,,,99.0
2023-05-08,160,Stoomtrein Marerijk,13.0,25.0,99.0
2023-05-08,160,Stoomtrein Ruigrijk,13.0,25.0,99.0
2023-05-08,160,Symbolica,23.0,35.0,99.0
2023-05-08,160,Symbolica Single-rider,6.0,10.0,99.0
2023-05-08,160,The Six Swans,7.0,10.0,99.0
2023-05-08,160,Villa Volta,7.0,15.0,96.0
2023-05-08,160,Vogel Rok,16.0,50.0,100.0
2023-05-08,160,Volkvanlaaf,,,99.0
2023-05-09,160,Anton Pieck Plein,,,100.0
2023-05-09,160,Archipel,,,100.0
2023-05-09,160,Badhuys indoor splash pool,,,37.0
2023-05-09,160,Baron 1898,,,0.0
2023-05-09,160,Baron 1898 Single-rider,,,0.0
2023-05-09,160,Carnaval Festival,5.0,5.0,100.0
2023-05-09,160,De Oude Tufferbaan,6.0,15.0,79.0
2023-05-09,160,De Vliegende Hollander,11.0,25.0,80.0
2023-05-09,160,De Vliegende Hollander Single-rider,5.0,10.0,60.0
2023-05-09,160,Diorama,,,100.0
2023-05-09,160,Droomvlucht,5.0,5.0,98.0
2023-05-09,160,Droomvlucht VR,,,100.0
2023-05-09,160,Efteling Museum,,,88.0
2023-05-09,160,Fabula,10.0,10.0,100.0
2023-05-09,160,Fairytale Forest,,,100.0
2023-05-09,160,Fata Morgana,5.0,5.0,100.0
2023-05-09,160,Gondoletta,,,100.0
2023-05-09,160,Halve Maen,14.0,15.0,26.0
2023-05-09,160,Joris en de Draak,9.0,20.0,94.0
2023-05-09,160,Joris en de Draak Single-rider,5.0,10.0,48.0
2023-05-09,160,Kinderspoor,,,100.0
2023-05-09,160,Kindervreugd,,,100.0
2023-05-09,160,Kleuterhof,,,100.0
2023-05-09,160,Max & Moritz,5.0,5.0,100.0
2023-05-09,160,Max & Moritz Single-rider,,,0.0
2023-05-09,160,Monorail,10.0,10.0,100.0
2023-05-09,160,Nest!,,,100.0
2023-05-09,160,Pagode,5.0,5.0,92.0
2023-05-09,160,Piraña,,,100.0
2023-05-09,160,Python,18.0,35.0,100.0
2023-05-09,160,Python Single-rider,21.0,150.0,69.0
2023-05-09,160,Sirocco,5.0,10.0,100.0
2023-05-09,160,Stoomcarrousel,,,100.0
2023-05-09,160,Stoomtrein Marerijk,25.0,25.0,100.0
2023-05-09,160,Stoomtrein Ruigrijk,25.0,25.0,100.0
2023-05-09,160,Symbolica,10.0,20.0,98.0
2023-05-09,160,Symbolica Single-rider,5.0,5.0,98.0
2023-05-09,160,The Six Swans,,,100.0
2023-05-09,160,Villa Volta,5.0,10.0,98.0
2023-05-09,160,Vogel Rok,7.0,15.0,100.0
2023-05-09,160,Volkvanlaaf,,,100.0
2023-05-10,160,Anton Pieck Plein,,,99.0
2023-05-10,160,Archipel,,,100.0
2023-05-10,160,Badhuys indoor splash pool,,,37.0
2023-05-10,160,Baron 1898,,,0.0
2023-05-10,160,Baron 1898 Single-rider,,,0.0
2023-05-10,160,Carnaval Festival,5.0,5.0,100.0
2023-05-10,160,De Oude Tufferbaan,10.0,20.0,99.0
2023-05-10,160,De Vliegende Hollander,14.0,30.0,100.0
2023-05-10,160,De Vliegende Hollander Single-rider,8.0,15.0,45.0
2023-05-10,160,Diorama,,,99.0
2023-05-10,160,Droomvlucht,6.0,15.0,100.0
2023-05-10,160,Droomvlucht VR,,,100.0
2023-05-10,160,Efteling Museum,,,87.0
2023-05-10,160,Fabula,10.0,10.0,99.0
2023-05-10,160,Fairytale Forest,,,99.0
2023-05-10,160,Fata Morgana,5.0,10.0,100.0
2023-05-10,160,Gondoletta,5.0,5.0,99.0
2023-05-10,160,Halve Maen,,,0.0
2023-05-10,160,Joris en de Draak,13.0,35.0,88.0
2023-05-10,160,Joris en de Draak Single-rider,9.0,25.0,36.0
2023-05-10,160,Kinderspoor,,,99.0
2023-05-10,160,Kindervreugd,,,99.0
2023-05-10,160,Kleuterhof,,,100.0
2023-05-10,160,Max & Moritz,5.0,5.0,100.0
2023-05-10,160,Max & Moritz Single-rider,,,0.0
2023-05-10,160,Monorail,5.0,5.0,99.0
2023-05-10,160,Nest!,,,99.0
2023-05-10,160,Pagode,5.0,5.0,99.0
2023-05-10,160,Piraña,5.0,5.0,99.0
2023-05-10,160,Python,18.0,40.0,100.0
2023-05-10,160,Python Single-rider,14.0,20.0,80.0
2023-05-10,160,Sirocco,5.0,5.0,100.0
2023-05-10,160,Stoomcarrousel,,,99.0
2023-05-10,160,Stoomtrein Marerijk,14.0,25.0,99.0
2023-05-10,160,Stoomtrein Ruigrijk,14.0,25.0,100.0
2023-05-10,160,Symbolica,12.0,20.0,99.0
2023-05-10,160,Symbolica Single-rider,5.0,5.0,99.0
2023-05-10,160,The Six Swans,5.0,5.0,99.0
2023-05-10,160,Villa Volta,6.0,10.0,100.0
2023-05-10,160,Vogel Rok,5.0,10.0,100.0
2023-05-10,160,Volkvanlaaf,,,99.0
2023-05-11,160,Anton Pieck Plein,,,99.0
2023-05-11,160,Archipel,,,100.0
2023-05-11,160,Badhuys indoor splash pool,,,37.0
2023-05-11,160,Baron 1898,,,0.0
2023-05-11,160,Baron 1898 Single-rider,,,0.0
2023-05-11,160,Carnaval Festival,5.0,15.0,100.0
2023-05-11,160,De Oude Tufferbaan,10.0,15.0,99.0
2023-05-11,160,De Vliegende Hollander,23.0,35.0,61.0
2023-05-11,160,De Vliegende Hollander Single-rider,15.0,30.0,46.0
2023-05-11,160,Diorama,,,99.0
2023-05-11,160,Droomvlucht,7.0,10.0,100.0
2023-05-11,160,Droomvlucht VR,,,100.0
2023-05-11,160,Efteling Museum,,,87.0
2023-05-11,160,Fabula,10.0,10.0,99.0
2023-05-11,160,Fairytale Forest,,,99.0
2023-05-11,160,Fata Morgana,8.0,20.0,100.0
2023-05-11,160,Gondoletta,8.0,15.0,100.0
2023-05-11,160,Halve Maen,,,0.0
2023-05-11,160,Joris en de Draak,22.0,40.0,68.0
2023-05-11,160,Joris en de Draak Single-rider,15.0,30.0,37.0
2023-05-11,160,Kinderspoor,5.0,5.0,99.0
2023-05-11,160,Kindervreugd,,,99.0
2023-05-11,160,Kleuterhof,,,99.0
2023-05-11,160,Max & Moritz,7.0,20.0,100.0
2023-05-11,160,Max & Moritz Single-rider,5.0,10.0,68.0
2023-05-11,160,Monorail,5.0,5.0,99.0
2023-05-11,160,Nest!,,,99.0
2023-05-11,160,Pagode,5.0,5.0,100.0
2023-05-11,160,Piraña,9.0,15.0,99.0
2023-05-11,160,Python,26.0,55.0,100.0
2023-05-11,160,Python Single-rider,24.0,40.0,80.0
2023-05-11,160,Sirocco,5.0,10.0,100.0
2023-05-11,160,Stoomcarrousel,,,99.0
2023-05-11,160,Stoomtrein Marerijk,25.0,25.0,100.0
2023-05-11,160,Stoomtrein Ruigrijk,25.0,25.0,100.0
2023-05-11,160,Symbolica,12.0,25.0,99.0
2023-05-11,160,Symbolica Single-rider,5.0,5.0,99.0
2023-05-11,160,The Six Swans,5.0,5.0,100.0
2023-05-11,160,Villa Volta,5.0,5.0,100.0
2023-05-11,160,Vogel Rok,9.0,20.0,100.0
2023-05-11,160,Volkvanlaaf,,,99.0
2023-05-12,160,Anton Pieck Plein,,,99.0
2023-05-12,160,Archipel,,,100.0
2023-05-12,160,Badhuys indoor splash pool,,,37.0
2023-05-12,160,Baron 1898,,,0.0
2023-05-12,160,Baron 1898 Single-rider,,,0.0
2023-05-12,160,Carnaval Festival,7.0,10.0,100.0
2023-05-12,160,De Oude Tufferbaan,14.0,25.0,99.0
2023-05-12,160,De Vliegende Hollander,19.0,50.0,95.0
2023-05-12,160,De Vliegende Hollander Single-rider,8.0,15.0,74.0
2023-05-12,160,Diorama,,,99.0
2023-05-12,160,Droomvlucht,10.0,25.0,98.0
2023-05-12,160,Droomvlucht VR,,,100.0
2023-05-12,160,Efteling Museum,,,88.0
2023-05-12,160,Fabula,10.0,10.0,99.0
2023-05-12,160,Fairytale Forest,,,99.0
2023-05-12,160,Fata Morgana,9.0,25.0,100.0
2023-05-12,160,Gondoletta,8.0,15.0,99.0
2023-05-12,160,Halve Maen,,,0.0
2023-05-12,160,Joris en de Draak,17.0,35.0,86.0
2023-05-12,160,Joris en de Draak Single-rider,9.0,20.0,82.0
2023-05-12,160,Kinderspoor,,,99.0
2023-05-12,160,Kindervreugd,,,99.0
2023-05-12,160,Kleuterhof,,,99.0
2023-05-12,160,Max & Moritz,6.0,30.0,100.0
2023-05-12,160,Max & Moritz Single-rider,5.0,15.0,95.0
2023-05-12,160,Monorail,9.0,25.0,99.0
2023-05-12,160,Nest!,,,99.0
2023-05-12,160,Pagode,5.0,10.0,99.0
2023-05-12,160,Piraña,7.0,20.0,99.0
2023-05-12,160,Python,22.0,40.0,100.0
2023-05-12,160,Python Single-rider,20.0,30.0,85.0
2023-05-12,160,Sirocco,5.0,10.0,100.0
2023-05-12,160,Stoomcarrousel,,,99.0
2023-05-12,160,Stoomtrein Marerijk,24.0,25.0,96.0
2023-05-12,160,Stoomtrein Ruigrijk,25.0,25.0,92.0
2023-05-12,160,Symbolica,18.0,25.0,96.0
2023-05-12,160,Symbolica Single-rider,5.0,5.0,96.0
2023-05-12,160,The Six Swans,5.0,5.0,100.0
2023-05-12,160,Villa Volta,5.0,10.0,93.0
2023-05-12,160,Vogel Rok,10.0,15.0,100.0
2023-05-12,160,Volkvanlaaf,,,99.0
2023-05-13,160,Anton Pieck Plein,,,99.0
2023-05-13,160,Archipel,,,100.0
2023-05-13,160,Badhuys indoor splash pool,,,100.0
2023-05-13,160,Baron 1898,,,0.0
2023-05-13,160,Baron 1898 Single-rider,,,0.0
2023-05-13,160,Carnaval Festival,14.0,30.0,100.0
2023-05-13,160,De Oude Tufferbaan,20.0,30.0,100.0
2023-05-13,160,De Vliegende Hollander,34.0,45.0,96.0
2023-05-13,160,De Vliegende Hollander Single-rider,21.0,35.0,86.0
2023-05-13,160,Diorama,,,99.0
2023-05-13,160,Droomvlucht,28.0,45.0,100.0
2023-05-13,160,Droomvlucht VR,,,100.0
2023-05-13,160,Efteling Museum,,,89.0
2023-05-13,160,Fabula,10.0,10.0,99.0
2023-05-13,160,Fairytale Forest,,,99.0
2023-05-13,160,Fata Morgana,12.0,40.0,100.0
2023-05-13,160,Gondoletta,26.0,40.0,99.0
2023-05-13,160,Halve Maen,,,0.0
2023-05-13,160,Joris en de Draak,23.0,35.0,100.0
2023-05-13,160,Joris en de Draak Single-rider,14.0,25.0,100.0
2023-05-13,160,Kinderspoor,6.0,10.0,99.0
2023-05-13,160,Kindervreugd,,,99.0
2023-05-13,160,Kleuterhof,,,99.0
2023-05-13,160,Max & Moritz,12.0,35.0,100.0
2023-05-13,160,Max & Moritz Single-rider,7.0,15.0,78.0
2023-05-13,160,Monorail,20.0,30.0,99.0
2023-05-13,160,Nest!,,,99.0
2023-05-13,160,Pagode,8.0,25.0,99.0
2023-05-13,160,Piraña,31.0,45.0,99.0
2023-05-13,160,Python,36.0,50.0,100.0
2023-05-13,160,Python Single-rider,35.0,50.0,91.0
2023-05-13,160,Sirocco,9.0,15.0,100.0
2023-05-13,160,Stoomcarrousel,,,100.0
2023-05-13,160,Stoomtrein Marerijk,17.0,25.0,99.0
2023-05-13,160,Stoomtrein Ruigrijk,22.0,25.0,94.0
2023-05-13,160,Symbolica,29.0,45.0,99.0
2023-05-13,160,Symbolica Single-rider,8.0,25.0,99.0
2023-05-13,160,The Six Swans,6.0,15.0,100.0
2023-05-13,160,Villa Volta,7.0,15.0,96.0
2023-05-13,160,Vogel Rok,18.0,35.0,100.0
2023-05-13,160,Volkvanlaaf,,,99.0
2023-05-14,160,Anton Pieck Plein,,,99.0
2023-05-14,160,Archipel,,,100.0
2023-05-14,160,Badhuys indoor splash pool,,,100.0
2023-05-14,160,Baron 1898,,,0.0
2023-05-14,160,Baron 1898 Single-rider,,,0.0
2023-05-14,160,Carnaval Festival,14.0,30.0,100.0
2023-05-14,160,De Oude Tufferbaan,18.0,30.0,99.0
2023-05-14,160,De Vliegende Hollander,32.0,50.0,67.0
2023-05-14,160,De Vliegende Hollander Single-rider,20.0,40.0,62.0
2023-05-14,160,Diorama,,,99.0
2023-05-14,160,Droomvlucht,28.0,45.0,100.0
2023-05-14,160,Droomvlucht VR,,,100.0
2023-05-14,160,Efteling Museum,,,88.0
2023-05-14,160,Fabula,10.0,10.0,99.0
2023-05-14,160,Fairytale Forest,,,99.0
2023-05-14,160,Fata Morgana,11.0,45.0,100.0
2023-05-14,160,Gondoletta,23.0,35.0,99.0
2023-05-14,160,Halve Maen,,,0.0
2023-05-14,160,Joris en de Draak,27.0,45.0,97.0
2023-05-14,160,Joris en de Draak Single-rider,17.0,30.0,90.0
2023-05-14,160,Kinderspoor,15.0,15.0,99.0
2023-05-14,160,Kindervreugd,,,99.0
2023-05-14,160,Kleuterhof,,,100.0
2023-05-14,160,Max & Moritz,9.0,20.0,100.0
2023-05-14,160,Max & Moritz Single-rider,5.0,10.0,96.0
2023-05-14,160,Monorail,12.0,30.0,99.0
2023-05-14,160,Nest!,,,99.0
2023-05-14,160,Pagode,6.0,10.0,99.0
2023-05-14,160,Piraña,27.0,40.0,99.0
2023-05-14,160,Python,35.0,50.0,100.0
2023-05-14,160,Python Single-rider,33.0,50.0,90.0
2023-05-14,160,Sirocco,9.0,20.0,100.0
2023-05-14,160,Stoomcarrousel,,,99.0
2023-05-14,160,Stoomtrein Marerijk,13.0,25.0,96.0
2023-05-14,160,Stoomtrein Ruigrijk,13.0,25.0,94.0
2023-05-14,160,Symbolica,28.0,35.0,99.0
2023-05-14,160,Symbolica Single-rider,9.0,15.0,97.0
2023-05-14,160,The Six Swans,5.0,10.0,100.0
2023-05-14,160,Villa Volta,9.0,20.0,100.0
2023-05-14,160,Vogel Rok,14.0,30.0,100.0
2023-05-14,160,Volkvanlaaf,,,99.0
2023-05-15,160,Anton Pieck Plein,,,99.0
2023-05-15,160,Archipel,,,100.0
2023-05-15,160,Badhuys indoor splash pool,,,37.0
2023-05-15,160,Baron 1898,,,0.0
2023-05-15,160,Baron 1898 Single-rider,,,0.0
2023-05-15,160,Carnaval Festival,13.0,25.0,100.0
2023-05-15,160,De Oude Tufferbaan,15.0,20.0,99.0
2023-05-15,160,De Vliegende Hollander,25.0,40.0,96.0
2023-05-15,160,De Vliegende Hollander Single-rider,15.0,20.0,3.0
2023-05-15,160,Diorama,,,99.0
2023-05-15,160,Droomvlucht,27.0,40.0,100.0
2023-05-15,160,Droomvlucht VR,,,100.0
2023-05-15,160,Efteling Museum,,,87.0
2023-05-15,160,Fabula,10.0,10.0,99.0
2023-05-15,160,Fairytale Forest,,,99.0
2023-05-15,160,Fata Morgana,7.0,30.0,99.0
2023-05-15,160,Gondoletta,7.0,15.0,99.0
2023-05-15,160,Halve Maen,,,0.0
2023-05-15,160,Joris en de Draak,23.0,45.0,100.0
2023-05-15,160,Joris en de Draak Single-rider,16.0,35.0,97.0
2023-05-15,160,Kinderspoor,6.0,15.0,99.0
2023-05-15,160,Kindervreugd,,,99.0
2023-05-15,160,Kleuterhof,,,100.0
2023-05-15,160,Max & Moritz,9.0,30.0,100.0
2023-05-15,160,Max & Moritz Single-rider,,,0.0
2023-05-15,160,Monorail,,,0.0
2023-05-15,160,Nest!,,,99.0
2023-05-15,160,Pagode,5.0,5.0,99.0
2023-05-15,160,Piraña,9.0,20.0,99.0
2023-05-15,160,Python,33.0,45.0,100.0
2023-05-15,160,Python Single-rider,33.0,50.0,84.0
2023-05-15,160,Sirocco,8.0,15.0,100.0
2023-05-15,160,Stoomcarrousel,,,99.0
2023-05-15,160,Stoomtrein Marerijk,25.0,25.0,100.0
2023-05-15,160,Stoomtrein Ruigrijk,25.0,25.0,100.0
2023-05-15,160,Symbolica,21.0,35.0,97.0
2023-05-15,160,Symbolica Single-rider,6.0,10.0,97.0
2023-05-15,160,The Six Swans,9.0,10.0,99.0
2023-05-15,160,Villa Volta,8.0,20.0,90.0
2023-05-15,160,Vogel Rok,18.0,35.0,100.0
2023-05-15,160,Volkvanlaaf,,,99.0
2023-05-16,160,Anton Pieck Plein,,,99.0
2023-05-16,160,Archipel,,,100.0
2023-05-16,160,Badhuys indoor splash pool,,,37.0
2023-05-16,160,Baron 1898,,,0.0
2023-05-16,160,Baron 1898 Single-rider,,,0.0
2023-05-16,160,Carnaval Festival,6.0,10.0,100.0
2023-05-16,160,De Oude Tufferbaan,12.0,20.0,99.0
2023-05-16,160,De Vliegende Hollander,21.0,30.0,84.0
2023-05-16,160,De Vliegende Hollander Single-rider,15.0,25.0,65.0
2023-05-16,160,Diorama,,,99.0
2023-05-16,160,Droomvlucht,18.0,30.0,100.0
2023-05-16,160,Droomvlucht VR,,,100.0
2023-05-16,160,Efteling Museum,,,88.0
2023-05-16,160,Fabula,10.0,10.0,99.0
2023-05-16,160,Fairytale Forest,,,99.0
2023-05-16,160,Fata Morgana,8.0,30.0,100.0
2023-05-16,160,Gondoletta,9.0,20.0,99.0
2023-05-16,160,Halve Maen,,,0.0
2023-05-16,160,Joris en de Draak,22.0,40.0,92.0
2023-05-16,160,Joris en de Draak Single-rider,14.0,30.0,87.0
2023-05-16,160,Kinderspoor,5.0,5.0,99.0
2023-05-16,160,Kindervreugd,,,99.0
2023-05-16,160,Kleuterhof,,,100.0
2023-05-16,160,Max & Moritz,10.0,30.0,100.0
2023-05-16,160,Max & Moritz Single-rider,14.0,25.0,25.0
2023-05-16,160,Monorail,,,0.0
2023-05-16,160,Nest!,,,99.0
2023-05-16,160,Pagode,5.0,5.0,99.0
2023-05-16,160,Piraña,10.0,20.0,99.0
2023-05-16,160,Python,30.0,45.0,100.0
2023-05-16,160,Python Single-rider,27.0,55.0,86.0
2023-05-16,160,Sirocco,6.0,20.0,100.0
2023-05-16,160,Stoomcarrousel,,,34.0
2023-05-16,160,Stoomtrein Marerijk,25.0,25.0,99.0
2023-05-16,160,Stoomtrein Ruigrijk,25.0,25.0,99.0
2023-05-16,160,Symbolica,21.0,35.0,99.0
2023-05-16,160,Symbolica Single-rider,5.0,5.0,98.0
2023-05-16,160,The Six Swans,7.0,10.0,99.0
2023-05-16,160,Villa Volta,6.0,10.0,100.0
2023-05-16,160,Vogel Rok,15.0,30.0,100.0
2023-05-16,160,Volkvanlaaf,,,99.0
2023-05-17,160,Anton Pieck Plein,,,99.0
2023-05-17,160,Archipel,,,100.0
2023-05-17,160,Badhuys indoor splash pool,,,44.0
2023-05-17,160,Baron 1898,,,0.0
2023-05-17,160,Baron 1898 Single-rider,,,0.0
2023-05-17,160,Carnaval Festival,22.0,40.0,100.0
2023-05-17,160,De Oude Tufferbaan,30.0,45.0,99.0
2023-05-17,160,De Vliegende Hollander,41.0,60.0,97.0
2023-05-17,160,De Vliegende Hollander Single-rider,18.0,30.0,13.0
2023-05-17,160,Diorama,,,99.0
2023-05-17,160,Droomvlucht,36.0,60.0,100.0
2023-05-17,160,Droomvlucht VR,,,100.0
2023-05-17,160,Efteling Museum,,,88.0
2023-05-17,160,Fabula,10.0,10.0,99.0
2023-05-17,160,Fairytale Forest,,,99.0
2023-05-17,160,Fata Morgana,17.0,45.0,100.0
2023-05-17,160,Gondoletta,30.0,45.0,100.0
2023-05-17,160,Halve Maen,,,0.0
2023-05-17,160,Joris en de Draak,40.0,65.0,98.0
2023-05-17,160,Joris en de Draak Single-rider,27.0,40.0,98.0
2023-05-17,160,Kinderspoor,19.0,25.0,99.0
2023-05-17,160,Kindervreugd,,,99.0
2023-05-17,160,Kleuterhof,,,99.0
2023-05-17,160,Max & Moritz,23.0,55.0,100.0
2023-05-17,160,Max & Moritz Single-rider,14.0,30.0,98.0
2023-05-17,160,Monorail,,,0.0
2023-05-17,160,Nest!,,,99.0
2023-05-17,160,Pagode,11.0,25.0,99.0
2023-05-17,160,Piraña,31.0,45.0,99.0
2023-05-17,160,Python,54.0,90.0,100.0
2023-05-17,160,Python Single-rider,59.0,70.0,26.0
2023-05-17,160,Sirocco,16.0,30.0,100.0
2023-05-17,160,Stoomcarrousel,15.0,15.0,99.0
2023-05-17,160,Stoomtrein Marerijk,30.0,40.0,100.0
2023-05-17,160,Stoomtrein Ruigrijk,29.0,35.0,100.0
2023-05-17,160,Symbolica,35.0,45.0,96.0
2023-05-17,160,Symbolica Single-rider,9.0,25.0,96.0
2023-05-17,160,The Six Swans,9.0,20.0,99.0
2023-05-17,160,Villa Volta,17.0,35.0,100.0
2023-05-17,160,Vogel Rok,27.0,50.0,100.0
2023-05-17,160,Volkvanlaaf,,,99.0
2023-05-18,160,Anton Pieck Plein,,,99.0
2023-05-18,160,Archipel,,,100.0
2023-05-18,160,Badhuys indoor splash pool,,,100.0
2023-05-18,160,Baron 1898,,,0.0
2023-05-18,160,Baron 1898 Single-rider,,,0.0
2023-05-18,160,Carnaval Festival,18.0,30.0,100.0
2023-05-18,160,De Oude Tufferbaan,28.0,40.0,99.0
2023-05-18,160,De Vliegende Hollander,42.0,60.0,84.0
2023-05-18,160,De Vliegende Hollander Single-rider,25.0,45.0,84.0
2023-05-18,160,Diorama,,,99.0
2023-05-18,160,Droomvlucht,39.0,50.0,100.0
2023-05-18,160,Droomvlucht VR,,,100.0
2023-05-18,160,Efteling Museum,,,89.0
2023-05-18,160,Fabula,10.0,10.0,99.0
2023-05-18,160,Fairytale Forest,,,99.0
2023-05-18,160,Fata Morgana,18.0,50.0,100.0
2023-05-18,160,Gondoletta,29.0,40.0,99.0
2023-05-18,160,Halve Maen,,,0.0
2023-05-18,160,Joris en de Draak,42.0,65.0,94.0
2023-05-18,160,Joris en de Draak Single-rider,27.0,40.0,94.0
2023-05-18,160,Kinderspoor,18.0,35.0,99.0
2023-05-18,160,Kindervreugd,,,99.0
2023-05-18,160,Kleuterhof,,,100.0
2023-05-18,160,Max & Moritz,23.0,45.0,100.0
2023-05-18,160,Max & Moritz Single-rider,13.0,25.0,100.0
2023-05-18,160,Monorail,27.0,40.0,86.0
2023-05-18,160,Nest!,,,99.0
2023-05-18,160,Pagode,10.0,25.0,97.0
2023-05-18,160,Piraña,28.0,45.0,100.0
2023-05-18,160,Python,48.0,65.0,100.0
2023-05-18,160,Python Single-rider,48.0,65.0,89.0
2023-05-18,160,Sirocco,15.0,25.0,100.0
2023-05-18,160,Stoomcarrousel,10.0,10.0,99.0
2023-05-18,160,Stoomtrein Marerijk,18.0,25.0,97.0
2023-05-18,160,Stoomtrein Ruigrijk,20.0,30.0,94.0
2023-05-18,160,Symbolica,39.0,50.0,99.0
2023-05-18,160,Symbolica Single-rider,9.0,20.0,99.0
2023-05-18,160,The Six Swans,9.0,20.0,99.0
2023-05-18,160,Villa Volta,18.0,35.0,100.0
2023-05-18,160,Vogel Rok,23.0,40.0,100.0
2023-05-18,160,Volkvanlaaf,,,99.0
2023-05-19,160,Anton Pieck Plein,,,99.0
2023-05-19,160,Archipel,,,99.0
2023-05-19,160,Badhuys indoor splash pool,,,100.0
2023-05-19,160,Baron 1898,,,0.0
2023-05-19,160,Baron 1898 Single-rider,,,0.0
2023-05-19,160,Carnaval Festival,23.0,45.0,100.0
2023-05-19,160,De Oude Tufferbaan,31.0,55.0,99.0
2023-05-19,160,De Vliegende Hollander,56.0,70.0,92.0
2023-05-19,160,De Vliegende Hollander Single-rider,39.0,55.0,85.0
2023-05-19,160,Diorama,,,99.0
2023-05-19,160,Droomvlucht,43.0,60.0,100.0
2023-05-19,160,Droomvlucht VR,,,100.0
2023-05-19,160,Efteling Museum,,,89.0
2023-05-19,160,Fabula,12.0,20.0,99.0
2023-05-19,160,Fairytale Forest,,,99.0
2023-05-19,160,Fata Morgana,27.0,60.0,95.0
2023-05-19,160,Gondoletta,35.0,55.0,99.0
2023-05-19,160,Halve Maen,,,0.0
2023-05-19,160,Joris en de Draak,58.0,80.0,71.0
2023-05-19,160,Joris en de Draak Single-rider,39.0,50.0,70.0
2023-05-19,160,Kinderspoor,27.0,45.0,99.0
2023-05-19,160,Kindervreugd,,,99.0
2023-05-19,160,Kleuterhof,,,99.0
2023-05-19,160,Max & Moritz,36.0,60.0,100.0
2023-05-19,160,Max & Moritz Single-rider,22.0,40.0,97.0
2023-05-19,160,Monorail,30.0,40.0,55.0
2023-05-19,160,Nest!,,,99.0
2023-05-19,160,Pagode,18.0,40.0,99.0
2023-05-19,160,Piraña,50.0,65.0,100.0
2023-05-19,160,Python,63.0,80.0,100.0
2023-05-19,160,Python Single-rider,60.0,80.0,86.0
2023-05-19,160,Sirocco,19.0,30.0,100.0
2023-05-19,160,Stoomcarrousel,18.0,20.0,99.0
2023-05-19,160,Stoomtrein Marerijk,34.0,45.0,96.0
2023-05-19,160,Stoomtrein Ruigrijk,29.0,45.0,96.0
2023-05-19,160,Symbolica,45.0,55.0,96.0
2023-05-19,160,Symbolica Single-rider,13.0,40.0,96.0
2023-05-19,160,The Six Swans,13.0,30.0,99.0
2023-05-19,160,Villa Volta,18.0,35.0,100.0
2023-05-19,160,Vogel Rok,35.0,50.0,100.0
2023-05-19,160,Volkvanlaaf,,,99.0
2023-05-20,160,Anton Pieck Plein,,,99.0
2023-05-20,160,Archipel,,,100.0
2023-05-20,160,Badhuys indoor splash pool,,,100.0
2023-05-20,160,Baron 1898,,,0.0
2023-05-20,160,Baron 1898 Single-rider,,,0.0
2023-05-20,160,Carnaval Festival,16.0,20.0,100.0
2023-05-20,160,De Oude Tufferbaan,22.0,40.0,100.0
2023-05-20,160,De Vliegende Hollander,36.0,50.0,89.0
2023-05-20,160,De Vliegende Hollander Single-rider,20.0,45.0,80.0
2023-05-20,160,Diorama,,,99.0
2023-05-20,160,Droomvlucht,26.0,40.0,100.0
2023-05-20,160,Droomvlucht VR,,,100.0
2023-05-20,160,Efteling Museum,,,88.0
2023-05-20,160,Fabula,9.0,10.0,100.0
2023-05-20,160,Fairytale Forest,,,99.0
2023-05-20,160,Fata Morgana,12.0,45.0,94.0
2023-05-20,160,Gondoletta,24.0,35.0,99.0
2023-05-20,160,Halve Maen,,,0.0
2023-05-20,160,Joris en de Draak,30.0,50.0,97.0
2023-05-20,160,Joris en de Draak Single-rider,16.0,45.0,97.0
2023-05-20,160,Kinderspoor,14.0,30.0,99.0
2023-05-20,160,Kindervreugd,,,99.0
2023-05-20,160,Kleuterhof,,,100.0
2023-05-20,160,Max & Moritz,16.0,45.0,97.0
2023-05-20,160,Max & Moritz Single-rider,7.0,15.0,95.0
2023-05-20,160,Monorail,22.0,40.0,94.0
2023-05-20,160,Nest!,,,99.0
2023-05-20,160,Pagode,8.0,20.0,97.0
2023-05-20,160,Piraña,25.0,35.0,100.0
2023-05-20,160,Python,36.0,60.0,93.0
2023-05-20,160,Python Single-rider,35.0,50.0,86.0
2023-05-20,160,Sirocco,11.0,15.0,100.0
2023-05-20,160,Stoomcarrousel,,,99.0
2023-05-20,160,Stoomtrein Marerijk,15.0,30.0,99.0
2023-05-20,160,Stoomtrein Ruigrijk,19.0,30.0,99.0
2023-05-20,160,Symbolica,32.0,50.0,99.0
2023-05-20,160,Symbolica Single-rider,7.0,15.0,99.0
2023-05-20,160,The Six Swans,6.0,15.0,100.0
2023-05-20,160,Villa Volta,10.0,15.0,100.0
2023-05-20,160,Vogel Rok,17.0,30.0,100.0
2023-05-20,160,Volkvanlaaf,,,99.0
2023-05-21,160,Anton Pieck Plein,,,99.0
2023-05-21,160,Archipel,,,100.0
2023-05-21,160,Badhuys indoor splash pool,,,100.0
2023-05-21,160,Baron 1898,,,0.0
2023-05-21,160,Baron 1898 Single-rider,,,0.0
2023-05-21,160,Carnaval Festival,7.0,10.0,100.0
2023-05-21,160,De Oude Tufferbaan,16.0,25.0,100.0
2023-05-21,160,De Vliegende Hollander,34.0,45.0,66.0
2023-05-21,160,De Vliegende Hollander Single-rider,20.0,30.0,66.0
2023-05-21,160,Diorama,,,99.0
2023-05-21,160,Droomvlucht,21.0,35.0,100.0
2023-05-21,160,Droomvlucht VR,,,100.0
2023-05-21,160,Efteling Museum,,,89.0
2023-05-21,160,Fabula,10.0,10.0,99.0
2023-05-21,160,Fairytale Forest,,,99.0
2023-05-21,160,Fata Morgana,8.0,20.0,100.0
2023-05-21,160,Gondoletta,18.0,30.0,99.0
2023-05-21,160,Halve Maen,,,0.0
2023-05-21,160,Joris en de Draak,27.0,45.0,83.0
2023-05-21,160,Joris en de Draak Single-rider,15.0,30.0,77.0
2023-05-21,160,Kinderspoor,5.0,10.0,99.0
2023-05-21,160,Kindervreugd,,,99.0
2023-05-21,160,Kleuterhof,,,100.0
2023-05-21,160,Max & Moritz,10.0,30.0,88.0
2023-05-21,160,Max & Moritz Single-rider,6.0,10.0,79.0
2023-05-21,160,Monorail,14.0,20.0,99.0
2023-05-21,160,Nest!,,,99.0
2023-05-21,160,Pagode,5.0,5.0,99.0
2023-05-21,160,Piraña,18.0,35.0,100.0
2023-05-21,160,Python,33.0,45.0,100.0
2023-05-21,160,Python Single-rider,29.0,45.0,90.0
2023-05-21,160,Sirocco,9.0,20.0,100.0
2023-05-21,160,Stoomcarrousel,,,99.0
2023-05-21,160,Stoomtrein Marerijk,12.0,25.0,100.0
2023-05-21,160,Stoomtrein Ruigrijk,12.0,25.0,100.0
2023-05-21,160,Symbolica,28.0,45.0,99.0
2023-05-21,160,Symbolica Single-rider,8.0,15.0,99.0
2023-05-21,160,The Six Swans,6.0,10.0,100.0
2023-05-21,160,Villa Volta,7.0,10.0,100.0
2023-05-21,160,Vogel Rok,9.0,20.0,100.0
2023-05-21,160,Volkvanlaaf,,,99.0
2023-05-22,160,Anton Pieck Plein,,,99.0
2023-05-22,160,Archipel,,,100.0
2023-05-22,160,Badhuys indoor splash pool,,,37.0
2023-05-22,160,Baron 1898,,,0.0
2023-05-22,160,Baron 1898 Single-rider,,,0.0
2023-05-22,160,Carnaval Festival,10.0,25.0,100.0
2023-05-22,160,De Oude Tufferbaan,15.0,25.0,100.0
2023-05-22,160,De Vliegende Hollander,22.0,35.0,100.0
2023-05-22,160,De Vliegende Hollander Single-rider,11.0,25.0,86.0
2023-05-22,160,Diorama,,,99.0
2023-05-22,160,Droomvlucht,23.0,30.0,100.0
2023-05-22,160,Droomvlucht VR,,,100.0
2023-05-22,160,Efteling Museum,,,87.0
2023-05-22,160,Fabula,10.0,10.0,99.0
2023-05-22,160,Fairytale Forest,,,99.0
2023-05-22,160,Fata Morgana,9.0,30.0,100.0
2023-05-22,160,Gondoletta,16.0,25.0,100.0
2023-05-22,160,Halve Maen,,,0.0
2023-05-22,160,Joris en de Draak,20.0,40.0,87.0
2023-05-22,160,Joris en de Draak Single-rider,11.0,30.0,84.0
2023-05-22,160,Kinderspoor,,,21.0
2023-05-22,160,Kindervreugd,,,99.0
2023-05-22,160,Kleuterhof,,,100.0
2023-05-22,160,Max & Moritz,7.0,25.0,100.0
2023-05-22,160,Max & Moritz Single-rider,6.0,10.0,50.0
2023-05-22,160,Monorail,12.0,15.0,99.0
2023-05-22,160,Nest!,,,99.0
2023-05-22,160,Pagode,5.0,5.0,100.0
2023-05-22,160,Piraña,12.0,20.0,90.0
2023-05-22,160,Python,26.0,45.0,100.0
2023-05-22,160,Python Single-rider,22.0,30.0,83.0
2023-05-22,160,Sirocco,6.0,10.0,100.0
2023-05-22,160,Stoomcarrousel,,,99.0
2023-05-22,160,Stoomtrein Marerijk,25.0,25.0,99.0
2023-05-22,160,Stoomtrein Ruigrijk,25.0,25.0,99.0
2023-05-22,160,Symbolica,25.0,40.0,98.0
2023-05-22,160,Symbolica Single-rider,7.0,15.0,98.0
2023-05-22,160,The Six Swans,9.0,10.0,99.0
2023-05-22,160,Villa Volta,5.0,15.0,100.0
2023-05-22,160,Vogel Rok,8.0,20.0,100.0
2023-05-22,160,Volkvanlaaf,,,99.0
2023-05-23,160,Anton Pieck Plein,,,100.0
2023-05-23,160,Archipel,,,100.0
2023-05-23,160,Badhuys indoor splash pool,,,37.0
2023-05-23,160,Baron 1898,,,0.0
2023-05-23,160,Baron 1898 Single-rider,,,0.0
2023-05-23,160,Carnaval Festival,7.0,10.0,100.0
2023-05-23,160,De Oude Tufferbaan,12.0,25.0,100.0
2023-05-23,160,De Vliegende Hollander,16.0,30.0,100.0
2023-05-23,160,De Vliegende Hollander Single-rider,8.0,20.0,66.0
2023-05-23,160,Diorama,,,100.0
2023-05-23,160,Droomvlucht,7.0,10.0,100.0
2023-05-23,160,Droomvlucht VR,,,100.0
2023-05-23,160,Efteling Museum,,,87.0
2023-05-23,160,Fabula,10.0,10.0,100.0
2023-05-23,160,Fairytale Forest,,,100.0
2023-05-23,160,Fata Morgana,6.0,15.0,100.0
2023-05-23,160,Gondoletta,10.0,20.0,100.0
2023-05-23,160,Halve Maen,,,0.0
2023-05-23,160,Joris en de Draak,15.0,25.0,98.0
2023-05-23,160,Joris en de Draak Single-rider,8.0,20.0,94.0
2023-05-23,160,Kinderspoor,,,31.0
2023-05-23,160,Kindervreugd,,,100.0
2023-05-23,160,Kleuterhof,,,100.0
2023-05-23,160,Max & Moritz,5.0,10.0,100.0
2023-05-23,160,Max & Moritz Single-rider,,,0.0
2023-05-23,160,Monorail,5.0,5.0,100.0
2023-05-23,160,Nest!,,,100.0
2023-05-23,160,Pagode,5.0,5.0,100.0
2023-05-23,160,Piraña,7.0,15.0,100.0
2023-05-23,160,Python,10.0,20.0,100.0
2023-05-23,160,Python Single-rider,6.0,15.0,64.0
2023-05-23,160,Sirocco,5.0,10.0,100.0
2023-05-23,160,Stoomcarrousel,,,100.0
2023-05-23,160,Stoomtrein Marerijk,25.0,25.0,100.0
2023-05-23,160,Stoomtrein Ruigrijk,25.0,25.0,92.0
2023-05-23,160,Symbolica,15.0,25.0,100.0
2023-05-23,160,Symbolica Single-rider,5.0,5.0,100.0
2023-05-23,160,The Six Swans,5.0,5.0,100.0
2023-05-23,160,Villa Volta,5.0,10.0,100.0
2023-05-23,160,Vogel Rok,7.0,15.0,100.0
2023-05-23,160,Volkvanlaaf,,,100.0
2023-05-24,160,Anton Pieck Plein,,,100.0
2023-05-24,160,Archipel,,,100.0
2023-05-24,160,Badhuys indoor splash pool,,,38.0
2023-05-24,160,Baron 1898,,,0.0
2023-05-24,160,Baron 1898 Single-rider,,,0.0
2023-05-24,160,Carnaval Festival,9.0,15.0,100.0
2023-05-24,160,De Oude Tufferbaan,14.0,20.0,100.0
2023-05-24,160,De Vliegende Hollander,27.0,35.0,100.0
2023-05-24,160,De Vliegende Hollander Single-rider,10.0,10.0,6.0
2023-05-24,160,Diorama,,,100.0
2023-05-24,160,Droomvlucht,17.0,30.0,100.0
2023-05-24,160,Droomvlucht VR,,,100.0
2023-05-24,160,Efteling Museum,,,88.0
2023-05-24,160,Fabula,10.0,10.0,100.0
2023-05-24,160,Fairytale Forest,,,100.0
2023-05-24,160,Fata Morgana,8.0,15.0,100.0
2023-05-24,160,Gondoletta,10.0,20.0,100.0
2023-05-24,160,Halve Maen,,,0.0
2023-05-24,160,Joris en de Draak,,,0.0
2023-05-24,160,Joris en de Draak Single-rider,21.0,40.0,12.0
2023-05-24,160,Kinderspoor,,,37.0
2023-05-24,160,Kindervreugd,,,100.0
2023-05-24,160,Kleuterhof,,,100.0
2023-05-24,160,Max & Moritz,6.0,15.0,98.0
2023-05-24,160,Max & Moritz Single-rider,6.0,10.0,23.0
2023-05-24,160,Monorail,9.0,10.0,100.0
2023-05-24,160,Nest!,,,100.0
2023-05-24,160,Pagode,5.0,5.0,100.0
2023-05-24,160,Piraña,7.0,15.0,100.0
2023-05-24,160,Python,31.0,45.0,70.0
2023-05-24,160,Python Single-rider,26.0,50.0,64.0
2023-05-24,160,Sirocco,6.0,10.0,100.0
2023-05-24,160,Stoomcarrousel,,,100.0
2023-05-24,160,Stoomtrein Marerijk,25.0,25.0,100.0
2023-05-24,160,Stoomtrein Ruigrijk,25.0,25.0,100.0
2023-05-24,160,Symbolica,19.0,35.0,100.0
2023-05-24,160,Symbolica Single-rider,5.0,5.0,100.0
2023-05-24,160,The Six Swans,5.0,5.0,100.0
2023-05-24,160,Villa Volta,7.0,15.0,100.0
2023-05-24,160,Vogel Rok,10.0,20.0,100.0
2023-05-24,160,Volkvanlaaf,,,100.0
2023-05-25,160,Anton Pieck Plein,,,100.0
2023-05-25,160,Archipel,,,100.0
2023-05-25,160,Badhuys indoor splash pool,,,37.0
2023-05-25,160,Baron 1898,,,0.0
2023-05-25,160,Baron 1898 Single-rider,,,0.0
2023-05-25,160,Carnaval Festival,6.0,15.0,100.0
2023-05-25,160,De Oude Tufferbaan,11.0,20.0,100.0
2023-05-25,160,De Vliegende Hollander,25.0,40.0,100.0
2023-05-25,160,De Vliegende Hollander Single-rider,,,0.0
2023-05-25,160,Diorama,,,100.0
2023-05-25,160,Droomvlucht,13.0,30.0,91.0
2023-05-25,160,Droomvlucht VR,,,97.0
2023-05-25,160,Efteling Museum,,,87.0
2023-05-25,160,Fabula,10.0,10.0,100.0
2023-05-25,160,Fairytale Forest,,,100.0
2023-05-25,160,Fata Morgana,7.0,20.0,100.0
2023-05-25,160,Gondoletta,9.0,20.0,100.0
2023-05-25,160,Halve Maen,,,0.0
2023-05-25,160,Joris en de Draak,42.0,60.0,52.0
2023-05-25,160,Joris en de Draak Single-rider,29.0,50.0,52.0
2023-05-25,160,Kinderspoor,,,0.0
2023-05-25,160,Kindervreugd,,,100.0
2023-05-25,160,Kleuterhof,,,100.0
2023-05-25,160,Max & Moritz,,,0.0
2023-05-25,160,Max & Moritz Single-rider,,,0.0
2023-05-25,160,Monorail,9.0,20.0,100.0
2023-05-25,160,Nest!,,,100.0
2023-05-25,160,Pagode,5.0,15.0,77.0
2023-05-25,160,Piraña,8.0,15.0,97.0
2023-05-25,160,Python,18.0,35.0,95.0
2023-05-25,160,Python Single-rider,26.0,150.0,79.0
2023-05-25,160,Sirocco,6.0,15.0,100.0
2023-05-25,160,Stoomcarrousel,,,100.0
2023-05-25,160,Stoomtrein Marerijk,25.0,25.0,100.0
2023-05-25,160,Stoomtrein Ruigrijk,25.0,25.0,93.0
2023-05-25,160,Symbolica,18.0,30.0,97.0
2023-05-25,160,Symbolica Single-rider,5.0,5.0,97.0
2023-05-25,160,The Six Swans,5.0,5.0,100.0
2023-05-25,160,Villa Volta,6.0,10.0,100.0
2023-05-25,160,Vogel Rok,11.0,25.0,100.0
2023-05-25,160,Volkvanlaaf,,,100.0
2023-05-26,160,Anton Pieck Plein,,,99.0
2023-05-26,160,Archipel,,,100.0
2023-05-26,160,Badhuys indoor splash pool,,,37.0
2023-05-26,160,Baron 1898,32.0,60.0,93.0
2023-05-26,160,Baron 1898 Single-rider,27.0,50.0,92.0
2023-05-26,160,Carnaval Festival,11.0,20.0,100.0
2023-05-26,160,De Oude Tufferbaan,19.0,25.0,100.0
2023-05-26,160,De Vliegende Hollander,25.0,35.0,96.0
2023-05-26,160,De Vliegende Hollander Single-rider,14.0,25.0,70.0
2023-05-26,160,Diorama,,,99.0
2023-05-26,160,Droomvlucht,17.0,25.0,100.0
2023-05-26,160,Droomvlucht VR,,,100.0
2023-05-26,160,Efteling Museum,,,88.0
2023-05-26,160,Fabula,10.0,10.0,99.0
2023-05-26,160,Fairytale Forest,,,99.0
2023-05-26,160,Fata Morgana,9.0,30.0,100.0
2023-05-26,160,Gondoletta,18.0,30.0,99.0
2023-05-26,160,Halve Maen,,,0.0
2023-05-26,160,Joris en de Draak,29.0,45.0,23.0
2023-05-26,160,Joris en de Draak Single-rider,22.0,35.0,18.0
2023-05-26,160,Kinderspoor,,,0.0
2023-05-26,160,Kindervreugd,,,99.0
2023-05-26,160,Kleuterhof,,,100.0
2023-05-26,160,Max & Moritz,11.0,40.0,100.0
2023-05-26,160,Max & Moritz Single-rider,9.0,20.0,62.0
2023-05-26,160,Monorail,20.0,25.0,99.0
2023-05-26,160,Nest!,,,99.0
2023-05-26,160,Pagode,5.0,5.0,94.0
2023-05-26,160,Piraña,13.0,20.0,99.0
2023-05-26,160,Python,31.0,50.0,98.0
2023-05-26,160,Python Single-rider,29.0,45.0,86.0
2023-05-26,160,Sirocco,7.0,15.0,100.0
2023-05-26,160,Stoomcarrousel,,,99.0
2023-05-26,160,Stoomtrein Marerijk,25.0,25.0,97.0
2023-05-26,160,Stoomtrein Ruigrijk,25.0,25.0,97.0
2023-05-26,160,Symbolica,22.0,30.0,97.0
2023-05-26,160,Symbolica Single-rider,5.0,10.0,100.0
2023-05-26,160,The Six Swans,5.0,5.0,100.0
2023-05-26,160,Villa Volta,6.0,15.0,100.0
2023-05-26,160,Vogel Rok,15.0,25.0,100.0
2023-05-26,160,Volkvanlaaf,,,99.0
2023-05-27,160,Anton Pieck Plein,,,99.0
2023-05-27,160,Archipel,,,100.0
2023-05-27,160,Badhuys indoor splash pool,,,44.0
2023-05-27,160,Baron 1898,19.0,40.0,100.0
2023-05-27,160,Baron 1898 Single-rider,13.0,35.0,100.0
2023-05-27,160,Carnaval Festival,11.0,15.0,100.0
2023-05-27,160,De Oude Tufferbaan,18.0,25.0,99.0
2023-05-27,160,De Vliegende Hollander,25.0,35.0,100.0
2023-05-27,160,De Vliegende Hollander Single-rider,11.0,25.0,80.0
2023-05-27,160,Diorama,,,99.0
2023-05-27,160,Droomvlucht,17.0,30.0,100.0
2023-05-27,160,Droomvlucht VR,,,100.0
2023-05-27,160,Efteling Museum,,,88.0
2023-05-27,160,Fabula,10.0,10.0,100.0
2023-05-27,160,Fairytale Forest,,,99.0
2023-05-27,160,Fata Morgana,8.0,30.0,100.0
2023-05-27,160,Gondoletta,27.0,40.0,99.0
2023-05-27,160,Halve Maen,,,0.0
2023-05-27,160,Joris en de Draak,21.0,30.0,99.0
2023-05-27,160,Joris en de Draak Single-rider,11.0,30.0,99.0
2023-05-27,160,Kinderspoor,8.0,10.0,99.0
2023-05-27,160,Kindervreugd,,,99.0
2023-05-27,160,Kleuterhof,,,99.0
2023-05-27,160,Max & Moritz,11.0,25.0,87.0
2023-05-27,160,Max & Moritz Single-rider,5.0,10.0,87.0
2023-05-27,160,Monorail,21.0,30.0,99.0
2023-05-27,160,Nest!,,,99.0
2023-05-27,160,Pagode,5.0,5.0,99.0
2023-05-27,160,Piraña,19.0,30.0,99.0
2023-05-27,160,Python,11.0,20.0,100.0
2023-05-27,160,Python Single-rider,10.0,25.0,74.0
2023-05-27,160,Sirocco,8.0,15.0,100.0
2023-05-27,160,Stoomcarrousel,,,99.0
2023-05-27,160,Stoomtrein Marerijk,13.0,25.0,99.0
2023-05-27,160,Stoomtrein Ruigrijk,13.0,25.0,99.0
2023-05-27,160,Symbolica,25.0,40.0,99.0
2023-05-27,160,Symbolica Single-rider,5.0,10.0,99.0
2023-05-27,160,The Six Swans,5.0,10.0,99.0
2023-05-27,160,Villa Volta,6.0,10.0,100.0
2023-05-27,160,Vogel Rok,12.0,25.0,100.0
2023-05-27,160,Volkvanlaaf,,,99.0
2023-05-28,160,Anton Pieck Plein,,,99.0
2023-05-28,160,Archipel,,,100.0
2023-05-28,160,Badhuys indoor splash pool,,,100.0
2023-05-28,160,Baron 1898,34.0,60.0,100.0
2023-05-28,160,Baron 1898 Single-rider,28.0,60.0,100.0
2023-05-28,160,Carnaval Festival,15.0,25.0,100.0
2023-05-28,160,De Oude Tufferbaan,22.0,40.0,100.0
2023-05-28,160,De Vliegende Hollander,41.0,55.0,89.0
2023-05-28,160,De Vliegende Hollander Single-rider,23.0,40.0,89.0
2023-05-28,160,Diorama,,,99.0
2023-05-28,160,Droomvlucht,30.0,40.0,100.0
2023-05-28,160,Droomvlucht VR,,,100.0
2023-05-28,160,Efteling Museum,,,89.0
2023-05-28,160,Fabula,10.0,10.0,99.0
2023-05-28,160,Fairytale Forest,,,99.0
2023-05-28,160,Fata Morgana,17.0,50.0,100.0
2023-05-28,160,Gondoletta,29.0,40.0,99.0
2023-05-28,160,Halve Maen,,,0.0
2023-05-28,160,Joris en de Draak,40.0,55.0,69.0
2023-05-28,160,Joris en de Draak Single-rider,27.0,40.0,68.0
2023-05-28,160,Kinderspoor,14.0,15.0,98.0
2023-05-28,160,Kindervreugd,,,99.0
2023-05-28,160,Kleuterhof,,,99.0
2023-05-28,160,Max & Moritz,27.0,60.0,94.0
2023-05-28,160,Max & Moritz Single-rider,15.0,25.0,93.0
2023-05-28,160,Monorail,23.0,40.0,99.0
2023-05-28,160,Nest!,,,99.0
2023-05-28,160,Pagode,11.0,35.0,100.0
2023-05-28,160,Piraña,40.0,50.0,99.0
2023-05-28,160,Python,25.0,45.0,97.0
2023-05-28,160,Python Single-rider,27.0,60.0,87.0
2023-05-28,160,Sirocco,13.0,20.0,100.0
2023-05-28,160,Stoomcarrousel,10.0,10.0,99.0
2023-05-28,160,Stoomtrein Marerijk,21.0,25.0,98.0
2023-05-28,160,Stoomtrein Ruigrijk,20.0,30.0,94.0
2023-05-28,160,Symbolica,38.0,50.0,91.0
2023-05-28,160,Symbolica Single-rider,8.0,15.0,91.0
2023-05-28,160,The Six Swans,9.0,15.0,99.0
2023-05-28,160,Villa Volta,14.0,40.0,57.0
2023-05-28,160,Vogel Rok,18.0,30.0,100.0
2023-05-28,160,Volkvanlaaf,,,99.0
2023-05-29,160,Anton Pieck Plein,,,100.0
2023-05-29,160,Archipel,,,100.0
2023-05-29,160,Badhuys indoor splash pool,,,100.0
2023-05-29,160,Baron 1898,32.0,50.0,100.0
2023-05-29,160,Baron 1898 Single-rider,25.0,60.0,100.0
2023-05-29,160,Carnaval Festival,17.0,25.0,100.0
2023-05-29,160,De Oude Tufferbaan,20.0,35.0,100.0
2023-05-29,160,De Vliegende Hollander,35.0,45.0,94.0
2023-05-29,160,De Vliegende Hollander Single-rider,23.0,35.0,80.0
2023-05-29,160,Diorama,,,100.0
2023-05-29,160,Droomvlucht,28.0,50.0,100.0
2023-05-29,160,Droomvlucht VR,,,100.0
2023-05-29,160,Efteling Museum,,,90.0
2023-05-29,160,Fabula,10.0,10.0,100.0
2023-05-29,160,Fairytale Forest,,,100.0
2023-05-29,160,Fata Morgana,14.0,45.0,100.0
2023-05-29,160,Gondoletta,27.0,40.0,100.0
2023-05-29,160,Halve Maen,,,0.0
2023-05-29,160,Joris en de Draak,33.0,50.0,96.0
2023-05-29,160,Joris en de Draak Single-rider,19.0,35.0,94.0
2023-05-29,160,Kinderspoor,12.0,20.0,100.0
2023-05-29,160,Kindervreugd,,,100.0
2023-05-29,160,Kleuterhof,,,100.0
2023-05-29,160,Max & Moritz,19.0,40.0,100.0
2023-05-29,160,Max & Moritz Single-rider,9.0,20.0,89.0
2023-05-29,160,Monorail,21.0,35.0,100.0
2023-05-29,160,Nest!,,,100.0
2023-05-29,160,Pagode,5.0,10.0,98.0
2023-05-29,160,Piraña,19.0,30.0,100.0
2023-05-29,160,Python,22.0,35.0,100.0
2023-05-29,160,Python Single-rider,19.0,35.0,89.0
2023-05-29,160,Sirocco,12.0,20.0,100.0
2023-05-29,160,Stoomcarrousel,,,100.0
2023-05-29,160,Stoomtrein Marerijk,14.0,25.0,100.0
2023-05-29,160,Stoomtrein Ruigrijk,15.0,25.0,93.0
2023-05-29,160,Symbolica,31.0,50.0,95.0
2023-05-29,160,Symbolica Single-rider,9.0,15.0,97.0
2023-05-29,160,The Six Swans,7.0,20.0,100.0
2023-05-29,160,Villa Volta,11.0,25.0,100.0
2023-05-29,160,Vogel Rok,17.0,30.0,100.0
2023-05-29,160,Volkvanlaaf,,,100.0
2023-05-30,160,Anton Pieck Plein,,,99.0
2023-05-30,160,Archipel,,,100.0
2023-05-30,160,Badhuys indoor splash pool,,,50.0
2023-05-30,160,Baron 1898,53.0,80.0,100.0
2023-05-30,160,Baron 1898 Single-rider,43.0,70.0,100.0
2023-05-30,160,Carnaval Festival,27.0,50.0,100.0
2023-05-30,160,De Oude Tufferbaan,31.0,50.0,99.0
2023-05-30,160,De Vliegende Hollander,46.0,65.0,98.0
2023-05-30,160,De Vliegende Hollander Single-rider,34.0,50.0,81.0
2023-05-30,160,Diorama,,,99.0
2023-05-30,160,Droomvlucht,45.0,70.0,99.0
2023-05-30,160,Droomvlucht VR,,,59.0
2023-05-30,160,Efteling Museum,,,89.0
2023-05-30,160,Fabula,10.0,15.0,99.0
2023-05-30,160,Fairytale Forest,,,99.0
2023-05-30,160,Fata Morgana,27.0,50.0,94.0
2023-05-30,160,Gondoletta,32.0,50.0,99.0
2023-05-30,160,Halve Maen,,,0.0
2023-05-30,160,Joris en de Draak,51.0,70.0,81.0
2023-05-30,160,Joris en de Draak Single-rider,36.0,60.0,81.0
2023-05-30,160,Kinderspoor,,,0.0
2023-05-30,160,Kindervreugd,,,99.0
2023-05-30,160,Kleuterhof,,,99.0
2023-05-30,160,Max & Moritz,34.0,50.0,100.0
2023-05-30,160,Max & Moritz Single-rider,25.0,45.0,96.0
2023-05-30,160,Monorail,30.0,50.0,99.0
2023-05-30,160,Nest!,,,99.0
2023-05-30,160,Pagode,16.0,30.0,99.0
2023-05-30,160,Piraña,45.0,70.0,100.0
2023-05-30,160,Python,43.0,70.0,99.0
2023-05-30,160,Python Single-rider,45.0,60.0,85.0
2023-05-30,160,Sirocco,20.0,35.0,100.0
2023-05-30,160,Stoomcarrousel,14.0,20.0,99.0
2023-05-30,160,Stoomtrein Marerijk,32.0,50.0,83.0
2023-05-30,160,Stoomtrein Ruigrijk,31.0,50.0,79.0
2023-05-30,160,Symbolica,46.0,60.0,99.0
2023-05-30,160,Symbolica Single-rider,18.0,40.0,99.0
2023-05-30,160,The Six Swans,,,99.0
2023-05-30,160,Villa Volta,20.0,40.0,83.0
2023-05-30,160,Vogel Rok,33.0,50.0,100.0
2023-05-30,160,Volkvanlaaf,,,99.0
2023-05-31,160,Anton Pieck Plein,,,100.0
2023-05-31,160,Archipel,,,100.0
2023-05-31,160,Badhuys indoor splash pool,,,56.0
2023-05-31,160,Baron 1898,28.0,50.0,100.0
2023-05-31,160,Baron 1898 Single-rider,24.0,35.0,100.0
2023-05-31,160,Carnaval Festival,11.0,20.0,88.0
2023-05-31,160,De Oude Tufferbaan,19.0,30.0,100.0
2023-05-31,160,De Vliegende Hollander,34.0,60.0,82.0
2023-05-31,160,De Vliegende Hollander Single-rider,14.0,20.0,40.0
2023-05-31,160,Diorama,,,100.0
2023-05-31,160,Droomvlucht,20.0,40.0,100.0
2023-05-31,160,Droomvlucht VR,,,100.0
2023-05-31,160,Efteling Museum,,,87.0
2023-05-31,160,Fabula,10.0,10.0,100.0
2023-05-31,160,Fairytale Forest,,,100.0
2023-05-31,160,Fata Morgana,10.0,35.0,100.0
2023-05-31,160,Gondoletta,22.0,35.0,100.0
2023-05-31,160,Halve Maen,,,0.0
2023-05-31,160,Joris en de Draak,26.0,45.0,100.0
2023-05-31,160,Joris en de Draak Single-rider,15.0,35.0,100.0
2023-05-31,160,Kinderspoor,,,0.0
2023-05-31,160,Kindervreugd,,,100.0
2023-05-31,160,Kleuterhof,,,100.0
2023-05-31,160,Max & Moritz,13.0,20.0,100.0
2023-05-31,160,Max & Moritz Single-rider,10.0,25.0,87.0
2023-05-31,160,Monorail,17.0,30.0,100.0
2023-05-31,160,Nest!,,,100.0
2023-05-31,160,Pagode,5.0,10.0,100.0
2023-05-31,160,Piraña,27.0,35.0,100.0
2023-05-31,160,Python,19.0,30.0,95.0
2023-05-31,160,Python Single-rider,21.0,35.0,76.0
2023-05-31,160,Sirocco,9.0,15.0,100.0
2023-05-31,160,Stoomcarrousel,,,100.0
2023-05-31,160,Stoomtrein Marerijk,25.0,25.0,100.0
2023-05-31,160,Stoomtrein Ruigrijk,25.0,25.0,100.0
2023-05-31,160,Symbolica,25.0,40.0,91.0
2023-05-31,160,Symbolica Single-rider,6.0,10.0,91.0
2023-05-31,160,The Six Swans,,,100.0
2023-05-31,160,Villa Volta,6.0,15.0,100.0
2023-05-31,160,Vogel Rok,13.0,25.0,100.0
2023-05-31,160,Volkvanlaaf,,,100.0
2023-06-01,160,Anton Pieck Plein,,,99.0
2023-06-01,160,Archipel,,,100.0
2023-06-01,160,Badhuys indoor splash pool,,,37.0
2023-06-01,160,Baron 1898,43.0,50.0,18.0
2023-06-01,160,Baron 1898 Single-rider,29.0,60.0,18.0
2023-06-01,160,Carnaval Festival,11.0,15.0,100.0
2023-06-01,160,De Oude Tufferbaan,12.0,20.0,100.0
2023-06-01,160,De Vliegende Hollander,35.0,45.0,84.0
2023-06-01,160,De Vliegende Hollander Single-rider,25.0,30.0,12.0
2023-06-01,160,Diorama,,,99.0
2023-06-01,160,Droomvlucht,18.0,35.0,100.0
2023-06-01,160,Droomvlucht VR,,,100.0
2023-06-01,160,Efteling Museum,,,88.0
2023-06-01,160,Fabula,10.0,10.0,99.0
2023-06-01,160,Fairytale Forest,,,99.0
2023-06-01,160,Fata Morgana,8.0,30.0,100.0
2023-06-01,160,Gondoletta,23.0,35.0,99.0
2023-06-01,160,Halve Maen,,,0.0
2023-06-01,160,Joris en de Draak,34.0,60.0,41.0
2023-06-01,160,Joris en de Draak Single-rider,21.0,45.0,41.0
2023-06-01,160,Kinderspoor,,,0.0
2023-06-01,160,Kindervreugd,,,99.0
2023-06-01,160,Kleuterhof,,,99.0
2023-06-01,160,Max & Moritz,10.0,40.0,100.0
2023-06-01,160,Max & Moritz Single-rider,12.0,30.0,62.0
2023-06-01,160,Monorail,11.0,30.0,99.0
2023-06-01,160,Nest!,,,99.0
2023-06-01,160,Pagode,5.0,10.0,94.0
2023-06-01,160,Piraña,18.0,30.0,100.0
2023-06-01,160,Python,25.0,50.0,100.0
2023-06-01,160,Python Single-rider,30.0,70.0,75.0
2023-06-01,160,Sirocco,7.0,15.0,100.0
2023-06-01,160,Stoomcarrousel,,,99.0
2023-06-01,160,Stoomtrein Marerijk,25.0,25.0,96.0
2023-06-01,160,Stoomtrein Ruigrijk,25.0,25.0,96.0
2023-06-01,160,Symbolica,24.0,35.0,99.0
2023-06-01,160,Symbolica Single-rider,6.0,10.0,98.0
2023-06-01,160,The Six Swans,,,77.0
2023-06-01,160,Villa Volta,7.0,15.0,100.0
2023-06-01,160,Vogel Rok,15.0,30.0,100.0
2023-06-01,160,Volkvanlaaf,,,99.0
2023-06-02,160,Anton Pieck Plein,,,99.0
2023-06-02,160,Archipel,,,100.0
2023-06-02,160,Badhuys indoor splash pool,,,37.0
2023-06-02,160,Baron 1898,40.0,65.0,60.0
2023-06-02,160,Baron 1898 Single-rider,25.0,40.0,60.0
2023-06-02,160,Carnaval Festival,11.0,20.0,100.0
2023-06-02,160,De Oude Tufferbaan,17.0,25.0,99.0
2023-06-02,160,De Vliegende Hollander,29.0,40.0,100.0
2023-06-02,160,De Vliegende Hollander Single-rider,18.0,25.0,29.0
2023-06-02,160,Diorama,,,99.0
2023-06-02,160,Droomvlucht,18.0,30.0,100.0
2023-06-02,160,Droomvlucht VR,,,100.0
2023-06-02,160,Efteling Museum,,,87.0
2023-06-02,160,Fabula,10.0,10.0,99.0
2023-06-02,160,Fairytale Forest,,,99.0
2023-06-02,160,Fata Morgana,8.0,30.0,100.0
2023-06-02,160,Gondoletta,11.0,20.0,91.0
2023-06-02,160,Halve Maen,,,0.0
2023-06-02,160,Joris en de Draak,30.0,50.0,91.0
2023-06-02,160,Joris en de Draak Single-rider,20.0,40.0,90.0
2023-06-02,160,Kinderspoor,,,0.0
2023-06-02,160,Kindervreugd,,,99.0
2023-06-02,160,Kleuterhof,,,100.0
2023-06-02,160,Max & Moritz,9.0,25.0,100.0
2023-06-02,160,Max & Moritz Single-rider,8.0,10.0,19.0
2023-06-02,160,Monorail,11.0,20.0,99.0
2023-06-02,160,Nest!,,,99.0
2023-06-02,160,Pagode,5.0,10.0,94.0
2023-06-02,160,Piraña,12.0,20.0,99.0
2023-06-02,160,Python,20.0,35.0,94.0
2023-06-02,160,Python Single-rider,21.0,35.0,82.0
2023-06-02,160,Sirocco,6.0,10.0,100.0
2023-06-02,160,Stoomcarrousel,,,99.0
2023-06-02,160,Stoomtrein Marerijk,25.0,25.0,100.0
2023-06-02,160,Stoomtrein Ruigrijk,25.0,25.0,93.0
2023-06-02,160,Symbolica,22.0,40.0,99.0
2023-06-02,160,Symbolica Single-rider,6.0,15.0,99.0
2023-06-02,160,The Six Swans,5.0,5.0,99.0
2023-06-02,160,Villa Volta,5.0,5.0,100.0
2023-06-02,160,Vogel Rok,15.0,30.0,100.0
2023-06-02,160,Volkvanlaaf,,,99.0
2023-06-03,160,Anton Pieck Plein,,,100.0
2023-06-03,160,Archipel,,,100.0
2023-06-03,160,Badhuys indoor splash pool,,,100.0
2023-06-03,160,Baron 1898,,,0.0
2023-06-03,160,Baron 1898 Single-rider,,,0.0
2023-06-03,160,Carnaval Festival,15.0,25.0,100.0
2023-06-03,160,De Oude Tufferbaan,21.0,35.0,98.0
2023-06-03,160,De Vliegende Hollander,37.0,45.0,100.0
2023-06-03,160,De Vliegende Hollander Single-rider,21.0,35.0,90.0
2023-06-03,160,Diorama,,,100.0
2023-06-03,160,Droomvlucht,30.0,45.0,100.0
2023-06-03,160,Droomvlucht VR,,,100.0
2023-06-03,160,Efteling Museum,,,89.0
2023-06-03,160,Fabula,10.0,10.0,100.0
2023-06-03,160,Fairytale Forest,,,100.0
2023-06-03,160,Fata Morgana,14.0,45.0,100.0
2023-06-03,160,Gondoletta,29.0,40.0,100.0
2023-06-03,160,Halve Maen,,,0.0
2023-06-03,160,Joris en de Draak,39.0,90.0,86.0
2023-06-03,160,Joris en de Draak Single-rider,23.0,35.0,86.0
2023-06-03,160,Kinderspoor,11.0,20.0,100.0
2023-06-03,160,Kindervreugd,,,100.0
2023-06-03,160,Kleuterhof,,,100.0
2023-06-03,160,Max & Moritz,19.0,35.0,98.0
2023-06-03,160,Max & Moritz Single-rider,11.0,30.0,97.0
2023-06-03,160,Monorail,21.0,35.0,100.0
2023-06-03,160,Nest!,,,100.0
2023-06-03,160,Pagode,5.0,15.0,92.0
2023-06-03,160,Piraña,34.0,55.0,100.0
2023-06-03,160,Python,29.0,50.0,98.0
2023-06-03,160,Python Single-rider,28.0,40.0,89.0
2023-06-03,160,Sirocco,12.0,20.0,100.0
2023-06-03,160,Stoomcarrousel,,,100.0
2023-06-03,160,Stoomtrein Marerijk,25.0,25.0,100.0
2023-06-03,160,Stoomtrein Ruigrijk,26.0,40.0,100.0
2023-06-03,160,Symbolica,34.0,45.0,99.0
2023-06-03,160,Symbolica Single-rider,8.0,20.0,99.0
2023-06-03,160,The Six Swans,6.0,10.0,100.0
2023-06-03,160,Villa Volta,8.0,15.0,100.0
2023-06-03,160,Vogel Rok,21.0,40.0,100.0
2023-06-03,160,Volkvanlaaf,,,100.0
2023-06-04,160,Anton Pieck Plein,,,100.0
2023-06-04,160,Archipel,,,100.0
2023-06-04,160,Badhuys indoor splash pool,,,100.0
2023-06-04,160,Baron 1898,48.0,70.0,26.0
2023-06-04,160,Baron 1898 Single-rider,42.0,60.0,24.0
2023-06-04,160,Carnaval Festival,12.0,20.0,100.0
2023-06-04,160,De Oude Tufferbaan,19.0,30.0,100.0
2023-06-04,160,De Vliegende Hollander,35.0,45.0,98.0
2023-06-04,160,De Vliegende Hollander Single-rider,21.0,30.0,41.0
2023-06-04,160,Diorama,,,100.0
2023-06-04,160,Droomvlucht,26.0,40.0,100.0
2023-06-04,160,Droomvlucht VR,,,100.0
2023-06-04,160,Efteling Museum,,,89.0
2023-06-04,160,Fabula,10.0,10.0,100.0
2023-06-04,160,Fairytale Forest,,,100.0
2023-06-04,160,Fata Morgana,10.0,30.0,100.0
2023-06-04,160,Gondoletta,21.0,30.0,100.0
2023-06-04,160,Halve Maen,,,0.0
2023-06-04,160,Joris en de Draak,28.0,45.0,94.0
2023-06-04,160,Joris en de Draak Single-rider,17.0,30.0,92.0
2023-06-04,160,Kinderspoor,,,100.0
2023-06-04,160,Kindervreugd,,,100.0
2023-06-04,160,Kleuterhof,,,100.0
2023-06-04,160,Max & Moritz,12.0,25.0,88.0
2023-06-04,160,Max & Moritz Single-rider,5.0,10.0,86.0
2023-06-04,160,Monorail,18.0,40.0,100.0
2023-06-04,160,Nest!,,,100.0
2023-06-04,160,Pagode,5.0,10.0,99.0
2023-06-04,160,Piraña,28.0,45.0,100.0
2023-06-04,160,Python,21.0,40.0,97.0
2023-06-04,160,Python Single-rider,26.0,150.0,85.0
2023-06-04,160,Sirocco,8.0,15.0,100.0
2023-06-04,160,Stoomcarrousel,,,100.0
2023-06-04,160,Stoomtrein Marerijk,25.0,25.0,100.0
2023-06-04,160,Stoomtrein Ruigrijk,25.0,25.0,100.0
2023-06-04,160,Symbolica,27.0,40.0,100.0
2023-06-04,160,Symbolica Single-rider,8.0,10.0,99.0
2023-06-04,160,The Six Swans,7.0,15.0,100.0
2023-06-04,160,Villa Volta,6.0,10.0,96.0
2023-06-04,160,Vogel Rok,13.0,30.0,100.0
2023-06-04,160,Volkvanlaaf,,,100.0
2023-06-05,160,Anton Pieck Plein,,,99.0
2023-06-05,160,Archipel,,,97.0
2023-06-05,160,Badhuys indoor splash pool,,,38.0
2023-06-05,160,Baron 1898,36.0,50.0,100.0
2023-06-05,160,Baron 1898 Single-rider,29.0,60.0,100.0
2023-06-05,160,Carnaval Festival,10.0,15.0,100.0
2023-06-05,160,De Oude Tufferbaan,14.0,20.0,99.0
2023-06-05,160,De Vliegende Hollander,29.0,40.0,100.0
2023-06-05,160,De Vliegende Hollander Single-rider,18.0,25.0,80.0
2023-06-05,160,Diorama,,,99.0
2023-06-05,160,Droomvlucht,22.0,40.0,100.0
2023-06-05,160,Droomvlucht VR,,,100.0
2023-06-05,160,Efteling Museum,,,87.0
2023-06-05,160,Fabula,10.0,10.0,100.0
2023-06-05,160,Fairytale Forest,,,99.0
2023-06-05,160,Fata Morgana,9.0,35.0,100.0
2023-06-05,160,Gondoletta,21.0,35.0,99.0
2023-06-05,160,Halve Maen,,,0.0
2023-06-05,160,Joris en de Draak,26.0,40.0,95.0
2023-06-05,160,Joris en de Draak Single-rider,16.0,35.0,93.0
2023-06-05,160,Kinderspoor,10.0,10.0,99.0
2023-06-05,160,Kindervreugd,,,99.0
2023-06-05,160,Kleuterhof,,,100.0
2023-06-05,160,Max & Moritz,8.0,20.0,100.0
2023-06-05,160,Max & Moritz Single-rider,7.0,10.0,17.0
2023-06-05,160,Monorail,15.0,25.0,99.0
2023-06-05,160,Nest!,,,99.0
2023-06-05,160,Pagode,5.0,5.0,99.0
2023-06-05,160,Piraña,22.0,30.0,99.0
2023-06-05,160,Python,19.0,35.0,100.0
2023-06-05,160,Python Single-rider,21.0,30.0,78.0
2023-06-05,160,Sirocco,7.0,10.0,98.0
2023-06-05,160,Stoomcarrousel,,,99.0
2023-06-05,160,Stoomtrein Marerijk,25.0,25.0,99.0
2023-06-05,160,Stoomtrein Ruigrijk,25.0,25.0,99.0
2023-06-05,160,Symbolica,24.0,35.0,99.0
2023-06-05,160,Symbolica Single-rider,7.0,15.0,99.0
2023-06-05,160,The Six Swans,5.0,10.0,99.0
2023-06-05,160,Villa Volta,7.0,15.0,100.0
2023-06-05,160,Vogel Rok,15.0,30.0,100.0
2023-06-05,160,Volkvanlaaf,,,99.0
2023-06-06,160,Anton Pieck Plein,,,99.0
2023-06-06,160,Archipel,,,100.0
2023-06-06,160,Badhuys indoor splash pool,,,37.0
2023-06-06,160,Baron 1898,24.0,60.0,99.0
2023-06-06,160,Baron 1898 Single-rider,19.0,40.0,100.0
2023-06-06,160,Carnaval Festival,6.0,15.0,100.0
2023-06-06,160,De Oude Tufferbaan,17.0,30.0,96.0
2023-06-06,160,De Vliegende Hollander,20.0,35.0,100.0
2023-06-06,160,De Vliegende Hollander Single-rider,13.0,25.0,62.0
2023-06-06,160,Diorama,,,99.0
2023-06-06,160,Droomvlucht,13.0,20.0,100.0
2023-06-06,160,Droomvlucht VR,,,100.0
2023-06-06,160,Efteling Museum,,,88.0
2023-06-06,160,Fabula,10.0,10.0,99.0
2023-06-06,160,Fairytale Forest,,,99.0
2023-06-06,160,Fata Morgana,7.0,25.0,100.0
2023-06-06,160,Gondoletta,15.0,25.0,99.0
2023-06-06,160,Halve Maen,,,0.0
2023-06-06,160,Joris en de Draak,15.0,30.0,100.0
2023-06-06,160,Joris en de Draak Single-rider,8.0,30.0,94.0
2023-06-06,160,Kinderspoor,7.0,15.0,99.0
2023-06-06,160,Kindervreugd,,,99.0
2023-06-06,160,Kleuterhof,,,100.0
2023-06-06,160,Max & Moritz,6.0,25.0,100.0
2023-06-06,160,Max & Moritz Single-rider,5.0,5.0,12.0
2023-06-06,160,Monorail,,,99.0
2023-06-06,160,Nest!,,,99.0
2023-06-06,160,Pagode,5.0,5.0,99.0
2023-06-06,160,Piraña,16.0,25.0,99.0
2023-06-06,160,Python,12.0,25.0,99.0
2023-06-06,160,Python Single-rider,13.0,20.0,75.0
2023-06-06,160,Sirocco,5.0,10.0,100.0
2023-06-06,160,Stoomcarrousel,,,99.0
2023-06-06,160,Stoomtrein Marerijk,25.0,25.0,100.0
2023-06-06,160,Stoomtrein Ruigrijk,25.0,25.0,91.0
2023-06-06,160,Symbolica,17.0,30.0,99.0
2023-06-06,160,Symbolica Single-rider,5.0,10.0,99.0
2023-06-06,160,The Six Swans,5.0,5.0,99.0
2023-06-06,160,Villa Volta,5.0,10.0,100.0
2023-06-06,160,Vogel Rok,9.0,20.0,100.0
2023-06-06,160,Volkvanlaaf,,,99.0
2023-06-07,160,Anton Pieck Plein,,,99.0
2023-06-07,160,Archipel,,,100.0
2023-06-07,160,Badhuys indoor splash pool,,,38.0
2023-06-07,160,Baron 1898,27.0,45.0,95.0
2023-06-07,160,Baron 1898 Single-rider,20.0,30.0,95.0
2023-06-07,160,Carnaval Festival,9.0,15.0,100.0
2023-06-07,160,De Oude Tufferbaan,16.0,20.0,99.0
2023-06-07,160,De Vliegende Hollander,24.0,35.0,100.0
2023-06-07,160,De Vliegende Hollander Single-rider,11.0,20.0,10.0
2023-06-07,160,Diorama,,,99.0
2023-06-07,160,Droomvlucht,14.0,20.0,100.0
2023-06-07,160,Droomvlucht VR,,,100.0
2023-06-07,160,Efteling Museum,,,88.0
2023-06-07,160,Fabula,10.0,10.0,99.0
2023-06-07,160,Fairytale Forest,,,99.0
2023-06-07,160,Fata Morgana,7.0,25.0,100.0
2023-06-07,160,Gondoletta,18.0,30.0,100.0
2023-06-07,160,Halve Maen,,,0.0
2023-06-07,160,Joris en de Draak,17.0,35.0,100.0
2023-06-07,160,Joris en de Draak Single-rider,9.0,25.0,97.0
2023-06-07,160,Kinderspoor,9.0,10.0,99.0
2023-06-07,160,Kindervreugd,,,99.0
2023-06-07,160,Kleuterhof,,,100.0
2023-06-07,160,Max & Moritz,5.0,10.0,100.0
2023-06-07,160,Max & Moritz Single-rider,,,0.0
2023-06-07,160,Monorail,11.0,20.0,99.0
2023-06-07,160,Nest!,,,99.0
2023-06-07,160,Pagode,5.0,5.0,98.0
2023-06-07,160,Piraña,13.0,20.0,99.0
2023-06-07,160,Python,17.0,30.0,80.0
2023-06-07,160,Python Single-rider,14.0,25.0,66.0
2023-06-07,160,Sirocco,6.0,10.0,100.0
2023-06-07,160,Stoomcarrousel,,,99.0
2023-06-07,160,Stoomtrein Marerijk,25.0,30.0,100.0
2023-06-07,160,Stoomtrein Ruigrijk,25.0,30.0,100.0
2023-06-07,160,Symbolica,20.0,35.0,94.0
2023-06-07,160,Symbolica Single-rider,5.0,5.0,94.0
2023-06-07,160,The Six Swans,7.0,10.0,99.0
2023-06-07,160,Villa Volta,5.0,5.0,100.0
2023-06-07,160,Vogel Rok,8.0,20.0,100.0
2023-06-07,160,Volkvanlaaf,,,99.0
2023-06-08,160,Anton Pieck Plein,,,99.0
2023-06-08,160,Archipel,,,100.0
2023-06-08,160,Badhuys indoor splash pool,,,38.0
2023-06-08,160,Baron 1898,27.0,45.0,100.0
2023-06-08,160,Baron 1898 Single-rider,21.0,35.0,97.0
2023-06-08,160,Carnaval Festival,5.0,5.0,100.0
2023-06-08,160,De Oude Tufferbaan,14.0,20.0,99.0
2023-06-08,160,De Vliegende Hollander,25.0,35.0,100.0
2023-06-08,160,De Vliegende Hollander Single-rider,17.0,25.0,51.0
2023-06-08,160,Diorama,,,99.0
2023-06-08,160,Droomvlucht,17.0,30.0,100.0
2023-06-08,160,Droomvlucht VR,,,100.0
2023-06-08,160,Efteling Museum,,,87.0
2023-06-08,160,Fabula,10.0,10.0,99.0
2023-06-08,160,Fairytale Forest,,,99.0
2023-06-08,160,Fata Morgana,8.0,20.0,100.0
2023-06-08,160,Gondoletta,14.0,20.0,99.0
2023-06-08,160,Halve Maen,,,0.0
2023-06-08,160,Joris en de Draak,21.0,45.0,92.0
2023-06-08,160,Joris en de Draak Single-rider,13.0,30.0,81.0
2023-06-08,160,Kinderspoor,5.0,5.0,99.0
2023-06-08,160,Kindervreugd,,,99.0
2023-06-08,160,Kleuterhof,,,100.0
2023-06-08,160,Max & Moritz,8.0,20.0,100.0
2023-06-08,160,Max & Moritz Single-rider,8.0,10.0,12.0
2023-06-08,160,Monorail,12.0,25.0,99.0
2023-06-08,160,Nest!,,,99.0
2023-06-08,160,Pagode,5.0,5.0,99.0
2023-06-08,160,Piraña,17.0,25.0,100.0
2023-06-08,160,Python,12.0,25.0,97.0
2023-06-08,160,Python Single-rider,14.0,35.0,63.0
2023-06-08,160,Sirocco,6.0,10.0,100.0
2023-06-08,160,Stoomcarrousel,,,99.0
2023-06-08,160,Stoomtrein Marerijk,25.0,25.0,99.0
2023-06-08,160,Stoomtrein Ruigrijk,25.0,25.0,99.0
2023-06-08,160,Symbolica,19.0,30.0,99.0
2023-06-08,160,Symbolica Single-rider,5.0,10.0,99.0
2023-06-08,160,The Six Swans,6.0,10.0,99.0
2023-06-08,160,Villa Volta,5.0,10.0,100.0
2023-06-08,160,Vogel Rok,10.0,20.0,100.0
2023-06-08,160,Volkvanlaaf,,,99.0
2023-06-09,160,Anton Pieck Plein,,,99.0
2023-06-09,160,Archipel,,,100.0
2023-06-09,160,Badhuys indoor splash pool,,,38.0
2023-06-09,160,Baron 1898,31.0,60.0,98.0
2023-06-09,160,Baron 1898 Single-rider,24.0,60.0,98.0
2023-06-09,160,Carnaval Festival,10.0,25.0,100.0
2023-06-09,160,De Oude Tufferbaan,19.0,35.0,96.0
2023-06-09,160,De Vliegende Hollander,26.0,40.0,100.0
2023-06-09,160,De Vliegende Hollander Single-rider,17.0,25.0,77.0
2023-06-09,160,Diorama,,,99.0
2023-06-09,160,Droomvlucht,16.0,25.0,100.0
2023-06-09,160,Droomvlucht VR,,,100.0
2023-06-09,160,Efteling Museum,,,87.0
2023-06-09,160,Fabula,10.0,10.0,99.0
2023-06-09,160,Fairytale Forest,,,99.0
2023-06-09,160,Fata Morgana,8.0,35.0,100.0
2023-06-09,160,Gondoletta,18.0,25.0,100.0
2023-06-09,160,Halve Maen,,,0.0
2023-06-09,160,Joris en de Draak,19.0,35.0,100.0
2023-06-09,160,Joris en de Draak Single-rider,10.0,25.0,99.0
2023-06-09,160,Kinderspoor,5.0,5.0,99.0
2023-06-09,160,Kindervreugd,,,99.0
2023-06-09,160,Kleuterhof,,,100.0
2023-06-09,160,Max & Moritz,18.0,35.0,100.0
2023-06-09,160,Max & Moritz Single-rider,12.0,20.0,33.0
2023-06-09,160,Monorail,12.0,25.0,98.0
2023-06-09,160,Nest!,,,99.0
2023-06-09,160,Pagode,5.0,5.0,100.0
2023-06-09,160,Piraña,28.0,45.0,100.0
2023-06-09,160,Python,14.0,35.0,100.0
2023-06-09,160,Python Single-rider,17.0,150.0,61.0
2023-06-09,160,Sirocco,8.0,15.0,85.0
2023-06-09,160,Stoomcarrousel,,,99.0
2023-06-09,160,Stoomtrein Marerijk,30.0,45.0,99.0
2023-06-09,160,Stoomtrein Ruigrijk,25.0,25.0,99.0
2023-06-09,160,Symbolica,21.0,35.0,98.0
2023-06-09,160,Symbolica Single-rider,5.0,10.0,99.0
2023-06-09,160,The Six Swans,7.0,10.0,99.0
2023-06-09,160,Villa Volta,6.0,10.0,97.0
2023-06-09,160,Vogel Rok,11.0,20.0,100.0
2023-06-09,160,Volkvanlaaf,,,99.0
2023-06-10,160,Anton Pieck Plein,,,99.0
2023-06-10,160,Archipel,,,100.0
2023-06-10,160,Badhuys indoor splash pool,,,100.0
2023-06-10,160,Baron 1898,34.0,60.0,100.0
2023-06-10,160,Baron 1898 Single-rider,25.0,45.0,100.0
2023-06-10,160,Carnaval Festival,12.0,25.0,100.0
2023-06-10,160,De Oude Tufferbaan,18.0,30.0,99.0
2023-06-10,160,De Vliegende Hollander,32.0,50.0,100.0
2023-06-10,160,De Vliegende Hollander Single-rider,19.0,30.0,84.0
2023-06-10,160,Diorama,,,99.0
2023-06-10,160,Droomvlucht,18.0,30.0,100.0
2023-06-10,160,Droomvlucht VR,,,100.0
2023-06-10,160,Efteling Museum,,,89.0
2023-06-10,160,Fabula,10.0,10.0,99.0
2023-06-10,160,Fairytale Forest,,,99.0
2023-06-10,160,Fata Morgana,10.0,50.0,100.0
2023-06-10,160,Gondoletta,21.0,40.0,99.0
2023-06-10,160,Halve Maen,,,0.0
2023-06-10,160,Joris en de Draak,23.0,45.0,86.0
2023-06-10,160,Joris en de Draak Single-rider,15.0,30.0,86.0
2023-06-10,160,Kinderspoor,6.0,10.0,99.0
2023-06-10,160,Kindervreugd,,,99.0
2023-06-10,160,Kleuterhof,,,100.0
2023-06-10,160,Max & Moritz,22.0,50.0,100.0
2023-06-10,160,Max & Moritz Single-rider,14.0,30.0,41.0
2023-06-10,160,Monorail,12.0,25.0,99.0
2023-06-10,160,Nest!,,,99.0
2023-06-10,160,Pagode,5.0,10.0,99.0
2023-06-10,160,Piraña,39.0,55.0,99.0
2023-06-10,160,Python,17.0,30.0,88.0
2023-06-10,160,Python Single-rider,18.0,40.0,71.0
2023-06-10,160,Sirocco,7.0,10.0,100.0
2023-06-10,160,Stoomcarrousel,5.0,5.0,99.0
2023-06-10,160,Stoomtrein Marerijk,25.0,25.0,100.0
2023-06-10,160,Stoomtrein Ruigrijk,25.0,25.0,100.0
2023-06-10,160,Symbolica,26.0,40.0,97.0
2023-06-10,160,Symbolica Single-rider,5.0,10.0,97.0
2023-06-10,160,The Six Swans,6.0,10.0,99.0
2023-06-10,160,Villa Volta,7.0,10.0,100.0
2023-06-10,160,Vogel Rok,13.0,30.0,100.0
2023-06-10,160,Volkvanlaaf,,,99.0
2023-06-11,160,Anton Pieck Plein,,,99.0
2023-06-11,160,Archipel,,,100.0
2023-06-11,160,Badhuys indoor splash pool,,,100.0
2023-06-11,160,Baron 1898,37.0,55.0,82.0
2023-06-11,160,Baron 1898 Single-rider,30.0,45.0,81.0
2023-06-11,160,Carnaval Festival,10.0,25.0,100.0
2023-06-11,160,De Oude Tufferbaan,16.0,25.0,98.0
2023-06-11,160,De Vliegende Hollander,35.0,50.0,83.0
2023-06-11,160,De Vliegende Hollander Single-rider,22.0,30.0,67.0
2023-06-11,160,Diorama,,,99.0
2023-06-11,160,Droomvlucht,28.0,45.0,100.0
2023-06-11,160,Droomvlucht VR,,,100.0
2023-06-11,160,Efteling Museum,,,89.0
2023-06-11,160,Fabula,10.0,10.0,99.0
2023-06-11,160,Fairytale Forest,,,99.0
2023-06-11,160,Fata Morgana,11.0,40.0,94.0
2023-06-11,160,Gondoletta,20.0,35.0,99.0
2023-06-11,160,Halve Maen,,,0.0
2023-06-11,160,Joris en de Draak,25.0,50.0,100.0
2023-06-11,160,Joris en de Draak Single-rider,15.0,35.0,95.0
2023-06-11,160,Kinderspoor,,,99.0
2023-06-11,160,Kindervreugd,,,99.0
2023-06-11,160,Kleuterhof,,,100.0
2023-06-11,160,Max & Moritz,29.0,60.0,100.0
2023-06-11,160,Max & Moritz Single-rider,,,0.0
2023-06-11,160,Monorail,11.0,20.0,99.0
2023-06-11,160,Nest!,,,99.0
2023-06-11,160,Pagode,5.0,5.0,99.0
2023-06-11,160,Piraña,42.0,60.0,100.0
2023-06-11,160,Python,19.0,40.0,93.0
2023-06-11,160,Python Single-rider,18.0,45.0,74.0
2023-06-11,160,Sirocco,8.0,15.0,100.0
2023-06-11,160,Stoomcarrousel,,,99.0
2023-06-11,160,Stoomtrein Marerijk,25.0,30.0,100.0
2023-06-11,160,Stoomtrein Ruigrijk,25.0,30.0,100.0
2023-06-11,160,Symbolica,27.0,45.0,99.0
2023-06-11,160,Symbolica Single-rider,8.0,15.0,99.0
2023-06-11,160,The Six Swans,5.0,5.0,100.0
2023-06-11,160,Villa Volta,9.0,20.0,98.0
2023-06-11,160,Vogel Rok,13.0,30.0,100.0
2023-06-11,160,Volkvanlaaf,,,99.0
2023-06-12,160,Anton Pieck Plein,,,100.0
2023-06-12,160,Archipel,,,100.0
2023-06-12,160,Badhuys indoor splash pool,,,37.0
2023-06-12,160,Baron 1898,28.0,50.0,96.0
2023-06-12,160,Baron 1898 Single-rider,21.0,40.0,95.0
2023-06-12,160,Carnaval Festival,11.0,20.0,100.0
2023-06-12,160,De Oude Tufferbaan,,,0.0
2023-06-12,160,De Vliegende Hollander,28.0,45.0,100.0
2023-06-12,160,De Vliegende Hollander Single-rider,19.0,30.0,78.0
2023-06-12,160,Diorama,,,100.0
2023-06-12,160,Droomvlucht,21.0,30.0,100.0
2023-06-12,160,Droomvlucht VR,,,100.0
2023-06-12,160,Efteling Museum,,,88.0
2023-06-12,160,Fabula,10.0,10.0,100.0
2023-06-12,160,Fairytale Forest,,,100.0
2023-06-12,160,Fata Morgana,9.0,35.0,100.0
2023-06-12,160,Gondoletta,18.0,30.0,100.0
2023-06-12,160,Halve Maen,,,0.0
2023-06-12,160,Joris en de Draak,22.0,40.0,100.0
2023-06-12,160,Joris en de Draak Single-rider,12.0,35.0,100.0
2023-06-12,160,Kinderspoor,5.0,5.0,100.0
2023-06-12,160,Kindervreugd,,,100.0
2023-06-12,160,Kleuterhof,,,100.0
2023-06-12,160,Max & Moritz,24.0,50.0,100.0
2023-06-12,160,Max & Moritz Single-rider,,,0.0
2023-06-12,160,Monorail,9.0,20.0,100.0
2023-06-12,160,Nest!,,,100.0
2023-06-12,160,Pagode,5.0,5.0,96.0
2023-06-12,160,Piraña,29.0,60.0,100.0
2023-06-12,160,Python,15.0,35.0,92.0
2023-06-12,160,Python Single-rider,18.0,40.0,61.0
2023-06-12,160,Sirocco,10.0,15.0,100.0
2023-06-12,160,Stoomcarrousel,,,100.0
2023-06-12,160,Stoomtrein Marerijk,25.0,25.0,100.0
2023-06-12,160,Stoomtrein Ruigrijk,25.0,25.0,100.0
2023-06-12,160,Symbolica,22.0,35.0,100.0
2023-06-12,160,Symbolica Single-rider,6.0,10.0,98.0
2023-06-12,160,The Six Swans,6.0,10.0,100.0
2023-06-12,160,Villa Volta,6.0,10.0,100.0
2023-06-12,160,Vogel Rok,13.0,25.0,100.0
2023-06-12,160,Volkvanlaaf,,,100.0
2023-06-13,160,Anton Pieck Plein,,,100.0
2023-06-13,160,Archipel,,,100.0
2023-06-13,160,Badhuys indoor splash pool,,,37.0
2023-06-13,160,Baron 1898,35.0,55.0,100.0
2023-06-13,160,Baron 1898 Single-rider,26.0,45.0,100.0
2023-06-13,160,Carnaval Festival,7.0,15.0,91.0
2023-06-13,160,De Oude Tufferbaan,,,0.0
2023-06-13,160,De Vliegende Hollander,26.0,40.0,100.0
2023-06-13,160,De Vliegende Hollander Single-rider,20.0,35.0,78.0
2023-06-13,160,Diorama,,,100.0
2023-06-13,160,Droomvlucht,14.0,20.0,100.0
2023-06-13,160,Droomvlucht VR,,,0.0
2023-06-13,160,Efteling Museum,,,87.0
2023-06-13,160,Fabula,10.0,10.0,100.0
2023-06-13,160,Fairytale Forest,,,100.0
2023-06-13,160,Fata Morgana,8.0,25.0,100.0
2023-06-13,160,Gondoletta,17.0,25.0,97.0
2023-06-13,160,Halve Maen,,,0.0
2023-06-13,160,Joris en de Draak,22.0,40.0,100.0
2023-06-13,160,Joris en de Draak Single-rider,15.0,30.0,92.0
2023-06-13,160,Kinderspoor,5.0,5.0,100.0
2023-06-13,160,Kindervreugd,,,100.0
2023-06-13,160,Kleuterhof,,,100.0
2023-06-13,160,Max & Moritz,8.0,15.0,65.0
2023-06-13,160,Max & Moritz Single-rider,,,0.0
2023-06-13,160,Monorail,8.0,10.0,100.0
2023-06-13,160,Nest!,,,100.0
2023-06-13,160,Pagode,5.0,5.0,100.0
2023-06-13,160,Piraña,25.0,40.0,100.0
2023-06-13,160,Python,19.0,40.0,100.0
2023-06-13,160,Python Single-rider,23.0,60.0,56.0
2023-06-13,160,Sirocco,7.0,10.0,100.0
2023-06-13,160,Stoomcarrousel,,,100.0
2023-06-13,160,Stoomtrein Marerijk,25.0,25.0,100.0
2023-06-13,160,Stoomtrein Ruigrijk,25.0,25.0,100.0
2023-06-13,160,Symbolica,16.0,30.0,100.0
2023-06-13,160,Symbolica Single-rider,5.0,5.0,99.0
2023-06-13,160,The Six Swans,5.0,10.0,100.0
2023-06-13,160,Villa Volta,6.0,10.0,100.0
2023-06-13,160,Vogel Rok,15.0,25.0,100.0
2023-06-13,160,Volkvanlaaf,,,100.0
2023-06-14,160,Anton Pieck Plein,,,100.0
2023-06-14,160,Archipel,,,100.0
2023-06-14,160,Badhuys indoor splash pool,,,38.0
2023-06-14,160,Baron 1898,18.0,45.0,93.0
2023-06-14,160,Baron 1898 Single-rider,13.0,30.0,88.0
2023-06-14,160,Carnaval Festival,8.0,15.0,100.0
2023-06-14,160,De Oude Tufferbaan,,,0.0
2023-06-14,160,De Vliegende Hollander,20.0,35.0,100.0
2023-06-14,160,De Vliegende Hollander Single-rider,13.0,30.0,71.0
2023-06-14,160,Diorama,,,100.0
2023-06-14,160,Droomvlucht,13.0,30.0,97.0
2023-06-14,160,Droomvlucht VR,,,0.0
2023-06-14,160,Efteling Museum,,,88.0
2023-06-14,160,Fabula,10.0,10.0,100.0
2023-06-14,160,Fairytale Forest,,,100.0
2023-06-14,160,Fata Morgana,9.0,30.0,100.0
2023-06-14,160,Gondoletta,18.0,25.0,100.0
2023-06-14,160,Halve Maen,,,0.0
2023-06-14,160,Joris en de Draak,20.0,35.0,77.0
2023-06-14,160,Joris en de Draak Single-rider,9.0,20.0,75.0
2023-06-14,160,Kinderspoor,6.0,15.0,100.0
2023-06-14,160,Kindervreugd,,,100.0
2023-06-14,160,Kleuterhof,,,100.0
2023-06-14,160,Max & Moritz,6.0,20.0,100.0
2023-06-14,160,Max & Moritz Single-rider,5.0,5.0,25.0
2023-06-14,160,Monorail,5.0,10.0,100.0
2023-06-14,160,Nest!,,,100.0
2023-06-14,160,Pagode,5.0,5.0,100.0
2023-06-14,160,Piraña,17.0,35.0,100.0
2023-06-14,160,Python,14.0,25.0,83.0
2023-06-14,160,Python Single-rider,12.0,20.0,67.0
2023-06-14,160,Sirocco,7.0,15.0,100.0
2023-06-14,160,Stoomcarrousel,,,100.0
2023-06-14,160,Stoomtrein Marerijk,25.0,25.0,100.0
2023-06-14,160,Stoomtrein Ruigrijk,25.0,25.0,100.0
2023-06-14,160,Symbolica,18.0,30.0,100.0
2023-06-14,160,Symbolica Single-rider,5.0,10.0,99.0
2023-06-14,160,The Six Swans,5.0,5.0,89.0
2023-06-14,160,Villa Volta,5.0,5.0,100.0
2023-06-14,160,Vogel Rok,7.0,10.0,100.0
2023-06-14,160,Volkvanlaaf,,,100.0
2023-06-15,160,Anton Pieck Plein,,,100.0
2023-06-15,160,Archipel,,,100.0
2023-06-15,160,Badhuys indoor splash pool,,,38.0
2023-06-15,160,Baron 1898,24.0,50.0,100.0
2023-06-15,160,Baron 1898 Single-rider,19.0,35.0,97.0
2023-06-15,160,Carnaval Festival,8.0,15.0,100.0
2023-06-15,160,De Oude Tufferbaan,,,0.0
2023-06-15,160,De Vliegende Hollander,27.0,40.0,77.0
2023-06-15,160,De Vliegende Hollander Single-rider,16.0,30.0,60.0
2023-06-15,160,Diorama,,,100.0
2023-06-15,160,Droomvlucht,18.0,35.0,100.0
2023-06-15,160,Droomvlucht VR,,,100.0
2023-06-15,160,Efteling Museum,,,87.0
2023-06-15,160,Fabula,10.0,10.0,100.0
2023-06-15,160,Fairytale Forest,,,100.0
2023-06-15,160,Fata Morgana,9.0,35.0,100.0
2023-06-15,160,Gondoletta,17.0,25.0,97.0
2023-06-15,160,Halve Maen,,,0.0
2023-06-15,160,Joris en de Draak,17.0,35.0,100.0
2023-06-15,160,Joris en de Draak Single-rider,10.0,25.0,80.0
2023-06-15,160,Kinderspoor,8.0,10.0,100.0
2023-06-15,160,Kindervreugd,,,100.0
2023-06-15,160,Kleuterhof,,,100.0
2023-06-15,160,Max & Moritz,8.0,25.0,100.0
2023-06-15,160,Max & Moritz Single-rider,11.0,20.0,38.0
2023-06-15,160,Monorail,15.0,20.0,100.0
2023-06-15,160,Nest!,,,100.0
2023-06-15,160,Pagode,5.0,5.0,100.0
2023-06-15,160,Piraña,20.0,35.0,100.0
2023-06-15,160,Python,11.0,30.0,100.0
2023-06-15,160,Python Single-rider,11.0,25.0,63.0
2023-06-15,160,Sirocco,7.0,10.0,100.0
2023-06-15,160,Stoomcarrousel,,,100.0
2023-06-15,160,Stoomtrein Marerijk,25.0,25.0,95.0
2023-06-15,160,Stoomtrein Ruigrijk,25.0,25.0,92.0
2023-06-15,160,Symbolica,21.0,30.0,81.0
2023-06-15,160,Symbolica Single-rider,5.0,15.0,79.0
2023-06-15,160,The Six Swans,8.0,15.0,100.0
2023-06-15,160,Villa Volta,6.0,10.0,100.0
2023-06-15,160,Vogel Rok,8.0,20.0,100.0
2023-06-15,160,Volkvanlaaf,,,100.0
2023-06-16,160,Anton Pieck Plein,,,99.0
2023-06-16,160,Archipel,,,100.0
2023-06-16,160,Badhuys indoor splash pool,,,37.0
2023-06-16,160,Baron 1898,36.0,55.0,100.0
2023-06-16,160,Baron 1898 Single-rider,29.0,40.0,96.0
2023-06-16,160,Carnaval Festival,13.0,25.0,100.0
2023-06-16,160,De Oude Tufferbaan,,,0.0
2023-06-16,160,De Vliegende Hollander,31.0,45.0,99.0
2023-06-16,160,De Vliegende Hollander Single-rider,22.0,30.0,77.0
2023-06-16,160,Diorama,,,99.0
2023-06-16,160,Droomvlucht,27.0,40.0,100.0
2023-06-16,160,Droomvlucht VR,,,100.0
2023-06-16,160,Efteling Museum,,,87.0
2023-06-16,160,Fabula,10.0,10.0,99.0
2023-06-16,160,Fairytale Forest,,,99.0
2023-06-16,160,Fata Morgana,14.0,40.0,100.0
2023-06-16,160,Gondoletta,23.0,40.0,99.0
2023-06-16,160,Halve Maen,,,0.0
2023-06-16,160,Joris en de Draak,27.0,45.0,96.0
2023-06-16,160,Joris en de Draak Single-rider,17.0,30.0,96.0
2023-06-16,160,Kinderspoor,10.0,20.0,99.0
2023-06-16,160,Kindervreugd,,,99.0
2023-06-16,160,Kleuterhof,,,100.0
2023-06-16,160,Max & Moritz,19.0,40.0,100.0
2023-06-16,160,Max & Moritz Single-rider,15.0,30.0,92.0
2023-06-16,160,Monorail,23.0,35.0,99.0
2023-06-16,160,Nest!,,,99.0
2023-06-16,160,Pagode,5.0,10.0,99.0
2023-06-16,160,Piraña,36.0,50.0,99.0
2023-06-16,160,Python,22.0,35.0,92.0
2023-06-16,160,Python Single-rider,23.0,50.0,83.0
2023-06-16,160,Sirocco,11.0,20.0,100.0
2023-06-16,160,Stoomcarrousel,,,99.0
2023-06-16,160,Stoomtrein Marerijk,33.0,40.0,100.0
2023-06-16,160,Stoomtrein Ruigrijk,33.0,40.0,100.0
2023-06-16,160,Symbolica,26.0,40.0,99.0
2023-06-16,160,Symbolica Single-rider,7.0,15.0,99.0
2023-06-16,160,The Six Swans,10.0,15.0,99.0
2023-06-16,160,Villa Volta,8.0,20.0,96.0
2023-06-16,160,Vogel Rok,17.0,35.0,100.0
2023-06-16,160,Volkvanlaaf,,,99.0
2023-06-17,160,Anton Pieck Plein,,,99.0
2023-06-17,160,Archipel,,,100.0
2023-06-17,160,Badhuys indoor splash pool,,,100.0
2023-06-17,160,Baron 1898,27.0,45.0,100.0
2023-06-17,160,Baron 1898 Single-rider,20.0,35.0,100.0
2023-06-17,160,Carnaval Festival,9.0,20.0,100.0
2023-06-17,160,De Oude Tufferbaan,18.0,30.0,100.0
2023-06-17,160,De Vliegende Hollander,30.0,45.0,81.0
2023-06-17,160,De Vliegende Hollander Single-rider,17.0,25.0,76.0
2023-06-17,160,Diorama,,,99.0
2023-06-17,160,Droomvlucht,20.0,35.0,100.0
2023-06-17,160,Droomvlucht VR,,,100.0
2023-06-17,160,Efteling Museum,,,89.0
2023-06-17,160,Fabula,10.0,10.0,99.0
2023-06-17,160,Fairytale Forest,,,99.0
2023-06-17,160,Fata Morgana,9.0,35.0,100.0
2023-06-17,160,Gondoletta,20.0,30.0,99.0
2023-06-17,160,Halve Maen,,,0.0
2023-06-17,160,Joris en de Draak,20.0,35.0,100.0
2023-06-17,160,Joris en de Draak Single-rider,11.0,25.0,99.0
2023-06-17,160,Kinderspoor,8.0,10.0,99.0
2023-06-17,160,Kindervreugd,,,99.0
2023-06-17,160,Kleuterhof,,,99.0
2023-06-17,160,Max & Moritz,10.0,30.0,100.0
2023-06-17,160,Max & Moritz Single-rider,10.0,25.0,59.0
2023-06-17,160,Monorail,15.0,20.0,99.0
2023-06-17,160,Nest!,,,99.0
2023-06-17,160,Pagode,5.0,5.0,99.0
2023-06-17,160,Piraña,31.0,45.0,99.0
2023-06-17,160,Python,11.0,25.0,100.0
2023-06-17,160,Python Single-rider,10.0,20.0,70.0
2023-06-17,160,Sirocco,8.0,15.0,100.0
2023-06-17,160,Stoomcarrousel,,,99.0
2023-06-17,160,Stoomtrein Marerijk,25.0,25.0,99.0
2023-06-17,160,Stoomtrein Ruigrijk,39.0,50.0,99.0
2023-06-17,160,Symbolica,25.0,40.0,99.0
2023-06-17,160,Symbolica Single-rider,5.0,5.0,99.0
2023-06-17,160,The Six Swans,5.0,10.0,100.0
2023-06-17,160,Villa Volta,5.0,10.0,100.0
2023-06-17,160,Vogel Rok,11.0,25.0,96.0
2023-06-17,160,Volkvanlaaf,,,99.0
2023-06-18,160,Anton Pieck Plein,,,100.0
2023-06-18,160,Archipel,,,100.0
2023-06-18,160,Badhuys indoor splash pool,,,100.0
2023-06-18,160,Baron 1898,20.0,35.0,100.0
2023-06-18,160,Baron 1898 Single-rider,15.0,35.0,100.0
2023-06-18,160,Carnaval Festival,9.0,15.0,86.0
2023-06-18,160,De Oude Tufferbaan,19.0,30.0,100.0
2023-06-18,160,De Vliegende Hollander,23.0,30.0,100.0
2023-06-18,160,De Vliegende Hollander Single-rider,12.0,30.0,82.0
2023-06-18,160,Diorama,,,100.0
2023-06-18,160,Droomvlucht,17.0,30.0,100.0
2023-06-18,160,Droomvlucht VR,,,100.0
2023-06-18,160,Efteling Museum,,,88.0
2023-06-18,160,Fabula,10.0,10.0,100.0
2023-06-18,160,Fairytale Forest,,,100.0
2023-06-18,160,Fata Morgana,7.0,30.0,100.0
2023-06-18,160,Gondoletta,15.0,25.0,97.0
2023-06-18,160,Halve Maen,,,0.0
2023-06-18,160,Joris en de Draak,20.0,35.0,96.0
2023-06-18,160,Joris en de Draak Single-rider,11.0,20.0,90.0
2023-06-18,160,Kinderspoor,7.0,20.0,100.0
2023-06-18,160,Kindervreugd,,,100.0
2023-06-18,160,Kleuterhof,,,100.0
2023-06-18,160,Max & Moritz,9.0,25.0,100.0
2023-06-18,160,Max & Moritz Single-rider,6.0,10.0,23.0
2023-06-18,160,Monorail,9.0,15.0,100.0
2023-06-18,160,Nest!,,,100.0
2023-06-18,160,Pagode,5.0,5.0,100.0
2023-06-18,160,Piraña,14.0,20.0,97.0
2023-06-18,160,Python,12.0,25.0,95.0
2023-06-18,160,Python Single-rider,10.0,25.0,58.0
2023-06-18,160,Sirocco,8.0,20.0,100.0
2023-06-18,160,Stoomcarrousel,,,100.0
2023-06-18,160,Stoomtrein Marerijk,25.0,30.0,100.0
2023-06-18,160,Stoomtrein Ruigrijk,35.0,35.0,93.0
2023-06-18,160,Symbolica,23.0,30.0,100.0
2023-06-18,160,Symbolica Single-rider,8.0,20.0,100.0
2023-06-18,160,The Six Swans,5.0,5.0,100.0
2023-06-18,160,Villa Volta,5.0,15.0,100.0
2023-06-18,160,Vogel Rok,8.0,20.0,100.0
2023-06-18,160,Volkvanlaaf,,,100.0
2023-06-19,160,Anton Pieck Plein,,,99.0
2023-06-19,160,Archipel,,,100.0
2023-06-19,160,Badhuys indoor splash pool,,,37.0
2023-06-19,160,Baron 1898,46.0,80.0,100.0
2023-06-19,160,Baron 1898 Single-rider,38.0,70.0,98.0
2023-06-19,160,Carnaval Festival,18.0,30.0,91.0
2023-06-19,160,De Oude Tufferbaan,24.0,30.0,66.0
2023-06-19,160,De Vliegende Hollander,41.0,55.0,100.0
2023-06-19,160,De Vliegende Hollander Single-rider,,,0.0
2023-06-19,160,Diorama,,,99.0
2023-06-19,160,Droomvlucht,36.0,50.0,100.0
2023-06-19,160,Droomvlucht VR,,,100.0
2023-06-19,160,Efteling Museum,,,88.0
2023-06-19,160,Fabula,10.0,10.0,99.0
2023-06-19,160,Fairytale Forest,,,99.0
2023-06-19,160,Fata Morgana,20.0,45.0,100.0
2023-06-19,160,Gondoletta,25.0,40.0,100.0
2023-06-19,160,Halve Maen,,,0.0
2023-06-19,160,Joris en de Draak,40.0,60.0,93.0
2023-06-19,160,Joris en de Draak Single-rider,28.0,40.0,93.0
2023-06-19,160,Kinderspoor,18.0,30.0,96.0
2023-06-19,160,Kindervreugd,,,99.0
2023-06-19,160,Kleuterhof,,,99.0
2023-06-19,160,Max & Moritz,23.0,45.0,100.0
2023-06-19,160,Max & Moritz Single-rider,19.0,40.0,88.0
2023-06-19,160,Monorail,33.0,40.0,99.0
2023-06-19,160,Nest!,,,99.0
2023-06-19,160,Pagode,7.0,15.0,100.0
2023-06-19,160,Piraña,40.0,50.0,99.0
2023-06-19,160,Python,31.0,50.0,99.0
2023-06-19,160,Python Single-rider,37.0,55.0,77.0
2023-06-19,160,Sirocco,,,0.0
2023-06-19,160,Stoomcarrousel,,,0.0
2023-06-19,160,Stoomtrein Marerijk,29.0,35.0,99.0
2023-06-19,160,Stoomtrein Ruigrijk,29.0,35.0,99.0
2023-06-19,160,Symbolica,36.0,55.0,98.0
2023-06-19,160,Symbolica Single-rider,11.0,20.0,98.0
2023-06-19,160,The Six Swans,8.0,20.0,100.0
2023-06-19,160,Villa Volta,15.0,30.0,97.0
2023-06-19,160,Vogel Rok,25.0,40.0,100.0
2023-06-19,160,Volkvanlaaf,,,99.0
2023-06-20,160,Anton Pieck Plein,,,99.0
2023-06-20,160,Archipel,,,76.0
2023-06-20,160,Badhuys indoor splash pool,,,38.0
2023-06-20,160,Baron 1898,38.0,70.0,82.0
2023-06-20,160,Baron 1898 Single-rider,34.0,60.0,73.0
2023-06-20,160,Carnaval Festival,8.0,25.0,95.0
2023-06-20,160,De Oude Tufferbaan,,,3.0
2023-06-20,160,De Vliegende Hollander,31.0,40.0,73.0
2023-06-20,160,De Vliegende Hollander Single-rider,19.0,30.0,32.0
2023-06-20,160,Diorama,,,99.0
2023-06-20,160,Droomvlucht,15.0,30.0,100.0
2023-06-20,160,Droomvlucht VR,,,0.0
2023-06-20,160,Efteling Museum,,,87.0
2023-06-20,160,Fabula,10.0,10.0,100.0
2023-06-20,160,Fairytale Forest,,,99.0
2023-06-20,160,Fata Morgana,9.0,35.0,100.0
2023-06-20,160,Gondoletta,18.0,30.0,70.0
2023-06-20,160,Halve Maen,,,0.0
2023-06-20,160,Joris en de Draak,26.0,45.0,66.0
2023-06-20,160,Joris en de Draak Single-rider,16.0,30.0,62.0
2023-06-20,160,Kinderspoor,12.0,15.0,82.0
2023-06-20,160,Kindervreugd,,,99.0
2023-06-20,160,Kleuterhof,,,100.0
2023-06-20,160,Max & Moritz,12.0,30.0,76.0
2023-06-20,160,Max & Moritz Single-rider,13.0,15.0,20.0
2023-06-20,160,Monorail,11.0,15.0,87.0
2023-06-20,160,Nest!,,,99.0
2023-06-20,160,Pagode,5.0,5.0,78.0
2023-06-20,160,Piraña,26.0,40.0,71.0
2023-06-20,160,Python,19.0,35.0,72.0
2023-06-20,160,Python Single-rider,18.0,30.0,62.0
2023-06-20,160,Sirocco,,,0.0
2023-06-20,160,Stoomcarrousel,,,0.0
2023-06-20,160,Stoomtrein Marerijk,25.0,25.0,92.0
2023-06-20,160,Stoomtrein Ruigrijk,25.0,25.0,80.0
2023-06-20,160,Symbolica,20.0,30.0,94.0
2023-06-20,160,Symbolica Single-rider,5.0,10.0,94.0
2023-06-20,160,The Six Swans,,,78.0
2023-06-20,160,Villa Volta,5.0,5.0,100.0
2023-06-20,160,Vogel Rok,11.0,20.0,100.0
2023-06-20,160,Volkvanlaaf,,,99.0
2023-06-21,160,Anton Pieck Plein,,,99.0
2023-06-21,160,Archipel,,,77.0
2023-06-21,160,Badhuys indoor splash pool,,,37.0
2023-06-21,160,Baron 1898,35.0,60.0,100.0
2023-06-21,160,Baron 1898 Single-rider,28.0,45.0,100.0
2023-06-21,160,Carnaval Festival,18.0,25.0,100.0
2023-06-21,160,De Oude Tufferbaan,,,6.0
2023-06-21,160,De Vliegende Hollander,31.0,45.0,88.0
2023-06-21,160,De Vliegende Hollander Single-rider,22.0,35.0,67.0
2023-06-21,160,Diorama,,,99.0
2023-06-21,160,Droomvlucht,26.0,40.0,100.0
2023-06-21,160,Droomvlucht VR,,,0.0
2023-06-21,160,Efteling Museum,,,87.0
2023-06-21,160,Fabula,10.0,10.0,99.0
2023-06-21,160,Fairytale Forest,,,99.0
2023-06-21,160,Fata Morgana,13.0,35.0,100.0
2023-06-21,160,Gondoletta,22.0,35.0,100.0
2023-06-21,160,Halve Maen,,,0.0
2023-06-21,160,Joris en de Draak,27.0,45.0,100.0
2023-06-21,160,Joris en de Draak Single-rider,17.0,30.0,100.0
2023-06-21,160,Kinderspoor,14.0,15.0,100.0
2023-06-21,160,Kindervreugd,,,99.0
2023-06-21,160,Kleuterhof,,,100.0
2023-06-21,160,Max & Moritz,14.0,25.0,100.0
2023-06-21,160,Max & Moritz Single-rider,10.0,20.0,76.0
2023-06-21,160,Monorail,10.0,25.0,99.0
2023-06-21,160,Nest!,,,99.0
2023-06-21,160,Pagode,5.0,5.0,100.0
2023-06-21,160,Piraña,31.0,45.0,100.0
2023-06-21,160,Python,22.0,35.0,99.0
2023-06-21,160,Python Single-rider,24.0,50.0,81.0
2023-06-21,160,Sirocco,,,0.0
2023-06-21,160,Stoomcarrousel,,,0.0
2023-06-21,160,Stoomtrein Marerijk,25.0,25.0,99.0
2023-06-21,160,Stoomtrein Ruigrijk,25.0,25.0,99.0
2023-06-21,160,Symbolica,26.0,35.0,100.0
2023-06-21,160,Symbolica Single-rider,6.0,20.0,100.0
2023-06-21,160,The Six Swans,7.0,10.0,100.0
2023-06-21,160,Villa Volta,10.0,20.0,100.0
2023-06-21,160,Vogel Rok,17.0,30.0,100.0
2023-06-21,160,Volkvanlaaf,,,99.0
2023-06-22,160,Anton Pieck Plein,,,99.0
2023-06-22,160,Archipel,,,100.0
2023-06-22,160,Badhuys indoor splash pool,,,38.0
2023-06-22,160,Baron 1898,41.0,100.0,100.0
2023-06-22,160,Baron 1898 Single-rider,34.0,60.0,37.0
2023-06-22,160,Carnaval Festival,13.0,20.0,100.0
2023-06-22,160,De Oude Tufferbaan,,,0.0
2023-06-22,160,De Vliegende Hollander,32.0,45.0,97.0
2023-06-22,160,De Vliegende Hollander Single-rider,18.0,25.0,8.0
2023-06-22,160,Diorama,,,99.0
2023-06-22,160,Droomvlucht,19.0,35.0,100.0
2023-06-22,160,Droomvlucht VR,,,100.0
2023-06-22,160,Efteling Museum,,,89.0
2023-06-22,160,Fabula,10.0,10.0,99.0
2023-06-22,160,Fairytale Forest,,,99.0
2023-06-22,160,Fata Morgana,8.0,25.0,100.0
2023-06-22,160,Gondoletta,10.0,15.0,100.0
2023-06-22,160,Halve Maen,,,0.0
2023-06-22,160,Joris en de Draak,27.0,45.0,97.0
2023-06-22,160,Joris en de Draak Single-rider,16.0,40.0,97.0
2023-06-22,160,Kinderspoor,10.0,10.0,99.0
2023-06-22,160,Kindervreugd,,,99.0
2023-06-22,160,Kleuterhof,,,100.0
2023-06-22,160,Max & Moritz,10.0,25.0,85.0
2023-06-22,160,Max & Moritz Single-rider,12.0,20.0,19.0
2023-06-22,160,Monorail,12.0,20.0,99.0
2023-06-22,160,Nest!,,,99.0
2023-06-22,160,Pagode,5.0,5.0,100.0
2023-06-22,160,Piraña,11.0,30.0,98.0
2023-06-22,160,Python,22.0,40.0,96.0
2023-06-22,160,Python Single-rider,37.0,45.0,19.0
2023-06-22,160,Sirocco,,,0.0
2023-06-22,160,Stoomcarrousel,,,0.0
2023-06-22,160,Stoomtrein Marerijk,25.0,25.0,90.0
2023-06-22,160,Stoomtrein Ruigrijk,28.0,45.0,88.0
2023-06-22,160,Symbolica,22.0,30.0,98.0
2023-06-22,160,Symbolica Single-rider,5.0,10.0,98.0
2023-06-22,160,The Six Swans,5.0,5.0,100.0
2023-06-22,160,Villa Volta,9.0,20.0,100.0
2023-06-22,160,Vogel Rok,19.0,30.0,100.0
2023-06-22,160,Volkvanlaaf,,,99.0
2023-06-23,160,Anton Pieck Plein,,,99.0
2023-06-23,160,Archipel,,,100.0
2023-06-23,160,Badhuys indoor splash pool,,,38.0
2023-06-23,160,Baron 1898,45.0,60.0,99.0
2023-06-23,160,Baron 1898 Single-rider,35.0,45.0,99.0
2023-06-23,160,Carnaval Festival,21.0,35.0,100.0
2023-06-23,160,De Oude Tufferbaan,,,0.0
2023-06-23,160,De Vliegende Hollander,37.0,50.0,100.0
2023-06-23,160,De Vliegende Hollander Single-rider,27.0,35.0,80.0
2023-06-23,160,Diorama,,,99.0
2023-06-23,160,Droomvlucht,28.0,45.0,100.0
2023-06-23,160,Droomvlucht VR,,,100.0
2023-06-23,160,Efteling Museum,,,88.0
2023-06-23,160,Fabula,10.0,10.0,100.0
2023-06-23,160,Fairytale Forest,,,99.0
2023-06-23,160,Fata Morgana,17.0,40.0,100.0
2023-06-23,160,Gondoletta,23.0,30.0,100.0
2023-06-23,160,Halve Maen,,,0.0
2023-06-23,160,Joris en de Draak,35.0,50.0,100.0
2023-06-23,160,Joris en de Draak Single-rider,25.0,40.0,100.0
2023-06-23,160,Kinderspoor,14.0,20.0,99.0
2023-06-23,160,Kindervreugd,,,99.0
2023-06-23,160,Kleuterhof,,,100.0
2023-06-23,160,Max & Moritz,20.0,40.0,100.0
2023-06-23,160,Max & Moritz Single-rider,18.0,30.0,93.0
2023-06-23,160,Monorail,21.0,40.0,99.0
2023-06-23,160,Nest!,,,99.0
2023-06-23,160,Pagode,7.0,15.0,97.0
2023-06-23,160,Piraña,38.0,50.0,99.0
2023-06-23,160,Python,27.0,45.0,100.0
2023-06-23,160,Python Single-rider,32.0,50.0,74.0
2023-06-23,160,Sirocco,,,0.0
2023-06-23,160,Stoomcarrousel,,,0.0
2023-06-23,160,Stoomtrein Marerijk,28.0,45.0,99.0
2023-06-23,160,Stoomtrein Ruigrijk,32.0,45.0,90.0
2023-06-23,160,Symbolica,34.0,45.0,97.0
2023-06-23,160,Symbolica Single-rider,10.0,25.0,99.0
2023-06-23,160,The Six Swans,5.0,15.0,99.0
2023-06-23,160,Villa Volta,9.0,15.0,100.0
2023-06-23,160,Vogel Rok,25.0,40.0,100.0
2023-06-23,160,Volkvanlaaf,,,99.0
2023-06-24,160,Anton Pieck Plein,,,100.0
2023-06-24,160,Archipel,,,100.0
2023-06-24,160,Badhuys indoor splash pool,,,100.0
2023-06-24,160,Baron 1898,33.0,50.0,100.0
2023-06-24,160,Baron 1898 Single-rider,23.0,35.0,100.0
2023-06-24,160,Carnaval Festival,15.0,25.0,100.0
2023-06-24,160,De Oude Tufferbaan,,,0.0
2023-06-24,160,De Vliegende Hollander,33.0,50.0,99.0
2023-06-24,160,De Vliegende Hollander Single-rider,21.0,35.0,82.0
2023-06-24,160,Diorama,,,100.0
2023-06-24,160,Droomvlucht,23.0,40.0,100.0
2023-06-24,160,Droomvlucht VR,,,100.0
2023-06-24,160,Efteling Museum,,,88.0
2023-06-24,160,Fabula,10.0,10.0,100.0
2023-06-24,160,Fairytale Forest,,,100.0
2023-06-24,160,Fata Morgana,13.0,50.0,100.0
2023-06-24,160,Gondoletta,24.0,40.0,100.0
2023-06-24,160,Halve Maen,,,0.0
2023-06-24,160,Joris en de Draak,23.0,40.0,100.0
2023-06-24,160,Joris en de Draak Single-rider,14.0,35.0,100.0
2023-06-24,160,Kinderspoor,9.0,15.0,100.0
2023-06-24,160,Kindervreugd,,,100.0
2023-06-24,160,Kleuterhof,,,100.0
2023-06-24,160,Max & Moritz,14.0,40.0,93.0
2023-06-24,160,Max & Moritz Single-rider,7.0,30.0,75.0
2023-06-24,160,Monorail,15.0,30.0,100.0
2023-06-24,160,Nest!,,,100.0
2023-06-24,160,Pagode,5.0,10.0,100.0
2023-06-24,160,Piraña,38.0,55.0,100.0
2023-06-24,160,Python,15.0,35.0,100.0
2023-06-24,160,Python Single-rider,17.0,40.0,69.0
2023-06-24,160,Sirocco,9.0,15.0,87.0
2023-06-24,160,Stoomcarrousel,,,0.0
2023-06-24,160,Stoomtrein Marerijk,25.0,25.0,100.0
2023-06-24,160,Stoomtrein Ruigrijk,35.0,45.0,100.0
2023-06-24,160,Symbolica,30.0,45.0,100.0
2023-06-24,160,Symbolica Single-rider,6.0,10.0,100.0
2023-06-24,160,The Six Swans,5.0,10.0,100.0
2023-06-24,160,Villa Volta,7.0,10.0,100.0
2023-06-24,160,Vogel Rok,17.0,30.0,100.0
2023-06-24,160,Volkvanlaaf,,,100.0
2023-06-25,160,Anton Pieck Plein,,,100.0
2023-06-25,160,Archipel,,,100.0
2023-06-25,160,Badhuys indoor splash pool,,,100.0
2023-06-25,160,Baron 1898,20.0,40.0,100.0
2023-06-25,160,Baron 1898 Single-rider,15.0,35.0,100.0
2023-06-25,160,Carnaval Festival,6.0,15.0,100.0
2023-06-25,160,De Oude Tufferbaan,15.0,30.0,95.0
2023-06-25,160,De Vliegende Hollander,27.0,40.0,100.0
2023-06-25,160,De Vliegende Hollander Single-rider,17.0,25.0,79.0
2023-06-25,160,Diorama,,,100.0
2023-06-25,160,Droomvlucht,17.0,30.0,100.0
2023-06-25,160,Droomvlucht VR,,,100.0
2023-06-25,160,Efteling Museum,,,88.0
2023-06-25,160,Fabula,10.0,10.0,100.0
2023-06-25,160,Fairytale Forest,,,100.0
2023-06-25,160,Fata Morgana,8.0,35.0,100.0
2023-06-25,160,Gondoletta,14.0,25.0,87.0
2023-06-25,160,Halve Maen,,,0.0
2023-06-25,160,Joris en de Draak,20.0,55.0,100.0
2023-06-25,160,Joris en de Draak Single-rider,11.0,35.0,94.0
2023-06-25,160,Kinderspoor,5.0,5.0,96.0
2023-06-25,160,Kindervreugd,,,100.0
2023-06-25,160,Kleuterhof,,,100.0
2023-06-25,160,Max & Moritz,8.0,25.0,100.0
2023-06-25,160,Max & Moritz Single-rider,6.0,15.0,26.0
2023-06-25,160,Monorail,5.0,5.0,100.0
2023-06-25,160,Nest!,,,100.0
2023-06-25,160,Pagode,5.0,5.0,93.0
2023-06-25,160,Piraña,35.0,45.0,100.0
2023-06-25,160,Python,11.0,25.0,100.0
2023-06-25,160,Python Single-rider,7.0,25.0,72.0
2023-06-25,160,Sirocco,6.0,10.0,100.0
2023-06-25,160,Stoomcarrousel,,,0.0
2023-06-25,160,Stoomtrein Marerijk,25.0,25.0,100.0
2023-06-25,160,Stoomtrein Ruigrijk,28.0,45.0,100.0
2023-06-25,160,Symbolica,21.0,30.0,100.0
2023-06-25,160,Symbolica Single-rider,5.0,10.0,99.0
2023-06-25,160,The Six Swans,5.0,5.0,100.0
2023-06-25,160,Villa Volta,5.0,10.0,97.0
2023-06-25,160,Vogel Rok,8.0,15.0,100.0
2023-06-25,160,Volkvanlaaf,,,100.0
2023-06-26,160,Anton Pieck Plein,,,100.0
2023-06-26,160,Archipel,,,100.0
2023-06-26,160,Badhuys indoor splash pool,,,38.0
2023-06-26,160,Baron 1898,56.0,80.0,100.0
2023-06-26,160,Baron 1898 Single-rider,44.0,60.0,98.0
2023-06-26,160,Carnaval Festival,17.0,30.0,100.0
2023-06-26,160,De Oude Tufferbaan,22.0,35.0,100.0
2023-06-26,160,De Vliegende Hollander,41.0,55.0,100.0
2023-06-26,160,De Vliegende Hollander Single-rider,30.0,45.0,81.0
2023-06-26,160,Diorama,,,100.0
2023-06-26,160,Droomvlucht,38.0,50.0,100.0
2023-06-26,160,Droomvlucht VR,,,100.0
2023-06-26,160,Efteling Museum,,,87.0
2023-06-26,160,Fabula,10.0,10.0,100.0
2023-06-26,160,Fairytale Forest,,,100.0
2023-06-26,160,Fata Morgana,19.0,40.0,100.0
2023-06-26,160,Gondoletta,21.0,25.0,33.0
2023-06-26,160,Halve Maen,,,0.0
2023-06-26,160,Joris en de Draak,45.0,60.0,71.0
2023-06-26,160,Joris en de Draak Single-rider,32.0,50.0,69.0
2023-06-26,160,Kinderspoor,10.0,10.0,100.0
2023-06-26,160,Kindervreugd,,,100.0
2023-06-26,160,Kleuterhof,,,100.0
2023-06-26,160,Max & Moritz,24.0,45.0,100.0
2023-06-26,160,Max & Moritz Single-rider,17.0,20.0,38.0
2023-06-26,160,Monorail,17.0,30.0,100.0
2023-06-26,160,Nest!,,,100.0
2023-06-26,160,Pagode,6.0,10.0,100.0
2023-06-26,160,Piraña,40.0,60.0,100.0
2023-06-26,160,Python,36.0,50.0,97.0
2023-06-26,160,Python Single-rider,42.0,60.0,87.0
2023-06-26,160,Sirocco,15.0,25.0,100.0
2023-06-26,160,Stoomcarrousel,,,0.0
2023-06-26,160,Stoomtrein Marerijk,25.0,25.0,100.0
2023-06-26,160,Stoomtrein Ruigrijk,25.0,25.0,100.0
2023-06-26,160,Symbolica,35.0,45.0,100.0
2023-06-26,160,Symbolica Single-rider,16.0,25.0,100.0
2023-06-26,160,The Six Swans,7.0,15.0,100.0
2023-06-26,160,Villa Volta,16.0,30.0,100.0
2023-06-26,160,Vogel Rok,33.0,50.0,100.0
2023-06-26,160,Volkvanlaaf,,,100.0
2023-06-27,160,Anton Pieck Plein,,,100.0
2023-06-27,160,Archipel,,,100.0
2023-06-27,160,Badhuys indoor splash pool,,,37.0
2023-06-27,160,Baron 1898,50.0,80.0,100.0
2023-06-27,160,Baron 1898 Single-rider,42.0,60.0,95.0
2023-06-27,160,Carnaval Festival,10.0,20.0,100.0
2023-06-27,160,De Oude Tufferbaan,16.0,25.0,100.0
2023-06-27,160,De Vliegende Hollander,40.0,50.0,99.0
2023-06-27,160,De Vliegende Hollander Single-rider,31.0,50.0,70.0
2023-06-27,160,Diorama,,,100.0
2023-06-27,160,Droomvlucht,27.0,55.0,100.0
2023-06-27,160,Droomvlucht VR,,,100.0
2023-06-27,160,Efteling Museum,,,87.0
2023-06-27,160,Fabula,9.0,10.0,100.0
2023-06-27,160,Fairytale Forest,,,100.0
2023-06-27,160,Fata Morgana,15.0,40.0,100.0
2023-06-27,160,Gondoletta,18.0,25.0,100.0
2023-06-27,160,Halve Maen,,,0.0
2023-06-27,160,Joris en de Draak,42.0,60.0,87.0
2023-06-27,160,Joris en de Draak Single-rider,31.0,45.0,86.0
2023-06-27,160,Kinderspoor,5.0,5.0,100.0
2023-06-27,160,Kindervreugd,,,100.0
2023-06-27,160,Kleuterhof,,,100.0
2023-06-27,160,Max & Moritz,20.0,40.0,78.0
2023-06-27,160,Max & Moritz Single-rider,21.0,35.0,6.0
2023-06-27,160,Monorail,12.0,30.0,100.0
2023-06-27,160,Nest!,,,100.0
2023-06-27,160,Pagode,6.0,10.0,100.0
2023-06-27,160,Piraña,27.0,40.0,100.0
2023-06-27,160,Python,33.0,55.0,97.0
2023-06-27,160,Python Single-rider,39.0,55.0,82.0
2023-06-27,160,Sirocco,11.0,20.0,100.0
2023-06-27,160,Stoomcarrousel,,,0.0
2023-06-27,160,Stoomtrein Marerijk,25.0,25.0,100.0
2023-06-27,160,Stoomtrein Ruigrijk,25.0,25.0,100.0
2023-06-27,160,Symbolica,30.0,40.0,92.0
2023-06-27,160,Symbolica Single-rider,8.0,20.0,92.0
2023-06-27,160,The Six Swans,5.0,5.0,100.0
2023-06-27,160,Villa Volta,12.0,25.0,100.0
2023-06-27,160,Vogel Rok,29.0,45.0,100.0
2023-06-27,160,Volkvanlaaf,,,100.0
2023-06-28,160,Anton Pieck Plein,,,99.0
2023-06-28,160,Archipel,,,0.0
2023-06-28,160,Badhuys indoor splash pool,,,38.0
2023-06-28,160,Baron 1898,39.0,55.0,100.0
2023-06-28,160,Baron 1898 Single-rider,31.0,50.0,99.0
2023-06-28,160,Carnaval Festival,10.0,15.0,100.0
2023-06-28,160,De Oude Tufferbaan,16.0,25.0,99.0
2023-06-28,160,De Vliegende Hollander,34.0,45.0,99.0
2023-06-28,160,De Vliegende Hollander Single-rider,23.0,30.0,78.0
2023-06-28,160,Diorama,,,99.0
2023-06-28,160,Droomvlucht,24.0,35.0,100.0
2023-06-28,160,Droomvlucht VR,,,100.0
2023-06-28,160,Efteling Museum,,,87.0
2023-06-28,160,Fabula,10.0,10.0,99.0
2023-06-28,160,Fairytale Forest,,,99.0
2023-06-28,160,Fata Morgana,11.0,40.0,100.0
2023-06-28,160,Gondoletta,16.0,25.0,99.0
2023-06-28,160,Halve Maen,,,0.0
2023-06-28,160,Joris en de Draak,38.0,50.0,86.0
2023-06-28,160,Joris en de Draak Single-rider,26.0,40.0,87.0
2023-06-28,160,Kinderspoor,,,99.0
2023-06-28,160,Kindervreugd,,,99.0
2023-06-28,160,Kleuterhof,,,100.0
2023-06-28,160,Max & Moritz,13.0,30.0,98.0
2023-06-28,160,Max & Moritz Single-rider,11.0,25.0,55.0
2023-06-28,160,Monorail,17.0,25.0,99.0
2023-06-28,160,Nest!,,,99.0
2023-06-28,160,Pagode,5.0,10.0,99.0
2023-06-28,160,Piraña,21.0,30.0,95.0
2023-06-28,160,Python,27.0,40.0,99.0
2023-06-28,160,Python Single-rider,26.0,35.0,87.0
2023-06-28,160,Sirocco,10.0,20.0,100.0
2023-06-28,160,Stoomcarrousel,,,0.0
2023-06-28,160,Stoomtrein Marerijk,25.0,25.0,98.0
2023-06-28,160,Stoomtrein Ruigrijk,25.0,25.0,98.0
2023-06-28,160,Symbolica,25.0,30.0,99.0
2023-06-28,160,Symbolica Single-rider,5.0,10.0,99.0
2023-06-28,160,The Six Swans,12.0,15.0,99.0
2023-06-28,160,Villa Volta,8.0,15.0,100.0
2023-06-28,160,Vogel Rok,29.0,60.0,100.0
2023-06-28,160,Volkvanlaaf,,,99.0
2023-06-29,160,Anton Pieck Plein,,,99.0
2023-06-29,160,Archipel,,,100.0
2023-06-29,160,Badhuys indoor splash pool,,,37.0
2023-06-29,160,Baron 1898,50.0,90.0,100.0
2023-06-29,160,Baron 1898 Single-rider,39.0,60.0,100.0
2023-06-29,160,Carnaval Festival,11.0,20.0,100.0
2023-06-29,160,De Oude Tufferbaan,15.0,20.0,97.0
2023-06-29,160,De Vliegende Hollander,37.0,45.0,100.0
2023-06-29,160,De Vliegende Hollander Single-rider,25.0,40.0,18.0
2023-06-29,160,Diorama,,,99.0
2023-06-29,160,Droomvlucht,27.0,45.0,100.0
2023-06-29,160,Droomvlucht VR,,,100.0
2023-06-29,160,Efteling Museum,,,88.0
2023-06-29,160,Fabula,10.0,10.0,99.0
2023-06-29,160,Fairytale Forest,,,99.0
2023-06-29,160,Fata Morgana,10.0,35.0,100.0
2023-06-29,160,Gondoletta,13.0,30.0,99.0
2023-06-29,160,Halve Maen,,,0.0
2023-06-29,160,Joris en de Draak,36.0,55.0,98.0
2023-06-29,160,Joris en de Draak Single-rider,26.0,45.0,100.0
2023-06-29,160,Kinderspoor,,,99.0
2023-06-29,160,Kindervreugd,,,99.0
2023-06-29,160,Kleuterhof,,,100.0
2023-06-29,160,Max & Moritz,12.0,30.0,100.0
2023-06-29,160,Max & Moritz Single-rider,,,0.0
2023-06-29,160,Monorail,14.0,20.0,99.0
2023-06-29,160,Nest!,,,99.0
2023-06-29,160,Pagode,5.0,5.0,99.0
2023-06-29,160,Piraña,24.0,40.0,99.0
2023-06-29,160,Python,30.0,45.0,97.0
2023-06-29,160,Python Single-rider,43.0,70.0,15.0
2023-06-29,160,Sirocco,8.0,15.0,100.0
2023-06-29,160,Stoomcarrousel,,,0.0
2023-06-29,160,Stoomtrein Marerijk,25.0,25.0,68.0
2023-06-29,160,Stoomtrein Ruigrijk,27.0,50.0,68.0
2023-06-29,160,Symbolica,24.0,35.0,98.0
2023-06-29,160,Symbolica Single-rider,7.0,15.0,98.0
2023-06-29,160,The Six Swans,8.0,10.0,99.0
2023-06-29,160,Villa Volta,11.0,25.0,100.0
2023-06-29,160,Vogel Rok,29.0,45.0,100.0
2023-06-29,160,Volkvanlaaf,,,99.0
2023-06-30,160,Anton Pieck Plein,,,99.0
2023-06-30,160,Archipel,,,100.0
2023-06-30,160,Badhuys indoor splash pool,,,58.0
2023-06-30,160,Baron 1898,31.0,60.0,99.0
2023-06-30,160,Baron 1898 Single-rider,24.0,50.0,98.0
2023-06-30,160,Carnaval Festival,8.0,15.0,100.0
2023-06-30,160,De Oude Tufferbaan,12.0,30.0,99.0
2023-06-30,160,De Vliegende Hollander,30.0,45.0,100.0
2023-06-30,160,De Vliegende Hollander Single-rider,,,0.0
2023-06-30,160,Diorama,,,99.0
2023-06-30,160,Droomvlucht,15.0,30.0,100.0
2023-06-30,160,Droomvlucht VR,,,100.0
2023-06-30,160,Efteling Museum,,,91.0
2023-06-30,160,Fabula,10.0,10.0,100.0
2023-06-30,160,Fairytale Forest,,,99.0
2023-06-30,160,Fata Morgana,7.0,30.0,100.0
2023-06-30,160,Gondoletta,17.0,25.0,96.0
2023-06-30,160,Halve Maen,,,1.0
2023-06-30,160,Joris en de Draak,24.0,50.0,79.0
2023-06-30,160,Joris en de Draak Single-rider,15.0,35.0,75.0
2023-06-30,160,Kinderspoor,6.0,10.0,99.0
2023-06-30,160,Kindervreugd,,,99.0
2023-06-30,160,Kleuterhof,,,100.0
2023-06-30,160,Max & Moritz,10.0,40.0,100.0
2023-06-30,160,Max & Moritz Single-rider,10.0,30.0,18.0
2023-06-30,160,Monorail,8.0,25.0,99.0
2023-06-30,160,Nest!,,,99.0
2023-06-30,160,Pagode,5.0,5.0,98.0
2023-06-30,160,Piraña,16.0,35.0,99.0
2023-06-30,160,Python,19.0,40.0,99.0
2023-06-30,160,Python Single-rider,10.0,15.0,4.0
2023-06-30,160,Sirocco,7.0,15.0,100.0
2023-06-30,160,Stoomcarrousel,,,0.0
2023-06-30,160,Stoomtrein Marerijk,25.0,25.0,99.0
2023-06-30,160,Stoomtrein Ruigrijk,25.0,25.0,99.0
2023-06-30,160,Symbolica,18.0,30.0,99.0
2023-06-30,160,Symbolica Single-rider,5.0,10.0,99.0
2023-06-30,160,The Six Swans,5.0,10.0,92.0
2023-06-30,160,Villa Volta,5.0,10.0,97.0
2023-06-30,160,Vogel Rok,15.0,35.0,100.0
2023-06-30,160,Volkvanlaaf,,,99.0
2023-07-01,160,Anton Pieck Plein,,,100.0
2023-07-01,160,Archipel,,,100.0
2023-07-01,160,Badhuys indoor splash pool,,,100.0
2023-07-01,160,Baron 1898,29.0,45.0,98.0
2023-07-01,160,Baron 1898 Single-rider,22.0,40.0,97.0
2023-07-01,160,Carnaval Festival,13.0,25.0,97.0
2023-07-01,160,De Oude Tufferbaan,13.0,25.0,55.0
2023-07-01,160,De Vliegende Hollander,25.0,35.0,100.0
2023-07-01,160,De Vliegende Hollander Single-rider,15.0,25.0,71.0
2023-07-01,160,Diorama,,,100.0
2023-07-01,160,Droomvlucht,22.0,45.0,100.0
2023-07-01,160,Droomvlucht VR,,,100.0
2023-07-01,160,Efteling Museum,,,92.0
2023-07-01,160,Fabula,10.0,10.0,100.0
2023-07-01,160,Fairytale Forest,,,100.0
2023-07-01,160,Fata Morgana,13.0,40.0,100.0
2023-07-01,160,Gondoletta,16.0,30.0,83.0
2023-07-01,160,Halve Maen,,,0.0
2023-07-01,160,Joris en de Draak,36.0,55.0,99.0
2023-07-01,160,Joris en de Draak Single-rider,22.0,50.0,98.0
2023-07-01,160,Kinderspoor,5.0,5.0,100.0
2023-07-01,160,Kindervreugd,,,100.0
2023-07-01,160,Kleuterhof,,,100.0
2023-07-01,160,Max & Moritz,11.0,30.0,100.0
2023-07-01,160,Max & Moritz Single-rider,9.0,25.0,56.0
2023-07-01,160,Monorail,16.0,25.0,100.0
2023-07-01,160,Nest!,,,100.0
2023-07-01,160,Pagode,6.0,20.0,88.0
2023-07-01,160,Piraña,8.0,20.0,100.0
2023-07-01,160,Python,14.0,30.0,95.0
2023-07-01,160,Python Single-rider,14.0,30.0,67.0
2023-07-01,160,Sirocco,9.0,15.0,100.0
2023-07-01,160,Stoomcarrousel,,,0.0
2023-07-01,160,Stoomtrein Marerijk,30.0,50.0,98.0
2023-07-01,160,Stoomtrein Ruigrijk,32.0,50.0,98.0
2023-07-01,160,Symbolica,27.0,40.0,99.0
2023-07-01,160,Symbolica Single-rider,6.0,15.0,99.0
2023-07-01,160,The Six Swans,11.0,20.0,100.0
2023-07-01,160,Villa Volta,8.0,20.0,100.0
2023-07-01,160,Vogel Rok,17.0,40.0,100.0
2023-07-01,160,Volkvanlaaf,,,100.0
2023-07-02,160,Anton Pieck Plein,,,100.0
2023-07-02,160,Archipel,,,100.0
2023-07-02,160,Badhuys indoor splash pool,,,100.0
2023-07-02,160,Baron 1898,25.0,50.0,100.0
2023-07-02,160,Baron 1898 Single-rider,20.0,30.0,100.0
2023-07-02,160,Carnaval Festival,14.0,30.0,100.0
2023-07-02,160,De Oude Tufferbaan,20.0,30.0,100.0
2023-07-02,160,De Vliegende Hollander,32.0,45.0,100.0
2023-07-02,160,De Vliegende Hollander Single-rider,17.0,30.0,68.0
2023-07-02,160,Diorama,,,100.0
2023-07-02,160,Droomvlucht,28.0,40.0,100.0
2023-07-02,160,Droomvlucht VR,,,100.0
2023-07-02,160,Efteling Museum,,,91.0
2023-07-02,160,Fabula,10.0,10.0,100.0
2023-07-02,160,Fairytale Forest,,,100.0
2023-07-02,160,Fata Morgana,14.0,45.0,100.0
2023-07-02,160,Gondoletta,22.0,30.0,100.0
2023-07-02,160,Halve Maen,,,0.0
2023-07-02,160,Joris en de Draak,38.0,65.0,94.0
2023-07-02,160,Joris en de Draak Single-rider,24.0,45.0,93.0
2023-07-02,160,Kinderspoor,11.0,20.0,100.0
2023-07-02,160,Kindervreugd,,,100.0
2023-07-02,160,Kleuterhof,,,100.0
2023-07-02,160,Max & Moritz,14.0,35.0,100.0
2023-07-02,160,Max & Moritz Single-rider,8.0,10.0,64.0
2023-07-02,160,Monorail,18.0,30.0,100.0
2023-07-02,160,Nest!,,,100.0
2023-07-02,160,Pagode,5.0,5.0,26.0
2023-07-02,160,Piraña,20.0,35.0,100.0
2023-07-02,160,Python,16.0,30.0,99.0
2023-07-02,160,Python Single-rider,16.0,30.0,68.0
2023-07-02,160,Sirocco,11.0,20.0,100.0
2023-07-02,160,Stoomcarrousel,,,0.0
2023-07-02,160,Stoomtrein Marerijk,27.0,40.0,84.0
2023-07-02,160,Stoomtrein Ruigrijk,27.0,40.0,80.0
2023-07-02,160,Symbolica,29.0,80.0,99.0
2023-07-02,160,Symbolica Single-rider,7.0,10.0,99.0
2023-07-02,160,The Six Swans,6.0,10.0,100.0
2023-07-02,160,Villa Volta,9.0,20.0,100.0
2023-07-02,160,Vogel Rok,19.0,35.0,100.0
2023-07-02,160,Volkvanlaaf,,,100.0
2023-07-03,160,Anton Pieck Plein,,,99.0
2023-07-03,160,Archipel,,,100.0
2023-07-03,160,Badhuys indoor splash pool,,,100.0
2023-07-03,160,Baron 1898,42.0,65.0,100.0
2023-07-03,160,Baron 1898 Single-rider,22.0,35.0,31.0
2023-07-03,160,Carnaval Festival,14.0,25.0,100.0
2023-07-03,160,De Oude Tufferbaan,14.0,30.0,99.0
2023-07-03,160,De Vliegende Hollander,34.0,50.0,100.0
2023-07-03,160,De Vliegende Hollander Single-rider,15.0,35.0,10.0
2023-07-03,160,Diorama,,,99.0
2023-07-03,160,Droomvlucht,26.0,45.0,100.0
2023-07-03,160,Droomvlucht VR,,,100.0
2023-07-03,160,Efteling Museum,,,90.0
2023-07-03,160,Fabula,10.0,10.0,99.0
2023-07-03,160,Fairytale Forest,,,99.0
2023-07-03,160,Fata Morgana,13.0,40.0,100.0
2023-07-03,160,Gondoletta,17.0,25.0,99.0
2023-07-03,160,Halve Maen,,,0.0
2023-07-03,160,Joris en de Draak,47.0,70.0,82.0
2023-07-03,160,Joris en de Draak Single-rider,30.0,55.0,81.0
2023-07-03,160,Kinderspoor,,,99.0
2023-07-03,160,Kindervreugd,,,99.0
2023-07-03,160,Kleuterhof,,,99.0
2023-07-03,160,Max & Moritz,15.0,40.0,100.0
2023-07-03,160,Max & Moritz Single-rider,16.0,25.0,40.0
2023-07-03,160,Monorail,13.0,30.0,99.0
2023-07-03,160,Nest!,,,99.0
2023-07-03,160,Pagode,6.0,10.0,97.0
2023-07-03,160,Piraña,19.0,30.0,99.0
2023-07-03,160,Python,25.0,40.0,100.0
2023-07-03,160,Python Single-rider,33.0,50.0,77.0
2023-07-03,160,Sirocco,10.0,20.0,100.0
2023-07-03,160,Stoomcarrousel,,,0.0
2023-07-03,160,Stoomtrein Marerijk,32.0,40.0,98.0
2023-07-03,160,Stoomtrein Ruigrijk,26.0,30.0,98.0
2023-07-03,160,Symbolica,28.0,40.0,99.0
2023-07-03,160,Symbolica Single-rider,7.0,15.0,99.0
2023-07-03,160,The Six Swans,7.0,15.0,99.0
2023-07-03,160,Villa Volta,12.0,30.0,100.0
2023-07-03,160,Vogel Rok,23.0,40.0,100.0
2023-07-03,160,Volkvanlaaf,,,99.0
2023-07-04,160,Anton Pieck Plein,,,99.0
2023-07-04,160,Archipel,,,100.0
2023-07-04,160,Badhuys indoor splash pool,,,100.0
2023-07-04,160,Baron 1898,36.0,60.0,100.0
2023-07-04,160,Baron 1898 Single-rider,26.0,45.0,100.0
2023-07-04,160,Carnaval Festival,6.0,10.0,97.0
2023-07-04,160,De Oude Tufferbaan,9.0,20.0,99.0
2023-07-04,160,De Vliegende Hollander,32.0,40.0,96.0
2023-07-04,160,De Vliegende Hollander Single-rider,16.0,35.0,12.0
2023-07-04,160,Diorama,,,99.0
2023-07-04,160,Droomvlucht,15.0,35.0,100.0
2023-07-04,160,Droomvlucht VR,,,100.0
2023-07-04,160,Efteling Museum,,,91.0
2023-07-04,160,Fabula,10.0,10.0,99.0
2023-07-04,160,Fairytale Forest,,,99.0
2023-07-04,160,Fata Morgana,9.0,35.0,100.0
2023-07-04,160,Gondoletta,13.0,25.0,97.0
2023-07-04,160,Halve Maen,,,0.0
2023-07-04,160,Joris en de Draak,38.0,55.0,99.0
2023-07-04,160,Joris en de Draak Single-rider,23.0,50.0,99.0
2023-07-04,160,Kinderspoor,5.0,5.0,99.0
2023-07-04,160,Kindervreugd,,,99.0
2023-07-04,160,Kleuterhof,,,100.0
2023-07-04,160,Max & Moritz,9.0,30.0,100.0
2023-07-04,160,Max & Moritz Single-rider,9.0,10.0,13.0
2023-07-04,160,Monorail,8.0,20.0,99.0
2023-07-04,160,Nest!,,,99.0
2023-07-04,160,Pagode,5.0,5.0,99.0
2023-07-04,160,Piraña,15.0,30.0,99.0
2023-07-04,160,Python,22.0,35.0,87.0
2023-07-04,160,Python Single-rider,23.0,45.0,74.0
2023-07-04,160,Sirocco,7.0,10.0,100.0
2023-07-04,160,Stoomcarrousel,,,0.0
2023-07-04,160,Stoomtrein Marerijk,25.0,25.0,96.0
2023-07-04,160,Stoomtrein Ruigrijk,25.0,25.0,95.0
2023-07-04,160,Symbolica,19.0,30.0,99.0
2023-07-04,160,Symbolica Single-rider,5.0,15.0,99.0
2023-07-04,160,The Six Swans,5.0,10.0,100.0
2023-07-04,160,Villa Volta,9.0,20.0,100.0
2023-07-04,160,Vogel Rok,20.0,40.0,100.0
2023-07-04,160,Volkvanlaaf,,,99.0
2023-07-05,160,Anton Pieck Plein,,,99.0
2023-07-05,160,Archipel,,,100.0
2023-07-05,160,Badhuys indoor splash pool,,,100.0
2023-07-05,160,Baron 1898,44.0,80.0,37.0
2023-07-05,160,Baron 1898 Single-rider,31.0,60.0,37.0
2023-07-05,160,Carnaval Festival,7.0,15.0,100.0
2023-07-05,160,De Oude Tufferbaan,10.0,20.0,99.0
2023-07-05,160,De Vliegende Hollander,36.0,55.0,81.0
2023-07-05,160,De Vliegende Hollander Single-rider,,,0.0
2023-07-05,160,Diorama,,,99.0
2023-07-05,160,Droomvlucht,17.0,40.0,100.0
2023-07-05,160,Droomvlucht VR,,,100.0
2023-07-05,160,Efteling Museum,,,90.0
2023-07-05,160,Fabula,10.0,10.0,99.0
2023-07-05,160,Fairytale Forest,,,99.0
2023-07-05,160,Fata Morgana,9.0,30.0,95.0
2023-07-05,160,Gondoletta,11.0,20.0,99.0
2023-07-05,160,Halve Maen,,,0.0
2023-07-05,160,Joris en de Draak,44.0,70.0,90.0
2023-07-05,160,Joris en de Draak Single-rider,27.0,50.0,87.0
2023-07-05,160,Kinderspoor,5.0,5.0,99.0
2023-07-05,160,Kindervreugd,,,99.0
2023-07-05,160,Kleuterhof,,,99.0
2023-07-05,160,Max & Moritz,9.0,25.0,100.0
2023-07-05,160,Max & Moritz Single-rider,,,0.0
2023-07-05,160,Monorail,10.0,25.0,99.0
2023-07-05,160,Nest!,,,99.0
2023-07-05,160,Pagode,5.0,10.0,65.0
2023-07-05,160,Piraña,10.0,20.0,100.0
2023-07-05,160,Python,27.0,45.0,34.0
2023-07-05,160,Python Single-rider,24.0,40.0,13.0
2023-07-05,160,Sirocco,8.0,15.0,100.0
2023-07-05,160,Stoomcarrousel,,,0.0
2023-07-05,160,Stoomtrein Marerijk,25.0,25.0,89.0
2023-07-05,160,Stoomtrein Ruigrijk,25.0,25.0,81.0
2023-07-05,160,Symbolica,15.0,40.0,99.0
2023-07-05,160,Symbolica Single-rider,5.0,15.0,99.0
2023-07-05,160,The Six Swans,,,99.0
2023-07-05,160,Villa Volta,8.0,20.0,83.0
2023-07-05,160,Vogel Rok,23.0,40.0,100.0
2023-07-05,160,Volkvanlaaf,,,99.0
2023-07-06,160,Anton Pieck Plein,,,100.0
2023-07-06,160,Archipel,,,100.0
2023-07-06,160,Badhuys indoor splash pool,,,100.0
2023-07-06,160,Baron 1898,49.0,70.0,100.0
2023-07-06,160,Baron 1898 Single-rider,31.0,50.0,72.0
2023-07-06,160,Carnaval Festival,12.0,20.0,100.0
2023-07-06,160,De Oude Tufferbaan,15.0,25.0,97.0
2023-07-06,160,De Vliegende Hollander,42.0,60.0,96.0
2023-07-06,160,De Vliegende Hollander Single-rider,,,0.0
2023-07-06,160,Diorama,,,100.0
2023-07-06,160,Droomvlucht,22.0,50.0,100.0
2023-07-06,160,Droomvlucht VR,,,100.0
2023-07-06,160,Efteling Museum,,,90.0
2023-07-06,160,Fabula,10.0,10.0,100.0
2023-07-06,160,Fairytale Forest,,,100.0
2023-07-06,160,Fata Morgana,13.0,45.0,100.0
2023-07-06,160,Gondoletta,23.0,40.0,100.0
2023-07-06,160,Halve Maen,,,0.0
2023-07-06,160,Joris en de Draak,41.0,60.0,90.0
2023-07-06,160,Joris en de Draak Single-rider,29.0,45.0,90.0
2023-07-06,160,Kinderspoor,5.0,10.0,100.0
2023-07-06,160,Kindervreugd,,,100.0
2023-07-06,160,Kleuterhof,,,100.0
2023-07-06,160,Max & Moritz,17.0,40.0,100.0
2023-07-06,160,Max & Moritz Single-rider,,,0.0
2023-07-06,160,Monorail,14.0,30.0,100.0
2023-07-06,160,Nest!,,,100.0
2023-07-06,160,Pagode,5.0,15.0,100.0
2023-07-06,160,Piraña,30.0,45.0,100.0
2023-07-06,160,Python,30.0,45.0,100.0
2023-07-06,160,Python Single-rider,33.0,50.0,81.0
2023-07-06,160,Sirocco,10.0,20.0,100.0
2023-07-06,160,Stoomcarrousel,,,0.0
2023-07-06,160,Stoomtrein Marerijk,38.0,45.0,100.0
2023-07-06,160,Stoomtrein Ruigrijk,39.0,45.0,100.0
2023-07-06,160,Symbolica,23.0,40.0,100.0
2023-07-06,160,Symbolica Single-rider,8.0,20.0,100.0
2023-07-06,160,The Six Swans,7.0,15.0,100.0
2023-07-06,160,Villa Volta,11.0,20.0,100.0
2023-07-06,160,Vogel Rok,27.0,40.0,100.0
2023-07-06,160,Volkvanlaaf,,,100.0
2023-07-07,160,Anton Pieck Plein,,,100.0
2023-07-07,160,Archipel,,,100.0
2023-07-07,160,Badhuys indoor splash pool,,,100.0
2023-07-07,160,Baron 1898,29.0,60.0,98.0
2023-07-07,160,Baron 1898 Single-rider,23.0,45.0,98.0
2023-07-07,160,Carnaval Festival,5.0,10.0,100.0
2023-07-07,160,De Oude Tufferbaan,11.0,25.0,100.0
2023-07-07,160,De Vliegende Hollander,29.0,45.0,97.0
2023-07-07,160,De Vliegende Hollander Single-rider,16.0,35.0,82.0
2023-07-07,160,Diorama,,,100.0
2023-07-07,160,Droomvlucht,14.0,30.0,97.0
2023-07-07,160,Droomvlucht VR,,,100.0
2023-07-07,160,Efteling Museum,,,91.0
2023-07-07,160,Fabula,10.0,10.0,100.0
2023-07-07,160,Fairytale Forest,,,100.0
2023-07-07,160,Fata Morgana,6.0,25.0,100.0
2023-07-07,160,Gondoletta,16.0,30.0,95.0
2023-07-07,160,Halve Maen,10.0,20.0,40.0
2023-07-07,160,Joris en de Draak,30.0,65.0,87.0
2023-07-07,160,Joris en de Draak Single-rider,18.0,40.0,88.0
2023-07-07,160,Kinderspoor,,,100.0
2023-07-07,160,Kindervreugd,,,100.0
2023-07-07,160,Kleuterhof,,,100.0
2023-07-07,160,Max & Moritz,7.0,25.0,100.0
2023-07-07,160,Max & Moritz Single-rider,13.0,25.0,6.0
2023-07-07,160,Monorail,14.0,25.0,100.0
2023-07-07,160,Nest!,,,100.0
2023-07-07,160,Pagode,5.0,5.0,100.0
2023-07-07,160,Piraña,24.0,45.0,100.0
2023-07-07,160,Python,15.0,35.0,97.0
2023-07-07,160,Python Single-rider,16.0,35.0,59.0
2023-07-07,160,Sirocco,5.0,15.0,100.0
2023-07-07,160,Stoomcarrousel,,,0.0
2023-07-07,160,Stoomtrein Marerijk,30.0,45.0,100.0
2023-07-07,160,Stoomtrein Ruigrijk,29.0,50.0,100.0
2023-07-07,160,Symbolica,17.0,30.0,99.0
2023-07-07,160,Symbolica Single-rider,5.0,10.0,99.0
2023-07-07,160,The Six Swans,7.0,10.0,100.0
2023-07-07,160,Villa Volta,7.0,25.0,100.0
2023-07-07,160,Vogel Rok,14.0,35.0,100.0
2023-07-07,160,Volkvanlaaf,,,100.0
2023-07-08,160,Anton Pieck Plein,,,99.0
2023-07-08,160,Archipel,,,100.0
2023-07-08,160,Badhuys indoor splash pool,,,100.0
2023-07-08,160,Baron 1898,22.0,40.0,100.0
2023-07-08,160,Baron 1898 Single-rider,17.0,40.0,99.0
2023-07-08,160,Carnaval Festival,11.0,20.0,99.0
2023-07-08,160,De Oude Tufferbaan,14.0,25.0,99.0
2023-07-08,160,De Vliegende Hollander,28.0,40.0,100.0
2023-07-08,160,De Vliegende Hollander Single-rider,16.0,30.0,81.0
2023-07-08,160,Diorama,,,99.0
2023-07-08,160,Droomvlucht,21.0,35.0,97.0
2023-07-08,160,Droomvlucht VR,,,97.0
2023-07-08,160,Efteling Museum,,,91.0
2023-07-08,160,Fabula,7.0,10.0,91.0
2023-07-08,160,Fairytale Forest,,,99.0
2023-07-08,160,Fata Morgana,10.0,40.0,100.0
2023-07-08,160,Gondoletta,20.0,40.0,68.0
2023-07-08,160,Halve Maen,7.0,15.0,98.0
2023-07-08,160,Joris en de Draak,20.0,35.0,100.0
2023-07-08,160,Joris en de Draak Single-rider,11.0,30.0,99.0
2023-07-08,160,Kinderspoor,5.0,5.0,99.0
2023-07-08,160,Kindervreugd,,,99.0
2023-07-08,160,Kleuterhof,,,100.0
2023-07-08,160,Max & Moritz,9.0,30.0,100.0
2023-07-08,160,Max & Moritz Single-rider,7.0,10.0,20.0
2023-07-08,160,Monorail,16.0,20.0,99.0
2023-07-08,160,Nest!,,,99.0
2023-07-08,160,Pagode,5.0,10.0,94.0
2023-07-08,160,Piraña,32.0,50.0,100.0
2023-07-08,160,Python,9.0,25.0,100.0
2023-07-08,160,Python Single-rider,12.0,20.0,52.0
2023-07-08,160,Sirocco,7.0,20.0,100.0
2023-07-08,160,Stoomcarrousel,,,0.0
2023-07-08,160,Stoomtrein Marerijk,31.0,40.0,82.0
2023-07-08,160,Stoomtrein Ruigrijk,36.0,50.0,82.0
2023-07-08,160,Symbolica,22.0,35.0,99.0
2023-07-08,160,Symbolica Single-rider,5.0,10.0,99.0
2023-07-08,160,The Six Swans,7.0,10.0,100.0
2023-07-08,160,Villa Volta,5.0,15.0,100.0
2023-07-08,160,Vogel Rok,15.0,30.0,100.0
2023-07-08,160,Volkvanlaaf,,,99.0
2023-07-09,160,Anton Pieck Plein,,,92.0
2023-07-09,160,Archipel,,,93.0
2023-07-09,160,Badhuys indoor splash pool,,,100.0
2023-07-09,160,Baron 1898,16.0,40.0,92.0
2023-07-09,160,Baron 1898 Single-rider,11.0,30.0,91.0
2023-07-09,160,Carnaval Festival,5.0,10.0,100.0
2023-07-09,160,De Oude Tufferbaan,12.0,30.0,84.0
2023-07-09,160,De Vliegende Hollander,20.0,45.0,93.0
2023-07-09,160,De Vliegende Hollander Single-rider,11.0,30.0,72.0
2023-07-09,160,Diorama,,,99.0
2023-07-09,160,Droomvlucht,11.0,30.0,78.0
2023-07-09,160,Droomvlucht VR,,,78.0
2023-07-09,160,Efteling Museum,,,91.0
2023-07-09,160,Fabula,10.0,10.0,99.0
2023-07-09,160,Fairytale Forest,,,99.0
2023-07-09,160,Fata Morgana,6.0,15.0,100.0
2023-07-09,160,Gondoletta,12.0,25.0,81.0
2023-07-09,160,Halve Maen,6.0,20.0,91.0
2023-07-09,160,Joris en de Draak,19.0,45.0,82.0
2023-07-09,160,Joris en de Draak Single-rider,10.0,25.0,81.0
2023-07-09,160,Kinderspoor,5.0,10.0,92.0
2023-07-09,160,Kindervreugd,,,99.0
2023-07-09,160,Kleuterhof,,,99.0
2023-07-09,160,Max & Moritz,6.0,20.0,92.0
2023-07-09,160,Max & Moritz Single-rider,5.0,5.0,19.0
2023-07-09,160,Monorail,5.0,5.0,92.0
2023-07-09,160,Nest!,,,99.0
2023-07-09,160,Pagode,5.0,5.0,94.0
2023-07-09,160,Piraña,21.0,45.0,87.0
2023-07-09,160,Python,9.0,20.0,93.0
2023-07-09,160,Python Single-rider,9.0,30.0,39.0
2023-07-09,160,Sirocco,6.0,10.0,93.0
2023-07-09,160,Stoomcarrousel,,,0.0
2023-07-09,160,Stoomtrein Marerijk,25.0,25.0,90.0
2023-07-09,160,Stoomtrein Ruigrijk,25.0,25.0,81.0
2023-07-09,160,Symbolica,18.0,35.0,87.0
2023-07-09,160,Symbolica Single-rider,5.0,10.0,88.0
2023-07-09,160,The Six Swans,7.0,10.0,93.0
2023-07-09,160,Villa Volta,6.0,15.0,100.0
2023-07-09,160,Vogel Rok,9.0,25.0,98.0
2023-07-09,160,Volkvanlaaf,,,99.0
2023-07-10,160,Anton Pieck Plein,,,99.0
2023-07-10,160,Archipel,,,100.0
2023-07-10,160,Badhuys indoor splash pool,,,100.0
2023-07-10,160,Baron 1898,37.0,60.0,100.0
2023-07-10,160,Baron 1898 Single-rider,22.0,45.0,41.0
2023-07-10,160,Carnaval Festival,11.0,25.0,100.0
2023-07-10,160,De Oude Tufferbaan,19.0,35.0,97.0
2023-07-10,160,De Vliegende Hollander,33.0,45.0,98.0
2023-07-10,160,De Vliegende Hollander Single-rider,21.0,35.0,84.0
2023-07-10,160,Diorama,,,99.0
2023-07-10,160,Droomvlucht,25.0,50.0,100.0
2023-07-10,160,Droomvlucht VR,,,100.0
2023-07-10,160,Efteling Museum,,,90.0
2023-07-10,160,Fabula,10.0,10.0,99.0
2023-07-10,160,Fairytale Forest,,,99.0
2023-07-10,160,Fata Morgana,12.0,40.0,100.0
2023-07-10,160,Gondoletta,21.0,35.0,97.0
2023-07-10,160,Halve Maen,13.0,25.0,99.0
2023-07-10,160,Joris en de Draak,34.0,50.0,95.0
2023-07-10,160,Joris en de Draak Single-rider,21.0,35.0,94.0
2023-07-10,160,Kinderspoor,5.0,5.0,56.0
2023-07-10,160,Kindervreugd,,,99.0
2023-07-10,160,Kleuterhof,,,100.0
2023-07-10,160,Max & Moritz,13.0,35.0,100.0
2023-07-10,160,Max & Moritz Single-rider,8.0,10.0,24.0
2023-07-10,160,Monorail,15.0,35.0,99.0
2023-07-10,160,Nest!,,,99.0
2023-07-10,160,Pagode,5.0,10.0,98.0
2023-07-10,160,Piraña,31.0,45.0,100.0
2023-07-10,160,Python,23.0,40.0,99.0
2023-07-10,160,Python Single-rider,25.0,35.0,68.0
2023-07-10,160,Sirocco,9.0,20.0,100.0
2023-07-10,160,Stoomcarrousel,,,0.0
2023-07-10,160,Stoomtrein Marerijk,32.0,35.0,98.0
2023-07-10,160,Stoomtrein Ruigrijk,30.0,35.0,98.0
2023-07-10,160,Symbolica,24.0,35.0,99.0
2023-07-10,160,Symbolica Single-rider,6.0,20.0,99.0
2023-07-10,160,The Six Swans,7.0,15.0,83.0
2023-07-10,160,Villa Volta,8.0,20.0,100.0
2023-07-10,160,Vogel Rok,20.0,40.0,100.0
2023-07-10,160,Volkvanlaaf,,,99.0
2023-07-11,160,Anton Pieck Plein,,,99.0
2023-07-11,160,Archipel,,,100.0
2023-07-11,160,Badhuys indoor splash pool,,,100.0
2023-07-11,160,Baron 1898,29.0,50.0,100.0
2023-07-11,160,Baron 1898 Single-rider,23.0,40.0,100.0
2023-07-11,160,Carnaval Festival,6.0,10.0,100.0
2023-07-11,160,De Oude Tufferbaan,14.0,30.0,99.0
2023-07-11,160,De Vliegende Hollander,28.0,40.0,100.0
2023-07-11,160,De Vliegende Hollander Single-rider,15.0,25.0,39.0
2023-07-11,160,Diorama,,,99.0
2023-07-11,160,Droomvlucht,14.0,25.0,100.0
2023-07-11,160,Droomvlucht VR,,,0.0
2023-07-11,160,Efteling Museum,,,90.0
2023-07-11,160,Fabula,8.0,10.0,100.0
2023-07-11,160,Fairytale Forest,,,99.0
2023-07-11,160,Fata Morgana,7.0,30.0,100.0
2023-07-11,160,Gondoletta,19.0,30.0,99.0
2023-07-11,160,Halve Maen,10.0,20.0,99.0
2023-07-11,160,Joris en de Draak,26.0,50.0,98.0
2023-07-11,160,Joris en de Draak Single-rider,17.0,35.0,96.0
2023-07-11,160,Kinderspoor,5.0,5.0,47.0
2023-07-11,160,Kindervreugd,,,99.0
2023-07-11,160,Kleuterhof,,,99.0
2023-07-11,160,Max & Moritz,8.0,25.0,93.0
2023-07-11,160,Max & Moritz Single-rider,6.0,10.0,25.0
2023-07-11,160,Monorail,11.0,20.0,99.0
2023-07-11,160,Nest!,,,99.0
2023-07-11,160,Pagode,5.0,5.0,99.0
2023-07-11,160,Piraña,24.0,35.0,99.0
2023-07-11,160,Python,19.0,35.0,92.0
2023-07-11,160,Python Single-rider,22.0,35.0,65.0
2023-07-11,160,Sirocco,6.0,15.0,99.0
2023-07-11,160,Stoomcarrousel,,,0.0
2023-07-11,160,Stoomtrein Marerijk,26.0,30.0,95.0
2023-07-11,160,Stoomtrein Ruigrijk,26.0,30.0,95.0
2023-07-11,160,Symbolica,19.0,30.0,99.0
2023-07-11,160,Symbolica Single-rider,5.0,5.0,99.0
2023-07-11,160,The Six Swans,7.0,10.0,100.0
2023-07-11,160,Villa Volta,8.0,15.0,100.0
2023-07-11,160,Vogel Rok,15.0,25.0,100.0
2023-07-11,160,Volkvanlaaf,,,99.0
2023-07-12,160,Anton Pieck Plein,,,99.0
2023-07-12,160,Archipel,,,100.0
2023-07-12,160,Badhuys indoor splash pool,,,100.0
2023-07-12,160,Baron 1898,32.0,55.0,97.0
2023-07-12,160,Baron 1898 Single-rider,19.0,40.0,55.0
2023-07-12,160,Carnaval Festival,12.0,20.0,100.0
2023-07-12,160,De Oude Tufferbaan,18.0,30.0,97.0
2023-07-12,160,De Vliegende Hollander,29.0,40.0,100.0
2023-07-12,160,De Vliegende Hollander Single-rider,18.0,30.0,93.0
2023-07-12,160,Diorama,,,99.0
2023-07-12,160,Droomvlucht,18.0,30.0,100.0
2023-07-12,160,Droomvlucht VR,,,0.0
2023-07-12,160,Efteling Museum,,,90.0
2023-07-12,160,Fabula,10.0,10.0,100.0
2023-07-12,160,Fairytale Forest,,,99.0
2023-07-12,160,Fata Morgana,9.0,25.0,100.0
2023-07-12,160,Gondoletta,19.0,35.0,100.0
2023-07-12,160,Halve Maen,15.0,40.0,99.0
2023-07-12,160,Joris en de Draak,30.0,50.0,99.0
2023-07-12,160,Joris en de Draak Single-rider,19.0,40.0,98.0
2023-07-12,160,Kinderspoor,5.0,5.0,40.0
2023-07-12,160,Kindervreugd,,,99.0
2023-07-12,160,Kleuterhof,,,100.0
2023-07-12,160,Max & Moritz,10.0,30.0,100.0
2023-07-12,160,Max & Moritz Single-rider,9.0,20.0,84.0
2023-07-12,160,Monorail,13.0,35.0,99.0
2023-07-12,160,Nest!,,,99.0
2023-07-12,160,Pagode,5.0,10.0,100.0
2023-07-12,160,Piraña,17.0,30.0,99.0
2023-07-12,160,Python,23.0,40.0,93.0
2023-07-12,160,Python Single-rider,25.0,45.0,75.0
2023-07-12,160,Sirocco,8.0,20.0,100.0
2023-07-12,160,Stoomcarrousel,,,0.0
2023-07-12,160,Stoomtrein Marerijk,31.0,40.0,90.0
2023-07-12,160,Stoomtrein Ruigrijk,29.0,40.0,90.0
2023-07-12,160,Symbolica,21.0,35.0,99.0
2023-07-12,160,Symbolica Single-rider,5.0,15.0,99.0
2023-07-12,160,The Six Swans,7.0,10.0,99.0
2023-07-12,160,Villa Volta,8.0,20.0,100.0
2023-07-12,160,Vogel Rok,18.0,45.0,100.0
2023-07-12,160,Volkvanlaaf,,,99.0
2023-07-13,160,Anton Pieck Plein,,,99.0
2023-07-13,160,Archipel,,,100.0
2023-07-13,160,Badhuys indoor splash pool,,,100.0
2023-07-13,160,Baron 1898,50.0,80.0,100.0
2023-07-13,160,Baron 1898 Single-rider,37.0,60.0,59.0
2023-07-13,160,Carnaval Festival,10.0,20.0,98.0
2023-07-13,160,De Oude Tufferbaan,15.0,30.0,96.0
2023-07-13,160,De Vliegende Hollander,41.0,60.0,84.0
2023-07-13,160,De Vliegende Hollander Single-rider,29.0,40.0,23.0
2023-07-13,160,Diorama,,,99.0
2023-07-13,160,Droomvlucht,22.0,50.0,100.0
2023-07-13,160,Droomvlucht VR,,,64.0
2023-07-13,160,Efteling Museum,,,91.0
2023-07-13,160,Fabula,10.0,10.0,100.0
2023-07-13,160,Fairytale Forest,,,99.0
2023-07-13,160,Fata Morgana,10.0,40.0,100.0
2023-07-13,160,Gondoletta,21.0,30.0,98.0
2023-07-13,160,Halve Maen,27.0,50.0,99.0
2023-07-13,160,Joris en de Draak,40.0,60.0,77.0
2023-07-13,160,Joris en de Draak Single-rider,27.0,50.0,75.0
2023-07-13,160,Kinderspoor,5.0,5.0,54.0
2023-07-13,160,Kindervreugd,,,99.0
2023-07-13,160,Kleuterhof,,,100.0
2023-07-13,160,Max & Moritz,14.0,40.0,90.0
2023-07-13,160,Max & Moritz Single-rider,12.0,40.0,71.0
2023-07-13,160,Monorail,13.0,25.0,99.0
2023-07-13,160,Nest!,,,99.0
2023-07-13,160,Pagode,5.0,10.0,99.0
2023-07-13,160,Piraña,25.0,35.0,100.0
2023-07-13,160,Python,32.0,80.0,100.0
2023-07-13,160,Python Single-rider,30.0,65.0,28.0
2023-07-13,160,Sirocco,9.0,25.0,100.0
2023-07-13,160,Stoomcarrousel,,,0.0
2023-07-13,160,Stoomtrein Marerijk,25.0,25.0,100.0
2023-07-13,160,Stoomtrein Ruigrijk,29.0,45.0,100.0
2023-07-13,160,Symbolica,21.0,35.0,99.0
2023-07-13,160,Symbolica Single-rider,6.0,10.0,99.0
2023-07-13,160,The Six Swans,5.0,10.0,100.0
2023-07-13,160,Villa Volta,11.0,25.0,100.0
2023-07-13,160,Vogel Rok,25.0,40.0,100.0
2023-07-13,160,Volkvanlaaf,,,99.0
2023-07-14,160,Anton Pieck Plein,,,100.0
2023-07-14,160,Archipel,,,100.0
2023-07-14,160,Badhuys indoor splash pool,,,100.0
2023-07-14,160,Baron 1898,25.0,50.0,100.0
2023-07-14,160,Baron 1898 Single-rider,20.0,45.0,100.0
2023-07-14,160,Carnaval Festival,7.0,15.0,100.0
2023-07-14,160,De Oude Tufferbaan,15.0,30.0,100.0
2023-07-14,160,De Vliegende Hollander,29.0,60.0,79.0
2023-07-14,160,De Vliegende Hollander Single-rider,16.0,45.0,78.0
2023-07-14,160,Diorama,,,100.0
2023-07-14,160,Droomvlucht,15.0,35.0,99.0
2023-07-14,160,Droomvlucht VR,,,100.0
2023-07-14,160,Efteling Museum,,,91.0
2023-07-14,160,Fabula,10.0,10.0,100.0
2023-07-14,160,Fairytale Forest,,,100.0
2023-07-14,160,Fata Morgana,8.0,30.0,100.0
2023-07-14,160,Gondoletta,17.0,35.0,97.0
2023-07-14,160,Halve Maen,14.0,35.0,100.0
2023-07-14,160,Joris en de Draak,23.0,40.0,100.0
2023-07-14,160,Joris en de Draak Single-rider,14.0,35.0,99.0
2023-07-14,160,Kinderspoor,7.0,10.0,70.0
2023-07-14,160,Kindervreugd,,,100.0
2023-07-14,160,Kleuterhof,,,100.0
2023-07-14,160,Max & Moritz,10.0,30.0,97.0
2023-07-14,160,Max & Moritz Single-rider,8.0,10.0,60.0
2023-07-14,160,Monorail,15.0,20.0,100.0
2023-07-14,160,Nest!,,,100.0
2023-07-14,160,Pagode,5.0,10.0,100.0
2023-07-14,160,Piraña,16.0,25.0,100.0
2023-07-14,160,Python,13.0,30.0,95.0
2023-07-14,160,Python Single-rider,16.0,35.0,72.0
2023-07-14,160,Sirocco,6.0,15.0,100.0
2023-07-14,160,Stoomcarrousel,,,0.0
2023-07-14,160,Stoomtrein Marerijk,34.0,45.0,84.0
2023-07-14,160,Stoomtrein Ruigrijk,40.0,45.0,82.0
2023-07-14,160,Symbolica,21.0,35.0,100.0
2023-07-14,160,Symbolica Single-rider,5.0,10.0,100.0
2023-07-14,160,The Six Swans,5.0,10.0,100.0
2023-07-14,160,Villa Volta,6.0,15.0,100.0
2023-07-14,160,Vogel Rok,12.0,25.0,100.0
2023-07-14,160,Volkvanlaaf,,,100.0
2023-07-15,160,Anton Pieck Plein,,,100.0
2023-07-15,160,Archipel,,,97.0
2023-07-15,160,Badhuys indoor splash pool,,,100.0
2023-07-15,160,Baron 1898,24.0,45.0,100.0
2023-07-15,160,Baron 1898 Single-rider,19.0,40.0,99.0
2023-07-15,160,Carnaval Festival,11.0,20.0,100.0
2023-07-15,160,De Oude Tufferbaan,17.0,30.0,100.0
2023-07-15,160,De Vliegende Hollander,27.0,40.0,97.0
2023-07-15,160,De Vliegende Hollander Single-rider,12.0,25.0,92.0
2023-07-15,160,Diorama,,,100.0
2023-07-15,160,Droomvlucht,19.0,35.0,100.0
2023-07-15,160,Droomvlucht VR,,,100.0
2023-07-15,160,Efteling Museum,,,91.0
2023-07-15,160,Fabula,10.0,10.0,100.0
2023-07-15,160,Fairytale Forest,,,100.0
2023-07-15,160,Fata Morgana,10.0,35.0,100.0
2023-07-15,160,Gondoletta,21.0,35.0,95.0
2023-07-15,160,Halve Maen,7.0,15.0,100.0
2023-07-15,160,Joris en de Draak,19.0,35.0,100.0
2023-07-15,160,Joris en de Draak Single-rider,10.0,20.0,87.0
2023-07-15,160,Kinderspoor,8.0,20.0,100.0
2023-07-15,160,Kindervreugd,,,100.0
2023-07-15,160,Kleuterhof,,,100.0
2023-07-15,160,Max & Moritz,9.0,30.0,100.0
2023-07-15,160,Max & Moritz Single-rider,5.0,10.0,60.0
2023-07-15,160,Monorail,16.0,25.0,100.0
2023-07-15,160,Nest!,,,100.0
2023-07-15,160,Pagode,6.0,15.0,99.0
2023-07-15,160,Piraña,20.0,35.0,99.0
2023-07-15,160,Python,11.0,25.0,96.0
2023-07-15,160,Python Single-rider,11.0,25.0,57.0
2023-07-15,160,Sirocco,7.0,20.0,100.0
2023-07-15,160,Stoomcarrousel,,,0.0
2023-07-15,160,Stoomtrein Marerijk,33.0,45.0,91.0
2023-07-15,160,Stoomtrein Ruigrijk,35.0,45.0,91.0
2023-07-15,160,Symbolica,23.0,40.0,100.0
2023-07-15,160,Symbolica Single-rider,5.0,10.0,99.0
2023-07-15,160,The Six Swans,9.0,10.0,100.0
2023-07-15,160,Villa Volta,5.0,10.0,100.0
2023-07-15,160,Vogel Rok,10.0,25.0,100.0
2023-07-15,160,Volkvanlaaf,,,100.0
2023-07-16,160,Anton Pieck Plein,,,100.0
2023-07-16,160,Archipel,,,100.0
2023-07-16,160,Badhuys indoor splash pool,,,100.0
2023-07-16,160,Baron 1898,22.0,40.0,100.0
2023-07-16,160,Baron 1898 Single-rider,16.0,45.0,100.0
2023-07-16,160,Carnaval Festival,14.0,25.0,100.0
2023-07-16,160,De Oude Tufferbaan,17.0,30.0,100.0
2023-07-16,160,De Vliegende Hollander,26.0,40.0,81.0
2023-07-16,160,De Vliegende Hollander Single-rider,13.0,25.0,72.0
2023-07-16,160,Diorama,,,100.0
2023-07-16,160,Droomvlucht,20.0,40.0,100.0
2023-07-16,160,Droomvlucht VR,,,100.0
2023-07-16,160,Efteling Museum,,,91.0
2023-07-16,160,Fabula,10.0,10.0,100.0
2023-07-16,160,Fairytale Forest,,,100.0
2023-07-16,160,Fata Morgana,11.0,30.0,100.0
2023-07-16,160,Gondoletta,16.0,25.0,95.0
2023-07-16,160,Halve Maen,12.0,25.0,100.0
2023-07-16,160,Joris en de Draak,17.0,35.0,100.0
2023-07-16,160,Joris en de Draak Single-rider,8.0,20.0,83.0
2023-07-16,160,Kinderspoor,9.0,20.0,100.0
2023-07-16,160,Kindervreugd,,,100.0
2023-07-16,160,Kleuterhof,,,100.0
2023-07-16,160,Max & Moritz,10.0,25.0,95.0
2023-07-16,160,Max & Moritz Single-rider,6.0,15.0,77.0
2023-07-16,160,Monorail,12.0,30.0,100.0
2023-07-16,160,Nest!,,,100.0
2023-07-16,160,Pagode,5.0,20.0,100.0
2023-07-16,160,Piraña,9.0,20.0,100.0
2023-07-16,160,Python,12.0,25.0,100.0
2023-07-16,160,Python Single-rider,8.0,20.0,91.0
2023-07-16,160,Sirocco,7.0,15.0,92.0
2023-07-16,160,Stoomcarrousel,,,0.0
2023-07-16,160,Stoomtrein Marerijk,26.0,30.0,97.0
2023-07-16,160,Stoomtrein Ruigrijk,28.0,35.0,100.0
2023-07-16,160,Symbolica,26.0,40.0,99.0
2023-07-16,160,Symbolica Single-rider,6.0,15.0,100.0
2023-07-16,160,The Six Swans,7.0,15.0,100.0
2023-07-16,160,Villa Volta,7.0,10.0,100.0
2023-07-16,160,Vogel Rok,8.0,25.0,100.0
2023-07-16,160,Volkvanlaaf,,,100.0
2023-07-17,160,Anton Pieck Plein,,,100.0
2023-07-17,160,Archipel,,,98.0
2023-07-17,160,Badhuys indoor splash pool,,,100.0
2023-07-17,160,Baron 1898,22.0,40.0,100.0
2023-07-17,160,Baron 1898 Single-rider,16.0,35.0,98.0
2023-07-17,160,Carnaval Festival,12.0,15.0,100.0
2023-07-17,160,De Oude Tufferbaan,16.0,35.0,100.0
2023-07-17,160,De Vliegende Hollander,23.0,35.0,99.0
2023-07-17,160,De Vliegende Hollander Single-rider,12.0,25.0,89.0
2023-07-17,160,Diorama,,,100.0
2023-07-17,160,Droomvlucht,19.0,30.0,100.0
2023-07-17,160,Droomvlucht VR,,,100.0
2023-07-17,160,Efteling Museum,,,91.0
2023-07-17,160,Fabula,9.0,10.0,100.0
2023-07-17,160,Fairytale Forest,,,100.0
2023-07-17,160,Fata Morgana,7.0,30.0,100.0
2023-07-17,160,Gondoletta,17.0,40.0,84.0
2023-07-17,160,Halve Maen,11.0,20.0,100.0
2023-07-17,160,Joris en de Draak,22.0,40.0,97.0
2023-07-17,160,Joris en de Draak Single-rider,13.0,30.0,91.0
2023-07-17,160,Kinderspoor,8.0,20.0,100.0
2023-07-17,160,Kindervreugd,,,100.0
2023-07-17,160,Kleuterhof,,,100.0
2023-07-17,160,Max & Moritz,9.0,30.0,98.0
2023-07-17,160,Max & Moritz Single-rider,6.0,15.0,83.0
2023-07-17,160,Monorail,11.0,20.0,100.0
2023-07-17,160,Nest!,,,100.0
2023-07-17,160,Pagode,5.0,5.0,100.0
2023-07-17,160,Piraña,12.0,25.0,95.0
2023-07-17,160,Python,14.0,30.0,91.0
2023-07-17,160,Python Single-rider,12.0,25.0,90.0
2023-07-17,160,Sirocco,7.0,15.0,100.0
2023-07-17,160,Stoomcarrousel,,,0.0
2023-07-17,160,Stoomtrein Marerijk,31.0,40.0,83.0
2023-07-17,160,Stoomtrein Ruigrijk,26.0,30.0,83.0
2023-07-17,160,Symbolica,23.0,45.0,97.0
2023-07-17,160,Symbolica Single-rider,6.0,15.0,99.0
2023-07-17,160,The Six Swans,7.0,15.0,100.0
2023-07-17,160,Villa Volta,6.0,20.0,100.0
2023-07-17,160,Vogel Rok,10.0,30.0,100.0
2023-07-17,160,Volkvanlaaf,,,100.0
2023-07-18,160,Anton Pieck Plein,,,99.0
2023-07-18,160,Archipel,,,97.0
2023-07-18,160,Badhuys indoor splash pool,,,100.0
2023-07-18,160,Baron 1898,23.0,45.0,100.0
2023-07-18,160,Baron 1898 Single-rider,18.0,40.0,100.0
2023-07-18,160,Carnaval Festival,10.0,20.0,100.0
2023-07-18,160,De Oude Tufferbaan,18.0,30.0,97.0
2023-07-18,160,De Vliegende Hollander,26.0,40.0,95.0
2023-07-18,160,De Vliegende Hollander Single-rider,15.0,25.0,87.0
2023-07-18,160,Diorama,,,99.0
2023-07-18,160,Droomvlucht,18.0,30.0,100.0
2023-07-18,160,Droomvlucht VR,,,100.0
2023-07-18,160,Efteling Museum,,,91.0
2023-07-18,160,Fabula,10.0,10.0,99.0
2023-07-18,160,Fairytale Forest,,,99.0
2023-07-18,160,Fata Morgana,8.0,30.0,93.0
2023-07-18,160,Gondoletta,23.0,30.0,94.0
2023-07-18,160,Halve Maen,10.0,20.0,98.0
2023-07-18,160,Joris en de Draak,20.0,30.0,100.0
2023-07-18,160,Joris en de Draak Single-rider,11.0,25.0,99.0
2023-07-18,160,Kinderspoor,9.0,15.0,99.0
2023-07-18,160,Kindervreugd,,,99.0
2023-07-18,160,Kleuterhof,,,99.0
2023-07-18,160,Max & Moritz,9.0,35.0,100.0
2023-07-18,160,Max & Moritz Single-rider,6.0,15.0,63.0
2023-07-18,160,Monorail,15.0,30.0,99.0
2023-07-18,160,Nest!,,,99.0
2023-07-18,160,Pagode,5.0,10.0,100.0
2023-07-18,160,Piraña,22.0,40.0,100.0
2023-07-18,160,Python,13.0,25.0,99.0
2023-07-18,160,Python Single-rider,13.0,35.0,88.0
2023-07-18,160,Sirocco,8.0,15.0,100.0
2023-07-18,160,Stoomcarrousel,,,0.0
2023-07-18,160,Stoomtrein Marerijk,26.0,30.0,99.0
2023-07-18,160,Stoomtrein Ruigrijk,33.0,45.0,95.0
2023-07-18,160,Symbolica,21.0,35.0,98.0
2023-07-18,160,Symbolica Single-rider,6.0,15.0,98.0
2023-07-18,160,The Six Swans,7.0,15.0,99.0
2023-07-18,160,Villa Volta,8.0,15.0,97.0
2023-07-18,160,Vogel Rok,10.0,35.0,100.0
2023-07-18,160,Volkvanlaaf,,,99.0
2023-07-19,160,Anton Pieck Plein,,,99.0
2023-07-19,160,Archipel,,,97.0
2023-07-19,160,Badhuys indoor splash pool,,,100.0
2023-07-19,160,Baron 1898,23.0,45.0,98.0
2023-07-19,160,Baron 1898 Single-rider,20.0,35.0,97.0
2023-07-19,160,Carnaval Festival,10.0,20.0,100.0
2023-07-19,160,De Oude Tufferbaan,17.0,25.0,100.0
2023-07-19,160,De Vliegende Hollander,27.0,40.0,95.0
2023-07-19,160,De Vliegende Hollander Single-rider,14.0,30.0,82.0
2023-07-19,160,Diorama,,,100.0
2023-07-19,160,Droomvlucht,18.0,40.0,100.0
2023-07-19,160,Droomvlucht VR,,,100.0
2023-07-19,160,Efteling Museum,,,91.0
2023-07-19,160,Fabula,10.0,10.0,99.0
2023-07-19,160,Fairytale Forest,,,99.0
2023-07-19,160,Fata Morgana,7.0,30.0,100.0
2023-07-19,160,Gondoletta,19.0,35.0,96.0
2023-07-19,160,Halve Maen,12.0,20.0,99.0
2023-07-19,160,Joris en de Draak,19.0,30.0,99.0
2023-07-19,160,Joris en de Draak Single-rider,11.0,30.0,95.0
2023-07-19,160,Kinderspoor,8.0,20.0,99.0
2023-07-19,160,Kindervreugd,,,99.0
2023-07-19,160,Kleuterhof,,,100.0
2023-07-19,160,Max & Moritz,10.0,35.0,100.0
2023-07-19,160,Max & Moritz Single-rider,8.0,20.0,79.0
2023-07-19,160,Monorail,14.0,25.0,99.0
2023-07-19,160,Nest!,,,99.0
2023-07-19,160,Pagode,8.0,20.0,98.0
2023-07-19,160,Piraña,16.0,30.0,99.0
2023-07-19,160,Python,12.0,25.0,97.0
2023-07-19,160,Python Single-rider,12.0,25.0,88.0
2023-07-19,160,Sirocco,10.0,20.0,100.0
2023-07-19,160,Stoomcarrousel,,,0.0
2023-07-19,160,Stoomtrein Marerijk,30.0,40.0,99.0
2023-07-19,160,Stoomtrein Ruigrijk,27.0,35.0,99.0
2023-07-19,160,Symbolica,23.0,40.0,99.0
2023-07-19,160,Symbolica Single-rider,5.0,15.0,99.0
2023-07-19,160,The Six Swans,5.0,10.0,97.0
2023-07-19,160,Villa Volta,6.0,15.0,100.0
2023-07-19,160,Vogel Rok,12.0,30.0,100.0
2023-07-19,160,Volkvanlaaf,,,99.0
2023-07-20,160,Anton Pieck Plein,,,99.0
2023-07-20,160,Archipel,,,100.0
2023-07-20,160,Badhuys indoor splash pool,,,100.0
2023-07-20,160,Baron 1898,20.0,40.0,100.0
2023-07-20,160,Baron 1898 Single-rider,16.0,35.0,100.0
2023-07-20,160,Carnaval Festival,11.0,20.0,100.0
2023-07-20,160,De Oude Tufferbaan,15.0,25.0,95.0
2023-07-20,160,De Vliegende Hollander,23.0,40.0,99.0
2023-07-20,160,De Vliegende Hollander Single-rider,15.0,60.0,83.0
2023-07-20,160,Diorama,,,99.0
2023-07-20,160,Droomvlucht,19.0,30.0,100.0
2023-07-20,160,Droomvlucht VR,,,100.0
2023-07-20,160,Efteling Museum,,,92.0
2023-07-20,160,Fabula,10.0,10.0,100.0
2023-07-20,160,Fairytale Forest,,,99.0
2023-07-20,160,Fata Morgana,8.0,30.0,100.0
2023-07-20,160,Gondoletta,21.0,35.0,97.0
2023-07-20,160,Halve Maen,10.0,15.0,99.0
2023-07-20,160,Joris en de Draak,22.0,150.0,98.0
2023-07-20,160,Joris en de Draak Single-rider,11.0,30.0,99.0
2023-07-20,160,Kinderspoor,10.0,15.0,99.0
2023-07-20,160,Kindervreugd,,,99.0
2023-07-20,160,Kleuterhof,,,100.0
2023-07-20,160,Max & Moritz,9.0,30.0,100.0
2023-07-20,160,Max & Moritz Single-rider,8.0,20.0,70.0
2023-07-20,160,Monorail,14.0,25.0,99.0
2023-07-20,160,Nest!,,,99.0
2023-07-20,160,Pagode,5.0,20.0,99.0
2023-07-20,160,Piraña,13.0,30.0,100.0
2023-07-20,160,Python,16.0,30.0,80.0
2023-07-20,160,Python Single-rider,14.0,30.0,80.0
2023-07-20,160,Sirocco,8.0,25.0,100.0
2023-07-20,160,Stoomcarrousel,,,0.0
2023-07-20,160,Stoomtrein Marerijk,25.0,25.0,87.0
2023-07-20,160,Stoomtrein Ruigrijk,25.0,25.0,87.0
2023-07-20,160,Symbolica,22.0,35.0,99.0
2023-07-20,160,Symbolica Single-rider,5.0,10.0,99.0
2023-07-20,160,The Six Swans,5.0,5.0,99.0
2023-07-20,160,Villa Volta,6.0,20.0,97.0
2023-07-20,160,Vogel Rok,9.0,25.0,100.0
2023-07-20,160,Volkvanlaaf,,,99.0
2023-07-21,160,Anton Pieck Plein,,,99.0
2023-07-21,160,Archipel,,,97.0
2023-07-21,160,Badhuys indoor splash pool,,,100.0
2023-07-21,160,Baron 1898,16.0,30.0,100.0
2023-07-21,160,Baron 1898 Single-rider,14.0,30.0,100.0
2023-07-21,160,Carnaval Festival,9.0,20.0,100.0
2023-07-21,160,De Oude Tufferbaan,17.0,25.0,100.0
2023-07-21,160,De Vliegende Hollander,23.0,40.0,93.0
2023-07-21,160,De Vliegende Hollander Single-rider,11.0,80.0,78.0
2023-07-21,160,Diorama,,,99.0
2023-07-21,160,Droomvlucht,17.0,35.0,100.0
2023-07-21,160,Droomvlucht VR,,,100.0
2023-07-21,160,Efteling Museum,,,91.0
2023-07-21,160,Fabula,10.0,10.0,100.0
2023-07-21,160,Fairytale Forest,,,99.0
2023-07-21,160,Fata Morgana,9.0,40.0,98.0
2023-07-21,160,Gondoletta,18.0,35.0,93.0
2023-07-21,160,Halve Maen,9.0,15.0,99.0
2023-07-21,160,Joris en de Draak,18.0,30.0,98.0
2023-07-21,160,Joris en de Draak Single-rider,9.0,20.0,93.0
2023-07-21,160,Kinderspoor,11.0,20.0,99.0
2023-07-21,160,Kindervreugd,,,99.0
2023-07-21,160,Kleuterhof,,,100.0
2023-07-21,160,Max & Moritz,10.0,25.0,100.0
2023-07-21,160,Max & Moritz Single-rider,5.0,5.0,42.0
2023-07-21,160,Monorail,17.0,35.0,99.0
2023-07-21,160,Nest!,,,99.0
2023-07-21,160,Pagode,5.0,5.0,99.0
2023-07-21,160,Piraña,12.0,30.0,100.0
2023-07-21,160,Python,8.0,20.0,99.0
2023-07-21,160,Python Single-rider,10.0,15.0,40.0
2023-07-21,160,Sirocco,8.0,20.0,100.0
2023-07-21,160,Stoomcarrousel,,,84.0
2023-07-21,160,Stoomtrein Marerijk,29.0,30.0,88.0
2023-07-21,160,Stoomtrein Ruigrijk,28.0,30.0,97.0
2023-07-21,160,Symbolica,24.0,40.0,98.0
2023-07-21,160,Symbolica Single-rider,5.0,5.0,98.0
2023-07-21,160,The Six Swans,6.0,10.0,100.0
2023-07-21,160,Villa Volta,6.0,15.0,100.0
2023-07-21,160,Vogel Rok,10.0,20.0,100.0
2023-07-21,160,Volkvanlaaf,,,99.0
2023-07-22,160,Anton Pieck Plein,,,99.0
2023-07-22,160,Archipel,,,97.0
2023-07-22,160,Badhuys indoor splash pool,,,100.0
2023-07-22,160,Baron 1898,20.0,35.0,100.0
2023-07-22,160,Baron 1898 Single-rider,15.0,30.0,98.0
2023-07-22,160,Carnaval Festival,12.0,25.0,100.0
2023-07-22,160,De Oude Tufferbaan,15.0,30.0,100.0
2023-07-22,160,De Vliegende Hollander,24.0,40.0,99.0
2023-07-22,160,De Vliegende Hollander Single-rider,11.0,30.0,88.0
2023-07-22,160,Diorama,,,99.0
2023-07-22,160,Droomvlucht,24.0,40.0,99.0
2023-07-22,160,Droomvlucht VR,,,99.0
2023-07-22,160,Efteling Museum,,,91.0
2023-07-22,160,Fabula,10.0,10.0,99.0
2023-07-22,160,Fairytale Forest,,,99.0
2023-07-22,160,Fata Morgana,11.0,45.0,100.0
2023-07-22,160,Gondoletta,18.0,40.0,93.0
2023-07-22,160,Halve Maen,11.0,25.0,99.0
2023-07-22,160,Joris en de Draak,21.0,35.0,97.0
2023-07-22,160,Joris en de Draak Single-rider,10.0,30.0,93.0
2023-07-22,160,Kinderspoor,11.0,20.0,100.0
2023-07-22,160,Kindervreugd,,,99.0
2023-07-22,160,Kleuterhof,,,99.0
2023-07-22,160,Max & Moritz,12.0,150.0,91.0
2023-07-22,160,Max & Moritz Single-rider,5.0,15.0,70.0
2023-07-22,160,Monorail,17.0,35.0,99.0
2023-07-22,160,Nest!,,,99.0
2023-07-22,160,Pagode,6.0,15.0,99.0
2023-07-22,160,Piraña,10.0,20.0,100.0
2023-07-22,160,Python,14.0,30.0,90.0
2023-07-22,160,Python Single-rider,12.0,25.0,52.0
2023-07-22,160,Sirocco,8.0,20.0,100.0
2023-07-22,160,Stoomcarrousel,5.0,5.0,99.0
2023-07-22,160,Stoomtrein Marerijk,33.0,50.0,99.0
2023-07-22,160,Stoomtrein Ruigrijk,32.0,50.0,99.0
2023-07-22,160,Symbolica,27.0,50.0,99.0
2023-07-22,160,Symbolica Single-rider,6.0,20.0,99.0
2023-07-22,160,The Six Swans,7.0,10.0,99.0
2023-07-22,160,Villa Volta,6.0,15.0,100.0
2023-07-22,160,Vogel Rok,14.0,30.0,100.0
2023-07-22,160,Volkvanlaaf,,,99.0
2023-07-23,160,Anton Pieck Plein,,,99.0
2023-07-23,160,Archipel,,,96.0
2023-07-23,160,Badhuys indoor splash pool,,,100.0
2023-07-23,160,Baron 1898,10.0,20.0,100.0
2023-07-23,160,Baron 1898 Single-rider,8.0,20.0,90.0
2023-07-23,160,Carnaval Festival,11.0,15.0,100.0
2023-07-23,160,De Oude Tufferbaan,12.0,60.0,99.0
2023-07-23,160,De Vliegende Hollander,14.0,30.0,98.0
2023-07-23,160,De Vliegende Hollander Single-rider,5.0,10.0,78.0
2023-07-23,160,Diorama,,,100.0
2023-07-23,160,Droomvlucht,11.0,20.0,100.0
2023-07-23,160,Droomvlucht VR,,,100.0
2023-07-23,160,Efteling Museum,,,92.0
2023-07-23,160,Fabula,10.0,15.0,99.0
2023-07-23,160,Fairytale Forest,,,99.0
2023-07-23,160,Fata Morgana,6.0,25.0,100.0
2023-07-23,160,Gondoletta,11.0,20.0,93.0
2023-07-23,160,Halve Maen,6.0,10.0,98.0
2023-07-23,160,Joris en de Draak,9.0,25.0,92.0
2023-07-23,160,Joris en de Draak Single-rider,5.0,20.0,84.0
2023-07-23,160,Kinderspoor,5.0,10.0,99.0
2023-07-23,160,Kindervreugd,,,99.0
2023-07-23,160,Kleuterhof,,,100.0
2023-07-23,160,Max & Moritz,5.0,10.0,100.0
2023-07-23,160,Max & Moritz Single-rider,5.0,10.0,85.0
2023-07-23,160,Monorail,13.0,20.0,89.0
2023-07-23,160,Nest!,,,99.0
2023-07-23,160,Pagode,5.0,10.0,99.0
2023-07-23,160,Piraña,6.0,20.0,97.0
2023-07-23,160,Python,6.0,10.0,99.0
2023-07-23,160,Python Single-rider,5.0,5.0,84.0
2023-07-23,160,Sirocco,6.0,10.0,100.0
2023-07-23,160,Stoomcarrousel,,,86.0
2023-07-23,160,Stoomtrein Marerijk,26.0,30.0,81.0
2023-07-23,160,Stoomtrein Ruigrijk,26.0,30.0,79.0
2023-07-23,160,Symbolica,18.0,35.0,99.0
2023-07-23,160,Symbolica Single-rider,5.0,10.0,99.0
2023-07-23,160,The Six Swans,,,100.0
2023-07-23,160,Villa Volta,5.0,10.0,100.0
2023-07-23,160,Vogel Rok,6.0,15.0,100.0
2023-07-23,160,Volkvanlaaf,,,99.0
2023-07-24,160,Anton Pieck Plein,,,100.0
2023-07-24,160,Archipel,,,97.0
2023-07-24,160,Badhuys indoor splash pool,,,100.0
2023-07-24,160,Baron 1898,12.0,30.0,100.0
2023-07-24,160,Baron 1898 Single-rider,10.0,25.0,99.0
2023-07-24,160,Carnaval Festival,6.0,10.0,100.0
2023-07-24,160,De Oude Tufferbaan,11.0,25.0,91.0
2023-07-24,160,De Vliegende Hollander,17.0,30.0,98.0
2023-07-24,160,De Vliegende Hollander Single-rider,7.0,20.0,86.0
2023-07-24,160,Diorama,,,100.0
2023-07-24,160,Droomvlucht,17.0,30.0,100.0
2023-07-24,160,Droomvlucht VR,,,100.0
2023-07-24,160,Efteling Museum,,,92.0
2023-07-24,160,Fabula,10.0,10.0,100.0
2023-07-24,160,Fairytale Forest,,,100.0
2023-07-24,160,Fata Morgana,7.0,40.0,100.0
2023-07-24,160,Gondoletta,14.0,25.0,94.0
2023-07-24,160,Halve Maen,8.0,10.0,100.0
2023-07-24,160,Joris en de Draak,13.0,35.0,91.0
2023-07-24,160,Joris en de Draak Single-rider,6.0,20.0,91.0
2023-07-24,160,Kinderspoor,5.0,5.0,100.0
2023-07-24,160,Kindervreugd,,,100.0
2023-07-24,160,Kleuterhof,,,100.0
2023-07-24,160,Max & Moritz,7.0,20.0,100.0
2023-07-24,160,Max & Moritz Single-rider,5.0,5.0,74.0
2023-07-24,160,Monorail,12.0,25.0,93.0
2023-07-24,160,Nest!,,,100.0
2023-07-24,160,Pagode,5.0,10.0,100.0
2023-07-24,160,Piraña,6.0,15.0,100.0
2023-07-24,160,Python,8.0,20.0,92.0
2023-07-24,160,Python Single-rider,6.0,15.0,83.0
2023-07-24,160,Sirocco,6.0,15.0,100.0
2023-07-24,160,Stoomcarrousel,,,100.0
2023-07-24,160,Stoomtrein Marerijk,32.0,50.0,88.0
2023-07-24,160,Stoomtrein Ruigrijk,29.0,50.0,88.0
2023-07-24,160,Symbolica,19.0,30.0,99.0
2023-07-24,160,Symbolica Single-rider,5.0,10.0,99.0
2023-07-24,160,The Six Swans,5.0,5.0,100.0
2023-07-24,160,Villa Volta,8.0,30.0,97.0
2023-07-24,160,Vogel Rok,7.0,20.0,100.0
2023-07-24,160,Volkvanlaaf,,,100.0
2023-07-25,160,Anton Pieck Plein,,,99.0
2023-07-25,160,Archipel,,,100.0
2023-07-25,160,Badhuys indoor splash pool,,,100.0
2023-07-25,160,Baron 1898,38.0,60.0,98.0
2023-07-25,160,Baron 1898 Single-rider,34.0,60.0,99.0
2023-07-25,160,Carnaval Festival,15.0,30.0,100.0
2023-07-25,160,De Oude Tufferbaan,28.0,50.0,99.0
2023-07-25,160,De Vliegende Hollander,32.0,45.0,99.0
2023-07-25,160,De Vliegende Hollander Single-rider,19.0,30.0,93.0
2023-07-25,160,Diorama,,,99.0
2023-07-25,160,Droomvlucht,34.0,60.0,100.0
2023-07-25,160,Droomvlucht VR,,,100.0
2023-07-25,160,Efteling Museum,,,92.0
2023-07-25,160,Fabula,9.0,20.0,100.0
2023-07-25,160,Fairytale Forest,,,99.0
2023-07-25,160,Fata Morgana,18.0,50.0,100.0
2023-07-25,160,Gondoletta,28.0,45.0,95.0
2023-07-25,160,Halve Maen,22.0,35.0,99.0
2023-07-25,160,Joris en de Draak,32.0,45.0,100.0
2023-07-25,160,Joris en de Draak Single-rider,20.0,35.0,95.0
2023-07-25,160,Kinderspoor,13.0,25.0,99.0
2023-07-25,160,Kindervreugd,,,99.0
2023-07-25,160,Kleuterhof,,,100.0
2023-07-25,160,Max & Moritz,21.0,45.0,100.0
2023-07-25,160,Max & Moritz Single-rider,13.0,30.0,86.0
2023-07-25,160,Monorail,28.0,40.0,99.0
2023-07-25,160,Nest!,,,99.0
2023-07-25,160,Pagode,12.0,40.0,97.0
2023-07-25,160,Piraña,28.0,45.0,99.0
2023-07-25,160,Python,21.0,40.0,100.0
2023-07-25,160,Python Single-rider,22.0,40.0,80.0
2023-07-25,160,Sirocco,13.0,25.0,100.0
2023-07-25,160,Stoomcarrousel,17.0,20.0,82.0
2023-07-25,160,Stoomtrein Marerijk,33.0,45.0,98.0
2023-07-25,160,Stoomtrein Ruigrijk,37.0,45.0,98.0
2023-07-25,160,Symbolica,36.0,50.0,99.0
2023-07-25,160,Symbolica Single-rider,9.0,25.0,99.0
2023-07-25,160,The Six Swans,9.0,25.0,100.0
2023-07-25,160,Villa Volta,12.0,30.0,100.0
2023-07-25,160,Vogel Rok,20.0,45.0,100.0
2023-07-25,160,Volkvanlaaf,,,99.0
2023-07-26,160,Anton Pieck Plein,,,99.0
2023-07-26,160,Archipel,,,97.0
2023-07-26,160,Badhuys indoor splash pool,,,100.0
2023-07-26,160,Baron 1898,28.0,45.0,100.0
2023-07-26,160,Baron 1898 Single-rider,22.0,40.0,100.0
2023-07-26,160,Carnaval Festival,14.0,30.0,100.0
2023-07-26,160,De Oude Tufferbaan,22.0,40.0,99.0
2023-07-26,160,De Vliegende Hollander,31.0,40.0,96.0
2023-07-26,160,De Vliegende Hollander Single-rider,17.0,30.0,93.0
2023-07-26,160,Diorama,,,99.0
2023-07-26,160,Droomvlucht,25.0,40.0,100.0
2023-07-26,160,Droomvlucht VR,,,97.0
2023-07-26,160,Efteling Museum,,,91.0
2023-07-26,160,Fabula,8.0,10.0,99.0
2023-07-26,160,Fairytale Forest,,,99.0
2023-07-26,160,Fata Morgana,11.0,40.0,100.0
2023-07-26,160,Gondoletta,23.0,35.0,93.0
2023-07-26,160,Halve Maen,13.0,35.0,100.0
2023-07-26,160,Joris en de Draak,27.0,55.0,90.0
2023-07-26,160,Joris en de Draak Single-rider,15.0,35.0,90.0
2023-07-26,160,Kinderspoor,11.0,30.0,100.0
2023-07-26,160,Kindervreugd,,,99.0
2023-07-26,160,Kleuterhof,,,100.0
2023-07-26,160,Max & Moritz,14.0,40.0,100.0
2023-07-26,160,Max & Moritz Single-rider,9.0,35.0,86.0
2023-07-26,160,Monorail,16.0,40.0,99.0
2023-07-26,160,Nest!,,,99.0
2023-07-26,160,Pagode,8.0,20.0,97.0
2023-07-26,160,Piraña,17.0,25.0,100.0
2023-07-26,160,Python,20.0,35.0,85.0
2023-07-26,160,Python Single-rider,18.0,40.0,85.0
2023-07-26,160,Sirocco,10.0,20.0,100.0
2023-07-26,160,Stoomcarrousel,,,99.0
2023-07-26,160,Stoomtrein Marerijk,25.0,30.0,81.0
2023-07-26,160,Stoomtrein Ruigrijk,36.0,45.0,81.0
2023-07-26,160,Symbolica,27.0,40.0,99.0
2023-07-26,160,Symbolica Single-rider,6.0,20.0,99.0
2023-07-26,160,The Six Swans,6.0,15.0,99.0
2023-07-26,160,Villa Volta,8.0,15.0,100.0
2023-07-26,160,Vogel Rok,14.0,35.0,99.0
2023-07-26,160,Volkvanlaaf,,,99.0
2023-07-27,160,Anton Pieck Plein,,,99.0
2023-07-27,160,Archipel,,,97.0
2023-07-27,160,Badhuys indoor splash pool,,,100.0
2023-07-27,160,Baron 1898,7.0,20.0,97.0
2023-07-27,160,Baron 1898 Single-rider,6.0,15.0,23.0
2023-07-27,160,Carnaval Festival,5.0,5.0,100.0
2023-07-27,160,De Oude Tufferbaan,8.0,25.0,88.0
2023-07-27,160,De Vliegende Hollander,5.0,10.0,100.0
2023-07-27,160,De Vliegende Hollander Single-rider,,,0.0
2023-07-27,160,Diorama,,,99.0
2023-07-27,160,Droomvlucht,10.0,20.0,100.0
2023-07-27,160,Droomvlucht VR,,,36.0
2023-07-27,160,Efteling Museum,,,92.0
2023-07-27,160,Fabula,9.0,10.0,99.0
2023-07-27,160,Fairytale Forest,,,99.0
2023-07-27,160,Fata Morgana,5.0,5.0,100.0
2023-07-27,160,Gondoletta,5.0,10.0,93.0
2023-07-27,160,Halve Maen,7.0,10.0,29.0
2023-07-27,160,Joris en de Draak,6.0,10.0,99.0
2023-07-27,160,Joris en de Draak Single-rider,5.0,5.0,38.0
2023-07-27,160,Kinderspoor,,,99.0
2023-07-27,160,Kindervreugd,,,99.0
2023-07-27,160,Kleuterhof,,,100.0
2023-07-27,160,Max & Moritz,5.0,5.0,100.0
2023-07-27,160,Max & Moritz Single-rider,5.0,5.0,36.0
2023-07-27,160,Monorail,9.0,10.0,99.0
2023-07-27,160,Nest!,,,99.0
2023-07-27,160,Pagode,5.0,5.0,100.0
2023-07-27,160,Piraña,5.0,5.0,99.0
2023-07-27,160,Python,5.0,10.0,99.0
2023-07-27,160,Python Single-rider,5.0,5.0,27.0
2023-07-27,160,Sirocco,5.0,10.0,100.0
2023-07-27,160,Stoomcarrousel,,,99.0
2023-07-27,160,Stoomtrein Marerijk,25.0,25.0,88.0
2023-07-27,160,Stoomtrein Ruigrijk,25.0,25.0,86.0
2023-07-27,160,Symbolica,12.0,30.0,99.0
2023-07-27,160,Symbolica Single-rider,5.0,5.0,99.0
2023-07-27,160,The Six Swans,,,99.0
2023-07-27,160,Villa Volta,5.0,5.0,97.0
2023-07-27,160,Vogel Rok,5.0,10.0,100.0
2023-07-27,160,Volkvanlaaf,,,99.0
2023-07-28,160,Anton Pieck Plein,,,99.0
2023-07-28,160,Archipel,,,96.0
2023-07-28,160,Badhuys indoor splash pool,,,100.0
2023-07-28,160,Baron 1898,18.0,35.0,94.0
2023-07-28,160,Baron 1898 Single-rider,15.0,30.0,92.0
2023-07-28,160,Carnaval Festival,9.0,20.0,96.0
2023-07-28,160,De Oude Tufferbaan,14.0,25.0,99.0
2023-07-28,160,De Vliegende Hollander,23.0,35.0,91.0
2023-07-28,160,De Vliegende Hollander Single-rider,13.0,30.0,78.0
2023-07-28,160,Diorama,,,99.0
2023-07-28,160,Droomvlucht,16.0,30.0,100.0
2023-07-28,160,Droomvlucht VR,,,52.0
2023-07-28,160,Efteling Museum,,,91.0
2023-07-28,160,Fabula,10.0,10.0,95.0
2023-07-28,160,Fairytale Forest,,,99.0
2023-07-28,160,Fata Morgana,7.0,25.0,97.0
2023-07-28,160,Gondoletta,17.0,25.0,95.0
2023-07-28,160,Halve Maen,,,0.0
2023-07-28,160,Joris en de Draak,17.0,30.0,99.0
2023-07-28,160,Joris en de Draak Single-rider,9.0,25.0,88.0
2023-07-28,160,Kinderspoor,6.0,10.0,99.0
2023-07-28,160,Kindervreugd,,,99.0
2023-07-28,160,Kleuterhof,,,100.0
2023-07-28,160,Max & Moritz,9.0,30.0,100.0
2023-07-28,160,Max & Moritz Single-rider,,,0.0
2023-07-28,160,Monorail,12.0,20.0,99.0
2023-07-28,160,Nest!,,,99.0
2023-07-28,160,Pagode,6.0,15.0,99.0
2023-07-28,160,Piraña,11.0,25.0,99.0
2023-07-28,160,Python,10.0,20.0,86.0
2023-07-28,160,Python Single-rider,11.0,20.0,54.0
2023-07-28,160,Sirocco,8.0,20.0,100.0
2023-07-28,160,Stoomcarrousel,,,99.0
2023-07-28,160,Stoomtrein Marerijk,18.0,25.0,97.0
2023-07-28,160,Stoomtrein Ruigrijk,18.0,25.0,97.0
2023-07-28,160,Symbolica,21.0,30.0,99.0
2023-07-28,160,Symbolica Single-rider,5.0,10.0,99.0
2023-07-28,160,The Six Swans,5.0,10.0,81.0
2023-07-28,160,Villa Volta,6.0,20.0,100.0
2023-07-28,160,Vogel Rok,9.0,20.0,100.0
2023-07-28,160,Volkvanlaaf,,,99.0
2023-07-29,160,Anton Pieck Plein,,,93.0
2023-07-29,160,Archipel,,,94.0
2023-07-29,160,Badhuys indoor splash pool,,,100.0
2023-07-29,160,Baron 1898,20.0,45.0,93.0
2023-07-29,160,Baron 1898 Single-rider,15.0,45.0,89.0
2023-07-29,160,Carnaval Festival,11.0,25.0,100.0
2023-07-29,160,De Oude Tufferbaan,14.0,25.0,86.0
2023-07-29,160,De Vliegende Hollander,21.0,35.0,93.0
2023-07-29,160,De Vliegende Hollander Single-rider,10.0,25.0,82.0
2023-07-29,160,Diorama,,,99.0
2023-07-29,160,Droomvlucht,19.0,35.0,97.0
2023-07-29,160,Droomvlucht VR,,,96.0
2023-07-29,160,Efteling Museum,,,92.0
2023-07-29,160,Fabula,9.0,15.0,99.0
2023-07-29,160,Fairytale Forest,,,99.0
2023-07-29,160,Fata Morgana,10.0,35.0,100.0
2023-07-29,160,Gondoletta,13.0,20.0,84.0
2023-07-29,160,Halve Maen,,,0.0
2023-07-29,160,Joris en de Draak,17.0,30.0,90.0
2023-07-29,160,Joris en de Draak Single-rider,10.0,30.0,90.0
2023-07-29,160,Kinderspoor,8.0,15.0,93.0
2023-07-29,160,Kindervreugd,,,99.0
2023-07-29,160,Kleuterhof,,,100.0
2023-07-29,160,Max & Moritz,7.0,35.0,93.0
2023-07-29,160,Max & Moritz Single-rider,6.0,15.0,77.0
2023-07-29,160,Monorail,14.0,30.0,93.0
2023-07-29,160,Nest!,,,93.0
2023-07-29,160,Pagode,5.0,10.0,93.0
2023-07-29,160,Piraña,9.0,15.0,92.0
2023-07-29,160,Python,9.0,20.0,93.0
2023-07-29,160,Python Single-rider,8.0,20.0,47.0
2023-07-29,160,Sirocco,8.0,20.0,94.0
2023-07-29,160,Stoomcarrousel,9.0,15.0,99.0
2023-07-29,160,Stoomtrein Marerijk,27.0,30.0,93.0
2023-07-29,160,Stoomtrein Ruigrijk,29.0,50.0,93.0
2023-07-29,160,Symbolica,23.0,35.0,96.0
2023-07-29,160,Symbolica Single-rider,5.0,10.0,96.0
2023-07-29,160,The Six Swans,5.0,5.0,82.0
2023-07-29,160,Villa Volta,7.0,20.0,100.0
2023-07-29,160,Vogel Rok,10.0,30.0,99.0
2023-07-29,160,Volkvanlaaf,,,94.0
2023-07-30,160,Anton Pieck Plein,,,99.0
2023-07-30,160,Archipel,,,96.0
2023-07-30,160,Badhuys indoor splash pool,,,100.0
2023-07-30,160,Baron 1898,18.0,35.0,100.0
2023-07-30,160,Baron 1898 Single-rider,15.0,35.0,80.0
2023-07-30,160,Carnaval Festival,15.0,25.0,100.0
2023-07-30,160,De Oude Tufferbaan,23.0,35.0,89.0
2023-07-30,160,De Vliegende Hollander,21.0,35.0,100.0
2023-07-30,160,De Vliegende Hollander Single-rider,10.0,20.0,79.0
2023-07-30,160,Diorama,,,100.0
2023-07-30,160,Droomvlucht,24.0,40.0,100.0
2023-07-30,160,Droomvlucht VR,,,0.0
2023-07-30,160,Efteling Museum,,,91.0
2023-07-30,160,Fabula,10.0,10.0,99.0
2023-07-30,160,Fairytale Forest,,,99.0
2023-07-30,160,Fata Morgana,11.0,40.0,100.0
2023-07-30,160,Gondoletta,21.0,35.0,93.0
2023-07-30,160,Halve Maen,,,0.0
2023-07-30,160,Joris en de Draak,20.0,40.0,95.0
2023-07-30,160,Joris en de Draak Single-rider,,,0.0
2023-07-30,160,Kinderspoor,16.0,25.0,99.0
2023-07-30,160,Kindervreugd,,,99.0
2023-07-30,160,Kleuterhof,,,100.0
2023-07-30,160,Max & Moritz,22.0,40.0,88.0
2023-07-30,160,Max & Moritz Single-rider,12.0,40.0,68.0
2023-07-30,160,Monorail,18.0,35.0,99.0
2023-07-30,160,Nest!,,,99.0
2023-07-30,160,Pagode,8.0,25.0,100.0
2023-07-30,160,Piraña,10.0,20.0,99.0
2023-07-30,160,Python,12.0,25.0,99.0
2023-07-30,160,Python Single-rider,11.0,20.0,75.0
2023-07-30,160,Sirocco,11.0,20.0,100.0
2023-07-30,160,Stoomcarrousel,,,100.0
2023-07-30,160,Stoomtrein Marerijk,17.0,25.0,93.0
2023-07-30,160,Stoomtrein Ruigrijk,19.0,45.0,90.0
2023-07-30,160,Symbolica,26.0,40.0,99.0
2023-07-30,160,Symbolica Single-rider,6.0,15.0,99.0
2023-07-30,160,The Six Swans,7.0,10.0,100.0
2023-07-30,160,Villa Volta,9.0,20.0,100.0
2023-07-30,160,Vogel Rok,12.0,30.0,100.0
2023-07-30,160,Volkvanlaaf,,,99.0
2023-07-31,160,Anton Pieck Plein,,,99.0
2023-07-31,160,Archipel,,,96.0
2023-07-31,160,Badhuys indoor splash pool,,,100.0
2023-07-31,160,Baron 1898,8.0,20.0,100.0
2023-07-31,160,Baron 1898 Single-rider,6.0,20.0,82.0
2023-07-31,160,Carnaval Festival,5.0,5.0,100.0
2023-07-31,160,De Oude Tufferbaan,14.0,20.0,52.0
2023-07-31,160,De Vliegende Hollander,9.0,25.0,87.0
2023-07-31,160,De Vliegende Hollander Single-rider,5.0,15.0,34.0
2023-07-31,160,Diorama,,,99.0
2023-07-31,160,Droomvlucht,13.0,30.0,100.0
2023-07-31,160,Droomvlucht VR,,,100.0
2023-07-31,160,Efteling Museum,,,91.0
2023-07-31,160,Fabula,10.0,10.0,98.0
2023-07-31,160,Fairytale Forest,,,99.0
2023-07-31,160,Fata Morgana,5.0,15.0,100.0
2023-07-31,160,Gondoletta,6.0,10.0,88.0
2023-07-31,160,Halve Maen,,,0.0
2023-07-31,160,Joris en de Draak,9.0,25.0,98.0
2023-07-31,160,Joris en de Draak Single-rider,6.0,15.0,46.0
2023-07-31,160,Kinderspoor,5.0,5.0,100.0
2023-07-31,160,Kindervreugd,,,99.0
2023-07-31,160,Kleuterhof,,,100.0
2023-07-31,160,Max & Moritz,14.0,40.0,99.0
2023-07-31,160,Max & Moritz Single-rider,9.0,25.0,54.0
2023-07-31,160,Monorail,16.0,20.0,86.0
2023-07-31,160,Nest!,,,99.0
2023-07-31,160,Pagode,5.0,5.0,99.0
2023-07-31,160,Piraña,5.0,5.0,97.0
2023-07-31,160,Python,6.0,15.0,93.0
2023-07-31,160,Python Single-rider,5.0,5.0,50.0
2023-07-31,160,Sirocco,6.0,10.0,100.0
2023-07-31,160,Stoomcarrousel,,,99.0
2023-07-31,160,Stoomtrein Marerijk,19.0,30.0,97.0
2023-07-31,160,Stoomtrein Ruigrijk,19.0,30.0,97.0
2023-07-31,160,Symbolica,18.0,30.0,95.0
2023-07-31,160,Symbolica Single-rider,7.0,10.0,86.0
2023-07-31,160,The Six Swans,5.0,5.0,99.0
2023-07-31,160,Villa Volta,5.0,10.0,100.0
2023-07-31,160,Vogel Rok,6.0,15.0,100.0
2023-07-31,160,Volkvanlaaf,,,99.0
2023-08-01,160,Anton Pieck Plein,,,99.0
2023-08-01,160,Archipel,,,95.0
2023-08-01,160,Badhuys indoor splash pool,,,100.0
2023-08-01,160,Baron 1898,18.0,30.0,100.0
2023-08-01,160,Baron 1898 Single-rider,15.0,35.0,100.0
2023-08-01,160,Carnaval Festival,7.0,15.0,100.0
2023-08-01,160,De Oude Tufferbaan,18.0,30.0,90.0
2023-08-01,160,De Vliegende Hollander,20.0,30.0,100.0
2023-08-01,160,De Vliegende Hollander Single-rider,10.0,25.0,87.0
2023-08-01,160,Diorama,,,99.0
2023-08-01,160,Droomvlucht,20.0,35.0,100.0
2023-08-01,160,Droomvlucht VR,,,75.0
2023-08-01,160,Efteling Museum,,,81.0
2023-08-01,160,Fabula,10.0,10.0,99.0
2023-08-01,160,Fairytale Forest,,,99.0
2023-08-01,160,Fata Morgana,8.0,30.0,100.0
2023-08-01,160,Gondoletta,19.0,25.0,91.0
2023-08-01,160,Halve Maen,,,0.0
2023-08-01,160,Joris en de Draak,18.0,35.0,98.0
2023-08-01,160,Joris en de Draak Single-rider,8.0,20.0,97.0
2023-08-01,160,Kinderspoor,13.0,15.0,99.0
2023-08-01,160,Kindervreugd,,,99.0
2023-08-01,160,Kleuterhof,,,100.0
2023-08-01,160,Max & Moritz,,,0.0
2023-08-01,160,Max & Moritz Single-rider,,,0.0
2023-08-01,160,Monorail,21.0,40.0,93.0
2023-08-01,160,Nest!,,,99.0
2023-08-01,160,Pagode,7.0,20.0,97.0
2023-08-01,160,Piraña,12.0,20.0,100.0
2023-08-01,160,Python,11.0,20.0,93.0
2023-08-01,160,Python Single-rider,8.0,20.0,85.0
2023-08-01,160,Sirocco,10.0,20.0,100.0
2023-08-01,160,Stoomcarrousel,,,99.0
2023-08-01,160,Stoomtrein Marerijk,17.0,30.0,99.0
2023-08-01,160,Stoomtrein Ruigrijk,17.0,30.0,99.0
2023-08-01,160,Symbolica,25.0,30.0,99.0
2023-08-01,160,Symbolica Single-rider,5.0,10.0,99.0
2023-08-01,160,The Six Swans,6.0,10.0,100.0
2023-08-01,160,Villa Volta,9.0,15.0,100.0
2023-08-01,160,Vogel Rok,10.0,20.0,100.0
2023-08-01,160,Volkvanlaaf,,,99.0
2023-08-02,160,Anton Pieck Plein,,,99.0
2023-08-02,160,Archipel,,,95.0
2023-08-02,160,Badhuys indoor splash pool,,,100.0
2023-08-02,160,Baron 1898,10.0,30.0,100.0
2023-08-02,160,Baron 1898 Single-rider,7.0,20.0,100.0
2023-08-02,160,Carnaval Festival,5.0,10.0,100.0
2023-08-02,160,De Oude Tufferbaan,15.0,30.0,78.0
2023-08-02,160,De Vliegende Hollander,12.0,25.0,100.0
2023-08-02,160,De Vliegende Hollander Single-rider,5.0,10.0,84.0
2023-08-02,160,Diorama,,,99.0
2023-08-02,160,Droomvlucht,10.0,20.0,99.0
2023-08-02,160,Droomvlucht VR,,,54.0
2023-08-02,160,Efteling Museum,,,89.0
2023-08-02,160,Fabula,10.0,10.0,100.0
2023-08-02,160,Fairytale Forest,,,99.0
2023-08-02,160,Fata Morgana,5.0,10.0,100.0
2023-08-02,160,Gondoletta,12.0,20.0,90.0
2023-08-02,160,Halve Maen,,,0.0
2023-08-02,160,Joris en de Draak,11.0,35.0,97.0
2023-08-02,160,Joris en de Draak Single-rider,5.0,15.0,94.0
2023-08-02,160,Kinderspoor,6.0,15.0,99.0
2023-08-02,160,Kindervreugd,,,99.0
2023-08-02,160,Kleuterhof,,,100.0
2023-08-02,160,Max & Moritz,,,0.0
2023-08-02,160,Max & Moritz Single-rider,,,0.0
2023-08-02,160,Monorail,11.0,20.0,99.0
2023-08-02,160,Nest!,,,99.0
2023-08-02,160,Pagode,5.0,5.0,95.0
2023-08-02,160,Piraña,5.0,10.0,100.0
2023-08-02,160,Python,5.0,10.0,100.0
2023-08-02,160,Python Single-rider,5.0,10.0,75.0
2023-08-02,160,Sirocco,6.0,15.0,99.0
2023-08-02,160,Stoomcarrousel,,,99.0
2023-08-02,160,Stoomtrein Marerijk,17.0,30.0,88.0
2023-08-02,160,Stoomtrein Ruigrijk,17.0,30.0,84.0
2023-08-02,160,Symbolica,18.0,30.0,100.0
2023-08-02,160,Symbolica Single-rider,5.0,15.0,100.0
2023-08-02,160,The Six Swans,,,99.0
2023-08-02,160,Villa Volta,5.0,10.0,100.0
2023-08-02,160,Vogel Rok,7.0,15.0,100.0
2023-08-02,160,Volkvanlaaf,,,99.0
2023-08-03,160,Anton Pieck Plein,,,99.0
2023-08-03,160,Archipel,,,95.0
2023-08-03,160,Badhuys indoor splash pool,,,100.0
2023-08-03,160,Baron 1898,14.0,30.0,100.0
2023-08-03,160,Baron 1898 Single-rider,11.0,35.0,100.0
2023-08-03,160,Carnaval Festival,10.0,20.0,100.0
2023-08-03,160,De Oude Tufferbaan,10.0,20.0,18.0
2023-08-03,160,De Vliegende Hollander,13.0,30.0,97.0
2023-08-03,160,De Vliegende Hollander Single-rider,6.0,15.0,63.0
2023-08-03,160,Diorama,,,99.0
2023-08-03,160,Droomvlucht,11.0,25.0,100.0
2023-08-03,160,Droomvlucht VR,,,99.0
2023-08-03,160,Efteling Museum,,,43.0
2023-08-03,160,Fabula,10.0,10.0,100.0
2023-08-03,160,Fairytale Forest,,,99.0
2023-08-03,160,Fata Morgana,6.0,15.0,100.0
2023-08-03,160,Gondoletta,10.0,15.0,86.0
2023-08-03,160,Halve Maen,,,0.0
2023-08-03,160,Joris en de Draak,14.0,35.0,91.0
2023-08-03,160,Joris en de Draak Single-rider,7.0,25.0,75.0
2023-08-03,160,Kinderspoor,11.0,15.0,99.0
2023-08-03,160,Kindervreugd,,,99.0
2023-08-03,160,Kleuterhof,,,100.0
2023-08-03,160,Max & Moritz,6.0,30.0,99.0
2023-08-03,160,Max & Moritz Single-rider,5.0,15.0,29.0
2023-08-03,160,Monorail,10.0,35.0,93.0
2023-08-03,160,Nest!,,,99.0
2023-08-03,160,Pagode,5.0,5.0,99.0
2023-08-03,160,Piraña,5.0,10.0,100.0
2023-08-03,160,Python,9.0,25.0,98.0
2023-08-03,160,Python Single-rider,7.0,15.0,19.0
2023-08-03,160,Sirocco,6.0,15.0,100.0
2023-08-03,160,Stoomcarrousel,,,99.0
2023-08-03,160,Stoomtrein Marerijk,25.0,25.0,86.0
2023-08-03,160,Stoomtrein Ruigrijk,28.0,45.0,86.0
2023-08-03,160,Symbolica,19.0,35.0,99.0
2023-08-03,160,Symbolica Single-rider,5.0,10.0,99.0
2023-08-03,160,The Six Swans,5.0,5.0,99.0
2023-08-03,160,Villa Volta,7.0,15.0,100.0
2023-08-03,160,Vogel Rok,9.0,20.0,100.0
2023-08-03,160,Volkvanlaaf,,,99.0
2023-08-04,160,Anton Pieck Plein,,,99.0
2023-08-04,160,Archipel,,,95.0
2023-08-04,160,Badhuys indoor splash pool,,,100.0
2023-08-04,160,Baron 1898,20.0,35.0,100.0
2023-08-04,160,Baron 1898 Single-rider,16.0,30.0,100.0
2023-08-04,160,Carnaval Festival,12.0,30.0,100.0
2023-08-04,160,De Oude Tufferbaan,21.0,35.0,85.0
2023-08-04,160,De Vliegende Hollander,24.0,35.0,95.0
2023-08-04,160,De Vliegende Hollander Single-rider,12.0,30.0,68.0
2023-08-04,160,Diorama,,,99.0
2023-08-04,160,Droomvlucht,21.0,40.0,100.0
2023-08-04,160,Droomvlucht VR,,,96.0
2023-08-04,160,Efteling Museum,,,92.0
2023-08-04,160,Fabula,10.0,10.0,99.0
2023-08-04,160,Fairytale Forest,,,99.0
2023-08-04,160,Fata Morgana,9.0,30.0,100.0
2023-08-04,160,Gondoletta,19.0,35.0,90.0
2023-08-04,160,Halve Maen,,,0.0
2023-08-04,160,Joris en de Draak,22.0,35.0,93.0
2023-08-04,160,Joris en de Draak Single-rider,10.0,30.0,93.0
2023-08-04,160,Kinderspoor,11.0,25.0,99.0
2023-08-04,160,Kindervreugd,,,99.0
2023-08-04,160,Kleuterhof,,,100.0
2023-08-04,160,Max & Moritz,13.0,30.0,100.0
2023-08-04,160,Max & Moritz Single-rider,6.0,15.0,86.0
2023-08-04,160,Monorail,16.0,35.0,99.0
2023-08-04,160,Nest!,,,99.0
2023-08-04,160,Pagode,6.0,15.0,86.0
2023-08-04,160,Piraña,10.0,20.0,99.0
2023-08-04,160,Python,11.0,20.0,97.0
2023-08-04,160,Python Single-rider,8.0,20.0,75.0
2023-08-04,160,Sirocco,10.0,20.0,100.0
2023-08-04,160,Stoomcarrousel,,,99.0
2023-08-04,160,Stoomtrein Marerijk,25.0,25.0,86.0
2023-08-04,160,Stoomtrein Ruigrijk,30.0,45.0,86.0
2023-08-04,160,Symbolica,24.0,35.0,99.0
2023-08-04,160,Symbolica Single-rider,5.0,10.0,99.0
2023-08-04,160,The Six Swans,5.0,5.0,99.0
2023-08-04,160,Villa Volta,7.0,10.0,100.0
2023-08-04,160,Vogel Rok,11.0,25.0,100.0
2023-08-04,160,Volkvanlaaf,,,99.0
2023-08-05,160,Anton Pieck Plein,,,99.0
2023-08-05,160,Archipel,,,97.0
2023-08-05,160,Badhuys indoor splash pool,,,100.0
2023-08-05,160,Baron 1898,12.0,35.0,95.0
2023-08-05,160,Baron 1898 Single-rider,8.0,20.0,97.0
2023-08-05,160,Carnaval Festival,9.0,15.0,100.0
2023-08-05,160,De Oude Tufferbaan,15.0,30.0,99.0
2023-08-05,160,De Vliegende Hollander,17.0,30.0,79.0
2023-08-05,160,De Vliegende Hollander Single-rider,7.0,20.0,61.0
2023-08-05,160,Diorama,,,99.0
2023-08-05,160,Droomvlucht,14.0,30.0,100.0
2023-08-05,160,Droomvlucht VR,,,94.0
2023-08-05,160,Efteling Museum,,,92.0
2023-08-05,160,Fabula,9.0,10.0,99.0
2023-08-05,160,Fairytale Forest,,,99.0
2023-08-05,160,Fata Morgana,6.0,20.0,100.0
2023-08-05,160,Gondoletta,7.0,15.0,93.0
2023-08-05,160,Halve Maen,,,0.0
2023-08-05,160,Joris en de Draak,10.0,25.0,100.0
2023-08-05,160,Joris en de Draak Single-rider,5.0,15.0,97.0
2023-08-05,160,Kinderspoor,6.0,15.0,99.0
2023-08-05,160,Kindervreugd,,,99.0
2023-08-05,160,Kleuterhof,,,100.0
2023-08-05,160,Max & Moritz,6.0,20.0,100.0
2023-08-05,160,Max & Moritz Single-rider,5.0,10.0,88.0
2023-08-05,160,Monorail,16.0,25.0,99.0
2023-08-05,160,Nest!,,,99.0
2023-08-05,160,Pagode,5.0,10.0,99.0
2023-08-05,160,Piraña,5.0,10.0,99.0
2023-08-05,160,Python,9.0,25.0,97.0
2023-08-05,160,Python Single-rider,5.0,15.0,87.0
2023-08-05,160,Sirocco,7.0,10.0,99.0
2023-08-05,160,Stoomcarrousel,5.0,5.0,99.0
2023-08-05,160,Stoomtrein Marerijk,26.0,35.0,90.0
2023-08-05,160,Stoomtrein Ruigrijk,26.0,40.0,88.0
2023-08-05,160,Symbolica,20.0,30.0,99.0
2023-08-05,160,Symbolica Single-rider,5.0,5.0,99.0
2023-08-05,160,The Six Swans,5.0,10.0,100.0
2023-08-05,160,Villa Volta,8.0,20.0,100.0
2023-08-05,160,Vogel Rok,8.0,20.0,100.0
2023-08-05,160,Volkvanlaaf,,,99.0
2023-08-06,160,Anton Pieck Plein,,,99.0
2023-08-06,160,Archipel,,,94.0
2023-08-06,160,Badhuys indoor splash pool,,,100.0
2023-08-06,160,Baron 1898,6.0,15.0,98.0
2023-08-06,160,Baron 1898 Single-rider,5.0,10.0,100.0
2023-08-06,160,Carnaval Festival,5.0,5.0,100.0
2023-08-06,160,De Oude Tufferbaan,13.0,15.0,22.0
2023-08-06,160,De Vliegende Hollander,11.0,30.0,80.0
2023-08-06,160,De Vliegende Hollander Single-rider,6.0,15.0,34.0
2023-08-06,160,Diorama,,,99.0
2023-08-06,160,Droomvlucht,9.0,30.0,100.0
2023-08-06,160,Droomvlucht VR,,,100.0
2023-08-06,160,Efteling Museum,,,91.0
2023-08-06,160,Fabula,10.0,10.0,99.0
2023-08-06,160,Fairytale Forest,,,99.0
2023-08-06,160,Fata Morgana,5.0,10.0,100.0
2023-08-06,160,Gondoletta,6.0,15.0,90.0
2023-08-06,160,Halve Maen,,,0.0
2023-08-06,160,Joris en de Draak,6.0,15.0,99.0
2023-08-06,160,Joris en de Draak Single-rider,,,0.0
2023-08-06,160,Kinderspoor,,,99.0
2023-08-06,160,Kindervreugd,,,99.0
2023-08-06,160,Kleuterhof,,,100.0
2023-08-06,160,Max & Moritz,5.0,10.0,100.0
2023-08-06,160,Max & Moritz Single-rider,5.0,5.0,39.0
2023-08-06,160,Monorail,5.0,5.0,99.0
2023-08-06,160,Nest!,,,99.0
2023-08-06,160,Pagode,5.0,5.0,98.0
2023-08-06,160,Piraña,5.0,5.0,99.0
2023-08-06,160,Python,5.0,10.0,100.0
2023-08-06,160,Python Single-rider,5.0,5.0,69.0
2023-08-06,160,Sirocco,5.0,10.0,100.0
2023-08-06,160,Stoomcarrousel,,,99.0
2023-08-06,160,Stoomtrein Marerijk,25.0,30.0,83.0
2023-08-06,160,Stoomtrein Ruigrijk,25.0,30.0,83.0
2023-08-06,160,Symbolica,14.0,25.0,98.0
2023-08-06,160,Symbolica Single-rider,5.0,5.0,67.0
2023-08-06,160,The Six Swans,,,100.0
2023-08-06,160,Villa Volta,5.0,5.0,100.0
2023-08-06,160,Vogel Rok,5.0,15.0,100.0
2023-08-06,160,Volkvanlaaf,,,99.0
2023-08-07,160,Anton Pieck Plein,,,99.0
2023-08-07,160,Archipel,,,95.0
2023-08-07,160,Badhuys indoor splash pool,,,100.0
2023-08-07,160,Baron 1898,23.0,45.0,100.0
2023-08-07,160,Baron 1898 Single-rider,19.0,40.0,100.0
2023-08-07,160,Carnaval Festival,16.0,35.0,100.0
2023-08-07,160,De Oude Tufferbaan,21.0,40.0,99.0
2023-08-07,160,De Vliegende Hollander,30.0,45.0,90.0
2023-08-07,160,De Vliegende Hollander Single-rider,16.0,35.0,86.0
2023-08-07,160,Diorama,,,99.0
2023-08-07,160,Droomvlucht,27.0,60.0,100.0
2023-08-07,160,Droomvlucht VR,,,100.0
2023-08-07,160,Efteling Museum,,,92.0
2023-08-07,160,Fabula,10.0,10.0,99.0
2023-08-07,160,Fairytale Forest,,,99.0
2023-08-07,160,Fata Morgana,12.0,45.0,100.0
2023-08-07,160,Gondoletta,21.0,30.0,90.0
2023-08-07,160,Halve Maen,,,0.0
2023-08-07,160,Joris en de Draak,29.0,45.0,90.0
2023-08-07,160,Joris en de Draak Single-rider,15.0,40.0,89.0
2023-08-07,160,Kinderspoor,10.0,15.0,99.0
2023-08-07,160,Kindervreugd,,,99.0
2023-08-07,160,Kleuterhof,,,100.0
2023-08-07,160,Max & Moritz,14.0,40.0,100.0
2023-08-07,160,Max & Moritz Single-rider,9.0,20.0,66.0
2023-08-07,160,Monorail,22.0,40.0,99.0
2023-08-07,160,Nest!,,,99.0
2023-08-07,160,Pagode,7.0,20.0,81.0
2023-08-07,160,Piraña,14.0,30.0,99.0
2023-08-07,160,Python,17.0,35.0,95.0
2023-08-07,160,Python Single-rider,15.0,40.0,88.0
2023-08-07,160,Sirocco,13.0,20.0,100.0
2023-08-07,160,Stoomcarrousel,10.0,10.0,99.0
2023-08-07,160,Stoomtrein Marerijk,18.0,30.0,97.0
2023-08-07,160,Stoomtrein Ruigrijk,18.0,30.0,95.0
2023-08-07,160,Symbolica,30.0,40.0,99.0
2023-08-07,160,Symbolica Single-rider,8.0,10.0,99.0
2023-08-07,160,The Six Swans,6.0,15.0,99.0
2023-08-07,160,Villa Volta,9.0,25.0,100.0
2023-08-07,160,Vogel Rok,18.0,45.0,99.0
2023-08-07,160,Volkvanlaaf,,,99.0
2023-08-08,160,Anton Pieck Plein,,,100.0
2023-08-08,160,Archipel,,,94.0
2023-08-08,160,Badhuys indoor splash pool,,,100.0
2023-08-08,160,Baron 1898,21.0,45.0,100.0
2023-08-08,160,Baron 1898 Single-rider,17.0,40.0,100.0
2023-08-08,160,Carnaval Festival,13.0,25.0,100.0
2023-08-08,160,De Oude Tufferbaan,23.0,40.0,83.0
2023-08-08,160,De Vliegende Hollander,26.0,50.0,100.0
2023-08-08,160,De Vliegende Hollander Single-rider,13.0,25.0,84.0
2023-08-08,160,Diorama,,,100.0
2023-08-08,160,Droomvlucht,26.0,45.0,100.0
2023-08-08,160,Droomvlucht VR,,,0.0
2023-08-08,160,Efteling Museum,,,91.0
2023-08-08,160,Fabula,10.0,10.0,100.0
2023-08-08,160,Fairytale Forest,,,100.0
2023-08-08,160,Fata Morgana,9.0,40.0,100.0
2023-08-08,160,Gondoletta,20.0,35.0,90.0
2023-08-08,160,Halve Maen,,,0.0
2023-08-08,160,Joris en de Draak,21.0,150.0,98.0
2023-08-08,160,Joris en de Draak Single-rider,11.0,25.0,86.0
2023-08-08,160,Kinderspoor,10.0,20.0,97.0
2023-08-08,160,Kindervreugd,,,100.0
2023-08-08,160,Kleuterhof,,,100.0
2023-08-08,160,Max & Moritz,12.0,40.0,90.0
2023-08-08,160,Max & Moritz Single-rider,5.0,10.0,76.0
2023-08-08,160,Monorail,18.0,40.0,100.0
2023-08-08,160,Nest!,,,100.0
2023-08-08,160,Pagode,5.0,10.0,94.0
2023-08-08,160,Piraña,11.0,25.0,100.0
2023-08-08,160,Python,16.0,30.0,88.0
2023-08-08,160,Python Single-rider,11.0,25.0,74.0
2023-08-08,160,Sirocco,10.0,20.0,100.0
2023-08-08,160,Stoomcarrousel,5.0,5.0,100.0
2023-08-08,160,Stoomtrein Marerijk,21.0,30.0,97.0
2023-08-08,160,Stoomtrein Ruigrijk,22.0,30.0,95.0
2023-08-08,160,Symbolica,27.0,40.0,98.0
2023-08-08,160,Symbolica Single-rider,6.0,10.0,100.0
2023-08-08,160,The Six Swans,5.0,5.0,100.0
2023-08-08,160,Villa Volta,9.0,30.0,100.0
2023-08-08,160,Vogel Rok,12.0,30.0,97.0
2023-08-08,160,Volkvanlaaf,,,100.0
2023-08-09,160,Anton Pieck Plein,,,99.0
2023-08-09,160,Archipel,,,94.0
2023-08-09,160,Badhuys indoor splash pool,,,100.0
2023-08-09,160,Baron 1898,41.0,65.0,100.0
2023-08-09,160,Baron 1898 Single-rider,33.0,55.0,100.0
2023-08-09,160,Carnaval Festival,25.0,45.0,100.0
2023-08-09,160,De Oude Tufferbaan,27.0,45.0,99.0
2023-08-09,160,De Vliegende Hollander,42.0,60.0,92.0
2023-08-09,160,De Vliegende Hollander Single-rider,26.0,40.0,88.0
2023-08-09,160,Diorama,,,99.0
2023-08-09,160,Droomvlucht,43.0,60.0,99.0
2023-08-09,160,Droomvlucht VR,,,70.0
2023-08-09,160,Efteling Museum,,,91.0
2023-08-09,160,Fabula,10.0,20.0,99.0
2023-08-09,160,Fairytale Forest,,,99.0
2023-08-09,160,Fata Morgana,24.0,50.0,97.0
2023-08-09,160,Gondoletta,34.0,45.0,87.0
2023-08-09,160,Halve Maen,,,0.0
2023-08-09,160,Joris en de Draak,41.0,60.0,92.0
2023-08-09,160,Joris en de Draak Single-rider,28.0,45.0,92.0
2023-08-09,160,Kinderspoor,11.0,30.0,99.0
2023-08-09,160,Kindervreugd,,,99.0
2023-08-09,160,Kleuterhof,,,100.0
2023-08-09,160,Max & Moritz,29.0,45.0,100.0
2023-08-09,160,Max & Moritz Single-rider,18.0,40.0,88.0
2023-08-09,160,Monorail,28.0,55.0,99.0
2023-08-09,160,Nest!,,,99.0
2023-08-09,160,Pagode,12.0,40.0,99.0
2023-08-09,160,Piraña,35.0,60.0,97.0
2023-08-09,160,Python,30.0,45.0,96.0
2023-08-09,160,Python Single-rider,30.0,50.0,85.0
2023-08-09,160,Sirocco,16.0,30.0,100.0
2023-08-09,160,Stoomcarrousel,6.0,20.0,99.0
2023-08-09,160,Stoomtrein Marerijk,22.0,30.0,97.0
2023-08-09,160,Stoomtrein Ruigrijk,23.0,30.0,95.0
2023-08-09,160,Symbolica,41.0,60.0,99.0
2023-08-09,160,Symbolica Single-rider,12.0,30.0,99.0
2023-08-09,160,The Six Swans,7.0,15.0,99.0
2023-08-09,160,Villa Volta,18.0,45.0,100.0
2023-08-09,160,Vogel Rok,28.0,50.0,100.0
2023-08-09,160,Volkvanlaaf,,,99.0
2023-08-10,160,Anton Pieck Plein,,,99.0
2023-08-10,160,Archipel,,,93.0
2023-08-10,160,Badhuys indoor splash pool,,,100.0
2023-08-10,160,Baron 1898,42.0,70.0,98.0
2023-08-10,160,Baron 1898 Single-rider,31.0,45.0,100.0
2023-08-10,160,Carnaval Festival,22.0,50.0,100.0
2023-08-10,160,De Oude Tufferbaan,27.0,40.0,99.0
2023-08-10,160,De Vliegende Hollander,40.0,55.0,95.0
2023-08-10,160,De Vliegende Hollander Single-rider,25.0,45.0,92.0
2023-08-10,160,Diorama,,,99.0
2023-08-10,160,Droomvlucht,38.0,60.0,100.0
2023-08-10,160,Droomvlucht VR,,,0.0
2023-08-10,160,Efteling Museum,,,91.0
2023-08-10,160,Fabula,10.0,10.0,97.0
2023-08-10,160,Fairytale Forest,,,99.0
2023-08-10,160,Fata Morgana,20.0,50.0,99.0
2023-08-10,160,Gondoletta,32.0,40.0,86.0
2023-08-10,160,Halve Maen,,,0.0
2023-08-10,160,Joris en de Draak,33.0,45.0,98.0
2023-08-10,160,Joris en de Draak Single-rider,20.0,35.0,100.0
2023-08-10,160,Kinderspoor,15.0,25.0,99.0
2023-08-10,160,Kindervreugd,,,99.0
2023-08-10,160,Kleuterhof,,,100.0
2023-08-10,160,Max & Moritz,23.0,45.0,100.0
2023-08-10,160,Max & Moritz Single-rider,13.0,40.0,86.0
2023-08-10,160,Monorail,32.0,60.0,99.0
2023-08-10,160,Nest!,,,99.0
2023-08-10,160,Pagode,11.0,25.0,99.0
2023-08-10,160,Piraña,37.0,50.0,99.0
2023-08-10,160,Python,25.0,50.0,93.0
2023-08-10,160,Python Single-rider,24.0,40.0,92.0
2023-08-10,160,Sirocco,15.0,25.0,100.0
2023-08-10,160,Stoomcarrousel,10.0,10.0,99.0
2023-08-10,160,Stoomtrein Marerijk,36.0,50.0,97.0
2023-08-10,160,Stoomtrein Ruigrijk,37.0,50.0,95.0
2023-08-10,160,Symbolica,39.0,50.0,99.0
2023-08-10,160,Symbolica Single-rider,10.0,25.0,99.0
2023-08-10,160,The Six Swans,10.0,15.0,99.0
2023-08-10,160,Villa Volta,14.0,25.0,100.0
2023-08-10,160,Vogel Rok,22.0,45.0,100.0
2023-08-10,160,Volkvanlaaf,,,99.0
2023-08-11,160,Anton Pieck Plein,,,99.0
2023-08-11,160,Archipel,,,93.0
2023-08-11,160,Badhuys indoor splash pool,,,100.0
2023-08-11,160,Baron 1898,28.0,45.0,97.0
2023-08-11,160,Baron 1898 Single-rider,22.0,40.0,100.0
2023-08-11,160,Carnaval Festival,14.0,25.0,100.0
2023-08-11,160,De Oude Tufferbaan,18.0,30.0,99.0
2023-08-11,160,De Vliegende Hollander,33.0,45.0,99.0
2023-08-11,160,De Vliegende Hollander Single-rider,,,0.0
2023-08-11,160,Diorama,,,99.0
2023-08-11,160,Droomvlucht,32.0,45.0,97.0
2023-08-11,160,Droomvlucht VR,,,14.0
2023-08-11,160,Efteling Museum,,,92.0
2023-08-11,160,Fabula,10.0,10.0,100.0
2023-08-11,160,Fairytale Forest,,,99.0
2023-08-11,160,Fata Morgana,16.0,45.0,84.0
2023-08-11,160,Gondoletta,26.0,40.0,86.0
2023-08-11,160,Halve Maen,,,0.0
2023-08-11,160,Joris en de Draak,29.0,50.0,74.0
2023-08-11,160,Joris en de Draak Single-rider,19.0,35.0,30.0
2023-08-11,160,Kinderspoor,11.0,20.0,99.0
2023-08-11,160,Kindervreugd,,,99.0
2023-08-11,160,Kleuterhof,,,99.0
2023-08-11,160,Max & Moritz,16.0,45.0,100.0
2023-08-11,160,Max & Moritz Single-rider,8.0,25.0,86.0
2023-08-11,160,Monorail,18.0,30.0,99.0
2023-08-11,160,Nest!,,,99.0
2023-08-11,160,Pagode,5.0,15.0,99.0
2023-08-11,160,Piraña,30.0,50.0,99.0
2023-08-11,160,Python,19.0,45.0,99.0
2023-08-11,160,Python Single-rider,19.0,45.0,70.0
2023-08-11,160,Sirocco,11.0,20.0,100.0
2023-08-11,160,Stoomcarrousel,,,99.0
2023-08-11,160,Stoomtrein Marerijk,19.0,25.0,95.0
2023-08-11,160,Stoomtrein Ruigrijk,20.0,45.0,95.0
2023-08-11,160,Symbolica,31.0,50.0,95.0
2023-08-11,160,Symbolica Single-rider,7.0,10.0,95.0
2023-08-11,160,The Six Swans,7.0,10.0,100.0
2023-08-11,160,Villa Volta,7.0,15.0,100.0
2023-08-11,160,Vogel Rok,14.0,35.0,100.0
2023-08-11,160,Volkvanlaaf,,,99.0
2023-08-12,160,Anton Pieck Plein,,,99.0
2023-08-12,160,Archipel,,,93.0
2023-08-12,160,Badhuys indoor splash pool,,,100.0
2023-08-12,160,Baron 1898,30.0,45.0,97.0
2023-08-12,160,Baron 1898 Single-rider,22.0,40.0,97.0
2023-08-12,160,Carnaval Festival,14.0,25.0,100.0
2023-08-12,160,De Oude Tufferbaan,18.0,35.0,88.0
2023-08-12,160,De Vliegende Hollander,32.0,45.0,99.0
2023-08-12,160,De Vliegende Hollander Single-rider,,,0.0
2023-08-12,160,Diorama,,,99.0
2023-08-12,160,Droomvlucht,29.0,45.0,95.0
2023-08-12,160,Droomvlucht VR,,,0.0
2023-08-12,160,Efteling Museum,,,91.0
2023-08-12,160,Fabula,10.0,10.0,98.0
2023-08-12,160,Fairytale Forest,,,99.0
2023-08-12,160,Fata Morgana,15.0,45.0,100.0
2023-08-12,160,Gondoletta,24.0,35.0,86.0
2023-08-12,160,Halve Maen,,,0.0
2023-08-12,160,Joris en de Draak,24.0,35.0,97.0
2023-08-12,160,Joris en de Draak Single-rider,11.0,25.0,97.0
2023-08-12,160,Kinderspoor,10.0,20.0,99.0
2023-08-12,160,Kindervreugd,,,99.0
2023-08-12,160,Kleuterhof,,,100.0
2023-08-12,160,Max & Moritz,12.0,35.0,100.0
2023-08-12,160,Max & Moritz Single-rider,6.0,20.0,86.0
2023-08-12,160,Monorail,18.0,35.0,99.0
2023-08-12,160,Nest!,,,99.0
2023-08-12,160,Pagode,6.0,15.0,98.0
2023-08-12,160,Piraña,22.0,40.0,93.0
2023-08-12,160,Python,16.0,30.0,99.0
2023-08-12,160,Python Single-rider,12.0,30.0,84.0
2023-08-12,160,Sirocco,11.0,25.0,100.0
2023-08-12,160,Stoomcarrousel,,,99.0
2023-08-12,160,Stoomtrein Marerijk,20.0,40.0,97.0
2023-08-12,160,Stoomtrein Ruigrijk,19.0,25.0,97.0
2023-08-12,160,Symbolica,32.0,45.0,100.0
2023-08-12,160,Symbolica Single-rider,7.0,10.0,100.0
2023-08-12,160,The Six Swans,6.0,10.0,100.0
2023-08-12,160,Villa Volta,10.0,25.0,90.0
2023-08-12,160,Vogel Rok,16.0,30.0,100.0
2023-08-12,160,Volkvanlaaf,,,99.0
2023-08-13,160,Anton Pieck Plein,,,99.0
2023-08-13,160,Archipel,,,92.0
2023-08-13,160,Badhuys indoor splash pool,,,100.0
2023-08-13,160,Baron 1898,32.0,50.0,100.0
2023-08-13,160,Baron 1898 Single-rider,26.0,45.0,100.0
2023-08-13,160,Carnaval Festival,18.0,40.0,100.0
2023-08-13,160,De Oude Tufferbaan,23.0,50.0,99.0
2023-08-13,160,De Vliegende Hollander,34.0,50.0,99.0
2023-08-13,160,De Vliegende Hollander Single-rider,22.0,35.0,48.0
2023-08-13,160,Diorama,,,99.0
2023-08-13,160,Droomvlucht,37.0,60.0,100.0
2023-08-13,160,Droomvlucht VR,,,90.0
2023-08-13,160,Efteling Museum,,,91.0
2023-08-13,160,Fabula,10.0,20.0,99.0
2023-08-13,160,Fairytale Forest,,,99.0
2023-08-13,160,Fata Morgana,18.0,50.0,100.0
2023-08-13,160,Gondoletta,30.0,45.0,84.0
2023-08-13,160,Halve Maen,,,0.0
2023-08-13,160,Joris en de Draak,30.0,45.0,99.0
2023-08-13,160,Joris en de Draak Single-rider,19.0,35.0,87.0
2023-08-13,160,Kinderspoor,13.0,35.0,99.0
2023-08-13,160,Kindervreugd,,,99.0
2023-08-13,160,Kleuterhof,,,100.0
2023-08-13,160,Max & Moritz,20.0,50.0,97.0
2023-08-13,160,Max & Moritz Single-rider,11.0,25.0,82.0
2023-08-13,160,Monorail,24.0,40.0,99.0
2023-08-13,160,Nest!,,,99.0
2023-08-13,160,Pagode,10.0,30.0,100.0
2023-08-13,160,Piraña,29.0,45.0,99.0
2023-08-13,160,Python,22.0,35.0,97.0
2023-08-13,160,Python Single-rider,19.0,40.0,86.0
2023-08-13,160,Sirocco,13.0,20.0,100.0
2023-08-13,160,Stoomcarrousel,6.0,10.0,99.0
2023-08-13,160,Stoomtrein Marerijk,19.0,25.0,97.0
2023-08-13,160,Stoomtrein Ruigrijk,19.0,25.0,97.0
2023-08-13,160,Symbolica,38.0,55.0,95.0
2023-08-13,160,Symbolica Single-rider,11.0,20.0,99.0
2023-08-13,160,The Six Swans,7.0,10.0,99.0
2023-08-13,160,Villa Volta,10.0,25.0,97.0
2023-08-13,160,Vogel Rok,20.0,40.0,97.0
2023-08-13,160,Volkvanlaaf,,,99.0
2023-08-14,160,Anton Pieck Plein,,,99.0
2023-08-14,160,Archipel,,,93.0
2023-08-14,160,Badhuys indoor splash pool,,,100.0
2023-08-14,160,Baron 1898,32.0,50.0,100.0
2023-08-14,160,Baron 1898 Single-rider,25.0,45.0,100.0
2023-08-14,160,Carnaval Festival,20.0,30.0,100.0
2023-08-14,160,De Oude Tufferbaan,22.0,40.0,100.0
2023-08-14,160,De Vliegende Hollander,38.0,50.0,100.0
2023-08-14,160,De Vliegende Hollander Single-rider,27.0,40.0,68.0
2023-08-14,160,Diorama,,,99.0
2023-08-14,160,Droomvlucht,38.0,60.0,100.0
2023-08-14,160,Droomvlucht VR,,,0.0
2023-08-14,160,Efteling Museum,,,92.0
2023-08-14,160,Fabula,10.0,20.0,100.0
2023-08-14,160,Fairytale Forest,,,99.0
2023-08-14,160,Fata Morgana,18.0,55.0,100.0
2023-08-14,160,Gondoletta,31.0,45.0,85.0
2023-08-14,160,Halve Maen,,,0.0
2023-08-14,160,Joris en de Draak,31.0,50.0,85.0
2023-08-14,160,Joris en de Draak Single-rider,21.0,40.0,83.0
2023-08-14,160,Kinderspoor,14.0,30.0,99.0
2023-08-14,160,Kindervreugd,,,99.0
2023-08-14,160,Kleuterhof,,,100.0
2023-08-14,160,Max & Moritz,21.0,50.0,100.0
2023-08-14,160,Max & Moritz Single-rider,11.0,40.0,88.0
2023-08-14,160,Monorail,24.0,45.0,99.0
2023-08-14,160,Nest!,,,99.0
2023-08-14,160,Pagode,8.0,20.0,99.0
2023-08-14,160,Piraña,38.0,60.0,99.0
2023-08-14,160,Python,24.0,45.0,98.0
2023-08-14,160,Python Single-rider,24.0,60.0,83.0
2023-08-14,160,Sirocco,13.0,20.0,100.0
2023-08-14,160,Stoomcarrousel,,,99.0
2023-08-14,160,Stoomtrein Marerijk,20.0,30.0,96.0
2023-08-14,160,Stoomtrein Ruigrijk,21.0,30.0,90.0
2023-08-14,160,Symbolica,38.0,50.0,99.0
2023-08-14,160,Symbolica Single-rider,10.0,30.0,99.0
2023-08-14,160,The Six Swans,9.0,15.0,100.0
2023-08-14,160,Villa Volta,14.0,25.0,100.0
2023-08-14,160,Vogel Rok,20.0,40.0,100.0
2023-08-14,160,Volkvanlaaf,,,99.0
2023-08-15,160,Anton Pieck Plein,,,100.0
2023-08-15,160,Archipel,,,0.0
2023-08-15,160,Badhuys indoor splash pool,,,100.0
2023-08-15,160,Baron 1898,35.0,45.0,100.0
2023-08-15,160,Baron 1898 Single-rider,30.0,50.0,100.0
2023-08-15,160,Carnaval Festival,18.0,35.0,100.0
2023-08-15,160,De Oude Tufferbaan,22.0,45.0,99.0
2023-08-15,160,De Vliegende Hollander,38.0,50.0,100.0
2023-08-15,160,De Vliegende Hollander Single-rider,23.0,35.0,98.0
2023-08-15,160,Diorama,,,100.0
2023-08-15,160,Droomvlucht,40.0,55.0,100.0
2023-08-15,160,Droomvlucht VR,,,50.0
2023-08-15,160,Efteling Museum,,,91.0
2023-08-15,160,Fabula,10.0,10.0,100.0
2023-08-15,160,Fairytale Forest,,,100.0
2023-08-15,160,Fata Morgana,18.0,50.0,100.0
2023-08-15,160,Gondoletta,31.0,45.0,84.0
2023-08-15,160,Halve Maen,,,0.0
2023-08-15,160,Joris en de Draak,37.0,55.0,95.0
2023-08-15,160,Joris en de Draak Single-rider,24.0,40.0,93.0
2023-08-15,160,Kinderspoor,14.0,25.0,100.0
2023-08-15,160,Kindervreugd,,,100.0
2023-08-15,160,Kleuterhof,,,100.0
2023-08-15,160,Max & Moritz,22.0,45.0,100.0
2023-08-15,160,Max & Moritz Single-rider,12.0,25.0,86.0
2023-08-15,160,Monorail,29.0,50.0,100.0
2023-08-15,160,Nest!,,,100.0
2023-08-15,160,Pagode,10.0,25.0,100.0
2023-08-15,160,Piraña,35.0,50.0,100.0
2023-08-15,160,Python,23.0,45.0,100.0
2023-08-15,160,Python Single-rider,23.0,40.0,90.0
2023-08-15,160,Sirocco,12.0,30.0,100.0
2023-08-15,160,Stoomcarrousel,12.0,15.0,100.0
2023-08-15,160,Stoomtrein Marerijk,20.0,25.0,100.0
2023-08-15,160,Stoomtrein Ruigrijk,22.0,25.0,100.0
2023-08-15,160,Symbolica,40.0,50.0,99.0
2023-08-15,160,Symbolica Single-rider,9.0,20.0,98.0
2023-08-15,160,The Six Swans,11.0,30.0,100.0
2023-08-15,160,Villa Volta,13.0,30.0,100.0
2023-08-15,160,Vogel Rok,21.0,45.0,100.0
2023-08-15,160,Volkvanlaaf,,,100.0
2023-08-16,160,Anton Pieck Plein,,,99.0
2023-08-16,160,Archipel,,,0.0
2023-08-16,160,Badhuys indoor splash pool,,,100.0
2023-08-16,160,Baron 1898,37.0,50.0,97.0
2023-08-16,160,Baron 1898 Single-rider,31.0,50.0,97.0
2023-08-16,160,Carnaval Festival,18.0,45.0,100.0
2023-08-16,160,De Oude Tufferbaan,23.0,45.0,99.0
2023-08-16,160,De Vliegende Hollander,37.0,50.0,99.0
2023-08-16,160,De Vliegende Hollander Single-rider,23.0,40.0,93.0
2023-08-16,160,Diorama,,,99.0
2023-08-16,160,Droomvlucht,35.0,55.0,90.0
2023-08-16,160,Droomvlucht VR,,,0.0
2023-08-16,160,Efteling Museum,,,92.0
2023-08-16,160,Fabula,9.0,10.0,99.0
2023-08-16,160,Fairytale Forest,,,99.0
2023-08-16,160,Fata Morgana,19.0,50.0,100.0
2023-08-16,160,Gondoletta,31.0,45.0,85.0
2023-08-16,160,Halve Maen,,,0.0
2023-08-16,160,Joris en de Draak,33.0,55.0,100.0
2023-08-16,160,Joris en de Draak Single-rider,21.0,35.0,99.0
2023-08-16,160,Kinderspoor,16.0,30.0,99.0
2023-08-16,160,Kindervreugd,,,99.0
2023-08-16,160,Kleuterhof,,,100.0
2023-08-16,160,Max & Moritz,23.0,40.0,100.0
2023-08-16,160,Max & Moritz Single-rider,13.0,20.0,84.0
2023-08-16,160,Monorail,28.0,60.0,99.0
2023-08-16,160,Nest!,,,99.0
2023-08-16,160,Pagode,8.0,25.0,99.0
2023-08-16,160,Piraña,30.0,50.0,99.0
2023-08-16,160,Python,24.0,45.0,99.0
2023-08-16,160,Python Single-rider,24.0,40.0,89.0
2023-08-16,160,Sirocco,13.0,25.0,100.0
2023-08-16,160,Stoomcarrousel,17.0,20.0,99.0
2023-08-16,160,Stoomtrein Marerijk,34.0,50.0,99.0
2023-08-16,160,Stoomtrein Ruigrijk,32.0,40.0,95.0
2023-08-16,160,Symbolica,38.0,55.0,99.0
2023-08-16,160,Symbolica Single-rider,9.0,30.0,99.0
2023-08-16,160,The Six Swans,12.0,35.0,99.0
2023-08-16,160,Villa Volta,14.0,30.0,100.0
2023-08-16,160,Vogel Rok,24.0,45.0,100.0
2023-08-16,160,Volkvanlaaf,,,99.0
2023-08-17,160,Anton Pieck Plein,,,99.0
2023-08-17,160,Archipel,,,90.0
2023-08-17,160,Badhuys indoor splash pool,,,100.0
2023-08-17,160,Baron 1898,34.0,45.0,100.0
2023-08-17,160,Baron 1898 Single-rider,26.0,40.0,100.0
2023-08-17,160,Carnaval Festival,17.0,30.0,100.0
2023-08-17,160,De Oude Tufferbaan,21.0,50.0,99.0
2023-08-17,160,De Vliegende Hollander,36.0,50.0,93.0
2023-08-17,160,De Vliegende Hollander Single-rider,24.0,40.0,65.0
2023-08-17,160,Diorama,,,99.0
2023-08-17,160,Droomvlucht,38.0,60.0,91.0
2023-08-17,160,Droomvlucht VR,,,9.0
2023-08-17,160,Efteling Museum,,,92.0
2023-08-17,160,Fabula,10.0,15.0,100.0
2023-08-17,160,Fairytale Forest,,,99.0
2023-08-17,160,Fata Morgana,17.0,45.0,92.0
2023-08-17,160,Gondoletta,24.0,35.0,86.0
2023-08-17,160,Halve Maen,,,0.0
2023-08-17,160,Joris en de Draak,33.0,50.0,99.0
2023-08-17,160,Joris en de Draak Single-rider,20.0,40.0,98.0
2023-08-17,160,Kinderspoor,12.0,30.0,99.0
2023-08-17,160,Kindervreugd,,,99.0
2023-08-17,160,Kleuterhof,,,100.0
2023-08-17,160,Max & Moritz,22.0,50.0,100.0
2023-08-17,160,Max & Moritz Single-rider,13.0,25.0,84.0
2023-08-17,160,Monorail,18.0,30.0,99.0
2023-08-17,160,Nest!,,,99.0
2023-08-17,160,Pagode,5.0,15.0,99.0
2023-08-17,160,Piraña,14.0,25.0,100.0
2023-08-17,160,Python,23.0,40.0,99.0
2023-08-17,160,Python Single-rider,27.0,40.0,68.0
2023-08-17,160,Sirocco,12.0,20.0,100.0
2023-08-17,160,Stoomcarrousel,15.0,15.0,99.0
2023-08-17,160,Stoomtrein Marerijk,14.0,25.0,97.0
2023-08-17,160,Stoomtrein Ruigrijk,14.0,25.0,95.0
2023-08-17,160,Symbolica,36.0,50.0,99.0
2023-08-17,160,Symbolica Single-rider,8.0,15.0,99.0
2023-08-17,160,The Six Swans,7.0,15.0,100.0
2023-08-17,160,Villa Volta,12.0,45.0,100.0
2023-08-17,160,Vogel Rok,21.0,45.0,97.0
2023-08-17,160,Volkvanlaaf,,,99.0
2023-08-18,160,Anton Pieck Plein,,,99.0
2023-08-18,160,Archipel,,,91.0
2023-08-18,160,Badhuys indoor splash pool,,,100.0
2023-08-18,160,Baron 1898,28.0,45.0,100.0
2023-08-18,160,Baron 1898 Single-rider,24.0,40.0,100.0
2023-08-18,160,Carnaval Festival,11.0,20.0,100.0
2023-08-18,160,De Oude Tufferbaan,17.0,40.0,99.0
2023-08-18,160,De Vliegende Hollander,30.0,45.0,97.0
2023-08-18,160,De Vliegende Hollander Single-rider,17.0,30.0,93.0
2023-08-18,160,Diorama,,,99.0
2023-08-18,160,Droomvlucht,24.0,55.0,100.0
2023-08-18,160,Droomvlucht VR,,,85.0
2023-08-18,160,Efteling Museum,,,91.0
2023-08-18,160,Fabula,10.0,10.0,99.0
2023-08-18,160,Fairytale Forest,,,99.0
2023-08-18,160,Fata Morgana,12.0,40.0,89.0
2023-08-18,160,Gondoletta,23.0,40.0,84.0
2023-08-18,160,Halve Maen,,,2.0
2023-08-18,160,Joris en de Draak,24.0,45.0,100.0
2023-08-18,160,Joris en de Draak Single-rider,13.0,30.0,98.0
2023-08-18,160,Kinderspoor,13.0,20.0,99.0
2023-08-18,160,Kindervreugd,,,99.0
2023-08-18,160,Kleuterhof,,,100.0
2023-08-18,160,Max & Moritz,14.0,45.0,100.0
2023-08-18,160,Max & Moritz Single-rider,8.0,40.0,88.0
2023-08-18,160,Monorail,15.0,40.0,99.0
2023-08-18,160,Nest!,,,96.0
2023-08-18,160,Pagode,5.0,10.0,99.0
2023-08-18,160,Piraña,22.0,40.0,99.0
2023-08-18,160,Python,14.0,30.0,98.0
2023-08-18,160,Python Single-rider,13.0,30.0,90.0
2023-08-18,160,Sirocco,11.0,20.0,100.0
2023-08-18,160,Stoomcarrousel,,,99.0
2023-08-18,160,Stoomtrein Marerijk,16.0,25.0,99.0
2023-08-18,160,Stoomtrein Ruigrijk,18.0,30.0,99.0
2023-08-18,160,Symbolica,32.0,50.0,75.0
2023-08-18,160,Symbolica Single-rider,6.0,20.0,75.0
2023-08-18,160,The Six Swans,5.0,5.0,92.0
2023-08-18,160,Villa Volta,8.0,15.0,99.0
2023-08-18,160,Vogel Rok,14.0,30.0,100.0
2023-08-18,160,Volkvanlaaf,,,99.0
2023-08-19,160,Anton Pieck Plein,,,99.0
2023-08-19,160,Archipel,,,90.0
2023-08-19,160,Badhuys indoor splash pool,,,100.0
2023-08-19,160,Baron 1898,36.0,50.0,99.0
2023-08-19,160,Baron 1898 Single-rider,27.0,45.0,99.0
2023-08-19,160,Carnaval Festival,17.0,25.0,100.0
2023-08-19,160,De Oude Tufferbaan,21.0,30.0,99.0
2023-08-19,160,De Vliegende Hollander,36.0,45.0,99.0
2023-08-19,160,De Vliegende Hollander Single-rider,23.0,35.0,40.0
2023-08-19,160,Diorama,,,99.0
2023-08-19,160,Droomvlucht,32.0,50.0,97.0
2023-08-19,160,Droomvlucht VR,,,86.0
2023-08-19,160,Efteling Museum,,,92.0
2023-08-19,160,Fabula,10.0,10.0,99.0
2023-08-19,160,Fairytale Forest,,,99.0
2023-08-19,160,Fata Morgana,17.0,30.0,82.0
2023-08-19,160,Gondoletta,27.0,45.0,86.0
2023-08-19,160,Halve Maen,,,0.0
2023-08-19,160,Joris en de Draak,28.0,40.0,100.0
2023-08-19,160,Joris en de Draak Single-rider,17.0,30.0,97.0
2023-08-19,160,Kinderspoor,11.0,20.0,99.0
2023-08-19,160,Kindervreugd,,,99.0
2023-08-19,160,Kleuterhof,,,99.0
2023-08-19,160,Max & Moritz,17.0,40.0,99.0
2023-08-19,160,Max & Moritz Single-rider,8.0,20.0,84.0
2023-08-19,160,Monorail,19.0,30.0,99.0
2023-08-19,160,Nest!,,,99.0
2023-08-19,160,Pagode,7.0,20.0,99.0
2023-08-19,160,Piraña,30.0,50.0,99.0
2023-08-19,160,Python,19.0,30.0,99.0
2023-08-19,160,Python Single-rider,16.0,35.0,73.0
2023-08-19,160,Sirocco,11.0,25.0,100.0
2023-08-19,160,Stoomcarrousel,5.0,5.0,99.0
2023-08-19,160,Stoomtrein Marerijk,20.0,30.0,97.0
2023-08-19,160,Stoomtrein Ruigrijk,20.0,30.0,92.0
2023-08-19,160,Symbolica,35.0,50.0,98.0
2023-08-19,160,Symbolica Single-rider,9.0,30.0,98.0
2023-08-19,160,The Six Swans,7.0,15.0,100.0
2023-08-19,160,Villa Volta,10.0,20.0,100.0
2023-08-19,160,Vogel Rok,19.0,35.0,100.0
2023-08-19,160,Volkvanlaaf,,,99.0
2023-08-20,160,Anton Pieck Plein,,,100.0
2023-08-20,160,Archipel,,,90.0
2023-08-20,160,Badhuys indoor splash pool,,,100.0
2023-08-20,160,Baron 1898,24.0,40.0,100.0
2023-08-20,160,Baron 1898 Single-rider,18.0,35.0,100.0
2023-08-20,160,Carnaval Festival,12.0,25.0,100.0
2023-08-20,160,De Oude Tufferbaan,17.0,30.0,100.0
2023-08-20,160,De Vliegende Hollander,28.0,45.0,100.0
2023-08-20,160,De Vliegende Hollander Single-rider,12.0,25.0,55.0
2023-08-20,160,Diorama,,,100.0
2023-08-20,160,Droomvlucht,26.0,45.0,100.0
2023-08-20,160,Droomvlucht VR,,,40.0
2023-08-20,160,Efteling Museum,,,91.0
2023-08-20,160,Fabula,10.0,10.0,100.0
2023-08-20,160,Fairytale Forest,,,100.0
2023-08-20,160,Fata Morgana,10.0,40.0,100.0
2023-08-20,160,Gondoletta,24.0,40.0,84.0
2023-08-20,160,Halve Maen,,,0.0
2023-08-20,160,Joris en de Draak,19.0,40.0,100.0
2023-08-20,160,Joris en de Draak Single-rider,11.0,30.0,97.0
2023-08-20,160,Kinderspoor,11.0,20.0,100.0
2023-08-20,160,Kindervreugd,,,100.0
2023-08-20,160,Kleuterhof,,,100.0
2023-08-20,160,Max & Moritz,9.0,25.0,100.0
2023-08-20,160,Max & Moritz Single-rider,6.0,10.0,87.0
2023-08-20,160,Monorail,15.0,30.0,100.0
2023-08-20,160,Nest!,,,100.0
2023-08-20,160,Pagode,5.0,10.0,100.0
2023-08-20,160,Piraña,29.0,45.0,97.0
2023-08-20,160,Python,15.0,30.0,86.0
2023-08-20,160,Python Single-rider,12.0,30.0,79.0
2023-08-20,160,Sirocco,10.0,20.0,100.0
2023-08-20,160,Stoomcarrousel,,,100.0
2023-08-20,160,Stoomtrein Marerijk,16.0,25.0,97.0
2023-08-20,160,Stoomtrein Ruigrijk,16.0,25.0,97.0
2023-08-20,160,Symbolica,29.0,40.0,99.0
2023-08-20,160,Symbolica Single-rider,7.0,10.0,99.0
2023-08-20,160,The Six Swans,5.0,5.0,100.0
2023-08-20,160,Villa Volta,8.0,15.0,100.0
2023-08-20,160,Vogel Rok,12.0,30.0,100.0
2023-08-20,160,Volkvanlaaf,,,100.0
2023-08-21,160,Anton Pieck Plein,,,100.0
2023-08-21,160,Archipel,,,90.0
2023-08-21,160,Badhuys indoor splash pool,,,100.0
2023-08-21,160,Baron 1898,28.0,50.0,100.0
2023-08-21,160,Baron 1898 Single-rider,22.0,40.0,100.0
2023-08-21,160,Carnaval Festival,11.0,20.0,100.0
2023-08-21,160,De Oude Tufferbaan,16.0,30.0,100.0
2023-08-21,160,De Vliegende Hollander,28.0,40.0,100.0
2023-08-21,160,De Vliegende Hollander Single-rider,16.0,25.0,48.0
2023-08-21,160,Diorama,,,100.0
2023-08-21,160,Droomvlucht,22.0,45.0,90.0
2023-08-21,160,Droomvlucht VR,,,41.0
2023-08-21,160,Efteling Museum,,,91.0
2023-08-21,160,Fabula,10.0,10.0,100.0
2023-08-21,160,Fairytale Forest,,,100.0
2023-08-21,160,Fata Morgana,8.0,30.0,100.0
2023-08-21,160,Gondoletta,20.0,30.0,81.0
2023-08-21,160,Halve Maen,,,0.0
2023-08-21,160,Joris en de Draak,19.0,40.0,100.0
2023-08-21,160,Joris en de Draak Single-rider,10.0,20.0,52.0
2023-08-21,160,Kinderspoor,7.0,15.0,100.0
2023-08-21,160,Kindervreugd,,,100.0
2023-08-21,160,Kleuterhof,,,100.0
2023-08-21,160,Max & Moritz,10.0,30.0,100.0
2023-08-21,160,Max & Moritz Single-rider,6.0,15.0,84.0
2023-08-21,160,Monorail,13.0,30.0,100.0
2023-08-21,160,Nest!,,,100.0
2023-08-21,160,Pagode,5.0,10.0,100.0
2023-08-21,160,Piraña,24.0,45.0,100.0
2023-08-21,160,Python,15.0,25.0,96.0
2023-08-21,160,Python Single-rider,12.0,30.0,70.0
2023-08-21,160,Sirocco,10.0,20.0,100.0
2023-08-21,160,Stoomcarrousel,,,100.0
2023-08-21,160,Stoomtrein Marerijk,21.0,25.0,100.0
2023-08-21,160,Stoomtrein Ruigrijk,21.0,25.0,100.0
2023-08-21,160,Symbolica,26.0,40.0,97.0
2023-08-21,160,Symbolica Single-rider,6.0,15.0,97.0
2023-08-21,160,The Six Swans,5.0,10.0,100.0
2023-08-21,160,Villa Volta,7.0,20.0,100.0
2023-08-21,160,Vogel Rok,12.0,25.0,100.0
2023-08-21,160,Volkvanlaaf,,,100.0
2023-08-22,160,Anton Pieck Plein,,,99.0
2023-08-22,160,Archipel,,,95.0
2023-08-22,160,Badhuys indoor splash pool,,,100.0
2023-08-22,160,Baron 1898,20.0,35.0,100.0
2023-08-22,160,Baron 1898 Single-rider,16.0,30.0,100.0
2023-08-22,160,Carnaval Festival,9.0,15.0,100.0
2023-08-22,160,De Oude Tufferbaan,18.0,30.0,99.0
2023-08-22,160,De Vliegende Hollander,25.0,35.0,94.0
2023-08-22,160,De Vliegende Hollander Single-rider,13.0,25.0,93.0
2023-08-22,160,Diorama,,,99.0
2023-08-22,160,Droomvlucht,20.0,40.0,100.0
2023-08-22,160,Droomvlucht VR,,,34.0
2023-08-22,160,Efteling Museum,,,91.0
2023-08-22,160,Fabula,10.0,10.0,99.0
2023-08-22,160,Fairytale Forest,,,99.0
2023-08-22,160,Fata Morgana,9.0,30.0,100.0
2023-08-22,160,Gondoletta,20.0,35.0,85.0
2023-08-22,160,Halve Maen,,,0.0
2023-08-22,160,Joris en de Draak,19.0,35.0,98.0
2023-08-22,160,Joris en de Draak Single-rider,11.0,30.0,98.0
2023-08-22,160,Kinderspoor,9.0,15.0,99.0
2023-08-22,160,Kindervreugd,,,99.0
2023-08-22,160,Kleuterhof,,,100.0
2023-08-22,160,Max & Moritz,10.0,25.0,100.0
2023-08-22,160,Max & Moritz Single-rider,5.0,10.0,88.0
2023-08-22,160,Monorail,16.0,30.0,99.0
2023-08-22,160,Nest!,,,99.0
2023-08-22,160,Pagode,5.0,5.0,99.0
2023-08-22,160,Piraña,17.0,30.0,100.0
2023-08-22,160,Python,13.0,30.0,90.0
2023-08-22,160,Python Single-rider,11.0,25.0,84.0
2023-08-22,160,Sirocco,9.0,15.0,100.0
2023-08-22,160,Stoomcarrousel,,,99.0
2023-08-22,160,Stoomtrein Marerijk,26.0,30.0,99.0
2023-08-22,160,Stoomtrein Ruigrijk,34.0,50.0,99.0
2023-08-22,160,Symbolica,25.0,40.0,99.0
2023-08-22,160,Symbolica Single-rider,6.0,10.0,99.0
2023-08-22,160,The Six Swans,5.0,5.0,100.0
2023-08-22,160,Villa Volta,9.0,25.0,100.0
2023-08-22,160,Vogel Rok,12.0,30.0,96.0
2023-08-22,160,Volkvanlaaf,,,99.0
2023-08-23,160,Anton Pieck Plein,,,99.0
2023-08-23,160,Archipel,,,89.0
2023-08-23,160,Badhuys indoor splash pool,,,100.0
2023-08-23,160,Baron 1898,26.0,40.0,100.0
2023-08-23,160,Baron 1898 Single-rider,21.0,30.0,100.0
2023-08-23,160,Carnaval Festival,11.0,25.0,100.0
2023-08-23,160,De Oude Tufferbaan,22.0,35.0,89.0
2023-08-23,160,De Vliegende Hollander,30.0,40.0,100.0
2023-08-23,160,De Vliegende Hollander Single-rider,17.0,30.0,97.0
2023-08-23,160,Diorama,,,99.0
2023-08-23,160,Droomvlucht,28.0,50.0,100.0
2023-08-23,160,Droomvlucht VR,,,52.0
2023-08-23,160,Efteling Museum,,,92.0
2023-08-23,160,Fabula,10.0,10.0,100.0
2023-08-23,160,Fairytale Forest,,,99.0
2023-08-23,160,Fata Morgana,12.0,40.0,100.0
2023-08-23,160,Gondoletta,28.0,35.0,84.0
2023-08-23,160,Halve Maen,5.0,5.0,21.0
2023-08-23,160,Joris en de Draak,26.0,40.0,98.0
2023-08-23,160,Joris en de Draak Single-rider,15.0,30.0,98.0
2023-08-23,160,Kinderspoor,11.0,15.0,99.0
2023-08-23,160,Kindervreugd,,,99.0
2023-08-23,160,Kleuterhof,,,100.0
2023-08-23,160,Max & Moritz,13.0,30.0,100.0
2023-08-23,160,Max & Moritz Single-rider,8.0,15.0,88.0
2023-08-23,160,Monorail,16.0,30.0,99.0
2023-08-23,160,Nest!,,,99.0
2023-08-23,160,Pagode,6.0,15.0,99.0
2023-08-23,160,Piraña,28.0,45.0,99.0
2023-08-23,160,Python,15.0,30.0,99.0
2023-08-23,160,Python Single-rider,15.0,30.0,91.0
2023-08-23,160,Sirocco,12.0,25.0,98.0
2023-08-23,160,Stoomcarrousel,5.0,5.0,99.0
2023-08-23,160,Stoomtrein Marerijk,22.0,30.0,99.0
2023-08-23,160,Stoomtrein Ruigrijk,21.0,30.0,99.0
2023-08-23,160,Symbolica,29.0,40.0,99.0
2023-08-23,160,Symbolica Single-rider,5.0,20.0,99.0
2023-08-23,160,The Six Swans,6.0,10.0,100.0
2023-08-23,160,Villa Volta,9.0,25.0,100.0
2023-08-23,160,Vogel Rok,16.0,35.0,100.0
2023-08-23,160,Volkvanlaaf,,,99.0
2023-08-24,160,Anton Pieck Plein,,,99.0
2023-08-24,160,Archipel,,,90.0
2023-08-24,160,Badhuys indoor splash pool,,,100.0
2023-08-24,160,Baron 1898,22.0,45.0,100.0
2023-08-24,160,Baron 1898 Single-rider,18.0,40.0,100.0
2023-08-24,160,Carnaval Festival,10.0,20.0,100.0
2023-08-24,160,De Oude Tufferbaan,20.0,30.0,99.0
2023-08-24,160,De Vliegende Hollander,25.0,35.0,73.0
2023-08-24,160,De Vliegende Hollander Single-rider,12.0,25.0,68.0
2023-08-24,160,Diorama,,,99.0
2023-08-24,160,Droomvlucht,19.0,40.0,100.0
2023-08-24,160,Droomvlucht VR,,,38.0
2023-08-24,160,Efteling Museum,,,91.0
2023-08-24,160,Fabula,10.0,10.0,99.0
2023-08-24,160,Fairytale Forest,,,99.0
2023-08-24,160,Fata Morgana,8.0,40.0,99.0
2023-08-24,160,Gondoletta,17.0,30.0,88.0
2023-08-24,160,Halve Maen,13.0,30.0,99.0
2023-08-24,160,Joris en de Draak,22.0,40.0,100.0
2023-08-24,160,Joris en de Draak Single-rider,13.0,35.0,100.0
2023-08-24,160,Kinderspoor,11.0,20.0,99.0
2023-08-24,160,Kindervreugd,,,99.0
2023-08-24,160,Kleuterhof,,,100.0
2023-08-24,160,Max & Moritz,9.0,30.0,100.0
2023-08-24,160,Max & Moritz Single-rider,7.0,20.0,87.0
2023-08-24,160,Monorail,14.0,35.0,99.0
2023-08-24,160,Nest!,,,99.0
2023-08-24,160,Pagode,5.0,5.0,99.0
2023-08-24,160,Piraña,16.0,35.0,100.0
2023-08-24,160,Python,14.0,25.0,95.0
2023-08-24,160,Python Single-rider,12.0,20.0,72.0
2023-08-24,160,Sirocco,8.0,20.0,100.0
2023-08-24,160,Stoomcarrousel,,,99.0
2023-08-24,160,Stoomtrein Marerijk,15.0,25.0,99.0
2023-08-24,160,Stoomtrein Ruigrijk,17.0,45.0,95.0
2023-08-24,160,Symbolica,24.0,40.0,100.0
2023-08-24,160,Symbolica Single-rider,6.0,15.0,100.0
2023-08-24,160,The Six Swans,5.0,5.0,99.0
2023-08-24,160,Villa Volta,6.0,15.0,97.0
2023-08-24,160,Vogel Rok,13.0,30.0,100.0
2023-08-24,160,Volkvanlaaf,,,99.0
2023-08-25,160,Anton Pieck Plein,,,99.0
2023-08-25,160,Archipel,,,88.0
2023-08-25,160,Badhuys indoor splash pool,,,100.0
2023-08-25,160,Baron 1898,16.0,35.0,98.0
2023-08-25,160,Baron 1898 Single-rider,13.0,30.0,98.0
2023-08-25,160,Carnaval Festival,12.0,25.0,100.0
2023-08-25,160,De Oude Tufferbaan,20.0,35.0,88.0
2023-08-25,160,De Vliegende Hollander,22.0,40.0,99.0
2023-08-25,160,De Vliegende Hollander Single-rider,12.0,20.0,36.0
2023-08-25,160,Diorama,,,99.0
2023-08-25,160,Droomvlucht,22.0,35.0,100.0
2023-08-25,160,Droomvlucht VR,,,0.0
2023-08-25,160,Efteling Museum,,,92.0
2023-08-25,160,Fabula,10.0,10.0,99.0
2023-08-25,160,Fairytale Forest,,,99.0
2023-08-25,160,Fata Morgana,7.0,25.0,95.0
2023-08-25,160,Gondoletta,11.0,20.0,85.0
2023-08-25,160,Halve Maen,10.0,20.0,99.0
2023-08-25,160,Joris en de Draak,18.0,120.0,98.0
2023-08-25,160,Joris en de Draak Single-rider,8.0,30.0,97.0
2023-08-25,160,Kinderspoor,11.0,15.0,99.0
2023-08-25,160,Kindervreugd,,,99.0
2023-08-25,160,Kleuterhof,,,100.0
2023-08-25,160,Max & Moritz,9.0,30.0,100.0
2023-08-25,160,Max & Moritz Single-rider,7.0,20.0,86.0
2023-08-25,160,Monorail,11.0,30.0,99.0
2023-08-25,160,Nest!,,,99.0
2023-08-25,160,Pagode,5.0,5.0,99.0
2023-08-25,160,Piraña,10.0,25.0,99.0
2023-08-25,160,Python,10.0,30.0,100.0
2023-08-25,160,Python Single-rider,11.0,40.0,46.0
2023-08-25,160,Sirocco,7.0,15.0,100.0
2023-08-25,160,Stoomcarrousel,,,99.0
2023-08-25,160,Stoomtrein Marerijk,19.0,25.0,99.0
2023-08-25,160,Stoomtrein Ruigrijk,19.0,25.0,99.0
2023-08-25,160,Symbolica,23.0,35.0,99.0
2023-08-25,160,Symbolica Single-rider,5.0,10.0,99.0
2023-08-25,160,The Six Swans,,,99.0
2023-08-25,160,Villa Volta,5.0,10.0,100.0
2023-08-25,160,Vogel Rok,10.0,25.0,100.0
2023-08-25,160,Volkvanlaaf,,,99.0
2023-08-26,160,Anton Pieck Plein,,,99.0
2023-08-26,160,Archipel,,,85.0
2023-08-26,160,Badhuys indoor splash pool,,,100.0
2023-08-26,160,Baron 1898,34.0,45.0,96.0
2023-08-26,160,Baron 1898 Single-rider,24.0,45.0,96.0
2023-08-26,160,Carnaval Festival,18.0,35.0,100.0
2023-08-26,160,De Oude Tufferbaan,25.0,45.0,96.0
2023-08-26,160,De Vliegende Hollander,32.0,45.0,96.0
2023-08-26,160,De Vliegende Hollander Single-rider,17.0,35.0,93.0
2023-08-26,160,Diorama,,,99.0
2023-08-26,160,Droomvlucht,34.0,60.0,100.0
2023-08-26,160,Droomvlucht VR,,,100.0
2023-08-26,160,Efteling Museum,,,92.0
2023-08-26,160,Fabula,10.0,20.0,100.0
2023-08-26,160,Fairytale Forest,,,99.0
2023-08-26,160,Fata Morgana,21.0,50.0,97.0
2023-08-26,160,Gondoletta,25.0,40.0,79.0
2023-08-26,160,Halve Maen,17.0,40.0,93.0
2023-08-26,160,Joris en de Draak,30.0,45.0,92.0
2023-08-26,160,Joris en de Draak Single-rider,17.0,35.0,92.0
2023-08-26,160,Kinderspoor,12.0,25.0,97.0
2023-08-26,160,Kindervreugd,,,99.0
2023-08-26,160,Kleuterhof,,,100.0
2023-08-26,160,Max & Moritz,19.0,40.0,96.0
2023-08-26,160,Max & Moritz Single-rider,12.0,20.0,60.0
2023-08-26,160,Monorail,21.0,40.0,97.0
2023-08-26,160,Nest!,,,99.0
2023-08-26,160,Pagode,7.0,20.0,96.0
2023-08-26,160,Piraña,18.0,35.0,95.0
2023-08-26,160,Python,22.0,35.0,87.0
2023-08-26,160,Python Single-rider,19.0,40.0,88.0
2023-08-26,160,Sirocco,13.0,20.0,97.0
2023-08-26,160,Stoomcarrousel,10.0,20.0,99.0
2023-08-26,160,Stoomtrein Marerijk,23.0,30.0,97.0
2023-08-26,160,Stoomtrein Ruigrijk,27.0,60.0,93.0
2023-08-26,160,Symbolica,35.0,50.0,99.0
2023-08-26,160,Symbolica Single-rider,7.0,10.0,99.0
2023-08-26,160,The Six Swans,9.0,10.0,97.0
2023-08-26,160,Villa Volta,12.0,35.0,100.0
2023-08-26,160,Vogel Rok,21.0,40.0,100.0
2023-08-26,160,Volkvanlaaf,,,99.0
2023-08-27,160,Anton Pieck Plein,,,99.0
2023-08-27,160,Archipel,,,89.0
2023-08-27,160,Badhuys indoor splash pool,,,100.0
2023-08-27,160,Baron 1898,26.0,50.0,57.0
2023-08-27,160,Baron 1898 Single-rider,19.0,45.0,57.0
2023-08-27,160,Carnaval Festival,14.0,35.0,100.0
2023-08-27,160,De Oude Tufferbaan,16.0,40.0,66.0
2023-08-27,160,De Vliegende Hollander,20.0,35.0,100.0
2023-08-27,160,De Vliegende Hollander Single-rider,10.0,30.0,85.0
2023-08-27,160,Diorama,,,99.0
2023-08-27,160,Droomvlucht,23.0,40.0,100.0
2023-08-27,160,Droomvlucht VR,,,100.0
2023-08-27,160,Efteling Museum,,,91.0
2023-08-27,160,Fabula,10.0,10.0,99.0
2023-08-27,160,Fairytale Forest,,,99.0
2023-08-27,160,Fata Morgana,8.0,30.0,100.0
2023-08-27,160,Gondoletta,13.0,35.0,79.0
2023-08-27,160,Halve Maen,7.0,20.0,93.0
2023-08-27,160,Joris en de Draak,18.0,40.0,97.0
2023-08-27,160,Joris en de Draak Single-rider,9.0,25.0,89.0
2023-08-27,160,Kinderspoor,8.0,15.0,99.0
2023-08-27,160,Kindervreugd,,,99.0
2023-08-27,160,Kleuterhof,,,100.0
2023-08-27,160,Max & Moritz,6.0,20.0,80.0
2023-08-27,160,Max & Moritz Single-rider,5.0,10.0,66.0
2023-08-27,160,Monorail,13.0,25.0,99.0
2023-08-27,160,Nest!,,,99.0
2023-08-27,160,Pagode,5.0,5.0,99.0
2023-08-27,160,Piraña,7.0,25.0,93.0
2023-08-27,160,Python,12.0,25.0,99.0
2023-08-27,160,Python Single-rider,10.0,25.0,76.0
2023-08-27,160,Sirocco,8.0,20.0,100.0
2023-08-27,160,Stoomcarrousel,5.0,10.0,99.0
2023-08-27,160,Stoomtrein Marerijk,20.0,30.0,98.0
2023-08-27,160,Stoomtrein Ruigrijk,18.0,30.0,98.0
2023-08-27,160,Symbolica,24.0,45.0,100.0
2023-08-27,160,Symbolica Single-rider,5.0,20.0,100.0
2023-08-27,160,The Six Swans,11.0,15.0,99.0
2023-08-27,160,Villa Volta,8.0,25.0,100.0
2023-08-27,160,Vogel Rok,12.0,30.0,97.0
2023-08-27,160,Volkvanlaaf,,,99.0
2023-08-28,160,Anton Pieck Plein,,,100.0
2023-08-28,160,Archipel,,,95.0
2023-08-28,160,Badhuys indoor splash pool,,,100.0
2023-08-28,160,Baron 1898,33.0,50.0,100.0
2023-08-28,160,Baron 1898 Single-rider,28.0,45.0,100.0
2023-08-28,160,Carnaval Festival,13.0,25.0,100.0
2023-08-28,160,De Oude Tufferbaan,25.0,40.0,90.0
2023-08-28,160,De Vliegende Hollander,30.0,40.0,100.0
2023-08-28,160,De Vliegende Hollander Single-rider,19.0,35.0,90.0
2023-08-28,160,Diorama,,,100.0
2023-08-28,160,Droomvlucht,30.0,50.0,100.0
2023-08-28,160,Droomvlucht VR,,,100.0
2023-08-28,160,Efteling Museum,,,90.0
2023-08-28,160,Fabula,10.0,10.0,100.0
2023-08-28,160,Fairytale Forest,,,100.0
2023-08-28,160,Fata Morgana,12.0,20.0,75.0
2023-08-28,160,Gondoletta,21.0,35.0,91.0
2023-08-28,160,Halve Maen,18.0,50.0,88.0
2023-08-28,160,Joris en de Draak,31.0,50.0,96.0
2023-08-28,160,Joris en de Draak Single-rider,22.0,35.0,93.0
2023-08-28,160,Kinderspoor,19.0,20.0,100.0
2023-08-28,160,Kindervreugd,,,100.0
2023-08-28,160,Kleuterhof,,,100.0
2023-08-28,160,Max & Moritz,13.0,35.0,100.0
2023-08-28,160,Max & Moritz Single-rider,,,0.0
2023-08-28,160,Monorail,16.0,35.0,100.0
2023-08-28,160,Nest!,,,100.0
2023-08-28,160,Pagode,5.0,10.0,100.0
2023-08-28,160,Piraña,16.0,30.0,100.0
2023-08-28,160,Python,22.0,35.0,95.0
2023-08-28,160,Python Single-rider,20.0,35.0,87.0
2023-08-28,160,Sirocco,9.0,25.0,100.0
2023-08-28,160,Stoomcarrousel,10.0,10.0,100.0
2023-08-28,160,Stoomtrein Marerijk,33.0,50.0,100.0
2023-08-28,160,Stoomtrein Ruigrijk,33.0,50.0,86.0
2023-08-28,160,Symbolica,32.0,45.0,100.0
2023-08-28,160,Symbolica Single-rider,8.0,25.0,100.0
2023-08-28,160,The Six Swans,8.0,20.0,100.0
2023-08-28,160,Villa Volta,11.0,25.0,100.0
2023-08-28,160,Vogel Rok,17.0,40.0,100.0
2023-08-28,160,Volkvanlaaf,,,100.0
2023-08-29,160,Anton Pieck Plein,,,100.0
2023-08-29,160,Archipel,,,94.0
2023-08-29,160,Badhuys indoor splash pool,,,100.0
2023-08-29,160,Baron 1898,23.0,45.0,100.0
2023-08-29,160,Baron 1898 Single-rider,20.0,40.0,100.0
2023-08-29,160,Carnaval Festival,10.0,20.0,100.0
2023-08-29,160,De Oude Tufferbaan,16.0,30.0,100.0
2023-08-29,160,De Vliegende Hollander,23.0,30.0,100.0
2023-08-29,160,De Vliegende Hollander Single-rider,12.0,25.0,93.0
2023-08-29,160,Diorama,,,100.0
2023-08-29,160,Droomvlucht,22.0,45.0,95.0
2023-08-29,160,Droomvlucht VR,,,96.0
2023-08-29,160,Efteling Museum,,,90.0
2023-08-29,160,Fabula,10.0,10.0,100.0
2023-08-29,160,Fairytale Forest,,,100.0
2023-08-29,160,Fata Morgana,8.0,30.0,95.0
2023-08-29,160,Gondoletta,17.0,25.0,91.0
2023-08-29,160,Halve Maen,10.0,25.0,100.0
2023-08-29,160,Joris en de Draak,20.0,30.0,100.0
2023-08-29,160,Joris en de Draak Single-rider,11.0,30.0,100.0
2023-08-29,160,Kinderspoor,10.0,15.0,100.0
2023-08-29,160,Kindervreugd,,,100.0
2023-08-29,160,Kleuterhof,,,100.0
2023-08-29,160,Max & Moritz,8.0,35.0,98.0
2023-08-29,160,Max & Moritz Single-rider,6.0,15.0,63.0
2023-08-29,160,Monorail,13.0,35.0,100.0
2023-08-29,160,Nest!,,,100.0
2023-08-29,160,Pagode,5.0,10.0,100.0
2023-08-29,160,Piraña,10.0,25.0,100.0
2023-08-29,160,Python,15.0,25.0,88.0
2023-08-29,160,Python Single-rider,11.0,25.0,80.0
2023-08-29,160,Sirocco,7.0,15.0,100.0
2023-08-29,160,Stoomcarrousel,5.0,5.0,100.0
2023-08-29,160,Stoomtrein Marerijk,16.0,30.0,96.0
2023-08-29,160,Stoomtrein Ruigrijk,16.0,30.0,96.0
2023-08-29,160,Symbolica,25.0,35.0,100.0
2023-08-29,160,Symbolica Single-rider,6.0,10.0,100.0
2023-08-29,160,The Six Swans,5.0,5.0,100.0
2023-08-29,160,Villa Volta,8.0,20.0,100.0
2023-08-29,160,Vogel Rok,11.0,20.0,100.0
2023-08-29,160,Volkvanlaaf,,,100.0
2023-08-30,160,Anton Pieck Plein,,,99.0
2023-08-30,160,Archipel,,,94.0
2023-08-30,160,Badhuys indoor splash pool,,,100.0
2023-08-30,160,Baron 1898,16.0,40.0,94.0
2023-08-30,160,Baron 1898 Single-rider,13.0,30.0,94.0
2023-08-30,160,Carnaval Festival,6.0,15.0,100.0
2023-08-30,160,De Oude Tufferbaan,12.0,25.0,89.0
2023-08-30,160,De Vliegende Hollander,16.0,30.0,95.0
2023-08-30,160,De Vliegende Hollander Single-rider,7.0,20.0,59.0
2023-08-30,160,Diorama,,,99.0
2023-08-30,160,Droomvlucht,12.0,35.0,100.0
2023-08-30,160,Droomvlucht VR,,,100.0
2023-08-30,160,Efteling Museum,,,91.0
2023-08-30,160,Fabula,10.0,10.0,100.0
2023-08-30,160,Fairytale Forest,,,99.0
2023-08-30,160,Fata Morgana,6.0,15.0,100.0
2023-08-30,160,Gondoletta,11.0,15.0,91.0
2023-08-30,160,Halve Maen,5.0,5.0,99.0
2023-08-30,160,Joris en de Draak,12.0,25.0,100.0
2023-08-30,160,Joris en de Draak Single-rider,6.0,15.0,100.0
2023-08-30,160,Kinderspoor,7.0,15.0,100.0
2023-08-30,160,Kindervreugd,,,99.0
2023-08-30,160,Kleuterhof,,,100.0
2023-08-30,160,Max & Moritz,5.0,10.0,100.0
2023-08-30,160,Max & Moritz Single-rider,5.0,5.0,66.0
2023-08-30,160,Monorail,12.0,20.0,99.0
2023-08-30,160,Nest!,,,99.0
2023-08-30,160,Pagode,5.0,10.0,99.0
2023-08-30,160,Piraña,6.0,10.0,99.0
2023-08-30,160,Python,9.0,25.0,99.0
2023-08-30,160,Python Single-rider,6.0,15.0,78.0
2023-08-30,160,Sirocco,6.0,15.0,100.0
2023-08-30,160,Stoomcarrousel,,,99.0
2023-08-30,160,Stoomtrein Marerijk,15.0,25.0,99.0
2023-08-30,160,Stoomtrein Ruigrijk,15.0,25.0,99.0
2023-08-30,160,Symbolica,18.0,35.0,99.0
2023-08-30,160,Symbolica Single-rider,5.0,10.0,99.0
2023-08-30,160,The Six Swans,5.0,5.0,100.0
2023-08-30,160,Villa Volta,5.0,5.0,100.0
2023-08-30,160,Vogel Rok,8.0,20.0,100.0
2023-08-30,160,Volkvanlaaf,,,99.0
2023-08-31,160,Anton Pieck Plein,,,99.0
2023-08-31,160,Archipel,,,95.0
2023-08-31,160,Badhuys indoor splash pool,,,100.0
2023-08-31,160,Baron 1898,18.0,35.0,100.0
2023-08-31,160,Baron 1898 Single-rider,15.0,40.0,100.0
2023-08-31,160,Carnaval Festival,8.0,10.0,100.0
2023-08-31,160,De Oude Tufferbaan,14.0,35.0,99.0
2023-08-31,160,De Vliegende Hollander,23.0,40.0,90.0
2023-08-31,160,De Vliegende Hollander Single-rider,13.0,30.0,75.0
2023-08-31,160,Diorama,,,99.0
2023-08-31,160,Droomvlucht,17.0,40.0,100.0
2023-08-31,160,Droomvlucht VR,,,100.0
2023-08-31,160,Efteling Museum,,,90.0
2023-08-31,160,Fabula,10.0,10.0,99.0
2023-08-31,160,Fairytale Forest,,,99.0
2023-08-31,160,Fata Morgana,8.0,30.0,100.0
2023-08-31,160,Gondoletta,13.0,30.0,90.0
2023-08-31,160,Halve Maen,7.0,25.0,100.0
2023-08-31,160,Joris en de Draak,15.0,25.0,99.0
2023-08-31,160,Joris en de Draak Single-rider,8.0,20.0,94.0
2023-08-31,160,Kinderspoor,5.0,5.0,99.0
2023-08-31,160,Kindervreugd,,,99.0
2023-08-31,160,Kleuterhof,,,100.0
2023-08-31,160,Max & Moritz,8.0,35.0,50.0
2023-08-31,160,Max & Moritz Single-rider,6.0,15.0,35.0
2023-08-31,160,Monorail,7.0,15.0,99.0
2023-08-31,160,Nest!,,,99.0
2023-08-31,160,Pagode,5.0,5.0,99.0
2023-08-31,160,Piraña,9.0,20.0,99.0
2023-08-31,160,Python,10.0,25.0,97.0
2023-08-31,160,Python Single-rider,7.0,20.0,85.0
2023-08-31,160,Sirocco,6.0,10.0,100.0
2023-08-31,160,Stoomcarrousel,,,99.0
2023-08-31,160,Stoomtrein Marerijk,14.0,25.0,99.0
2023-08-31,160,Stoomtrein Ruigrijk,11.0,25.0,99.0
2023-08-31,160,Symbolica,20.0,35.0,99.0
2023-08-31,160,Symbolica Single-rider,5.0,10.0,99.0
2023-08-31,160,The Six Swans,5.0,5.0,99.0
2023-08-31,160,Villa Volta,6.0,15.0,100.0
2023-08-31,160,Vogel Rok,8.0,20.0,100.0
2023-08-31,160,Volkvanlaaf,,,99.0
2023-09-01,160,Anton Pieck Plein,,,99.0
2023-09-01,160,Archipel,,,87.0
2023-09-01,160,Badhuys indoor splash pool,,,100.0
2023-09-01,160,Baron 1898,11.0,30.0,100.0
2023-09-01,160,Baron 1898 Single-rider,11.0,40.0,100.0
2023-09-01,160,Carnaval Festival,5.0,10.0,93.0
2023-09-01,160,De Oude Tufferbaan,8.0,20.0,99.0
2023-09-01,160,De Vliegende Hollander,13.0,30.0,92.0
2023-09-01,160,De Vliegende Hollander Single-rider,9.0,20.0,29.0
2023-09-01,160,Diorama,,,100.0
2023-09-01,160,Droomvlucht,9.0,20.0,100.0
2023-09-01,160,Droomvlucht VR,,,100.0
2023-09-01,160,Efteling Museum,,,92.0
2023-09-01,160,Fabula,10.0,10.0,99.0
2023-09-01,160,Fairytale Forest,,,99.0
2023-09-01,160,Fata Morgana,5.0,10.0,100.0
2023-09-01,160,Gondoletta,7.0,15.0,83.0
2023-09-01,160,Halve Maen,9.0,10.0,99.0
2023-09-01,160,Joris en de Draak,8.0,25.0,100.0
2023-09-01,160,Joris en de Draak Single-rider,5.0,10.0,91.0
2023-09-01,160,Kinderspoor,,,99.0
2023-09-01,160,Kindervreugd,,,99.0
2023-09-01,160,Kleuterhof,,,100.0
2023-09-01,160,Max & Moritz,5.0,10.0,96.0
2023-09-01,160,Max & Moritz Single-rider,5.0,5.0,30.0
2023-09-01,160,Monorail,6.0,15.0,99.0
2023-09-01,160,Nest!,,,99.0
2023-09-01,160,Pagode,5.0,5.0,100.0
2023-09-01,160,Piraña,6.0,15.0,99.0
2023-09-01,160,Python,7.0,15.0,99.0
2023-09-01,160,Python Single-rider,5.0,5.0,23.0
2023-09-01,160,Sirocco,5.0,5.0,100.0
2023-09-01,160,Stoomcarrousel,,,100.0
2023-09-01,160,Stoomtrein Marerijk,18.0,25.0,99.0
2023-09-01,160,Stoomtrein Ruigrijk,18.0,25.0,99.0
2023-09-01,160,Symbolica,13.0,20.0,99.0
2023-09-01,160,Symbolica Single-rider,5.0,5.0,99.0
2023-09-01,160,The Six Swans,8.0,10.0,100.0
2023-09-01,160,Villa Volta,6.0,10.0,98.0
2023-09-01,160,Vogel Rok,8.0,15.0,96.0
2023-09-01,160,Volkvanlaaf,,,99.0
2023-09-02,160,Anton Pieck Plein,,,100.0
2023-09-02,160,Archipel,,,88.0
2023-09-02,160,Badhuys indoor splash pool,,,100.0
2023-09-02,160,Baron 1898,35.0,45.0,100.0
2023-09-02,160,Baron 1898 Single-rider,27.0,50.0,100.0
2023-09-02,160,Carnaval Festival,18.0,35.0,100.0
2023-09-02,160,De Oude Tufferbaan,26.0,40.0,96.0
2023-09-02,160,De Vliegende Hollander,33.0,45.0,97.0
2023-09-02,160,De Vliegende Hollander Single-rider,21.0,35.0,95.0
2023-09-02,160,Diorama,,,100.0
2023-09-02,160,Droomvlucht,33.0,50.0,100.0
2023-09-02,160,Droomvlucht VR,,,100.0
2023-09-02,160,Efteling Museum,,,92.0
2023-09-02,160,Fabula,10.0,10.0,100.0
2023-09-02,160,Fairytale Forest,,,100.0
2023-09-02,160,Fata Morgana,20.0,50.0,100.0
2023-09-02,160,Gondoletta,24.0,35.0,80.0
2023-09-02,160,Halve Maen,18.0,30.0,100.0
2023-09-02,160,Joris en de Draak,30.0,50.0,95.0
2023-09-02,160,Joris en de Draak Single-rider,19.0,35.0,95.0
2023-09-02,160,Kinderspoor,12.0,20.0,100.0
2023-09-02,160,Kindervreugd,,,100.0
2023-09-02,160,Kleuterhof,,,100.0
2023-09-02,160,Max & Moritz,19.0,40.0,100.0
2023-09-02,160,Max & Moritz Single-rider,11.0,30.0,86.0
2023-09-02,160,Monorail,18.0,40.0,100.0
2023-09-02,160,Nest!,,,100.0
2023-09-02,160,Pagode,7.0,15.0,100.0
2023-09-02,160,Piraña,19.0,40.0,100.0
2023-09-02,160,Python,23.0,35.0,93.0
2023-09-02,160,Python Single-rider,25.0,40.0,36.0
2023-09-02,160,Sirocco,14.0,25.0,100.0
2023-09-02,160,Stoomcarrousel,6.0,10.0,100.0
2023-09-02,160,Stoomtrein Marerijk,22.0,30.0,97.0
2023-09-02,160,Stoomtrein Ruigrijk,22.0,30.0,95.0
2023-09-02,160,Symbolica,34.0,45.0,99.0
2023-09-02,160,Symbolica Single-rider,9.0,15.0,99.0
2023-09-02,160,The Six Swans,8.0,20.0,100.0
2023-09-02,160,Villa Volta,11.0,30.0,100.0
2023-09-02,160,Vogel Rok,23.0,45.0,100.0
2023-09-02,160,Volkvanlaaf,,,100.0
2023-09-03,160,Anton Pieck Plein,,,99.0
2023-09-03,160,Archipel,,,93.0
2023-09-03,160,Badhuys indoor splash pool,,,100.0
2023-09-03,160,Baron 1898,28.0,45.0,94.0
2023-09-03,160,Baron 1898 Single-rider,20.0,40.0,94.0
2023-09-03,160,Carnaval Festival,16.0,25.0,100.0
2023-09-03,160,De Oude Tufferbaan,19.0,30.0,99.0
2023-09-03,160,De Vliegende Hollander,29.0,40.0,96.0
2023-09-03,160,De Vliegende Hollander Single-rider,15.0,35.0,93.0
2023-09-03,160,Diorama,,,100.0
2023-09-03,160,Droomvlucht,26.0,45.0,100.0
2023-09-03,160,Droomvlucht VR,,,100.0
2023-09-03,160,Efteling Museum,,,91.0
2023-09-03,160,Fabula,10.0,10.0,100.0
2023-09-03,160,Fairytale Forest,,,99.0
2023-09-03,160,Fata Morgana,11.0,30.0,100.0
2023-09-03,160,Gondoletta,20.0,30.0,89.0
2023-09-03,160,Halve Maen,8.0,20.0,99.0
2023-09-03,160,Joris en de Draak,22.0,35.0,97.0
2023-09-03,160,Joris en de Draak Single-rider,14.0,30.0,97.0
2023-09-03,160,Kinderspoor,8.0,15.0,99.0
2023-09-03,160,Kindervreugd,,,99.0
2023-09-03,160,Kleuterhof,,,99.0
2023-09-03,160,Max & Moritz,10.0,25.0,100.0
2023-09-03,160,Max & Moritz Single-rider,5.0,15.0,78.0
2023-09-03,160,Monorail,12.0,25.0,99.0
2023-09-03,160,Nest!,,,99.0
2023-09-03,160,Pagode,5.0,10.0,99.0
2023-09-03,160,Piraña,24.0,40.0,99.0
2023-09-03,160,Python,15.0,30.0,93.0
2023-09-03,160,Python Single-rider,11.0,25.0,77.0
2023-09-03,160,Sirocco,7.0,15.0,100.0
2023-09-03,160,Stoomcarrousel,,,100.0
2023-09-03,160,Stoomtrein Marerijk,25.0,25.0,99.0
2023-09-03,160,Stoomtrein Ruigrijk,25.0,25.0,99.0
2023-09-03,160,Symbolica,28.0,45.0,99.0
2023-09-03,160,Symbolica Single-rider,7.0,15.0,99.0
2023-09-03,160,The Six Swans,5.0,5.0,100.0
2023-09-03,160,Villa Volta,6.0,15.0,100.0
2023-09-03,160,Vogel Rok,13.0,30.0,100.0
2023-09-03,160,Volkvanlaaf,,,99.0
2023-09-04,160,Anton Pieck Plein,,,99.0
2023-09-04,160,Archipel,,,100.0
2023-09-04,160,Badhuys indoor splash pool,,,37.0
2023-09-04,160,Baron 1898,13.0,40.0,100.0
2023-09-04,160,Baron 1898 Single-rider,12.0,25.0,100.0
2023-09-04,160,Carnaval Festival,8.0,15.0,100.0
2023-09-04,160,De Oude Tufferbaan,15.0,25.0,95.0
2023-09-04,160,De Vliegende Hollander,18.0,30.0,94.0
2023-09-04,160,De Vliegende Hollander Single-rider,8.0,25.0,80.0
2023-09-04,160,Diorama,,,99.0
2023-09-04,160,Droomvlucht,19.0,30.0,100.0
2023-09-04,160,Droomvlucht VR,,,100.0
2023-09-04,160,Efteling Museum,,,87.0
2023-09-04,160,Fabula,10.0,10.0,99.0
2023-09-04,160,Fairytale Forest,,,99.0
2023-09-04,160,Fata Morgana,7.0,25.0,100.0
2023-09-04,160,Gondoletta,,,0.0
2023-09-04,160,Halve Maen,7.0,10.0,89.0
2023-09-04,160,Joris en de Draak,10.0,25.0,94.0
2023-09-04,160,Joris en de Draak Single-rider,5.0,15.0,93.0
2023-09-04,160,Kinderspoor,,,99.0
2023-09-04,160,Kindervreugd,,,99.0
2023-09-04,160,Kleuterhof,,,100.0
2023-09-04,160,Max & Moritz,5.0,10.0,89.0
2023-09-04,160,Max & Moritz Single-rider,5.0,5.0,76.0
2023-09-04,160,Monorail,13.0,25.0,99.0
2023-09-04,160,Nest!,,,99.0
2023-09-04,160,Pagode,5.0,5.0,100.0
2023-09-04,160,Piraña,11.0,20.0,100.0
2023-09-04,160,Python,8.0,20.0,99.0
2023-09-04,160,Python Single-rider,7.0,15.0,74.0
2023-09-04,160,Sirocco,5.0,5.0,100.0
2023-09-04,160,Stoomcarrousel,,,99.0
2023-09-04,160,Stoomtrein Marerijk,15.0,25.0,99.0
2023-09-04,160,Stoomtrein Ruigrijk,14.0,25.0,93.0
2023-09-04,160,Symbolica,22.0,35.0,99.0
2023-09-04,160,Symbolica Single-rider,6.0,10.0,99.0
2023-09-04,160,The Six Swans,5.0,5.0,100.0
2023-09-04,160,Villa Volta,5.0,10.0,100.0
2023-09-04,160,Vogel Rok,8.0,15.0,100.0
2023-09-04,160,Volkvanlaaf,,,99.0
2023-09-05,160,Anton Pieck Plein,,,99.0
2023-09-05,160,Archipel,,,100.0
2023-09-05,160,Badhuys indoor splash pool,,,37.0
2023-09-05,160,Baron 1898,7.0,25.0,93.0
2023-09-05,160,Baron 1898 Single-rider,7.0,15.0,94.0
2023-09-05,160,Carnaval Festival,6.0,10.0,100.0
2023-09-05,160,De Oude Tufferbaan,9.0,20.0,99.0
2023-09-05,160,De Vliegende Hollander,9.0,25.0,100.0
2023-09-05,160,De Vliegende Hollander Single-rider,6.0,15.0,34.0
2023-09-05,160,Diorama,,,99.0
2023-09-05,160,Droomvlucht,5.0,10.0,100.0
2023-09-05,160,Droomvlucht VR,,,100.0
2023-09-05,160,Efteling Museum,,,87.0
2023-09-05,160,Fabula,10.0,10.0,99.0
2023-09-05,160,Fairytale Forest,,,99.0
2023-09-05,160,Fata Morgana,6.0,15.0,100.0
2023-09-05,160,Gondoletta,,,0.0
2023-09-05,160,Halve Maen,5.0,5.0,94.0
2023-09-05,160,Joris en de Draak,6.0,10.0,100.0
2023-09-05,160,Joris en de Draak Single-rider,5.0,5.0,100.0
2023-09-05,160,Kinderspoor,5.0,5.0,99.0
2023-09-05,160,Kindervreugd,,,99.0
2023-09-05,160,Kleuterhof,,,100.0
2023-09-05,160,Max & Moritz,5.0,10.0,100.0
2023-09-05,160,Max & Moritz Single-rider,,,0.0
2023-09-05,160,Monorail,7.0,10.0,99.0
2023-09-05,160,Nest!,,,99.0
2023-09-05,160,Pagode,5.0,5.0,99.0
2023-09-05,160,Piraña,9.0,15.0,99.0
2023-09-05,160,Python,6.0,10.0,99.0
2023-09-05,160,Python Single-rider,5.0,5.0,98.0
2023-09-05,160,Sirocco,5.0,5.0,100.0
2023-09-05,160,Stoomcarrousel,,,99.0
2023-09-05,160,Stoomtrein Marerijk,25.0,25.0,99.0
2023-09-05,160,Stoomtrein Ruigrijk,25.0,25.0,99.0
2023-09-05,160,Symbolica,12.0,25.0,99.0
2023-09-05,160,Symbolica Single-rider,5.0,5.0,99.0
2023-09-05,160,The Six Swans,,,99.0
2023-09-05,160,Villa Volta,5.0,5.0,100.0
2023-09-05,160,Vogel Rok,6.0,10.0,100.0
2023-09-05,160,Volkvanlaaf,,,99.0
2023-09-06,160,Anton Pieck Plein,,,99.0
2023-09-06,160,Archipel,,,100.0
2023-09-06,160,Badhuys indoor splash pool,,,37.0
2023-09-06,160,Baron 1898,8.0,30.0,100.0
2023-09-06,160,Baron 1898 Single-rider,7.0,20.0,100.0
2023-09-06,160,Carnaval Festival,5.0,5.0,100.0
2023-09-06,160,De Oude Tufferbaan,10.0,15.0,99.0
2023-09-06,160,De Vliegende Hollander,14.0,30.0,81.0
2023-09-06,160,De Vliegende Hollander Single-rider,9.0,20.0,48.0
2023-09-06,160,Diorama,,,99.0
2023-09-06,160,Droomvlucht,5.0,10.0,100.0
2023-09-06,160,Droomvlucht VR,,,100.0
2023-09-06,160,Efteling Museum,,,87.0
2023-09-06,160,Fabula,10.0,10.0,99.0
2023-09-06,160,Fairytale Forest,,,99.0
2023-09-06,160,Fata Morgana,6.0,15.0,100.0
2023-09-06,160,Gondoletta,,,0.0
2023-09-06,160,Halve Maen,5.0,10.0,99.0
2023-09-06,160,Joris en de Draak,7.0,20.0,100.0
2023-09-06,160,Joris en de Draak Single-rider,5.0,15.0,98.0
2023-09-06,160,Kinderspoor,,,99.0
2023-09-06,160,Kindervreugd,,,99.0
2023-09-06,160,Kleuterhof,,,100.0
2023-09-06,160,Max & Moritz,5.0,5.0,100.0
2023-09-06,160,Max & Moritz Single-rider,,,0.0
2023-09-06,160,Monorail,7.0,15.0,99.0
2023-09-06,160,Nest!,,,99.0
2023-09-06,160,Pagode,5.0,5.0,99.0
2023-09-06,160,Piraña,10.0,15.0,100.0
2023-09-06,160,Python,6.0,15.0,99.0
2023-09-06,160,Python Single-rider,6.0,10.0,88.0
2023-09-06,160,Sirocco,5.0,5.0,100.0
2023-09-06,160,Stoomcarrousel,,,99.0
2023-09-06,160,Stoomtrein Marerijk,18.0,30.0,99.0
2023-09-06,160,Stoomtrein Ruigrijk,18.0,30.0,99.0
2023-09-06,160,Symbolica,12.0,20.0,99.0
2023-09-06,160,Symbolica Single-rider,5.0,5.0,99.0
2023-09-06,160,The Six Swans,,,99.0
2023-09-06,160,Villa Volta,5.0,5.0,100.0
2023-09-06,160,Vogel Rok,5.0,10.0,100.0
2023-09-06,160,Volkvanlaaf,,,99.0
2023-09-07,160,Anton Pieck Plein,,,99.0
2023-09-07,160,Archipel,,,100.0
2023-09-07,160,Badhuys indoor splash pool,,,38.0
2023-09-07,160,Baron 1898,8.0,25.0,100.0
2023-09-07,160,Baron 1898 Single-rider,7.0,25.0,100.0
2023-09-07,160,Carnaval Festival,5.0,5.0,100.0
2023-09-07,160,De Oude Tufferbaan,8.0,15.0,99.0
2023-09-07,160,De Vliegende Hollander,8.0,20.0,97.0
2023-09-07,160,De Vliegende Hollander Single-rider,5.0,10.0,33.0
2023-09-07,160,Diorama,,,99.0
2023-09-07,160,Droomvlucht,6.0,10.0,100.0
2023-09-07,160,Droomvlucht VR,,,100.0
2023-09-07,160,Efteling Museum,,,87.0
2023-09-07,160,Fabula,10.0,10.0,99.0
2023-09-07,160,Fairytale Forest,,,99.0
2023-09-07,160,Fata Morgana,6.0,150.0,100.0
2023-09-07,160,Gondoletta,,,0.0
2023-09-07,160,Halve Maen,5.0,5.0,98.0
2023-09-07,160,Joris en de Draak,5.0,10.0,98.0
2023-09-07,160,Joris en de Draak Single-rider,5.0,10.0,77.0
2023-09-07,160,Kinderspoor,,,99.0
2023-09-07,160,Kindervreugd,,,99.0
2023-09-07,160,Kleuterhof,,,100.0
2023-09-07,160,Max & Moritz,5.0,20.0,100.0
2023-09-07,160,Max & Moritz Single-rider,,,0.0
2023-09-07,160,Monorail,10.0,15.0,99.0
2023-09-07,160,Nest!,,,99.0
2023-09-07,160,Pagode,5.0,5.0,96.0
2023-09-07,160,Piraña,9.0,15.0,99.0
2023-09-07,160,Python,5.0,10.0,95.0
2023-09-07,160,Python Single-rider,5.0,5.0,95.0
2023-09-07,160,Sirocco,5.0,5.0,100.0
2023-09-07,160,Stoomcarrousel,,,99.0
2023-09-07,160,Stoomtrein Marerijk,25.0,25.0,99.0
2023-09-07,160,Stoomtrein Ruigrijk,25.0,25.0,99.0
2023-09-07,160,Symbolica,12.0,20.0,99.0
2023-09-07,160,Symbolica Single-rider,,,0.0
2023-09-07,160,The Six Swans,,,100.0
2023-09-07,160,Villa Volta,5.0,10.0,100.0
2023-09-07,160,Vogel Rok,5.0,10.0,100.0
2023-09-07,160,Volkvanlaaf,,,99.0
2023-09-08,160,Anton Pieck Plein,,,100.0
2023-09-08,160,Archipel,,,100.0
2023-09-08,160,Badhuys indoor splash pool,,,37.0
2023-09-08,160,Baron 1898,25.0,45.0,97.0
2023-09-08,160,Baron 1898 Single-rider,18.0,30.0,97.0
2023-09-08,160,Carnaval Festival,5.0,10.0,94.0
2023-09-08,160,De Oude Tufferbaan,13.0,15.0,98.0
2023-09-08,160,De Vliegende Hollander,30.0,40.0,69.0
2023-09-08,160,De Vliegende Hollander Single-rider,12.0,20.0,2.0
2023-09-08,160,Diorama,,,100.0
2023-09-08,160,Droomvlucht,12.0,25.0,100.0
2023-09-08,160,Droomvlucht VR,,,100.0
2023-09-08,160,Efteling Museum,,,87.0
2023-09-08,160,Fabula,10.0,10.0,100.0
2023-09-08,160,Fairytale Forest,,,100.0
2023-09-08,160,Fata Morgana,6.0,25.0,100.0
2023-09-08,160,Gondoletta,,,0.0
2023-09-08,160,Halve Maen,6.0,10.0,100.0
2023-09-08,160,Joris en de Draak,16.0,40.0,100.0
2023-09-08,160,Joris en de Draak Single-rider,10.0,25.0,100.0
2023-09-08,160,Kinderspoor,,,100.0
2023-09-08,160,Kindervreugd,,,100.0
2023-09-08,160,Kleuterhof,,,100.0
2023-09-08,160,Max & Moritz,5.0,10.0,100.0
2023-09-08,160,Max & Moritz Single-rider,,,0.0
2023-09-08,160,Monorail,11.0,15.0,100.0
2023-09-08,160,Nest!,,,100.0
2023-09-08,160,Pagode,5.0,5.0,100.0
2023-09-08,160,Piraña,19.0,35.0,100.0
2023-09-08,160,Python,13.0,25.0,89.0
2023-09-08,160,Python Single-rider,12.0,20.0,90.0
2023-09-08,160,Sirocco,5.0,5.0,100.0
2023-09-08,160,Stoomcarrousel,,,100.0
2023-09-08,160,Stoomtrein Marerijk,20.0,25.0,88.0
2023-09-08,160,Stoomtrein Ruigrijk,20.0,25.0,88.0
2023-09-08,160,Symbolica,16.0,30.0,98.0
2023-09-08,160,Symbolica Single-rider,5.0,20.0,99.0
2023-09-08,160,The Six Swans,5.0,5.0,100.0
2023-09-08,160,Villa Volta,6.0,10.0,97.0
2023-09-08,160,Vogel Rok,12.0,20.0,100.0
2023-09-08,160,Volkvanlaaf,,,100.0
2023-09-09,160,Anton Pieck Plein,,,99.0
2023-09-09,160,Archipel,,,100.0
2023-09-09,160,Badhuys indoor splash pool,,,100.0
2023-09-09,160,Baron 1898,33.0,50.0,86.0
2023-09-09,160,Baron 1898 Single-rider,26.0,45.0,88.0
2023-09-09,160,Carnaval Festival,15.0,30.0,100.0
2023-09-09,160,De Oude Tufferbaan,19.0,30.0,100.0
2023-09-09,160,De Vliegende Hollander,31.0,45.0,100.0
2023-09-09,160,De Vliegende Hollander Single-rider,18.0,30.0,90.0
2023-09-09,160,Diorama,,,99.0
2023-09-09,160,Droomvlucht,27.0,40.0,100.0
2023-09-09,160,Droomvlucht VR,,,100.0
2023-09-09,160,Efteling Museum,,,89.0
2023-09-09,160,Fabula,10.0,10.0,99.0
2023-09-09,160,Fairytale Forest,,,99.0
2023-09-09,160,Fata Morgana,12.0,50.0,100.0
2023-09-09,160,Gondoletta,,,0.0
2023-09-09,160,Halve Maen,11.0,15.0,99.0
2023-09-09,160,Joris en de Draak,23.0,45.0,100.0
2023-09-09,160,Joris en de Draak Single-rider,13.0,30.0,100.0
2023-09-09,160,Kinderspoor,7.0,10.0,99.0
2023-09-09,160,Kindervreugd,,,99.0
2023-09-09,160,Kleuterhof,,,100.0
2023-09-09,160,Max & Moritz,13.0,45.0,100.0
2023-09-09,160,Max & Moritz Single-rider,8.0,30.0,98.0
2023-09-09,160,Monorail,21.0,40.0,99.0
2023-09-09,160,Nest!,,,99.0
2023-09-09,160,Pagode,5.0,10.0,99.0
2023-09-09,160,Piraña,34.0,60.0,99.0
2023-09-09,160,Python,15.0,30.0,100.0
2023-09-09,160,Python Single-rider,13.0,25.0,100.0
2023-09-09,160,Sirocco,8.0,15.0,100.0
2023-09-09,160,Stoomcarrousel,5.0,5.0,100.0
2023-09-09,160,Stoomtrein Marerijk,27.0,30.0,99.0
2023-09-09,160,Stoomtrein Ruigrijk,28.0,35.0,95.0
2023-09-09,160,Symbolica,29.0,40.0,99.0
2023-09-09,160,Symbolica Single-rider,6.0,15.0,99.0
2023-09-09,160,The Six Swans,5.0,10.0,100.0
2023-09-09,160,Villa Volta,6.0,10.0,100.0
2023-09-09,160,Vogel Rok,18.0,30.0,100.0
2023-09-09,160,Volkvanlaaf,,,99.0
2023-09-10,160,Anton Pieck Plein,,,100.0
2023-09-10,160,Archipel,,,100.0
2023-09-10,160,Badhuys indoor splash pool,,,100.0
2023-09-10,160,Baron 1898,22.0,40.0,100.0
2023-09-10,160,Baron 1898 Single-rider,15.0,35.0,100.0
2023-09-10,160,Carnaval Festival,10.0,15.0,100.0
2023-09-10,160,De Oude Tufferbaan,17.0,30.0,100.0
2023-09-10,160,De Vliegende Hollander,29.0,45.0,100.0
2023-09-10,160,De Vliegende Hollander Single-rider,16.0,35.0,94.0
2023-09-10,160,Diorama,,,100.0
2023-09-10,160,Droomvlucht,21.0,40.0,100.0
2023-09-10,160,Droomvlucht VR,,,100.0
2023-09-10,160,Efteling Museum,,,89.0
2023-09-10,160,Fabula,10.0,10.0,100.0
2023-09-10,160,Fairytale Forest,,,100.0
2023-09-10,160,Fata Morgana,8.0,30.0,100.0
2023-09-10,160,Gondoletta,,,0.0
2023-09-10,160,Halve Maen,7.0,15.0,100.0
2023-09-10,160,Joris en de Draak,16.0,40.0,98.0
2023-09-10,160,Joris en de Draak Single-rider,10.0,30.0,81.0
2023-09-10,160,Kinderspoor,5.0,5.0,100.0
2023-09-10,160,Kindervreugd,,,100.0
2023-09-10,160,Kleuterhof,,,100.0
2023-09-10,160,Max & Moritz,7.0,25.0,100.0
2023-09-10,160,Max & Moritz Single-rider,5.0,10.0,100.0
2023-09-10,160,Monorail,15.0,30.0,100.0
2023-09-10,160,Nest!,,,100.0
2023-09-10,160,Pagode,5.0,5.0,100.0
2023-09-10,160,Piraña,31.0,50.0,100.0
2023-09-10,160,Python,13.0,35.0,100.0
2023-09-10,160,Python Single-rider,10.0,25.0,90.0
2023-09-10,160,Sirocco,5.0,10.0,100.0
2023-09-10,160,Stoomcarrousel,,,100.0
2023-09-10,160,Stoomtrein Marerijk,19.0,25.0,100.0
2023-09-10,160,Stoomtrein Ruigrijk,16.0,25.0,100.0
2023-09-10,160,Symbolica,24.0,45.0,100.0
2023-09-10,160,Symbolica Single-rider,6.0,15.0,99.0
2023-09-10,160,The Six Swans,5.0,5.0,100.0
2023-09-10,160,Villa Volta,5.0,5.0,97.0
2023-09-10,160,Vogel Rok,11.0,40.0,100.0
2023-09-10,160,Volkvanlaaf,,,100.0
2023-09-11,160,Anton Pieck Plein,,,99.0
2023-09-11,160,Archipel,,,100.0
2023-09-11,160,Badhuys indoor splash pool,,,37.0
2023-09-11,160,Baron 1898,9.0,30.0,97.0
2023-09-11,160,Baron 1898 Single-rider,8.0,30.0,97.0
2023-09-11,160,Carnaval Festival,6.0,10.0,100.0
2023-09-11,160,De Oude Tufferbaan,13.0,20.0,99.0
2023-09-11,160,De Vliegende Hollander,14.0,25.0,99.0
2023-09-11,160,De Vliegende Hollander Single-rider,,,0.0
2023-09-11,160,Diorama,,,99.0
2023-09-11,160,Droomvlucht,9.0,15.0,100.0
2023-09-11,160,Droomvlucht VR,,,100.0
2023-09-11,160,Efteling Museum,,,87.0
2023-09-11,160,Fabula,10.0,10.0,99.0
2023-09-11,160,Fairytale Forest,,,99.0
2023-09-11,160,Fata Morgana,6.0,20.0,100.0
2023-09-11,160,Gondoletta,,,0.0
2023-09-11,160,Halve Maen,5.0,5.0,99.0
2023-09-11,160,Joris en de Draak,6.0,20.0,100.0
2023-09-11,160,Joris en de Draak Single-rider,5.0,15.0,100.0
2023-09-11,160,Kinderspoor,,,99.0
2023-09-11,160,Kindervreugd,,,99.0
2023-09-11,160,Kleuterhof,,,100.0
2023-09-11,160,Max & Moritz,5.0,20.0,100.0
2023-09-11,160,Max & Moritz Single-rider,,,0.0
2023-09-11,160,Monorail,11.0,20.0,99.0
2023-09-11,160,Nest!,,,99.0
2023-09-11,160,Pagode,5.0,10.0,100.0
2023-09-11,160,Piraña,8.0,15.0,100.0
2023-09-11,160,Python,5.0,10.0,99.0
2023-09-11,160,Python Single-rider,5.0,10.0,94.0
2023-09-11,160,Sirocco,5.0,5.0,100.0
2023-09-11,160,Stoomcarrousel,,,99.0
2023-09-11,160,Stoomtrein Marerijk,15.0,25.0,96.0
2023-09-11,160,Stoomtrein Ruigrijk,15.0,25.0,96.0
2023-09-11,160,Symbolica,18.0,25.0,97.0
2023-09-11,160,Symbolica Single-rider,5.0,10.0,97.0
2023-09-11,160,The Six Swans,5.0,5.0,100.0
2023-09-11,160,Villa Volta,5.0,5.0,100.0
2023-09-11,160,Vogel Rok,5.0,10.0,100.0
2023-09-11,160,Volkvanlaaf,,,99.0
2023-09-12,160,Anton Pieck Plein,,,99.0
2023-09-12,160,Archipel,,,100.0
2023-09-12,160,Badhuys indoor splash pool,,,37.0
2023-09-12,160,Baron 1898,8.0,15.0,100.0
2023-09-12,160,Baron 1898 Single-rider,8.0,30.0,100.0
2023-09-12,160,Carnaval Festival,5.0,5.0,100.0
2023-09-12,160,De Oude Tufferbaan,13.0,35.0,96.0
2023-09-12,160,De Vliegende Hollander,11.0,25.0,89.0
2023-09-12,160,De Vliegende Hollander Single-rider,8.0,20.0,39.0
2023-09-12,160,Diorama,,,99.0
2023-09-12,160,Droomvlucht,9.0,20.0,100.0
2023-09-12,160,Droomvlucht VR,,,100.0
2023-09-12,160,Efteling Museum,,,87.0
2023-09-12,160,Fabula,10.0,10.0,100.0
2023-09-12,160,Fairytale Forest,,,99.0
2023-09-12,160,Fata Morgana,9.0,15.0,100.0
2023-09-12,160,Gondoletta,,,0.0
2023-09-12,160,Halve Maen,5.0,5.0,100.0
2023-09-12,160,Joris en de Draak,6.0,15.0,100.0
2023-09-12,160,Joris en de Draak Single-rider,5.0,10.0,100.0
2023-09-12,160,Kinderspoor,5.0,5.0,99.0
2023-09-12,160,Kindervreugd,,,99.0
2023-09-12,160,Kleuterhof,,,99.0
2023-09-12,160,Max & Moritz,7.0,15.0,100.0
2023-09-12,160,Max & Moritz Single-rider,11.0,20.0,9.0
2023-09-12,160,Monorail,7.0,15.0,99.0
2023-09-12,160,Nest!,,,99.0
2023-09-12,160,Pagode,5.0,5.0,100.0
2023-09-12,160,Piraña,9.0,15.0,99.0
2023-09-12,160,Python,7.0,15.0,78.0
2023-09-12,160,Python Single-rider,7.0,10.0,34.0
2023-09-12,160,Sirocco,5.0,5.0,100.0
2023-09-12,160,Stoomcarrousel,,,99.0
2023-09-12,160,Stoomtrein Marerijk,25.0,25.0,99.0
2023-09-12,160,Stoomtrein Ruigrijk,25.0,25.0,99.0
2023-09-12,160,Symbolica,16.0,25.0,99.0
2023-09-12,160,Symbolica Single-rider,,,0.0
2023-09-12,160,The Six Swans,,,100.0
2023-09-12,160,Villa Volta,5.0,10.0,97.0
2023-09-12,160,Vogel Rok,8.0,15.0,100.0
2023-09-12,160,Volkvanlaaf,,,99.0
2023-09-13,160,Anton Pieck Plein,,,99.0
2023-09-13,160,Archipel,,,100.0
2023-09-13,160,Badhuys indoor splash pool,,,37.0
2023-09-13,160,Baron 1898,8.0,20.0,100.0
2023-09-13,160,Baron 1898 Single-rider,8.0,20.0,100.0
2023-09-13,160,Carnaval Festival,7.0,15.0,99.0
2023-09-13,160,De Oude Tufferbaan,17.0,25.0,89.0
2023-09-13,160,De Vliegende Hollander,9.0,25.0,100.0
2023-09-13,160,De Vliegende Hollander Single-rider,5.0,5.0,31.0
2023-09-13,160,Diorama,,,99.0
2023-09-13,160,Droomvlucht,13.0,25.0,100.0
2023-09-13,160,Droomvlucht VR,,,100.0
2023-09-13,160,Efteling Museum,,,87.0
2023-09-13,160,Fabula,10.0,10.0,100.0
2023-09-13,160,Fairytale Forest,,,99.0
2023-09-13,160,Fata Morgana,5.0,15.0,100.0
2023-09-13,160,Gondoletta,,,0.0
2023-09-13,160,Halve Maen,5.0,5.0,99.0
2023-09-13,160,Joris en de Draak,8.0,20.0,97.0
2023-09-13,160,Joris en de Draak Single-rider,5.0,15.0,95.0
2023-09-13,160,Kinderspoor,5.0,5.0,99.0
2023-09-13,160,Kindervreugd,,,99.0
2023-09-13,160,Kleuterhof,,,100.0
2023-09-13,160,Max & Moritz,5.0,5.0,100.0
2023-09-13,160,Max & Moritz Single-rider,,,0.0
2023-09-13,160,Monorail,10.0,20.0,99.0
2023-09-13,160,Nest!,,,99.0
2023-09-13,160,Pagode,5.0,5.0,99.0
2023-09-13,160,Piraña,5.0,10.0,99.0
2023-09-13,160,Python,8.0,140.0,93.0
2023-09-13,160,Python Single-rider,6.0,15.0,90.0
2023-09-13,160,Sirocco,5.0,5.0,100.0
2023-09-13,160,Stoomcarrousel,,,99.0
2023-09-13,160,Stoomtrein Marerijk,17.0,30.0,99.0
2023-09-13,160,Stoomtrein Ruigrijk,16.0,30.0,93.0
2023-09-13,160,Symbolica,20.0,30.0,95.0
2023-09-13,160,Symbolica Single-rider,5.0,5.0,95.0
2023-09-13,160,The Six Swans,5.0,10.0,100.0
2023-09-13,160,Villa Volta,5.0,10.0,100.0
2023-09-13,160,Vogel Rok,6.0,10.0,100.0
2023-09-13,160,Volkvanlaaf,,,99.0
2023-09-14,160,Anton Pieck Plein,,,100.0
2023-09-14,160,Archipel,,,100.0
2023-09-14,160,Badhuys indoor splash pool,,,37.0
2023-09-14,160,Baron 1898,10.0,30.0,100.0
2023-09-14,160,Baron 1898 Single-rider,9.0,30.0,86.0
2023-09-14,160,Carnaval Festival,9.0,20.0,100.0
2023-09-14,160,De Oude Tufferbaan,16.0,20.0,100.0
2023-09-14,160,De Vliegende Hollander,13.0,25.0,100.0
2023-09-14,160,De Vliegende Hollander Single-rider,5.0,15.0,72.0
2023-09-14,160,Diorama,,,100.0
2023-09-14,160,Droomvlucht,14.0,20.0,100.0
2023-09-14,160,Droomvlucht VR,,,100.0
2023-09-14,160,Efteling Museum,,,87.0
2023-09-14,160,Fabula,10.0,10.0,100.0
2023-09-14,160,Fairytale Forest,,,100.0
2023-09-14,160,Fata Morgana,7.0,25.0,100.0
2023-09-14,160,Gondoletta,,,0.0
2023-09-14,160,Halve Maen,5.0,10.0,100.0
2023-09-14,160,Joris en de Draak,8.0,20.0,100.0
2023-09-14,160,Joris en de Draak Single-rider,5.0,15.0,90.0
2023-09-14,160,Kinderspoor,5.0,5.0,100.0
2023-09-14,160,Kindervreugd,,,100.0
2023-09-14,160,Kleuterhof,,,100.0
2023-09-14,160,Max & Moritz,5.0,15.0,97.0
2023-09-14,160,Max & Moritz Single-rider,,,0.0
2023-09-14,160,Monorail,10.0,15.0,100.0
2023-09-14,160,Nest!,,,100.0
2023-09-14,160,Pagode,5.0,5.0,100.0
2023-09-14,160,Piraña,6.0,10.0,100.0
2023-09-14,160,Python,7.0,20.0,100.0
2023-09-14,160,Python Single-rider,7.0,15.0,87.0
2023-09-14,160,Sirocco,5.0,5.0,100.0
2023-09-14,160,Stoomcarrousel,,,100.0
2023-09-14,160,Stoomtrein Marerijk,25.0,25.0,96.0
2023-09-14,160,Stoomtrein Ruigrijk,25.0,25.0,96.0
2023-09-14,160,Symbolica,21.0,35.0,98.0
2023-09-14,160,Symbolica Single-rider,5.0,20.0,99.0
2023-09-14,160,The Six Swans,5.0,5.0,100.0
2023-09-14,160,Villa Volta,6.0,10.0,94.0
2023-09-14,160,Vogel Rok,6.0,15.0,100.0
2023-09-14,160,Volkvanlaaf,,,100.0
2023-09-15,160,Anton Pieck Plein,,,99.0
2023-09-15,160,Archipel,,,100.0
2023-09-15,160,Badhuys indoor splash pool,,,37.0
2023-09-15,160,Baron 1898,17.0,40.0,96.0
2023-09-15,160,Baron 1898 Single-rider,17.0,45.0,94.0
2023-09-15,160,Carnaval Festival,11.0,25.0,100.0
2023-09-15,160,De Oude Tufferbaan,18.0,25.0,99.0
2023-09-15,160,De Vliegende Hollander,17.0,30.0,100.0
2023-09-15,160,De Vliegende Hollander Single-rider,8.0,25.0,84.0
2023-09-15,160,Diorama,,,99.0
2023-09-15,160,Droomvlucht,21.0,30.0,100.0
2023-09-15,160,Droomvlucht VR,,,100.0
2023-09-15,160,Efteling Museum,,,87.0
2023-09-15,160,Fabula,10.0,10.0,99.0
2023-09-15,160,Fairytale Forest,,,99.0
2023-09-15,160,Fata Morgana,8.0,30.0,100.0
2023-09-15,160,Gondoletta,15.0,25.0,42.0
2023-09-15,160,Halve Maen,5.0,5.0,99.0
2023-09-15,160,Joris en de Draak,15.0,30.0,90.0
2023-09-15,160,Joris en de Draak Single-rider,9.0,25.0,90.0
2023-09-15,160,Kinderspoor,5.0,5.0,99.0
2023-09-15,160,Kindervreugd,,,99.0
2023-09-15,160,Kleuterhof,,,100.0
2023-09-15,160,Max & Moritz,6.0,20.0,100.0
2023-09-15,160,Max & Moritz Single-rider,9.0,20.0,47.0
2023-09-15,160,Monorail,11.0,20.0,99.0
2023-09-15,160,Nest!,,,99.0
2023-09-15,160,Pagode,5.0,5.0,100.0
2023-09-15,160,Piraña,10.0,20.0,99.0
2023-09-15,160,Python,11.0,25.0,89.0
2023-09-15,160,Python Single-rider,9.0,30.0,88.0
2023-09-15,160,Sirocco,6.0,10.0,100.0
2023-09-15,160,Stoomcarrousel,,,99.0
2023-09-15,160,Stoomtrein Marerijk,12.0,25.0,99.0
2023-09-15,160,Stoomtrein Ruigrijk,12.0,25.0,99.0
2023-09-15,160,Symbolica,24.0,35.0,99.0
2023-09-15,160,Symbolica Single-rider,5.0,15.0,99.0
2023-09-15,160,The Six Swans,5.0,5.0,100.0
2023-09-15,160,Villa Volta,5.0,10.0,100.0
2023-09-15,160,Vogel Rok,9.0,30.0,100.0
2023-09-15,160,Volkvanlaaf,,,99.0
2023-09-16,160,Anton Pieck Plein,,,99.0
2023-09-16,160,Archipel,,,100.0
2023-09-16,160,Badhuys indoor splash pool,,,100.0
2023-09-16,160,Baron 1898,35.0,50.0,100.0
2023-09-16,160,Baron 1898 Single-rider,27.0,50.0,100.0
2023-09-16,160,Carnaval Festival,21.0,35.0,100.0
2023-09-16,160,De Oude Tufferbaan,25.0,40.0,99.0
2023-09-16,160,De Vliegende Hollander,34.0,50.0,99.0
2023-09-16,160,De Vliegende Hollander Single-rider,22.0,40.0,91.0
2023-09-16,160,Diorama,,,99.0
2023-09-16,160,Droomvlucht,35.0,50.0,100.0
2023-09-16,160,Droomvlucht VR,,,100.0
2023-09-16,160,Efteling Museum,,,89.0
2023-09-16,160,Fabula,10.0,10.0,99.0
2023-09-16,160,Fairytale Forest,,,99.0
2023-09-16,160,Fata Morgana,20.0,40.0,100.0
2023-09-16,160,Gondoletta,27.0,35.0,95.0
2023-09-16,160,Halve Maen,15.0,45.0,99.0
2023-09-16,160,Joris en de Draak,28.0,45.0,91.0
2023-09-16,160,Joris en de Draak Single-rider,19.0,35.0,90.0
2023-09-16,160,Kinderspoor,11.0,20.0,99.0
2023-09-16,160,Kindervreugd,,,99.0
2023-09-16,160,Kleuterhof,,,99.0
2023-09-16,160,Max & Moritz,17.0,35.0,100.0
2023-09-16,160,Max & Moritz Single-rider,8.0,20.0,99.0
2023-09-16,160,Monorail,20.0,35.0,99.0
2023-09-16,160,Nest!,,,99.0
2023-09-16,160,Pagode,8.0,20.0,93.0
2023-09-16,160,Piraña,32.0,50.0,98.0
2023-09-16,160,Python,21.0,35.0,100.0
2023-09-16,160,Python Single-rider,19.0,40.0,100.0
2023-09-16,160,Sirocco,11.0,20.0,97.0
2023-09-16,160,Stoomcarrousel,5.0,5.0,99.0
2023-09-16,160,Stoomtrein Marerijk,27.0,45.0,99.0
2023-09-16,160,Stoomtrein Ruigrijk,34.0,45.0,61.0
2023-09-16,160,Symbolica,38.0,45.0,94.0
2023-09-16,160,Symbolica Single-rider,10.0,35.0,94.0
2023-09-16,160,The Six Swans,8.0,15.0,99.0
2023-09-16,160,Villa Volta,13.0,30.0,100.0
2023-09-16,160,Vogel Rok,23.0,45.0,100.0
2023-09-16,160,Volkvanlaaf,,,99.0
2023-09-17,160,Anton Pieck Plein,,,99.0
2023-09-17,160,Archipel,,,98.0
2023-09-17,160,Badhuys indoor splash pool,,,100.0
2023-09-17,160,Baron 1898,35.0,50.0,95.0
2023-09-17,160,Baron 1898 Single-rider,27.0,50.0,95.0
2023-09-17,160,Carnaval Festival,19.0,40.0,100.0
2023-09-17,160,De Oude Tufferbaan,23.0,40.0,98.0
2023-09-17,160,De Vliegende Hollander,33.0,45.0,96.0
2023-09-17,160,De Vliegende Hollander Single-rider,24.0,35.0,56.0
2023-09-17,160,Diorama,,,100.0
2023-09-17,160,Droomvlucht,37.0,50.0,99.0
2023-09-17,160,Droomvlucht VR,,,88.0
2023-09-17,160,Efteling Museum,,,89.0
2023-09-17,160,Fabula,10.0,10.0,99.0
2023-09-17,160,Fairytale Forest,,,99.0
2023-09-17,160,Fata Morgana,16.0,30.0,50.0
2023-09-17,160,Gondoletta,15.0,25.0,93.0
2023-09-17,160,Halve Maen,14.0,30.0,100.0
2023-09-17,160,Joris en de Draak,28.0,45.0,100.0
2023-09-17,160,Joris en de Draak Single-rider,19.0,35.0,93.0
2023-09-17,160,Kinderspoor,17.0,25.0,99.0
2023-09-17,160,Kindervreugd,,,99.0
2023-09-17,160,Kleuterhof,,,100.0
2023-09-17,160,Max & Moritz,14.0,30.0,97.0
2023-09-17,160,Max & Moritz Single-rider,9.0,10.0,89.0
2023-09-17,160,Monorail,18.0,35.0,99.0
2023-09-17,160,Nest!,,,99.0
2023-09-17,160,Pagode,6.0,10.0,99.0
2023-09-17,160,Piraña,14.0,30.0,90.0
2023-09-17,160,Python,21.0,45.0,97.0
2023-09-17,160,Python Single-rider,16.0,35.0,97.0
2023-09-17,160,Sirocco,11.0,25.0,100.0
2023-09-17,160,Stoomcarrousel,5.0,5.0,99.0
2023-09-17,160,Stoomtrein Marerijk,15.0,25.0,96.0
2023-09-17,160,Stoomtrein Ruigrijk,14.0,25.0,94.0
2023-09-17,160,Symbolica,38.0,60.0,99.0
2023-09-17,160,Symbolica Single-rider,13.0,25.0,99.0
2023-09-17,160,The Six Swans,7.0,10.0,100.0
2023-09-17,160,Villa Volta,11.0,20.0,100.0
2023-09-17,160,Vogel Rok,19.0,35.0,100.0
2023-09-17,160,Volkvanlaaf,,,99.0
2023-09-18,160,Anton Pieck Plein,,,90.0
2023-09-18,160,Archipel,,,89.0
2023-09-18,160,Badhuys indoor splash pool,,,37.0
2023-09-18,160,Baron 1898,16.0,40.0,85.0
2023-09-18,160,Baron 1898 Single-rider,15.0,35.0,83.0
2023-09-18,160,Carnaval Festival,11.0,20.0,100.0
2023-09-18,160,De Oude Tufferbaan,22.0,30.0,82.0
2023-09-18,160,De Vliegende Hollander,23.0,35.0,90.0
2023-09-18,160,De Vliegende Hollander Single-rider,,,0.0
2023-09-18,160,Diorama,,,100.0
2023-09-18,160,Droomvlucht,24.0,40.0,97.0
2023-09-18,160,Droomvlucht VR,,,96.0
2023-09-18,160,Efteling Museum,,,87.0
2023-09-18,160,Fabula,10.0,10.0,99.0
2023-09-18,160,Fairytale Forest,,,99.0
2023-09-18,160,Fata Morgana,9.0,30.0,100.0
2023-09-18,160,Gondoletta,10.0,15.0,87.0
2023-09-18,160,Halve Maen,5.0,5.0,89.0
2023-09-18,160,Joris en de Draak,24.0,40.0,74.0
2023-09-18,160,Joris en de Draak Single-rider,14.0,25.0,72.0
2023-09-18,160,Kinderspoor,5.0,10.0,90.0
2023-09-18,160,Kindervreugd,,,90.0
2023-09-18,160,Kleuterhof,,,99.0
2023-09-18,160,Max & Moritz,10.0,30.0,89.0
2023-09-18,160,Max & Moritz Single-rider,7.0,20.0,77.0
2023-09-18,160,Monorail,14.0,25.0,88.0
2023-09-18,160,Nest!,,,99.0
2023-09-18,160,Pagode,5.0,5.0,91.0
2023-09-18,160,Piraña,8.0,20.0,87.0
2023-09-18,160,Python,15.0,25.0,83.0
2023-09-18,160,Python Single-rider,12.0,20.0,82.0
2023-09-18,160,Sirocco,5.0,10.0,89.0
2023-09-18,160,Stoomcarrousel,,,99.0
2023-09-18,160,Stoomtrein Marerijk,25.0,30.0,84.0
2023-09-18,160,Stoomtrein Ruigrijk,25.0,25.0,83.0
2023-09-18,160,Symbolica,26.0,35.0,98.0
2023-09-18,160,Symbolica Single-rider,7.0,10.0,98.0
2023-09-18,160,The Six Swans,5.0,5.0,91.0
2023-09-18,160,Villa Volta,5.0,10.0,100.0
2023-09-18,160,Vogel Rok,,,0.0
2023-09-18,160,Volkvanlaaf,,,99.0
2023-09-19,160,Anton Pieck Plein,,,99.0
2023-09-19,160,Archipel,,,100.0
2023-09-19,160,Badhuys indoor splash pool,,,37.0
2023-09-19,160,Baron 1898,14.0,30.0,100.0
2023-09-19,160,Baron 1898 Single-rider,14.0,30.0,100.0
2023-09-19,160,Carnaval Festival,7.0,15.0,100.0
2023-09-19,160,De Oude Tufferbaan,10.0,15.0,97.0
2023-09-19,160,De Vliegende Hollander,19.0,30.0,99.0
2023-09-19,160,De Vliegende Hollander Single-rider,12.0,20.0,7.0
2023-09-19,160,Diorama,,,99.0
2023-09-19,160,Droomvlucht,16.0,30.0,100.0
2023-09-19,160,Droomvlucht VR,,,100.0
2023-09-19,160,Efteling Museum,,,87.0
2023-09-19,160,Fabula,10.0,10.0,99.0
2023-09-19,160,Fairytale Forest,,,99.0
2023-09-19,160,Fata Morgana,8.0,20.0,100.0
2023-09-19,160,Gondoletta,7.0,10.0,96.0
2023-09-19,160,Halve Maen,5.0,5.0,100.0
2023-09-19,160,Joris en de Draak,14.0,25.0,99.0
2023-09-19,160,Joris en de Draak Single-rider,8.0,20.0,98.0
2023-09-19,160,Kinderspoor,6.0,10.0,99.0
2023-09-19,160,Kindervreugd,,,99.0
2023-09-19,160,Kleuterhof,,,99.0
2023-09-19,160,Max & Moritz,6.0,20.0,100.0
2023-09-19,160,Max & Moritz Single-rider,,,0.0
2023-09-19,160,Monorail,9.0,15.0,99.0
2023-09-19,160,Nest!,,,99.0
2023-09-19,160,Pagode,5.0,5.0,99.0
2023-09-19,160,Piraña,7.0,10.0,100.0
2023-09-19,160,Python,13.0,25.0,89.0
2023-09-19,160,Python Single-rider,11.0,25.0,81.0
2023-09-19,160,Sirocco,5.0,15.0,100.0
2023-09-19,160,Stoomcarrousel,,,99.0
2023-09-19,160,Stoomtrein Marerijk,25.0,25.0,96.0
2023-09-19,160,Stoomtrein Ruigrijk,25.0,25.0,96.0
2023-09-19,160,Symbolica,22.0,30.0,99.0
2023-09-19,160,Symbolica Single-rider,6.0,10.0,99.0
2023-09-19,160,The Six Swans,5.0,5.0,99.0
2023-09-19,160,Villa Volta,5.0,10.0,100.0
2023-09-19,160,Vogel Rok,,,0.0
2023-09-19,160,Volkvanlaaf,,,99.0
2023-09-20,160,Anton Pieck Plein,,,99.0
2023-09-20,160,Archipel,,,99.0
2023-09-20,160,Badhuys indoor splash pool,,,37.0
2023-09-20,160,Baron 1898,9.0,30.0,100.0
2023-09-20,160,Baron 1898 Single-rider,8.0,20.0,100.0
2023-09-20,160,Carnaval Festival,11.0,15.0,100.0
2023-09-20,160,De Oude Tufferbaan,20.0,30.0,74.0
2023-09-20,160,De Vliegende Hollander,18.0,30.0,90.0
2023-09-20,160,De Vliegende Hollander Single-rider,8.0,15.0,80.0
2023-09-20,160,Diorama,,,99.0
2023-09-20,160,Droomvlucht,18.0,35.0,100.0
2023-09-20,160,Droomvlucht VR,,,100.0
2023-09-20,160,Efteling Museum,,,87.0
2023-09-20,160,Fabula,10.0,10.0,99.0
2023-09-20,160,Fairytale Forest,,,99.0
2023-09-20,160,Fata Morgana,7.0,25.0,100.0
2023-09-20,160,Gondoletta,12.0,15.0,99.0
2023-09-20,160,Halve Maen,6.0,10.0,100.0
2023-09-20,160,Joris en de Draak,15.0,35.0,83.0
2023-09-20,160,Joris en de Draak Single-rider,7.0,20.0,81.0
2023-09-20,160,Kinderspoor,7.0,10.0,98.0
2023-09-20,160,Kindervreugd,,,99.0
2023-09-20,160,Kleuterhof,,,99.0
2023-09-20,160,Max & Moritz,6.0,20.0,100.0
2023-09-20,160,Max & Moritz Single-rider,6.0,10.0,52.0
2023-09-20,160,Monorail,11.0,25.0,99.0
2023-09-20,160,Nest!,,,99.0
2023-09-20,160,Pagode,5.0,5.0,100.0
2023-09-20,160,Piraña,6.0,15.0,99.0
2023-09-20,160,Python,9.0,15.0,94.0
2023-09-20,160,Python Single-rider,5.0,10.0,88.0
2023-09-20,160,Sirocco,6.0,15.0,100.0
2023-09-20,160,Stoomcarrousel,,,99.0
2023-09-20,160,Stoomtrein Marerijk,14.0,25.0,96.0
2023-09-20,160,Stoomtrein Ruigrijk,14.0,25.0,96.0
2023-09-20,160,Symbolica,24.0,30.0,96.0
2023-09-20,160,Symbolica Single-rider,6.0,10.0,95.0
2023-09-20,160,The Six Swans,5.0,5.0,100.0
2023-09-20,160,Villa Volta,5.0,5.0,100.0
2023-09-20,160,Vogel Rok,,,0.0
2023-09-20,160,Volkvanlaaf,,,99.0
2023-09-21,160,Anton Pieck Plein,,,99.0
2023-09-21,160,Archipel,,,100.0
2023-09-21,160,Badhuys indoor splash pool,,,37.0
2023-09-21,160,Baron 1898,9.0,25.0,100.0
2023-09-21,160,Baron 1898 Single-rider,8.0,30.0,94.0
2023-09-21,160,Carnaval Festival,5.0,5.0,100.0
2023-09-21,160,De Oude Tufferbaan,5.0,15.0,99.0
2023-09-21,160,De Vliegende Hollander,6.0,20.0,99.0
2023-09-21,160,De Vliegende Hollander Single-rider,,,0.0
2023-09-21,160,Diorama,,,99.0
2023-09-21,160,Droomvlucht,5.0,5.0,100.0
2023-09-21,160,Droomvlucht VR,,,100.0
2023-09-21,160,Efteling Museum,,,88.0
2023-09-21,160,Fabula,10.0,10.0,99.0
2023-09-21,160,Fairytale Forest,,,99.0
2023-09-21,160,Fata Morgana,7.0,15.0,100.0
2023-09-21,160,Gondoletta,,,99.0
2023-09-21,160,Halve Maen,5.0,5.0,92.0
2023-09-21,160,Joris en de Draak,6.0,15.0,97.0
2023-09-21,160,Joris en de Draak Single-rider,5.0,5.0,55.0
2023-09-21,160,Kinderspoor,,,99.0
2023-09-21,160,Kindervreugd,,,99.0
2023-09-21,160,Kleuterhof,,,99.0
2023-09-21,160,Max & Moritz,5.0,5.0,100.0
2023-09-21,160,Max & Moritz Single-rider,5.0,5.0,18.0
2023-09-21,160,Monorail,5.0,10.0,99.0
2023-09-21,160,Nest!,,,99.0
2023-09-21,160,Pagode,5.0,5.0,99.0
2023-09-21,160,Piraña,5.0,5.0,100.0
2023-09-21,160,Python,5.0,10.0,96.0
2023-09-21,160,Python Single-rider,5.0,5.0,63.0
2023-09-21,160,Sirocco,5.0,5.0,100.0
2023-09-21,160,Stoomcarrousel,,,99.0
2023-09-21,160,Stoomtrein Marerijk,25.0,25.0,100.0
2023-09-21,160,Stoomtrein Ruigrijk,25.0,25.0,100.0
2023-09-21,160,Symbolica,15.0,25.0,97.0
2023-09-21,160,Symbolica Single-rider,,,0.0
2023-09-21,160,The Six Swans,,,99.0
2023-09-21,160,Villa Volta,5.0,5.0,100.0
2023-09-21,160,Vogel Rok,,,0.0
2023-09-21,160,Volkvanlaaf,,,99.0
2023-09-22,160,Anton Pieck Plein,,,99.0
2023-09-22,160,Archipel,,,100.0
2023-09-22,160,Badhuys indoor splash pool,,,38.0
2023-09-22,160,Baron 1898,18.0,35.0,100.0
2023-09-22,160,Baron 1898 Single-rider,14.0,30.0,100.0
2023-09-22,160,Carnaval Festival,12.0,20.0,100.0
2023-09-22,160,De Oude Tufferbaan,15.0,25.0,99.0
2023-09-22,160,De Vliegende Hollander,18.0,35.0,99.0
2023-09-22,160,De Vliegende Hollander Single-rider,10.0,20.0,59.0
2023-09-22,160,Diorama,,,99.0
2023-09-22,160,Droomvlucht,20.0,30.0,100.0
2023-09-22,160,Droomvlucht VR,,,100.0
2023-09-22,160,Efteling Museum,,,87.0
2023-09-22,160,Fabula,10.0,10.0,99.0
2023-09-22,160,Fairytale Forest,,,99.0
2023-09-22,160,Fata Morgana,7.0,25.0,100.0
2023-09-22,160,Gondoletta,8.0,15.0,100.0
2023-09-22,160,Halve Maen,6.0,15.0,100.0
2023-09-22,160,Joris en de Draak,15.0,30.0,98.0
2023-09-22,160,Joris en de Draak Single-rider,9.0,30.0,98.0
2023-09-22,160,Kinderspoor,9.0,10.0,100.0
2023-09-22,160,Kindervreugd,,,99.0
2023-09-22,160,Kleuterhof,,,99.0
2023-09-22,160,Max & Moritz,9.0,20.0,100.0
2023-09-22,160,Max & Moritz Single-rider,,,0.0
2023-09-22,160,Monorail,12.0,20.0,99.0
2023-09-22,160,Nest!,,,99.0
2023-09-22,160,Pagode,5.0,5.0,100.0
2023-09-22,160,Piraña,8.0,20.0,99.0
2023-09-22,160,Python,11.0,25.0,98.0
2023-09-22,160,Python Single-rider,11.0,25.0,99.0
2023-09-22,160,Sirocco,5.0,10.0,100.0
2023-09-22,160,Stoomcarrousel,,,99.0
2023-09-22,160,Stoomtrein Marerijk,25.0,25.0,100.0
2023-09-22,160,Stoomtrein Ruigrijk,25.0,25.0,92.0
2023-09-22,160,Symbolica,24.0,30.0,95.0
2023-09-22,160,Symbolica Single-rider,7.0,30.0,98.0
2023-09-22,160,The Six Swans,5.0,5.0,99.0
2023-09-22,160,Villa Volta,5.0,5.0,96.0
2023-09-22,160,Vogel Rok,,,0.0
2023-09-22,160,Volkvanlaaf,,,99.0
2023-09-23,160,Anton Pieck Plein,,,99.0
2023-09-23,160,Archipel,,,95.0
2023-09-23,160,Badhuys indoor splash pool,,,100.0
2023-09-23,160,Baron 1898,31.0,45.0,97.0
2023-09-23,160,Baron 1898 Single-rider,22.0,45.0,97.0
2023-09-23,160,Carnaval Festival,22.0,35.0,100.0
2023-09-23,160,De Oude Tufferbaan,23.0,40.0,94.0
2023-09-23,160,De Vliegende Hollander,29.0,45.0,99.0
2023-09-23,160,De Vliegende Hollander Single-rider,16.0,30.0,94.0
2023-09-23,160,Diorama,,,99.0
2023-09-23,160,Droomvlucht,37.0,50.0,100.0
2023-09-23,160,Droomvlucht VR,,,100.0
2023-09-23,160,Efteling Museum,,,89.0
2023-09-23,160,Fabula,10.0,10.0,100.0
2023-09-23,160,Fairytale Forest,,,99.0
2023-09-23,160,Fata Morgana,16.0,45.0,100.0
2023-09-23,160,Gondoletta,18.0,25.0,92.0
2023-09-23,160,Halve Maen,13.0,25.0,100.0
2023-09-23,160,Joris en de Draak,30.0,45.0,91.0
2023-09-23,160,Joris en de Draak Single-rider,17.0,35.0,91.0
2023-09-23,160,Kinderspoor,11.0,25.0,99.0
2023-09-23,160,Kindervreugd,,,99.0
2023-09-23,160,Kleuterhof,,,99.0
2023-09-23,160,Max & Moritz,15.0,45.0,100.0
2023-09-23,160,Max & Moritz Single-rider,8.0,20.0,99.0
2023-09-23,160,Monorail,19.0,45.0,99.0
2023-09-23,160,Nest!,,,99.0
2023-09-23,160,Pagode,6.0,15.0,95.0
2023-09-23,160,Piraña,8.0,20.0,99.0
2023-09-23,160,Python,19.0,35.0,100.0
2023-09-23,160,Python Single-rider,16.0,40.0,100.0
2023-09-23,160,Sirocco,9.0,20.0,100.0
2023-09-23,160,Stoomcarrousel,10.0,10.0,99.0
2023-09-23,160,Stoomtrein Marerijk,16.0,25.0,99.0
2023-09-23,160,Stoomtrein Ruigrijk,17.0,25.0,99.0
2023-09-23,160,Symbolica,35.0,60.0,99.0
2023-09-23,160,Symbolica Single-rider,10.0,30.0,96.0
2023-09-23,160,The Six Swans,7.0,15.0,99.0
2023-09-23,160,Villa Volta,11.0,30.0,100.0
2023-09-23,160,Vogel Rok,,,0.0
2023-09-23,160,Volkvanlaaf,,,99.0
2023-09-24,160,Anton Pieck Plein,,,99.0
2023-09-24,160,Archipel,,,96.0
2023-09-24,160,Badhuys indoor splash pool,,,100.0
2023-09-24,160,Baron 1898,32.0,50.0,100.0
2023-09-24,160,Baron 1898 Single-rider,25.0,45.0,100.0
2023-09-24,160,Carnaval Festival,20.0,35.0,100.0
2023-09-24,160,De Oude Tufferbaan,25.0,40.0,99.0
2023-09-24,160,De Vliegende Hollander,35.0,50.0,99.0
2023-09-24,160,De Vliegende Hollander Single-rider,22.0,40.0,74.0
2023-09-24,160,Diorama,,,99.0
2023-09-24,160,Droomvlucht,42.0,65.0,100.0
2023-09-24,160,Droomvlucht VR,,,100.0
2023-09-24,160,Efteling Museum,,,90.0
2023-09-24,160,Fabula,10.0,10.0,99.0
2023-09-24,160,Fairytale Forest,,,99.0
2023-09-24,160,Fata Morgana,18.0,45.0,100.0
2023-09-24,160,Gondoletta,25.0,40.0,90.0
2023-09-24,160,Halve Maen,15.0,30.0,100.0
2023-09-24,160,Joris en de Draak,35.0,55.0,97.0
2023-09-24,160,Joris en de Draak Single-rider,23.0,45.0,94.0
2023-09-24,160,Kinderspoor,24.0,35.0,99.0
2023-09-24,160,Kindervreugd,,,99.0
2023-09-24,160,Kleuterhof,,,99.0
2023-09-24,160,Max & Moritz,18.0,45.0,100.0
2023-09-24,160,Max & Moritz Single-rider,11.0,30.0,100.0
2023-09-24,160,Monorail,18.0,40.0,99.0
2023-09-24,160,Nest!,,,99.0
2023-09-24,160,Pagode,7.0,15.0,99.0
2023-09-24,160,Piraña,24.0,35.0,99.0
2023-09-24,160,Python,25.0,40.0,95.0
2023-09-24,160,Python Single-rider,21.0,45.0,94.0
2023-09-24,160,Sirocco,12.0,20.0,100.0
2023-09-24,160,Stoomcarrousel,10.0,10.0,99.0
2023-09-24,160,Stoomtrein Marerijk,22.0,40.0,97.0
2023-09-24,160,Stoomtrein Ruigrijk,22.0,40.0,97.0
2023-09-24,160,Symbolica,36.0,50.0,100.0
2023-09-24,160,Symbolica Single-rider,11.0,30.0,100.0
2023-09-24,160,The Six Swans,7.0,15.0,100.0
2023-09-24,160,Villa Volta,14.0,30.0,100.0
2023-09-24,160,Vogel Rok,,,0.0
2023-09-24,160,Volkvanlaaf,,,99.0
2023-09-25,160,Anton Pieck Plein,,,99.0
2023-09-25,160,Archipel,,,100.0
2023-09-25,160,Badhuys indoor splash pool,,,37.0
2023-09-25,160,Baron 1898,19.0,40.0,95.0
2023-09-25,160,Baron 1898 Single-rider,16.0,30.0,95.0
2023-09-25,160,Carnaval Festival,17.0,30.0,100.0
2023-09-25,160,De Oude Tufferbaan,23.0,35.0,99.0
2023-09-25,160,De Vliegende Hollander,23.0,35.0,95.0
2023-09-25,160,De Vliegende Hollander Single-rider,14.0,25.0,84.0
2023-09-25,160,Diorama,,,99.0
2023-09-25,160,Droomvlucht,32.0,45.0,100.0
2023-09-25,160,Droomvlucht VR,,,100.0
2023-09-25,160,Efteling Museum,,,87.0
2023-09-25,160,Fabula,10.0,10.0,99.0
2023-09-25,160,Fairytale Forest,,,99.0
2023-09-25,160,Fata Morgana,10.0,35.0,100.0
2023-09-25,160,Gondoletta,20.0,30.0,99.0
2023-09-25,160,Halve Maen,7.0,15.0,100.0
2023-09-25,160,Joris en de Draak,24.0,40.0,97.0
2023-09-25,160,Joris en de Draak Single-rider,14.0,25.0,96.0
2023-09-25,160,Kinderspoor,13.0,20.0,99.0
2023-09-25,160,Kindervreugd,,,99.0
2023-09-25,160,Kleuterhof,,,99.0
2023-09-25,160,Max & Moritz,10.0,30.0,100.0
2023-09-25,160,Max & Moritz Single-rider,,,0.0
2023-09-25,160,Monorail,20.0,25.0,99.0
2023-09-25,160,Nest!,,,99.0
2023-09-25,160,Pagode,5.0,5.0,99.0
2023-09-25,160,Piraña,11.0,20.0,100.0
2023-09-25,160,Python,16.0,25.0,100.0
2023-09-25,160,Python Single-rider,14.0,25.0,72.0
2023-09-25,160,Sirocco,7.0,15.0,100.0
2023-09-25,160,Stoomcarrousel,,,99.0
2023-09-25,160,Stoomtrein Marerijk,25.0,25.0,99.0
2023-09-25,160,Stoomtrein Ruigrijk,25.0,25.0,99.0
2023-09-25,160,Symbolica,31.0,45.0,99.0
2023-09-25,160,Symbolica Single-rider,9.0,20.0,99.0
2023-09-25,160,The Six Swans,5.0,10.0,100.0
2023-09-25,160,Villa Volta,7.0,15.0,100.0
2023-09-25,160,Vogel Rok,,,0.0
2023-09-25,160,Volkvanlaaf,,,99.0
2023-09-26,160,Anton Pieck Plein,,,99.0
2023-09-26,160,Archipel,,,100.0
2023-09-26,160,Badhuys indoor splash pool,,,0.0
2023-09-26,160,Baron 1898,10.0,30.0,100.0
2023-09-26,160,Baron 1898 Single-rider,9.0,15.0,100.0
2023-09-26,160,Carnaval Festival,,,100.0
2023-09-26,160,De Oude Tufferbaan,5.0,5.0,99.0
2023-09-26,160,De Vliegende Hollander,9.0,20.0,100.0
2023-09-26,160,De Vliegende Hollander Single-rider,5.0,5.0,90.0
2023-09-26,160,Diorama,,,99.0
2023-09-26,160,Droomvlucht,10.0,15.0,100.0
2023-09-26,160,Droomvlucht VR,,,100.0
2023-09-26,160,Efteling Museum,,,0.0
2023-09-26,160,Fabula,10.0,10.0,99.0
2023-09-26,160,Fairytale Forest,,,99.0
2023-09-26,160,Fata Morgana,11.0,15.0,100.0
2023-09-26,160,Gondoletta,,,99.0
2023-09-26,160,Halve Maen,,,99.0
2023-09-26,160,Joris en de Draak,5.0,10.0,99.0
2023-09-26,160,Joris en de Draak Single-rider,5.0,5.0,97.0
2023-09-26,160,Kinderspoor,,,99.0
2023-09-26,160,Kindervreugd,,,99.0
2023-09-26,160,Kleuterhof,,,99.0
2023-09-26,160,Max & Moritz,5.0,5.0,100.0
2023-09-26,160,Max & Moritz Single-rider,,,0.0
2023-09-26,160,Monorail,,,99.0
2023-09-26,160,Nest!,,,99.0
2023-09-26,160,Pagode,5.0,5.0,6.0
2023-09-26,160,Piraña,,,100.0
2023-09-26,160,Python,5.0,5.0,99.0
2023-09-26,160,Python Single-rider,,,94.0
2023-09-26,160,Sirocco,,,100.0
2023-09-26,160,Stoomcarrousel,,,99.0
2023-09-26,160,Stoomtrein Marerijk,,,99.0
2023-09-26,160,Stoomtrein Ruigrijk,,,99.0
2023-09-26,160,Symbolica,25.0,30.0,99.0
2023-09-26,160,Symbolica Single-rider,5.0,5.0,99.0
2023-09-26,160,The Six Swans,,,100.0
2023-09-26,160,Villa Volta,5.0,5.0,100.0
2023-09-26,160,Vogel Rok,,,0.0
2023-09-26,160,Volkvanlaaf,,,99.0
2023-09-27,160,Anton Pieck Plein,,,99.0
2023-09-27,160,Archipel,,,100.0
2023-09-27,160,Badhuys indoor splash pool,,,37.0
2023-09-27,160,Baron 1898,9.0,30.0,98.0
2023-09-27,160,Baron 1898 Single-rider,9.0,20.0,98.0
2023-09-27,160,Carnaval Festival,10.0,15.0,100.0
2023-09-27,160,De Oude Tufferbaan,20.0,40.0,99.0
2023-09-27,160,De Vliegende Hollander,16.0,30.0,100.0
2023-09-27,160,De Vliegende Hollander Single-rider,9.0,20.0,69.0
2023-09-27,160,Diorama,,,99.0
2023-09-27,160,Droomvlucht,24.0,40.0,100.0
2023-09-27,160,Droomvlucht VR,,,100.0
2023-09-27,160,Efteling Museum,,,88.0
2023-09-27,160,Fabula,10.0,10.0,99.0
2023-09-27,160,Fairytale Forest,,,99.0
2023-09-27,160,Fata Morgana,8.0,20.0,100.0
2023-09-27,160,Gondoletta,15.0,25.0,99.0
2023-09-27,160,Halve Maen,6.0,10.0,100.0
2023-09-27,160,Joris en de Draak,11.0,25.0,100.0
2023-09-27,160,Joris en de Draak Single-rider,5.0,20.0,100.0
2023-09-27,160,Kinderspoor,10.0,20.0,99.0
2023-09-27,160,Kindervreugd,,,99.0
2023-09-27,160,Kleuterhof,,,99.0
2023-09-27,160,Max & Moritz,7.0,25.0,100.0
2023-09-27,160,Max & Moritz Single-rider,5.0,5.0,64.0
2023-09-27,160,Monorail,15.0,25.0,99.0
2023-09-27,160,Nest!,,,99.0
2023-09-27,160,Pagode,5.0,10.0,85.0
2023-09-27,160,Piraña,8.0,20.0,99.0
2023-09-27,160,Python,8.0,15.0,99.0
2023-09-27,160,Python Single-rider,5.0,10.0,95.0
2023-09-27,160,Sirocco,7.0,10.0,100.0
2023-09-27,160,Stoomcarrousel,,,99.0
2023-09-27,160,Stoomtrein Marerijk,16.0,25.0,95.0
2023-09-27,160,Stoomtrein Ruigrijk,15.0,25.0,95.0
2023-09-27,160,Symbolica,24.0,35.0,99.0
2023-09-27,160,Symbolica Single-rider,5.0,5.0,99.0
2023-09-27,160,The Six Swans,7.0,10.0,100.0
2023-09-27,160,Villa Volta,6.0,10.0,98.0
2023-09-27,160,Vogel Rok,,,0.0
2023-09-27,160,Volkvanlaaf,,,99.0
2023-09-28,160,Anton Pieck Plein,,,99.0
2023-09-28,160,Archipel,,,100.0
2023-09-28,160,Badhuys indoor splash pool,,,37.0
2023-09-28,160,Baron 1898,18.0,40.0,100.0
2023-09-28,160,Baron 1898 Single-rider,15.0,30.0,100.0
2023-09-28,160,Carnaval Festival,8.0,20.0,100.0
2023-09-28,160,De Oude Tufferbaan,15.0,30.0,99.0
2023-09-28,160,De Vliegende Hollander,22.0,30.0,100.0
2023-09-28,160,De Vliegende Hollander Single-rider,17.0,30.0,35.0
2023-09-28,160,Diorama,,,99.0
2023-09-28,160,Droomvlucht,22.0,40.0,100.0
2023-09-28,160,Droomvlucht VR,,,100.0
2023-09-28,160,Efteling Museum,,,88.0
2023-09-28,160,Fabula,10.0,10.0,99.0
2023-09-28,160,Fairytale Forest,,,99.0
2023-09-28,160,Fata Morgana,7.0,25.0,100.0
2023-09-28,160,Gondoletta,11.0,20.0,99.0
2023-09-28,160,Halve Maen,9.0,10.0,100.0
2023-09-28,160,Joris en de Draak,29.0,70.0,35.0
2023-09-28,160,Joris en de Draak Single-rider,16.0,30.0,35.0
2023-09-28,160,Kinderspoor,7.0,10.0,99.0
2023-09-28,160,Kindervreugd,,,99.0
2023-09-28,160,Kleuterhof,,,99.0
2023-09-28,160,Max & Moritz,8.0,25.0,100.0
2023-09-28,160,Max & Moritz Single-rider,,,0.0
2023-09-28,160,Monorail,11.0,25.0,97.0
2023-09-28,160,Nest!,,,99.0
2023-09-28,160,Pagode,5.0,5.0,69.0
2023-09-28,160,Piraña,7.0,15.0,99.0
2023-09-28,160,Python,14.0,25.0,99.0
2023-09-28,160,Python Single-rider,13.0,30.0,99.0
2023-09-28,160,Sirocco,5.0,10.0,100.0
2023-09-28,160,Stoomcarrousel,,,99.0
2023-09-28,160,Stoomtrein Marerijk,25.0,25.0,100.0
2023-09-28,160,Stoomtrein Ruigrijk,25.0,25.0,100.0
2023-09-28,160,Symbolica,22.0,35.0,99.0
2023-09-28,160,Symbolica Single-rider,6.0,10.0,99.0
2023-09-28,160,The Six Swans,5.0,5.0,100.0
2023-09-28,160,Villa Volta,6.0,10.0,100.0
2023-09-28,160,Vogel Rok,,,0.0
2023-09-28,160,Volkvanlaaf,,,99.0
2023-09-29,160,Anton Pieck Plein,,,99.0
2023-09-29,160,Archipel,,,100.0
2023-09-29,160,Badhuys indoor splash pool,,,37.0
2023-09-29,160,Baron 1898,30.0,55.0,100.0
2023-09-29,160,Baron 1898 Single-rider,25.0,40.0,100.0
2023-09-29,160,Carnaval Festival,19.0,30.0,100.0
2023-09-29,160,De Oude Tufferbaan,23.0,40.0,99.0
2023-09-29,160,De Vliegende Hollander,34.0,45.0,78.0
2023-09-29,160,De Vliegende Hollander Single-rider,13.0,25.0,4.0
2023-09-29,160,Diorama,,,99.0
2023-09-29,160,Droomvlucht,33.0,65.0,100.0
2023-09-29,160,Droomvlucht VR,,,100.0
2023-09-29,160,Efteling Museum,,,87.0
2023-09-29,160,Fabula,10.0,10.0,99.0
2023-09-29,160,Fairytale Forest,,,99.0
2023-09-29,160,Fata Morgana,14.0,35.0,100.0
2023-09-29,160,Gondoletta,16.0,25.0,99.0
2023-09-29,160,Halve Maen,17.0,25.0,100.0
2023-09-29,160,Joris en de Draak,29.0,45.0,90.0
2023-09-29,160,Joris en de Draak Single-rider,18.0,35.0,89.0
2023-09-29,160,Kinderspoor,18.0,25.0,99.0
2023-09-29,160,Kindervreugd,,,99.0
2023-09-29,160,Kleuterhof,,,99.0
2023-09-29,160,Max & Moritz,19.0,40.0,100.0
2023-09-29,160,Max & Moritz Single-rider,11.0,25.0,98.0
2023-09-29,160,Monorail,18.0,30.0,99.0
2023-09-29,160,Nest!,,,99.0
2023-09-29,160,Pagode,5.0,10.0,99.0
2023-09-29,160,Piraña,12.0,30.0,100.0
2023-09-29,160,Python,21.0,40.0,96.0
2023-09-29,160,Python Single-rider,19.0,35.0,93.0
2023-09-29,160,Sirocco,9.0,20.0,100.0
2023-09-29,160,Stoomcarrousel,,,99.0
2023-09-29,160,Stoomtrein Marerijk,13.0,30.0,97.0
2023-09-29,160,Stoomtrein Ruigrijk,13.0,25.0,93.0
2023-09-29,160,Symbolica,32.0,45.0,99.0
2023-09-29,160,Symbolica Single-rider,11.0,30.0,99.0
2023-09-29,160,The Six Swans,5.0,10.0,99.0
2023-09-29,160,Villa Volta,9.0,15.0,100.0
2023-09-29,160,Vogel Rok,,,0.0
2023-09-29,160,Volkvanlaaf,,,99.0
2023-09-30,160,Anton Pieck Plein,,,99.0
2023-09-30,160,Archipel,,,94.0
2023-09-30,160,Badhuys indoor splash pool,,,100.0
2023-09-30,160,Baron 1898,37.0,70.0,93.0
2023-09-30,160,Baron 1898 Single-rider,29.0,50.0,93.0
2023-09-30,160,Carnaval Festival,21.0,35.0,100.0
2023-09-30,160,De Oude Tufferbaan,24.0,45.0,95.0
2023-09-30,160,De Vliegende Hollander,35.0,50.0,100.0
2023-09-30,160,De Vliegende Hollander Single-rider,22.0,40.0,96.0
2023-09-30,160,Diorama,,,99.0
2023-09-30,160,Droomvlucht,42.0,60.0,99.0
2023-09-30,160,Droomvlucht VR,,,93.0
2023-09-30,160,Efteling Museum,,,89.0
2023-09-30,160,Fabula,10.0,10.0,99.0
2023-09-30,160,Fairytale Forest,,,99.0
2023-09-30,160,Fata Morgana,20.0,40.0,100.0
2023-09-30,160,Gondoletta,24.0,40.0,88.0
2023-09-30,160,Halve Maen,20.0,30.0,100.0
2023-09-30,160,Joris en de Draak,33.0,50.0,99.0
2023-09-30,160,Joris en de Draak Single-rider,22.0,40.0,98.0
2023-09-30,160,Kinderspoor,13.0,30.0,99.0
2023-09-30,160,Kindervreugd,,,99.0
2023-09-30,160,Kleuterhof,,,99.0
2023-09-30,160,Max & Moritz,18.0,40.0,100.0
2023-09-30,160,Max & Moritz Single-rider,11.0,20.0,93.0
2023-09-30,160,Monorail,21.0,40.0,99.0
2023-09-30,160,Nest!,,,95.0
2023-09-30,160,Pagode,8.0,20.0,100.0
2023-09-30,160,Piraña,20.0,45.0,99.0
2023-09-30,160,Python,24.0,40.0,100.0
2023-09-30,160,Python Single-rider,24.0,60.0,92.0
2023-09-30,160,Sirocco,11.0,25.0,100.0
2023-09-30,160,Stoomcarrousel,7.0,15.0,99.0
2023-09-30,160,Stoomtrein Marerijk,21.0,25.0,98.0
2023-09-30,160,Stoomtrein Ruigrijk,22.0,25.0,98.0
2023-09-30,160,Symbolica,39.0,50.0,99.0
2023-09-30,160,Symbolica Single-rider,11.0,30.0,99.0
2023-09-30,160,The Six Swans,7.0,20.0,100.0
2023-09-30,160,Villa Volta,15.0,30.0,100.0
2023-09-30,160,Vogel Rok,,,0.0
2023-09-30,160,Volkvanlaaf,,,99.0
2023-10-01,160,Anton Pieck Plein,,,99.0
2023-10-01,160,Archipel,,,93.0
2023-10-01,160,Badhuys indoor splash pool,,,100.0
2023-10-01,160,Baron 1898,40.0,60.0,100.0
2023-10-01,160,Baron 1898 Single-rider,30.0,50.0,100.0
2023-10-01,160,Carnaval Festival,21.0,35.0,100.0
2023-10-01,160,De Oude Tufferbaan,27.0,45.0,99.0
2023-10-01,160,De Vliegende Hollander,39.0,55.0,99.0
2023-10-01,160,De Vliegende Hollander Single-rider,25.0,40.0,79.0
2023-10-01,160,Diorama,,,99.0
2023-10-01,160,Droomvlucht,44.0,70.0,100.0
2023-10-01,160,Droomvlucht VR,,,50.0
2023-10-01,160,Efteling Museum,,,89.0
2023-10-01,160,Fabula,10.0,10.0,100.0
2023-10-01,160,Fairytale Forest,,,99.0
2023-10-01,160,Fata Morgana,23.0,55.0,100.0
2023-10-01,160,Gondoletta,28.0,40.0,86.0
2023-10-01,160,Halve Maen,18.0,30.0,97.0
2023-10-01,160,Joris en de Draak,36.0,50.0,95.0
2023-10-01,160,Joris en de Draak Single-rider,26.0,35.0,85.0
2023-10-01,160,Kinderspoor,15.0,25.0,99.0
2023-10-01,160,Kindervreugd,,,99.0
2023-10-01,160,Kleuterhof,,,99.0
2023-10-01,160,Max & Moritz,22.0,40.0,98.0
2023-10-01,160,Max & Moritz Single-rider,12.0,30.0,98.0
2023-10-01,160,Monorail,24.0,40.0,99.0
2023-10-01,160,Nest!,,,99.0
2023-10-01,160,Pagode,9.0,20.0,100.0
2023-10-01,160,Piraña,34.0,60.0,99.0
2023-10-01,160,Python,27.0,40.0,99.0
2023-10-01,160,Python Single-rider,26.0,40.0,99.0
2023-10-01,160,Sirocco,13.0,20.0,100.0
2023-10-01,160,Stoomcarrousel,10.0,10.0,99.0
2023-10-01,160,Stoomtrein Marerijk,18.0,25.0,99.0
2023-10-01,160,Stoomtrein Ruigrijk,18.0,25.0,94.0
2023-10-01,160,Symbolica,41.0,55.0,97.0
2023-10-01,160,Symbolica Single-rider,14.0,25.0,99.0
2023-10-01,160,The Six Swans,8.0,20.0,100.0
2023-10-01,160,Villa Volta,13.0,25.0,100.0
2023-10-01,160,Vogel Rok,,,0.0
2023-10-01,160,Volkvanlaaf,,,99.0
2023-10-02,160,Anton Pieck Plein,,,99.0
2023-10-02,160,Archipel,,,100.0
2023-10-02,160,Badhuys indoor splash pool,,,37.0
2023-10-02,160,Baron 1898,44.0,70.0,100.0
2023-10-02,160,Baron 1898 Single-rider,37.0,60.0,100.0
2023-10-02,160,Carnaval Festival,23.0,40.0,100.0
2023-10-02,160,De Oude Tufferbaan,29.0,50.0,99.0
2023-10-02,160,De Vliegende Hollander,42.0,55.0,100.0
2023-10-02,160,De Vliegende Hollander Single-rider,32.0,45.0,95.0
2023-10-02,160,Diorama,,,99.0
2023-10-02,160,Droomvlucht,45.0,55.0,100.0
2023-10-02,160,Droomvlucht VR,,,100.0
2023-10-02,160,Efteling Museum,,,87.0
2023-10-02,160,Fabula,,,0.0
2023-10-02,160,Fairytale Forest,,,99.0
2023-10-02,160,Fata Morgana,19.0,50.0,100.0
2023-10-02,160,Gondoletta,28.0,40.0,99.0
2023-10-02,160,Halve Maen,21.0,35.0,100.0
2023-10-02,160,Joris en de Draak,44.0,65.0,99.0
2023-10-02,160,Joris en de Draak Single-rider,33.0,55.0,98.0
2023-10-02,160,Kinderspoor,22.0,30.0,95.0
2023-10-02,160,Kindervreugd,,,99.0
2023-10-02,160,Kleuterhof,,,99.0
2023-10-02,160,Max & Moritz,35.0,55.0,95.0
2023-10-02,160,Max & Moritz Single-rider,22.0,35.0,93.0
2023-10-02,160,Monorail,33.0,40.0,99.0
2023-10-02,160,Nest!,,,99.0
2023-10-02,160,Pagode,15.0,30.0,99.0
2023-10-02,160,Piraña,36.0,50.0,100.0
2023-10-02,160,Python,35.0,50.0,99.0
2023-10-02,160,Python Single-rider,35.0,65.0,97.0
2023-10-02,160,Sirocco,14.0,25.0,100.0
2023-10-02,160,Stoomcarrousel,10.0,10.0,99.0
2023-10-02,160,Stoomtrein Marerijk,33.0,40.0,88.0
2023-10-02,160,Stoomtrein Ruigrijk,37.0,40.0,84.0
2023-10-02,160,Symbolica,45.0,55.0,99.0
2023-10-02,160,Symbolica Single-rider,18.0,40.0,99.0
2023-10-02,160,The Six Swans,8.0,15.0,99.0
2023-10-02,160,Villa Volta,20.0,35.0,100.0
2023-10-02,160,Vogel Rok,,,0.0
2023-10-02,160,Volkvanlaaf,,,99.0
2023-10-03,160,Anton Pieck Plein,,,99.0
2023-10-03,160,Archipel,,,100.0
2023-10-03,160,Badhuys indoor splash pool,,,37.0
2023-10-03,160,Baron 1898,19.0,40.0,100.0
2023-10-03,160,Baron 1898 Single-rider,15.0,30.0,100.0
2023-10-03,160,Carnaval Festival,7.0,15.0,100.0
2023-10-03,160,De Oude Tufferbaan,12.0,20.0,96.0
2023-10-03,160,De Vliegende Hollander,22.0,35.0,94.0
2023-10-03,160,De Vliegende Hollander Single-rider,13.0,25.0,84.0
2023-10-03,160,Diorama,,,99.0
2023-10-03,160,Droomvlucht,28.0,40.0,91.0
2023-10-03,160,Droomvlucht VR,,,93.0
2023-10-03,160,Efteling Museum,,,87.0
2023-10-03,160,Fabula,,,0.0
2023-10-03,160,Fairytale Forest,,,99.0
2023-10-03,160,Fata Morgana,8.0,35.0,100.0
2023-10-03,160,Gondoletta,5.0,15.0,100.0
2023-10-03,160,Halve Maen,7.0,10.0,100.0
2023-10-03,160,Joris en de Draak,19.0,30.0,98.0
2023-10-03,160,Joris en de Draak Single-rider,10.0,25.0,98.0
2023-10-03,160,Kinderspoor,6.0,10.0,99.0
2023-10-03,160,Kindervreugd,,,99.0
2023-10-03,160,Kleuterhof,,,99.0
2023-10-03,160,Max & Moritz,8.0,30.0,100.0
2023-10-03,160,Max & Moritz Single-rider,,,0.0
2023-10-03,160,Monorail,17.0,35.0,99.0
2023-10-03,160,Nest!,,,99.0
2023-10-03,160,Pagode,5.0,5.0,100.0
2023-10-03,160,Piraña,7.0,15.0,99.0
2023-10-03,160,Python,16.0,30.0,85.0
2023-10-03,160,Python Single-rider,13.0,35.0,84.0
2023-10-03,160,Sirocco,6.0,10.0,100.0
2023-10-03,160,Stoomcarrousel,,,99.0
2023-10-03,160,Stoomtrein Marerijk,25.0,25.0,96.0
2023-10-03,160,Stoomtrein Ruigrijk,25.0,25.0,96.0
2023-10-03,160,Symbolica,24.0,30.0,99.0
2023-10-03,160,Symbolica Single-rider,6.0,10.0,99.0
2023-10-03,160,The Six Swans,,,100.0
2023-10-03,160,Villa Volta,13.0,25.0,97.0
2023-10-03,160,Vogel Rok,,,0.0
2023-10-03,160,Volkvanlaaf,,,99.0
2023-10-04,160,Anton Pieck Plein,,,99.0
2023-10-04,160,Archipel,,,100.0
2023-10-04,160,Badhuys indoor splash pool,,,37.0
2023-10-04,160,Baron 1898,18.0,40.0,100.0
2023-10-04,160,Baron 1898 Single-rider,16.0,40.0,100.0
2023-10-04,160,Carnaval Festival,14.0,20.0,100.0
2023-10-04,160,De Oude Tufferbaan,25.0,35.0,100.0
2023-10-04,160,De Vliegende Hollander,24.0,30.0,100.0
2023-10-04,160,De Vliegende Hollander Single-rider,15.0,30.0,89.0
2023-10-04,160,Diorama,,,99.0
2023-10-04,160,Droomvlucht,22.0,40.0,100.0
2023-10-04,160,Droomvlucht VR,,,100.0
2023-10-04,160,Efteling Museum,,,87.0
2023-10-04,160,Fabula,,,0.0
2023-10-04,160,Fairytale Forest,,,99.0
2023-10-04,160,Fata Morgana,8.0,30.0,100.0
2023-10-04,160,Gondoletta,17.0,25.0,100.0
2023-10-04,160,Halve Maen,10.0,20.0,100.0
2023-10-04,160,Joris en de Draak,22.0,35.0,99.0
2023-10-04,160,Joris en de Draak Single-rider,10.0,25.0,99.0
2023-10-04,160,Kinderspoor,9.0,15.0,99.0
2023-10-04,160,Kindervreugd,,,99.0
2023-10-04,160,Kleuterhof,,,99.0
2023-10-04,160,Max & Moritz,13.0,25.0,100.0
2023-10-04,160,Max & Moritz Single-rider,7.0,15.0,92.0
2023-10-04,160,Monorail,18.0,35.0,86.0
2023-10-04,160,Nest!,,,99.0
2023-10-04,160,Pagode,5.0,10.0,100.0
2023-10-04,160,Piraña,9.0,20.0,97.0
2023-10-04,160,Python,15.0,25.0,100.0
2023-10-04,160,Python Single-rider,13.0,20.0,100.0
2023-10-04,160,Sirocco,9.0,20.0,100.0
2023-10-04,160,Stoomcarrousel,10.0,10.0,99.0
2023-10-04,160,Stoomtrein Marerijk,15.0,30.0,97.0
2023-10-04,160,Stoomtrein Ruigrijk,15.0,30.0,97.0
2023-10-04,160,Symbolica,27.0,30.0,99.0
2023-10-04,160,Symbolica Single-rider,7.0,15.0,99.0
2023-10-04,160,The Six Swans,5.0,10.0,100.0
2023-10-04,160,Villa Volta,11.0,20.0,100.0
2023-10-04,160,Vogel Rok,,,0.0
2023-10-04,160,Volkvanlaaf,,,99.0
2023-10-05,160,Anton Pieck Plein,,,99.0
2023-10-05,160,Archipel,,,100.0
2023-10-05,160,Badhuys indoor splash pool,,,45.0
2023-10-05,160,Baron 1898,36.0,50.0,100.0
2023-10-05,160,Baron 1898 Single-rider,29.0,50.0,100.0
2023-10-05,160,Carnaval Festival,20.0,50.0,100.0
2023-10-05,160,De Oude Tufferbaan,27.0,45.0,99.0
2023-10-05,160,De Vliegende Hollander,32.0,45.0,100.0
2023-10-05,160,De Vliegende Hollander Single-rider,21.0,30.0,92.0
2023-10-05,160,Diorama,,,99.0
2023-10-05,160,Droomvlucht,35.0,60.0,100.0
2023-10-05,160,Droomvlucht VR,,,41.0
2023-10-05,160,Efteling Museum,,,89.0
2023-10-05,160,Fabula,,,0.0
2023-10-05,160,Fairytale Forest,,,99.0
2023-10-05,160,Fata Morgana,18.0,35.0,100.0
2023-10-05,160,Gondoletta,22.0,30.0,99.0
2023-10-05,160,Halve Maen,20.0,35.0,99.0
2023-10-05,160,Joris en de Draak,36.0,45.0,86.0
2023-10-05,160,Joris en de Draak Single-rider,25.0,35.0,86.0
2023-10-05,160,Kinderspoor,20.0,30.0,99.0
2023-10-05,160,Kindervreugd,,,99.0
2023-10-05,160,Kleuterhof,,,99.0
2023-10-05,160,Max & Moritz,26.0,45.0,85.0
2023-10-05,160,Max & Moritz Single-rider,18.0,30.0,85.0
2023-10-05,160,Monorail,28.0,40.0,99.0
2023-10-05,160,Nest!,,,99.0
2023-10-05,160,Pagode,6.0,20.0,99.0
2023-10-05,160,Piraña,15.0,25.0,99.0
2023-10-05,160,Python,23.0,35.0,99.0
2023-10-05,160,Python Single-rider,24.0,35.0,99.0
2023-10-05,160,Sirocco,13.0,25.0,100.0
2023-10-05,160,Stoomcarrousel,10.0,10.0,99.0
2023-10-05,160,Stoomtrein Marerijk,15.0,25.0,94.0
2023-10-05,160,Stoomtrein Ruigrijk,16.0,20.0,94.0
2023-10-05,160,Symbolica,40.0,45.0,24.0
2023-10-05,160,Symbolica Single-rider,8.0,15.0,24.0
2023-10-05,160,The Six Swans,9.0,15.0,100.0
2023-10-05,160,Villa Volta,16.0,25.0,96.0
2023-10-05,160,Vogel Rok,,,0.0
2023-10-05,160,Volkvanlaaf,,,99.0
2023-10-06,160,Anton Pieck Plein,,,99.0
2023-10-06,160,Archipel,,,100.0
2023-10-06,160,Badhuys indoor splash pool,,,37.0
2023-10-06,160,Baron 1898,35.0,55.0,100.0
2023-10-06,160,Baron 1898 Single-rider,28.0,45.0,100.0
2023-10-06,160,Carnaval Festival,20.0,35.0,100.0
2023-10-06,160,De Oude Tufferbaan,24.0,40.0,99.0
2023-10-06,160,De Vliegende Hollander,31.0,40.0,94.0
2023-10-06,160,De Vliegende Hollander Single-rider,21.0,35.0,84.0
2023-10-06,160,Diorama,,,99.0
2023-10-06,160,Droomvlucht,32.0,45.0,56.0
2023-10-06,160,Droomvlucht VR,,,56.0
2023-10-06,160,Efteling Museum,,,87.0
2023-10-06,160,Fabula,,,0.0
2023-10-06,160,Fairytale Forest,,,99.0
2023-10-06,160,Fata Morgana,16.0,40.0,100.0
2023-10-06,160,Gondoletta,20.0,30.0,99.0
2023-10-06,160,Halve Maen,19.0,25.0,100.0
2023-10-06,160,Joris en de Draak,32.0,45.0,98.0
2023-10-06,160,Joris en de Draak Single-rider,19.0,35.0,98.0
2023-10-06,160,Kinderspoor,18.0,30.0,99.0
2023-10-06,160,Kindervreugd,,,99.0
2023-10-06,160,Kleuterhof,,,99.0
2023-10-06,160,Max & Moritz,20.0,30.0,100.0
2023-10-06,160,Max & Moritz Single-rider,10.0,15.0,100.0
2023-10-06,160,Monorail,22.0,35.0,99.0
2023-10-06,160,Nest!,,,99.0
2023-10-06,160,Pagode,7.0,15.0,99.0
2023-10-06,160,Piraña,15.0,25.0,99.0
2023-10-06,160,Python,22.0,35.0,99.0
2023-10-06,160,Python Single-rider,21.0,40.0,91.0
2023-10-06,160,Sirocco,12.0,20.0,100.0
2023-10-06,160,Stoomcarrousel,10.0,10.0,99.0
2023-10-06,160,Stoomtrein Marerijk,34.0,50.0,99.0
2023-10-06,160,Stoomtrein Ruigrijk,34.0,50.0,99.0
2023-10-06,160,Symbolica,,,0.0
2023-10-06,160,Symbolica Single-rider,,,0.0
2023-10-06,160,The Six Swans,7.0,10.0,99.0
2023-10-06,160,Villa Volta,10.0,20.0,100.0
2023-10-06,160,Vogel Rok,,,0.0
2023-10-06,160,Volkvanlaaf,,,99.0
2023-10-07,160,Anton Pieck Plein,,,99.0
2023-10-07,160,Archipel,,,90.0
2023-10-07,160,Badhuys indoor splash pool,,,100.0
2023-10-07,160,Baron 1898,41.0,60.0,100.0
2023-10-07,160,Baron 1898 Single-rider,31.0,45.0,100.0
2023-10-07,160,Carnaval Festival,25.0,35.0,100.0
2023-10-07,160,De Oude Tufferbaan,28.0,45.0,99.0
2023-10-07,160,De Vliegende Hollander,40.0,80.0,99.0
2023-10-07,160,De Vliegende Hollander Single-rider,28.0,70.0,94.0
2023-10-07,160,Diorama,,,100.0
2023-10-07,160,Droomvlucht,,,0.0
2023-10-07,160,Droomvlucht VR,,,0.0
2023-10-07,160,Efteling Museum,,,89.0
2023-10-07,160,Fabula,10.0,10.0,99.0
2023-10-07,160,Fairytale Forest,,,99.0
2023-10-07,160,Fata Morgana,25.0,65.0,100.0
2023-10-07,160,Gondoletta,30.0,40.0,82.0
2023-10-07,160,Halve Maen,20.0,40.0,100.0
2023-10-07,160,Joris en de Draak,35.0,50.0,97.0
2023-10-07,160,Joris en de Draak Single-rider,24.0,45.0,97.0
2023-10-07,160,Kinderspoor,13.0,20.0,99.0
2023-10-07,160,Kindervreugd,,,99.0
2023-10-07,160,Kleuterhof,,,99.0
2023-10-07,160,Max & Moritz,26.0,50.0,100.0
2023-10-07,160,Max & Moritz Single-rider,16.0,30.0,89.0
2023-10-07,160,Monorail,29.0,45.0,99.0
2023-10-07,160,Nest!,,,99.0
2023-10-07,160,Pagode,13.0,30.0,97.0
2023-10-07,160,Piraña,30.0,45.0,99.0
2023-10-07,160,Python,26.0,45.0,100.0
2023-10-07,160,Python Single-rider,25.0,50.0,99.0
2023-10-07,160,Sirocco,15.0,25.0,100.0
2023-10-07,160,Stoomcarrousel,10.0,10.0,100.0
2023-10-07,160,Stoomtrein Marerijk,17.0,35.0,92.0
2023-10-07,160,Stoomtrein Ruigrijk,19.0,35.0,89.0
2023-10-07,160,Symbolica,56.0,65.0,97.0
2023-10-07,160,Symbolica Single-rider,25.0,50.0,97.0
2023-10-07,160,The Six Swans,8.0,20.0,99.0
2023-10-07,160,Villa Volta,19.0,30.0,100.0
2023-10-07,160,Vogel Rok,30.0,50.0,21.0
2023-10-07,160,Volkvanlaaf,,,99.0
2023-10-08,160,Anton Pieck Plein,,,99.0
2023-10-08,160,Archipel,,,90.0
2023-10-08,160,Badhuys indoor splash pool,,,100.0
2023-10-08,160,Baron 1898,40.0,55.0,85.0
2023-10-08,160,Baron 1898 Single-rider,31.0,50.0,87.0
2023-10-08,160,Carnaval Festival,20.0,35.0,100.0
2023-10-08,160,De Oude Tufferbaan,27.0,50.0,99.0
2023-10-08,160,De Vliegende Hollander,37.0,50.0,93.0
2023-10-08,160,De Vliegende Hollander Single-rider,26.0,35.0,92.0
2023-10-08,160,Diorama,,,99.0
2023-10-08,160,Droomvlucht,,,0.0
2023-10-08,160,Droomvlucht VR,,,0.0
2023-10-08,160,Efteling Museum,,,89.0
2023-10-08,160,Fabula,10.0,10.0,100.0
2023-10-08,160,Fairytale Forest,,,99.0
2023-10-08,160,Fata Morgana,23.0,50.0,100.0
2023-10-08,160,Gondoletta,27.0,45.0,84.0
2023-10-08,160,Halve Maen,20.0,35.0,100.0
2023-10-08,160,Joris en de Draak,35.0,55.0,100.0
2023-10-08,160,Joris en de Draak Single-rider,23.0,40.0,100.0
2023-10-08,160,Kinderspoor,18.0,40.0,99.0
2023-10-08,160,Kindervreugd,,,99.0
2023-10-08,160,Kleuterhof,,,99.0
2023-10-08,160,Max & Moritz,23.0,40.0,100.0
2023-10-08,160,Max & Moritz Single-rider,13.0,25.0,100.0
2023-10-08,160,Monorail,23.0,40.0,99.0
2023-10-08,160,Nest!,,,99.0
2023-10-08,160,Pagode,11.0,25.0,99.0
2023-10-08,160,Piraña,20.0,30.0,99.0
2023-10-08,160,Python,26.0,50.0,99.0
2023-10-08,160,Python Single-rider,22.0,45.0,95.0
2023-10-08,160,Sirocco,12.0,25.0,100.0
2023-10-08,160,Stoomcarrousel,10.0,10.0,99.0
2023-10-08,160,Stoomtrein Marerijk,14.0,25.0,100.0
2023-10-08,160,Stoomtrein Ruigrijk,14.0,25.0,100.0
2023-10-08,160,Symbolica,57.0,100.0,88.0
2023-10-08,160,Symbolica Single-rider,28.0,45.0,88.0
2023-10-08,160,The Six Swans,8.0,15.0,100.0
2023-10-08,160,Villa Volta,12.0,25.0,100.0
2023-10-08,160,Vogel Rok,,,0.0
2023-10-08,160,Volkvanlaaf,,,99.0
2023-10-09,160,Anton Pieck Plein,,,100.0
2023-10-09,160,Archipel,,,100.0
2023-10-09,160,Badhuys indoor splash pool,,,37.0
2023-10-09,160,Baron 1898,16.0,30.0,100.0
2023-10-09,160,Baron 1898 Single-rider,16.0,30.0,97.0
2023-10-09,160,Carnaval Festival,11.0,25.0,100.0
2023-10-09,160,De Oude Tufferbaan,21.0,35.0,99.0
2023-10-09,160,De Vliegende Hollander,22.0,35.0,100.0
2023-10-09,160,De Vliegende Hollander Single-rider,10.0,30.0,88.0
2023-10-09,160,Diorama,,,99.0
2023-10-09,160,Droomvlucht,,,0.0
2023-10-09,160,Droomvlucht VR,,,0.0
2023-10-09,160,Efteling Museum,,,87.0
2023-10-09,160,Fabula,10.0,10.0,99.0
2023-10-09,160,Fairytale Forest,,,99.0
2023-10-09,160,Fata Morgana,10.0,30.0,88.0
2023-10-09,160,Gondoletta,18.0,30.0,100.0
2023-10-09,160,Halve Maen,11.0,15.0,100.0
2023-10-09,160,Joris en de Draak,22.0,35.0,100.0
2023-10-09,160,Joris en de Draak Single-rider,14.0,25.0,98.0
2023-10-09,160,Kinderspoor,9.0,10.0,99.0
2023-10-09,160,Kindervreugd,,,99.0
2023-10-09,160,Kleuterhof,,,99.0
2023-10-09,160,Max & Moritz,9.0,25.0,100.0
2023-10-09,160,Max & Moritz Single-rider,6.0,15.0,75.0
2023-10-09,160,Monorail,16.0,30.0,99.0
2023-10-09,160,Nest!,,,99.0
2023-10-09,160,Pagode,5.0,10.0,100.0
2023-10-09,160,Piraña,8.0,20.0,100.0
2023-10-09,160,Python,12.0,25.0,100.0
2023-10-09,160,Python Single-rider,12.0,30.0,100.0
2023-10-09,160,Sirocco,9.0,15.0,100.0
2023-10-09,160,Stoomcarrousel,,,99.0
2023-10-09,160,Stoomtrein Marerijk,24.0,30.0,100.0
2023-10-09,160,Stoomtrein Ruigrijk,28.0,40.0,91.0
2023-10-09,160,Symbolica,45.0,50.0,99.0
2023-10-09,160,Symbolica Single-rider,22.0,40.0,99.0
2023-10-09,160,The Six Swans,7.0,10.0,100.0
2023-10-09,160,Villa Volta,,,0.0
2023-10-09,160,Vogel Rok,,,0.0
2023-10-09,160,Volkvanlaaf,,,99.0
2023-10-10,160,Anton Pieck Plein,,,99.0
2023-10-10,160,Archipel,,,100.0
2023-10-10,160,Badhuys indoor splash pool,,,38.0
2023-10-10,160,Baron 1898,20.0,35.0,86.0
2023-10-10,160,Baron 1898 Single-rider,17.0,35.0,86.0
2023-10-10,160,Carnaval Festival,8.0,20.0,100.0
2023-10-10,160,De Oude Tufferbaan,17.0,30.0,99.0
2023-10-10,160,De Vliegende Hollander,22.0,30.0,88.0
2023-10-10,160,De Vliegende Hollander Single-rider,14.0,25.0,76.0
2023-10-10,160,Diorama,,,99.0
2023-10-10,160,Droomvlucht,,,0.0
2023-10-10,160,Droomvlucht VR,,,0.0
2023-10-10,160,Efteling Museum,,,87.0
2023-10-10,160,Fabula,10.0,10.0,100.0
2023-10-10,160,Fairytale Forest,,,99.0
2023-10-10,160,Fata Morgana,8.0,35.0,100.0
2023-10-10,160,Gondoletta,19.0,25.0,98.0
2023-10-10,160,Halve Maen,10.0,10.0,100.0
2023-10-10,160,Joris en de Draak,30.0,45.0,97.0
2023-10-10,160,Joris en de Draak Single-rider,18.0,40.0,95.0
2023-10-10,160,Kinderspoor,10.0,20.0,99.0
2023-10-10,160,Kindervreugd,,,99.0
2023-10-10,160,Kleuterhof,,,99.0
2023-10-10,160,Max & Moritz,7.0,20.0,100.0
2023-10-10,160,Max & Moritz Single-rider,5.0,10.0,90.0
2023-10-10,160,Monorail,13.0,25.0,99.0
2023-10-10,160,Nest!,,,99.0
2023-10-10,160,Pagode,5.0,10.0,100.0
2023-10-10,160,Piraña,9.0,15.0,99.0
2023-10-10,160,Python,11.0,20.0,96.0
2023-10-10,160,Python Single-rider,12.0,30.0,69.0
2023-10-10,160,Sirocco,6.0,15.0,100.0
2023-10-10,160,Stoomcarrousel,,,99.0
2023-10-10,160,Stoomtrein Marerijk,30.0,30.0,48.0
2023-10-10,160,Stoomtrein Ruigrijk,30.0,30.0,48.0
2023-10-10,160,Symbolica,39.0,50.0,99.0
2023-10-10,160,Symbolica Single-rider,12.0,30.0,99.0
2023-10-10,160,The Six Swans,5.0,5.0,100.0
2023-10-10,160,Villa Volta,,,0.0
2023-10-10,160,Vogel Rok,,,0.0
2023-10-10,160,Volkvanlaaf,,,99.0
2023-10-11,160,Anton Pieck Plein,,,99.0
2023-10-11,160,Archipel,,,100.0
2023-10-11,160,Badhuys indoor splash pool,,,37.0
2023-10-11,160,Baron 1898,42.0,55.0,21.0
2023-10-11,160,Baron 1898 Single-rider,33.0,45.0,23.0
2023-10-11,160,Carnaval Festival,13.0,25.0,100.0
2023-10-11,160,De Oude Tufferbaan,23.0,40.0,99.0
2023-10-11,160,De Vliegende Hollander,29.0,50.0,92.0
2023-10-11,160,De Vliegende Hollander Single-rider,16.0,25.0,68.0
2023-10-11,160,Diorama,,,99.0
2023-10-11,160,Droomvlucht,,,0.0
2023-10-11,160,Droomvlucht VR,,,0.0
2023-10-11,160,Efteling Museum,,,87.0
2023-10-11,160,Fabula,10.0,10.0,99.0
2023-10-11,160,Fairytale Forest,,,99.0
2023-10-11,160,Fata Morgana,9.0,40.0,100.0
2023-10-11,160,Gondoletta,12.0,20.0,100.0
2023-10-11,160,Halve Maen,14.0,25.0,100.0
2023-10-11,160,Joris en de Draak,29.0,50.0,74.0
2023-10-11,160,Joris en de Draak Single-rider,17.0,35.0,74.0
2023-10-11,160,Kinderspoor,11.0,20.0,99.0
2023-10-11,160,Kindervreugd,,,99.0
2023-10-11,160,Kleuterhof,,,99.0
2023-10-11,160,Max & Moritz,10.0,35.0,100.0
2023-10-11,160,Max & Moritz Single-rider,6.0,15.0,91.0
2023-10-11,160,Monorail,20.0,40.0,100.0
2023-10-11,160,Nest!,,,99.0
2023-10-11,160,Pagode,5.0,10.0,97.0
2023-10-11,160,Piraña,7.0,15.0,100.0
2023-10-11,160,Python,19.0,35.0,97.0
2023-10-11,160,Python Single-rider,17.0,35.0,78.0
2023-10-11,160,Sirocco,9.0,15.0,100.0
2023-10-11,160,Stoomcarrousel,5.0,10.0,99.0
2023-10-11,160,Stoomtrein Marerijk,14.0,25.0,99.0
2023-10-11,160,Stoomtrein Ruigrijk,15.0,25.0,96.0
2023-10-11,160,Symbolica,44.0,60.0,100.0
2023-10-11,160,Symbolica Single-rider,15.0,25.0,100.0
2023-10-11,160,The Six Swans,6.0,10.0,99.0
2023-10-11,160,Villa Volta,,,0.0
2023-10-11,160,Vogel Rok,,,0.0
2023-10-11,160,Volkvanlaaf,,,99.0
2023-10-12,160,Anton Pieck Plein,,,99.0
2023-10-12,160,Archipel,,,100.0
2023-10-12,160,Badhuys indoor splash pool,,,37.0
2023-10-12,160,Baron 1898,7.0,15.0,100.0
2023-10-12,160,Baron 1898 Single-rider,8.0,25.0,100.0
2023-10-12,160,Carnaval Festival,5.0,10.0,100.0
2023-10-12,160,De Oude Tufferbaan,8.0,20.0,95.0
2023-10-12,160,De Vliegende Hollander,10.0,30.0,96.0
2023-10-12,160,De Vliegende Hollander Single-rider,11.0,15.0,20.0
2023-10-12,160,Diorama,,,99.0
2023-10-12,160,Droomvlucht,,,0.0
2023-10-12,160,Droomvlucht VR,,,0.0
2023-10-12,160,Efteling Museum,,,87.0
2023-10-12,160,Fabula,10.0,10.0,100.0
2023-10-12,160,Fairytale Forest,,,99.0
2023-10-12,160,Fata Morgana,6.0,15.0,100.0
2023-10-12,160,Gondoletta,5.0,5.0,99.0
2023-10-12,160,Halve Maen,5.0,5.0,100.0
2023-10-12,160,Joris en de Draak,7.0,15.0,100.0
2023-10-12,160,Joris en de Draak Single-rider,5.0,5.0,100.0
2023-10-12,160,Kinderspoor,5.0,5.0,99.0
2023-10-12,160,Kindervreugd,,,99.0
2023-10-12,160,Kleuterhof,,,99.0
2023-10-12,160,Max & Moritz,5.0,5.0,100.0
2023-10-12,160,Max & Moritz Single-rider,5.0,5.0,48.0
2023-10-12,160,Monorail,8.0,20.0,92.0
2023-10-12,160,Nest!,,,99.0
2023-10-12,160,Pagode,5.0,5.0,99.0
2023-10-12,160,Piraña,5.0,5.0,99.0
2023-10-12,160,Python,6.0,10.0,98.0
2023-10-12,160,Python Single-rider,5.0,10.0,72.0
2023-10-12,160,Sirocco,5.0,5.0,100.0
2023-10-12,160,Stoomcarrousel,,,99.0
2023-10-12,160,Stoomtrein Marerijk,25.0,25.0,99.0
2023-10-12,160,Stoomtrein Ruigrijk,25.0,25.0,99.0
2023-10-12,160,Symbolica,29.0,40.0,99.0
2023-10-12,160,Symbolica Single-rider,6.0,20.0,99.0
2023-10-12,160,The Six Swans,,,99.0
2023-10-12,160,Villa Volta,,,0.0
2023-10-12,160,Vogel Rok,,,0.0
2023-10-12,160,Volkvanlaaf,,,99.0
2023-10-13,160,Anton Pieck Plein,,,99.0
2023-10-13,160,Archipel,,,100.0
2023-10-13,160,Badhuys indoor splash pool,,,37.0
2023-10-13,160,Baron 1898,18.0,30.0,94.0
2023-10-13,160,Baron 1898 Single-rider,15.0,25.0,94.0
2023-10-13,160,Carnaval Festival,12.0,20.0,96.0
2023-10-13,160,De Oude Tufferbaan,19.0,35.0,96.0
2023-10-13,160,De Vliegende Hollander,25.0,40.0,84.0
2023-10-13,160,De Vliegende Hollander Single-rider,12.0,25.0,79.0
2023-10-13,160,Diorama,,,100.0
2023-10-13,160,Droomvlucht,,,0.0
2023-10-13,160,Droomvlucht VR,,,0.0
2023-10-13,160,Efteling Museum,,,87.0
2023-10-13,160,Fabula,10.0,10.0,95.0
2023-10-13,160,Fairytale Forest,,,99.0
2023-10-13,160,Fata Morgana,12.0,30.0,72.0
2023-10-13,160,Gondoletta,8.0,15.0,94.0
2023-10-13,160,Halve Maen,13.0,20.0,100.0
2023-10-13,160,Joris en de Draak,21.0,40.0,96.0
2023-10-13,160,Joris en de Draak Single-rider,10.0,20.0,94.0
2023-10-13,160,Kinderspoor,8.0,15.0,99.0
2023-10-13,160,Kindervreugd,,,99.0
2023-10-13,160,Kleuterhof,,,99.0
2023-10-13,160,Max & Moritz,10.0,30.0,96.0
2023-10-13,160,Max & Moritz Single-rider,7.0,15.0,65.0
2023-10-13,160,Monorail,19.0,30.0,99.0
2023-10-13,160,Nest!,,,99.0
2023-10-13,160,Pagode,5.0,10.0,99.0
2023-10-13,160,Piraña,6.0,15.0,96.0
2023-10-13,160,Python,13.0,25.0,95.0
2023-10-13,160,Python Single-rider,11.0,25.0,63.0
2023-10-13,160,Sirocco,7.0,20.0,97.0
2023-10-13,160,Stoomcarrousel,,,100.0
2023-10-13,160,Stoomtrein Marerijk,14.0,25.0,99.0
2023-10-13,160,Stoomtrein Ruigrijk,14.0,25.0,99.0
2023-10-13,160,Symbolica,39.0,55.0,87.0
2023-10-13,160,Symbolica Single-rider,12.0,35.0,84.0
2023-10-13,160,The Six Swans,5.0,5.0,99.0
2023-10-13,160,Villa Volta,,,0.0
2023-10-13,160,Vogel Rok,,,0.0
2023-10-13,160,Volkvanlaaf,,,99.0
2023-10-14,160,Anton Pieck Plein,,,99.0
2023-10-14,160,Archipel,,,88.0
2023-10-14,160,Badhuys indoor splash pool,,,100.0
2023-10-14,160,Baron 1898,19.0,40.0,100.0
2023-10-14,160,Baron 1898 Single-rider,13.0,35.0,100.0
2023-10-14,160,Carnaval Festival,17.0,30.0,100.0
2023-10-14,160,De Oude Tufferbaan,22.0,40.0,88.0
2023-10-14,160,De Vliegende Hollander,23.0,40.0,99.0
2023-10-14,160,De Vliegende Hollander Single-rider,11.0,20.0,85.0
2023-10-14,160,Diorama,,,99.0
2023-10-14,160,Droomvlucht,37.0,45.0,22.0
2023-10-14,160,Droomvlucht VR,,,22.0
2023-10-14,160,Efteling Museum,,,89.0
2023-10-14,160,Fabula,10.0,10.0,99.0
2023-10-14,160,Fairytale Forest,,,99.0
2023-10-14,160,Fata Morgana,13.0,40.0,100.0
2023-10-14,160,Gondoletta,15.0,25.0,87.0
2023-10-14,160,Halve Maen,12.0,20.0,100.0
2023-10-14,160,Joris en de Draak,21.0,40.0,98.0
2023-10-14,160,Joris en de Draak Single-rider,11.0,25.0,98.0
2023-10-14,160,Kinderspoor,9.0,15.0,99.0
2023-10-14,160,Kindervreugd,,,99.0
2023-10-14,160,Kleuterhof,,,99.0
2023-10-14,160,Max & Moritz,11.0,35.0,99.0
2023-10-14,160,Max & Moritz Single-rider,5.0,20.0,99.0
2023-10-14,160,Monorail,15.0,30.0,100.0
2023-10-14,160,Nest!,,,99.0
2023-10-14,160,Pagode,5.0,10.0,94.0
2023-10-14,160,Piraña,5.0,10.0,99.0
2023-10-14,160,Python,13.0,25.0,99.0
2023-10-14,160,Python Single-rider,11.0,30.0,99.0
2023-10-14,160,Sirocco,8.0,15.0,100.0
2023-10-14,160,Stoomcarrousel,5.0,5.0,99.0
2023-10-14,160,Stoomtrein Marerijk,17.0,25.0,97.0
2023-10-14,160,Stoomtrein Ruigrijk,14.0,25.0,94.0
2023-10-14,160,Symbolica,42.0,60.0,99.0
2023-10-14,160,Symbolica Single-rider,12.0,35.0,99.0
2023-10-14,160,The Six Swans,5.0,5.0,99.0
2023-10-14,160,Villa Volta,11.0,25.0,100.0
2023-10-14,160,Vogel Rok,32.0,60.0,46.0
2023-10-14,160,Volkvanlaaf,,,99.0
2023-10-15,160,Anton Pieck Plein,,,99.0
2023-10-15,160,Archipel,,,86.0
2023-10-15,160,Badhuys indoor splash pool,,,100.0
2023-10-15,160,Baron 1898,21.0,40.0,100.0
2023-10-15,160,Baron 1898 Single-rider,13.0,30.0,100.0
2023-10-15,160,Carnaval Festival,18.0,35.0,100.0
2023-10-15,160,De Oude Tufferbaan,,,0.0
2023-10-15,160,De Vliegende Hollander,22.0,35.0,100.0
2023-10-15,160,De Vliegende Hollander Single-rider,11.0,25.0,78.0
2023-10-15,160,Diorama,,,100.0
2023-10-15,160,Droomvlucht,,,0.0
2023-10-15,160,Droomvlucht VR,,,0.0
2023-10-15,160,Efteling Museum,,,89.0
2023-10-15,160,Fabula,11.0,25.0,99.0
2023-10-15,160,Fairytale Forest,,,99.0
2023-10-15,160,Fata Morgana,17.0,45.0,100.0
2023-10-15,160,Gondoletta,8.0,20.0,83.0
2023-10-15,160,Halve Maen,12.0,20.0,95.0
2023-10-15,160,Joris en de Draak,20.0,35.0,100.0
2023-10-15,160,Joris en de Draak Single-rider,12.0,35.0,100.0
2023-10-15,160,Kinderspoor,11.0,20.0,99.0
2023-10-15,160,Kindervreugd,,,99.0
2023-10-15,160,Kleuterhof,,,100.0
2023-10-15,160,Max & Moritz,8.0,20.0,100.0
2023-10-15,160,Max & Moritz Single-rider,5.0,10.0,82.0
2023-10-15,160,Monorail,12.0,20.0,99.0
2023-10-15,160,Nest!,,,99.0
2023-10-15,160,Pagode,5.0,5.0,99.0
2023-10-15,160,Piraña,5.0,5.0,99.0
2023-10-15,160,Python,13.0,25.0,99.0
2023-10-15,160,Python Single-rider,9.0,20.0,80.0
2023-10-15,160,Sirocco,9.0,15.0,100.0
2023-10-15,160,Stoomcarrousel,10.0,10.0,100.0
2023-10-15,160,Stoomtrein Marerijk,17.0,25.0,99.0
2023-10-15,160,Stoomtrein Ruigrijk,17.0,25.0,99.0
2023-10-15,160,Symbolica,42.0,60.0,99.0
2023-10-15,160,Symbolica Single-rider,12.0,20.0,99.0
2023-10-15,160,The Six Swans,5.0,5.0,100.0
2023-10-15,160,Villa Volta,10.0,30.0,100.0
2023-10-15,160,Vogel Rok,35.0,60.0,97.0
2023-10-15,160,Volkvanlaaf,,,99.0
2023-10-16,160,Anton Pieck Plein,,,99.0
2023-10-16,160,Archipel,,,100.0
2023-10-16,160,Badhuys indoor splash pool,,,100.0
2023-10-16,160,Baron 1898,32.0,55.0,98.0
2023-10-16,160,Baron 1898 Single-rider,26.0,45.0,98.0
2023-10-16,160,Carnaval Festival,16.0,35.0,100.0
2023-10-16,160,De Oude Tufferbaan,25.0,50.0,81.0
2023-10-16,160,De Vliegende Hollander,33.0,45.0,89.0
2023-10-16,160,De Vliegende Hollander Single-rider,21.0,35.0,81.0
2023-10-16,160,Diorama,,,100.0
2023-10-16,160,Droomvlucht,,,0.0
2023-10-16,160,Droomvlucht VR,,,0.0
2023-10-16,160,Efteling Museum,,,89.0
2023-10-16,160,Fabula,10.0,10.0,99.0
2023-10-16,160,Fairytale Forest,,,99.0
2023-10-16,160,Fata Morgana,,,0.0
2023-10-16,160,Gondoletta,18.0,35.0,87.0
2023-10-16,160,Halve Maen,13.0,25.0,97.0
2023-10-16,160,Joris en de Draak,35.0,60.0,91.0
2023-10-16,160,Joris en de Draak Single-rider,22.0,40.0,90.0
2023-10-16,160,Kinderspoor,20.0,25.0,99.0
2023-10-16,160,Kindervreugd,,,99.0
2023-10-16,160,Kleuterhof,,,99.0
2023-10-16,160,Max & Moritz,19.0,40.0,85.0
2023-10-16,160,Max & Moritz Single-rider,12.0,30.0,79.0
2023-10-16,160,Monorail,16.0,35.0,100.0
2023-10-16,160,Nest!,,,99.0
2023-10-16,160,Pagode,6.0,10.0,99.0
2023-10-16,160,Piraña,9.0,20.0,100.0
2023-10-16,160,Python,24.0,50.0,99.0
2023-10-16,160,Python Single-rider,20.0,60.0,99.0
2023-10-16,160,Sirocco,12.0,25.0,100.0
2023-10-16,160,Stoomcarrousel,,,100.0
2023-10-16,160,Stoomtrein Marerijk,16.0,25.0,99.0
2023-10-16,160,Stoomtrein Ruigrijk,11.0,25.0,99.0
2023-10-16,160,Symbolica,52.0,80.0,99.0
2023-10-16,160,Symbolica Single-rider,18.0,25.0,99.0
2023-10-16,160,The Six Swans,6.0,10.0,91.0
2023-10-16,160,Villa Volta,12.0,25.0,100.0
2023-10-16,160,Vogel Rok,,,0.0
2023-10-16,160,Volkvanlaaf,,,99.0
2023-10-17,160,Anton Pieck Plein,,,99.0
2023-10-17,160,Archipel,,,86.0
2023-10-17,160,Badhuys indoor splash pool,,,100.0
2023-10-17,160,Baron 1898,38.0,60.0,91.0
2023-10-17,160,Baron 1898 Single-rider,27.0,50.0,91.0
2023-10-17,160,Carnaval Festival,20.0,40.0,100.0
2023-10-17,160,De Oude Tufferbaan,27.0,45.0,99.0
2023-10-17,160,De Vliegende Hollander,36.0,50.0,100.0
2023-10-17,160,De Vliegende Hollander Single-rider,23.0,40.0,93.0
2023-10-17,160,Diorama,,,100.0
2023-10-17,160,Droomvlucht,,,0.0
2023-10-17,160,Droomvlucht VR,,,0.0
2023-10-17,160,Efteling Museum,,,89.0
2023-10-17,160,Fabula,10.0,10.0,99.0
2023-10-17,160,Fairytale Forest,,,99.0
2023-10-17,160,Fata Morgana,,,0.0
2023-10-17,160,Gondoletta,23.0,35.0,82.0
2023-10-17,160,Halve Maen,20.0,30.0,100.0
2023-10-17,160,Joris en de Draak,33.0,55.0,100.0
2023-10-17,160,Joris en de Draak Single-rider,21.0,40.0,100.0
2023-10-17,160,Kinderspoor,16.0,20.0,99.0
2023-10-17,160,Kindervreugd,,,99.0
2023-10-17,160,Kleuterhof,,,99.0
2023-10-17,160,Max & Moritz,20.0,45.0,100.0
2023-10-17,160,Max & Moritz Single-rider,14.0,30.0,83.0
2023-10-17,160,Monorail,16.0,35.0,100.0
2023-10-17,160,Nest!,,,99.0
2023-10-17,160,Pagode,9.0,30.0,86.0
2023-10-17,160,Piraña,7.0,15.0,100.0
2023-10-17,160,Python,27.0,45.0,94.0
2023-10-17,160,Python Single-rider,27.0,55.0,94.0
2023-10-17,160,Sirocco,15.0,30.0,100.0
2023-10-17,160,Stoomcarrousel,15.0,15.0,100.0
2023-10-17,160,Stoomtrein Marerijk,25.0,30.0,99.0
2023-10-17,160,Stoomtrein Ruigrijk,25.0,30.0,99.0
2023-10-17,160,Symbolica,54.0,80.0,95.0
2023-10-17,160,Symbolica Single-rider,22.0,50.0,95.0
2023-10-17,160,The Six Swans,12.0,20.0,99.0
2023-10-17,160,Villa Volta,16.0,30.0,100.0
2023-10-17,160,Vogel Rok,,,0.0
2023-10-17,160,Volkvanlaaf,,,99.0
2023-10-18,160,Anton Pieck Plein,,,100.0
2023-10-18,160,Archipel,,,95.0
2023-10-18,160,Badhuys indoor splash pool,,,100.0
2023-10-18,160,Baron 1898,36.0,50.0,98.0
2023-10-18,160,Baron 1898 Single-rider,28.0,45.0,98.0
2023-10-18,160,Carnaval Festival,27.0,55.0,100.0
2023-10-18,160,De Oude Tufferbaan,26.0,50.0,100.0
2023-10-18,160,De Vliegende Hollander,36.0,50.0,100.0
2023-10-18,160,De Vliegende Hollander Single-rider,22.0,45.0,94.0
2023-10-18,160,Diorama,,,100.0
2023-10-18,160,Droomvlucht,,,0.0
2023-10-18,160,Droomvlucht VR,,,0.0
2023-10-18,160,Efteling Museum,,,90.0
2023-10-18,160,Fabula,10.0,10.0,100.0
2023-10-18,160,Fairytale Forest,,,100.0
2023-10-18,160,Fata Morgana,,,0.0
2023-10-18,160,Gondoletta,21.0,35.0,80.0
2023-10-18,160,Halve Maen,17.0,40.0,100.0
2023-10-18,160,Joris en de Draak,31.0,50.0,99.0
2023-10-18,160,Joris en de Draak Single-rider,19.0,35.0,99.0
2023-10-18,160,Kinderspoor,19.0,25.0,100.0
2023-10-18,160,Kindervreugd,,,100.0
2023-10-18,160,Kleuterhof,,,100.0
2023-10-18,160,Max & Moritz,21.0,40.0,100.0
2023-10-18,160,Max & Moritz Single-rider,13.0,25.0,85.0
2023-10-18,160,Monorail,18.0,40.0,100.0
2023-10-18,160,Nest!,,,100.0
2023-10-18,160,Pagode,7.0,10.0,100.0
2023-10-18,160,Piraña,8.0,15.0,100.0
2023-10-18,160,Python,28.0,45.0,100.0
2023-10-18,160,Python Single-rider,27.0,50.0,98.0
2023-10-18,160,Sirocco,13.0,30.0,100.0
2023-10-18,160,Stoomcarrousel,10.0,10.0,100.0
2023-10-18,160,Stoomtrein Marerijk,30.0,45.0,45.0
2023-10-18,160,Stoomtrein Ruigrijk,38.0,45.0,45.0
2023-10-18,160,Symbolica,60.0,80.0,100.0
2023-10-18,160,Symbolica Single-rider,26.0,60.0,99.0
2023-10-18,160,The Six Swans,10.0,20.0,100.0
2023-10-18,160,Villa Volta,18.0,30.0,100.0
2023-10-18,160,Vogel Rok,,,0.0
2023-10-18,160,Volkvanlaaf,,,100.0
2023-10-19,160,Anton Pieck Plein,,,99.0
2023-10-19,160,Archipel,,,86.0
2023-10-19,160,Badhuys indoor splash pool,,,100.0
2023-10-19,160,Baron 1898,21.0,40.0,100.0
2023-10-19,160,Baron 1898 Single-rider,15.0,40.0,100.0
2023-10-19,160,Carnaval Festival,14.0,30.0,100.0
2023-10-19,160,De Oude Tufferbaan,18.0,35.0,98.0
2023-10-19,160,De Vliegende Hollander,25.0,40.0,96.0
2023-10-19,160,De Vliegende Hollander Single-rider,14.0,35.0,81.0
2023-10-19,160,Diorama,,,100.0
2023-10-19,160,Droomvlucht,,,0.0
2023-10-19,160,Droomvlucht VR,,,0.0
2023-10-19,160,Efteling Museum,,,89.0
2023-10-19,160,Fabula,10.0,10.0,99.0
2023-10-19,160,Fairytale Forest,,,99.0
2023-10-19,160,Fata Morgana,,,0.0
2023-10-19,160,Gondoletta,10.0,20.0,76.0
2023-10-19,160,Halve Maen,11.0,20.0,93.0
2023-10-19,160,Joris en de Draak,18.0,35.0,100.0
2023-10-19,160,Joris en de Draak Single-rider,10.0,30.0,100.0
2023-10-19,160,Kinderspoor,12.0,15.0,99.0
2023-10-19,160,Kindervreugd,,,99.0
2023-10-19,160,Kleuterhof,,,99.0
2023-10-19,160,Max & Moritz,9.0,35.0,100.0
2023-10-19,160,Max & Moritz Single-rider,6.0,15.0,80.0
2023-10-19,160,Monorail,13.0,25.0,100.0
2023-10-19,160,Nest!,,,99.0
2023-10-19,160,Pagode,5.0,5.0,95.0
2023-10-19,160,Piraña,6.0,15.0,100.0
2023-10-19,160,Python,14.0,30.0,98.0
2023-10-19,160,Python Single-rider,14.0,35.0,78.0
2023-10-19,160,Sirocco,7.0,20.0,100.0
2023-10-19,160,Stoomcarrousel,,,100.0
2023-10-19,160,Stoomtrein Marerijk,13.0,25.0,93.0
2023-10-19,160,Stoomtrein Ruigrijk,15.0,25.0,93.0
2023-10-19,160,Symbolica,48.0,60.0,99.0
2023-10-19,160,Symbolica Single-rider,17.0,40.0,99.0
2023-10-19,160,The Six Swans,5.0,5.0,100.0
2023-10-19,160,Villa Volta,10.0,30.0,97.0
2023-10-19,160,Vogel Rok,,,0.0
2023-10-19,160,Volkvanlaaf,,,99.0
2023-10-20,160,Anton Pieck Plein,,,99.0
2023-10-20,160,Archipel,,,85.0
2023-10-20,160,Badhuys indoor splash pool,,,100.0
2023-10-20,160,Baron 1898,5.0,15.0,100.0
2023-10-20,160,Baron 1898 Single-rider,5.0,15.0,100.0
2023-10-20,160,Carnaval Festival,10.0,15.0,99.0
2023-10-20,160,De Oude Tufferbaan,,,0.0
2023-10-20,160,De Vliegende Hollander,5.0,5.0,98.0
2023-10-20,160,De Vliegende Hollander Single-rider,,,0.0
2023-10-20,160,Diorama,,,100.0
2023-10-20,160,Droomvlucht,7.0,20.0,37.0
2023-10-20,160,Droomvlucht VR,,,37.0
2023-10-20,160,Efteling Museum,,,90.0
2023-10-20,160,Fabula,10.0,15.0,100.0
2023-10-20,160,Fairytale Forest,,,99.0
2023-10-20,160,Fata Morgana,,,0.0
2023-10-20,160,Gondoletta,,,64.0
2023-10-20,160,Halve Maen,,,0.0
2023-10-20,160,Joris en de Draak,5.0,10.0,98.0
2023-10-20,160,Joris en de Draak Single-rider,5.0,5.0,0.0
2023-10-20,160,Kinderspoor,,,100.0
2023-10-20,160,Kindervreugd,,,99.0
2023-10-20,160,Kleuterhof,,,99.0
2023-10-20,160,Max & Moritz,5.0,5.0,85.0
2023-10-20,160,Max & Moritz Single-rider,5.0,5.0,20.0
2023-10-20,160,Monorail,7.0,10.0,99.0
2023-10-20,160,Nest!,,,99.0
2023-10-20,160,Pagode,5.0,5.0,94.0
2023-10-20,160,Piraña,,,100.0
2023-10-20,160,Python,5.0,5.0,98.0
2023-10-20,160,Python Single-rider,5.0,5.0,13.0
2023-10-20,160,Sirocco,6.0,10.0,100.0
2023-10-20,160,Stoomcarrousel,10.0,10.0,100.0
2023-10-20,160,Stoomtrein Marerijk,13.0,25.0,99.0
2023-10-20,160,Stoomtrein Ruigrijk,13.0,25.0,99.0
2023-10-20,160,Symbolica,33.0,80.0,99.0
2023-10-20,160,Symbolica Single-rider,10.0,20.0,94.0
2023-10-20,160,The Six Swans,,,99.0
2023-10-20,160,Villa Volta,5.0,10.0,100.0
2023-10-20,160,Vogel Rok,,,0.0
2023-10-20,160,Volkvanlaaf,,,99.0
2023-10-21,160,Anton Pieck Plein,,,99.0
2023-10-21,160,Archipel,,,90.0
2023-10-21,160,Badhuys indoor splash pool,,,100.0
2023-10-21,160,Baron 1898,18.0,40.0,100.0
2023-10-21,160,Baron 1898 Single-rider,12.0,35.0,100.0
2023-10-21,160,Carnaval Festival,11.0,20.0,100.0
2023-10-21,160,De Oude Tufferbaan,14.0,30.0,99.0
2023-10-21,160,De Vliegende Hollander,22.0,65.0,95.0
2023-10-21,160,De Vliegende Hollander Single-rider,11.0,25.0,63.0
2023-10-21,160,Diorama,,,99.0
2023-10-21,160,Droomvlucht,27.0,40.0,100.0
2023-10-21,160,Droomvlucht VR,,,100.0
2023-10-21,160,Efteling Museum,,,89.0
2023-10-21,160,Fabula,10.0,10.0,99.0
2023-10-21,160,Fairytale Forest,,,99.0
2023-10-21,160,Fata Morgana,,,0.0
2023-10-21,160,Gondoletta,8.0,15.0,80.0
2023-10-21,160,Halve Maen,8.0,10.0,90.0
2023-10-21,160,Joris en de Draak,15.0,30.0,99.0
2023-10-21,160,Joris en de Draak Single-rider,8.0,25.0,99.0
2023-10-21,160,Kinderspoor,14.0,15.0,99.0
2023-10-21,160,Kindervreugd,,,99.0
2023-10-21,160,Kleuterhof,,,99.0
2023-10-21,160,Max & Moritz,20.0,40.0,62.0
2023-10-21,160,Max & Moritz Single-rider,15.0,40.0,33.0
2023-10-21,160,Monorail,12.0,30.0,99.0
2023-10-21,160,Nest!,,,99.0
2023-10-21,160,Pagode,5.0,5.0,66.0
2023-10-21,160,Piraña,6.0,10.0,100.0
2023-10-21,160,Python,12.0,25.0,99.0
2023-10-21,160,Python Single-rider,9.0,20.0,65.0
2023-10-21,160,Sirocco,7.0,15.0,100.0
2023-10-21,160,Stoomcarrousel,,,99.0
2023-10-21,160,Stoomtrein Marerijk,14.0,25.0,98.0
2023-10-21,160,Stoomtrein Ruigrijk,14.0,25.0,98.0
2023-10-21,160,Symbolica,44.0,70.0,99.0
2023-10-21,160,Symbolica Single-rider,11.0,45.0,99.0
2023-10-21,160,The Six Swans,9.0,15.0,100.0
2023-10-21,160,Villa Volta,11.0,30.0,100.0
2023-10-21,160,Vogel Rok,32.0,60.0,60.0
2023-10-21,160,Volkvanlaaf,,,99.0
2023-10-22,160,Anton Pieck Plein,,,99.0
2023-10-22,160,Archipel,,,85.0
2023-10-22,160,Badhuys indoor splash pool,,,100.0
2023-10-22,160,Baron 1898,22.0,40.0,100.0
2023-10-22,160,Baron 1898 Single-rider,17.0,35.0,98.0
2023-10-22,160,Carnaval Festival,17.0,25.0,100.0
2023-10-22,160,De Oude Tufferbaan,21.0,35.0,84.0
2023-10-22,160,De Vliegende Hollander,29.0,40.0,100.0
2023-10-22,160,De Vliegende Hollander Single-rider,,,0.0
2023-10-22,160,Diorama,,,99.0
2023-10-22,160,Droomvlucht,34.0,50.0,100.0
2023-10-22,160,Droomvlucht VR,,,100.0
2023-10-22,160,Efteling Museum,,,89.0
2023-10-22,160,Fabula,10.0,10.0,99.0
2023-10-22,160,Fairytale Forest,,,99.0
2023-10-22,160,Fata Morgana,,,0.0
2023-10-22,160,Gondoletta,15.0,25.0,79.0
2023-10-22,160,Halve Maen,13.0,15.0,100.0
2023-10-22,160,Joris en de Draak,25.0,40.0,100.0
2023-10-22,160,Joris en de Draak Single-rider,13.0,30.0,100.0
2023-10-22,160,Kinderspoor,13.0,15.0,99.0
2023-10-22,160,Kindervreugd,,,99.0
2023-10-22,160,Kleuterhof,,,100.0
2023-10-22,160,Max & Moritz,14.0,30.0,95.0
2023-10-22,160,Max & Moritz Single-rider,9.0,15.0,36.0
2023-10-22,160,Monorail,13.0,25.0,99.0
2023-10-22,160,Nest!,,,99.0
2023-10-22,160,Pagode,6.0,15.0,97.0
2023-10-22,160,Piraña,8.0,15.0,100.0
2023-10-22,160,Python,16.0,30.0,99.0
2023-10-22,160,Python Single-rider,13.0,25.0,92.0
2023-10-22,160,Sirocco,9.0,15.0,96.0
2023-10-22,160,Stoomcarrousel,,,99.0
2023-10-22,160,Stoomtrein Marerijk,16.0,25.0,99.0
2023-10-22,160,Stoomtrein Ruigrijk,14.0,25.0,99.0
2023-10-22,160,Symbolica,46.0,55.0,99.0
2023-10-22,160,Symbolica Single-rider,16.0,30.0,99.0
2023-10-22,160,The Six Swans,6.0,15.0,100.0
2023-10-22,160,Villa Volta,11.0,25.0,100.0
2023-10-22,160,Vogel Rok,35.0,60.0,100.0
2023-10-22,160,Volkvanlaaf,,,99.0
2023-10-23,160,Anton Pieck Plein,,,99.0
2023-10-23,160,Archipel,,,94.0
2023-10-23,160,Badhuys indoor splash pool,,,100.0
2023-10-23,160,Baron 1898,28.0,45.0,100.0
2023-10-23,160,Baron 1898 Single-rider,23.0,35.0,100.0
2023-10-23,160,Carnaval Festival,18.0,35.0,100.0
2023-10-23,160,De Oude Tufferbaan,23.0,40.0,99.0
2023-10-23,160,De Vliegende Hollander,31.0,45.0,100.0
2023-10-23,160,De Vliegende Hollander Single-rider,20.0,35.0,92.0
2023-10-23,160,Diorama,,,99.0
2023-10-23,160,Droomvlucht,39.0,60.0,100.0
2023-10-23,160,Droomvlucht VR,,,100.0
2023-10-23,160,Efteling Museum,,,89.0
2023-10-23,160,Fabula,10.0,10.0,99.0
2023-10-23,160,Fairytale Forest,,,99.0
2023-10-23,160,Fata Morgana,,,0.0
2023-10-23,160,Gondoletta,19.0,30.0,88.0
2023-10-23,160,Halve Maen,18.0,25.0,100.0
2023-10-23,160,Joris en de Draak,34.0,45.0,97.0
2023-10-23,160,Joris en de Draak Single-rider,22.0,40.0,93.0
2023-10-23,160,Kinderspoor,12.0,20.0,99.0
2023-10-23,160,Kindervreugd,,,99.0
2023-10-23,160,Kleuterhof,,,99.0
2023-10-23,160,Max & Moritz,19.0,40.0,100.0
2023-10-23,160,Max & Moritz Single-rider,11.0,20.0,99.0
2023-10-23,160,Monorail,21.0,30.0,99.0
2023-10-23,160,Nest!,,,99.0
2023-10-23,160,Pagode,7.0,20.0,97.0
2023-10-23,160,Piraña,9.0,10.0,100.0
2023-10-23,160,Python,23.0,30.0,97.0
2023-10-23,160,Python Single-rider,23.0,40.0,97.0
2023-10-23,160,Sirocco,14.0,20.0,100.0
2023-10-23,160,Stoomcarrousel,12.0,15.0,99.0
2023-10-23,160,Stoomtrein Marerijk,14.0,25.0,99.0
2023-10-23,160,Stoomtrein Ruigrijk,14.0,25.0,99.0
2023-10-23,160,Symbolica,53.0,70.0,99.0
2023-10-23,160,Symbolica Single-rider,21.0,50.0,99.0
2023-10-23,160,The Six Swans,6.0,10.0,100.0
2023-10-23,160,Villa Volta,17.0,30.0,100.0
2023-10-23,160,Vogel Rok,,,0.0
2023-10-23,160,Volkvanlaaf,,,99.0
2023-10-24,160,Anton Pieck Plein,,,99.0
2023-10-24,160,Archipel,,,92.0
2023-10-24,160,Badhuys indoor splash pool,,,100.0
2023-10-24,160,Baron 1898,10.0,30.0,96.0
2023-10-24,160,Baron 1898 Single-rider,10.0,30.0,96.0
2023-10-24,160,Carnaval Festival,7.0,15.0,100.0
2023-10-24,160,De Oude Tufferbaan,8.0,20.0,92.0
2023-10-24,160,De Vliegende Hollander,15.0,30.0,93.0
2023-10-24,160,De Vliegende Hollander Single-rider,8.0,15.0,34.0
2023-10-24,160,Diorama,,,99.0
2023-10-24,160,Droomvlucht,17.0,30.0,100.0
2023-10-24,160,Droomvlucht VR,,,100.0
2023-10-24,160,Efteling Museum,,,88.0
2023-10-24,160,Fabula,10.0,10.0,99.0
2023-10-24,160,Fairytale Forest,,,99.0
2023-10-24,160,Fata Morgana,,,0.0
2023-10-24,160,Gondoletta,6.0,10.0,89.0
2023-10-24,160,Halve Maen,8.0,10.0,100.0
2023-10-24,160,Joris en de Draak,11.0,30.0,100.0
2023-10-24,160,Joris en de Draak Single-rider,6.0,15.0,100.0
2023-10-24,160,Kinderspoor,5.0,5.0,99.0
2023-10-24,160,Kindervreugd,,,99.0
2023-10-24,160,Kleuterhof,,,99.0
2023-10-24,160,Max & Moritz,5.0,10.0,100.0
2023-10-24,160,Max & Moritz Single-rider,5.0,5.0,32.0
2023-10-24,160,Monorail,11.0,15.0,99.0
2023-10-24,160,Nest!,,,99.0
2023-10-24,160,Pagode,5.0,5.0,89.0
2023-10-24,160,Piraña,5.0,10.0,100.0
2023-10-24,160,Python,10.0,20.0,100.0
2023-10-24,160,Python Single-rider,9.0,20.0,58.0
2023-10-24,160,Sirocco,5.0,10.0,100.0
2023-10-24,160,Stoomcarrousel,,,99.0
2023-10-24,160,Stoomtrein Marerijk,25.0,25.0,100.0
2023-10-24,160,Stoomtrein Ruigrijk,25.0,45.0,92.0
2023-10-24,160,Symbolica,40.0,55.0,99.0
2023-10-24,160,Symbolica Single-rider,12.0,20.0,99.0
2023-10-24,160,The Six Swans,5.0,5.0,99.0
2023-10-24,160,Villa Volta,7.0,25.0,100.0
2023-10-24,160,Vogel Rok,,,0.0
2023-10-24,160,Volkvanlaaf,,,99.0
2023-10-25,160,Anton Pieck Plein,,,99.0
2023-10-25,160,Archipel,,,93.0
2023-10-25,160,Badhuys indoor splash pool,,,100.0
2023-10-25,160,Baron 1898,6.0,15.0,100.0
2023-10-25,160,Baron 1898 Single-rider,6.0,15.0,98.0
2023-10-25,160,Carnaval Festival,6.0,10.0,100.0
2023-10-25,160,De Oude Tufferbaan,7.0,10.0,90.0
2023-10-25,160,De Vliegende Hollander,9.0,30.0,91.0
2023-10-25,160,De Vliegende Hollander Single-rider,,,0.0
2023-10-25,160,Diorama,,,100.0
2023-10-25,160,Droomvlucht,11.0,40.0,100.0
2023-10-25,160,Droomvlucht VR,,,100.0
2023-10-25,160,Efteling Museum,,,88.0
2023-10-25,160,Fabula,10.0,10.0,99.0
2023-10-25,160,Fairytale Forest,,,99.0
2023-10-25,160,Fata Morgana,,,0.0
2023-10-25,160,Gondoletta,10.0,10.0,85.0
2023-10-25,160,Halve Maen,5.0,5.0,100.0
2023-10-25,160,Joris en de Draak,6.0,15.0,99.0
2023-10-25,160,Joris en de Draak Single-rider,5.0,5.0,100.0
2023-10-25,160,Kinderspoor,,,99.0
2023-10-25,160,Kindervreugd,,,99.0
2023-10-25,160,Kleuterhof,,,99.0
2023-10-25,160,Max & Moritz,5.0,10.0,100.0
2023-10-25,160,Max & Moritz Single-rider,5.0,5.0,32.0
2023-10-25,160,Monorail,,,99.0
2023-10-25,160,Nest!,,,99.0
2023-10-25,160,Pagode,5.0,5.0,99.0
2023-10-25,160,Piraña,5.0,5.0,100.0
2023-10-25,160,Python,7.0,15.0,93.0
2023-10-25,160,Python Single-rider,5.0,10.0,43.0
2023-10-25,160,Sirocco,5.0,10.0,100.0
2023-10-25,160,Stoomcarrousel,,,100.0
2023-10-25,160,Stoomtrein Marerijk,25.0,25.0,99.0
2023-10-25,160,Stoomtrein Ruigrijk,25.0,25.0,99.0
2023-10-25,160,Symbolica,36.0,50.0,99.0
2023-10-25,160,Symbolica Single-rider,8.0,10.0,99.0
2023-10-25,160,The Six Swans,,,99.0
2023-10-25,160,Villa Volta,7.0,15.0,100.0
2023-10-25,160,Vogel Rok,,,0.0
2023-10-25,160,Volkvanlaaf,,,99.0
2023-10-26,160,Anton Pieck Plein,,,99.0
2023-10-26,160,Archipel,,,100.0
2023-10-26,160,Badhuys indoor splash pool,,,100.0
2023-10-26,160,Baron 1898,8.0,25.0,100.0
2023-10-26,160,Baron 1898 Single-rider,7.0,20.0,100.0
2023-10-26,160,Carnaval Festival,5.0,5.0,100.0
2023-10-26,160,De Oude Tufferbaan,12.0,20.0,80.0
2023-10-26,160,De Vliegende Hollander,14.0,25.0,99.0
2023-10-26,160,De Vliegende Hollander Single-rider,6.0,15.0,77.0
2023-10-26,160,Diorama,,,99.0
2023-10-26,160,Droomvlucht,11.0,20.0,100.0
2023-10-26,160,Droomvlucht VR,,,100.0
2023-10-26,160,Efteling Museum,,,88.0
2023-10-26,160,Fabula,10.0,10.0,99.0
2023-10-26,160,Fairytale Forest,,,99.0
2023-10-26,160,Fata Morgana,,,0.0
2023-10-26,160,Gondoletta,5.0,10.0,87.0
2023-10-26,160,Halve Maen,,,3.0
2023-10-26,160,Joris en de Draak,13.0,35.0,98.0
2023-10-26,160,Joris en de Draak Single-rider,6.0,25.0,94.0
2023-10-26,160,Kinderspoor,8.0,15.0,100.0
2023-10-26,160,Kindervreugd,,,99.0
2023-10-26,160,Kleuterhof,,,99.0
2023-10-26,160,Max & Moritz,5.0,10.0,100.0
2023-10-26,160,Max & Moritz Single-rider,5.0,5.0,57.0
2023-10-26,160,Monorail,9.0,15.0,99.0
2023-10-26,160,Nest!,,,99.0
2023-10-26,160,Pagode,5.0,5.0,99.0
2023-10-26,160,Piraña,5.0,10.0,100.0
2023-10-26,160,Python,7.0,15.0,100.0
2023-10-26,160,Python Single-rider,5.0,15.0,65.0
2023-10-26,160,Sirocco,6.0,10.0,100.0
2023-10-26,160,Stoomcarrousel,,,99.0
2023-10-26,160,Stoomtrein Marerijk,15.0,25.0,99.0
2023-10-26,160,Stoomtrein Ruigrijk,15.0,25.0,99.0
2023-10-26,160,Symbolica,36.0,50.0,99.0
2023-10-26,160,Symbolica Single-rider,10.0,15.0,99.0
2023-10-26,160,The Six Swans,5.0,10.0,100.0
2023-10-26,160,Villa Volta,6.0,10.0,100.0
2023-10-26,160,Vogel Rok,,,0.0
2023-10-26,160,Volkvanlaaf,,,99.0
2023-10-27,160,Anton Pieck Plein,,,99.0
2023-10-27,160,Archipel,,,92.0
2023-10-27,160,Badhuys indoor splash pool,,,100.0
2023-10-27,160,Baron 1898,8.0,15.0,100.0
2023-10-27,160,Baron 1898 Single-rider,8.0,20.0,100.0
2023-10-27,160,Carnaval Festival,5.0,10.0,100.0
2023-10-27,160,De Oude Tufferbaan,7.0,15.0,55.0
2023-10-27,160,De Vliegende Hollander,9.0,20.0,96.0
2023-10-27,160,De Vliegende Hollander Single-rider,5.0,10.0,59.0
2023-10-27,160,Diorama,,,99.0
2023-10-27,160,Droomvlucht,14.0,20.0,100.0
2023-10-27,160,Droomvlucht VR,,,100.0
2023-10-27,160,Efteling Museum,,,88.0
2023-10-27,160,Fabula,10.0,10.0,99.0
2023-10-27,160,Fairytale Forest,,,99.0
2023-10-27,160,Fata Morgana,,,0.0
2023-10-27,160,Gondoletta,,,88.0
2023-10-27,160,Halve Maen,,,0.0
2023-10-27,160,Joris en de Draak,9.0,20.0,95.0
2023-10-27,160,Joris en de Draak Single-rider,6.0,15.0,94.0
2023-10-27,160,Kinderspoor,5.0,5.0,99.0
2023-10-27,160,Kindervreugd,,,99.0
2023-10-27,160,Kleuterhof,,,99.0
2023-10-27,160,Max & Moritz,5.0,10.0,100.0
2023-10-27,160,Max & Moritz Single-rider,,,0.0
2023-10-27,160,Monorail,8.0,15.0,76.0
2023-10-27,160,Nest!,,,99.0
2023-10-27,160,Pagode,5.0,5.0,97.0
2023-10-27,160,Piraña,6.0,15.0,100.0
2023-10-27,160,Python,6.0,15.0,100.0
2023-10-27,160,Python Single-rider,,,12.0
2023-10-27,160,Sirocco,6.0,15.0,93.0
2023-10-27,160,Stoomcarrousel,,,99.0
2023-10-27,160,Stoomtrein Marerijk,15.0,30.0,99.0
2023-10-27,160,Stoomtrein Ruigrijk,15.0,30.0,99.0
2023-10-27,160,Symbolica,38.0,50.0,99.0
2023-10-27,160,Symbolica Single-rider,9.0,15.0,94.0
2023-10-27,160,The Six Swans,,,100.0
2023-10-27,160,Villa Volta,5.0,10.0,100.0
2023-10-27,160,Vogel Rok,,,0.0
2023-10-27,160,Volkvanlaaf,,,99.0
2023-10-28,160,Anton Pieck Plein,,,99.0
2023-10-28,160,Archipel,,,83.0
2023-10-28,160,Badhuys indoor splash pool,,,100.0
2023-10-28,160,Baron 1898,24.0,50.0,99.0
2023-10-28,160,Baron 1898 Single-rider,20.0,45.0,99.0
2023-10-28,160,Carnaval Festival,13.0,30.0,100.0
2023-10-28,160,De Oude Tufferbaan,14.0,25.0,81.0
2023-10-28,160,De Vliegende Hollander,23.0,40.0,100.0
2023-10-28,160,De Vliegende Hollander Single-rider,12.0,25.0,78.0
2023-10-28,160,Diorama,,,99.0
2023-10-28,160,Droomvlucht,26.0,40.0,100.0
2023-10-28,160,Droomvlucht VR,,,100.0
2023-10-28,160,Efteling Museum,,,89.0
2023-10-28,160,Fabula,10.0,10.0,99.0
2023-10-28,160,Fairytale Forest,,,99.0
2023-10-28,160,Fata Morgana,13.0,40.0,100.0
2023-10-28,160,Gondoletta,12.0,20.0,79.0
2023-10-28,160,Halve Maen,10.0,20.0,40.0
2023-10-28,160,Joris en de Draak,22.0,150.0,91.0
2023-10-28,160,Joris en de Draak Single-rider,11.0,25.0,91.0
2023-10-28,160,Kinderspoor,7.0,15.0,99.0
2023-10-28,160,Kindervreugd,,,99.0
2023-10-28,160,Kleuterhof,,,99.0
2023-10-28,160,Max & Moritz,9.0,25.0,100.0
2023-10-28,160,Max & Moritz Single-rider,,,0.0
2023-10-28,160,Monorail,14.0,25.0,99.0
2023-10-28,160,Nest!,,,99.0
2023-10-28,160,Pagode,5.0,10.0,100.0
2023-10-28,160,Piraña,5.0,10.0,100.0
2023-10-28,160,Python,15.0,25.0,92.0
2023-10-28,160,Python Single-rider,10.0,25.0,92.0
2023-10-28,160,Sirocco,7.0,15.0,100.0
2023-10-28,160,Stoomcarrousel,,,99.0
2023-10-28,160,Stoomtrein Marerijk,13.0,25.0,99.0
2023-10-28,160,Stoomtrein Ruigrijk,13.0,25.0,99.0
2023-10-28,160,Symbolica,43.0,50.0,96.0
2023-10-28,160,Symbolica Single-rider,12.0,30.0,96.0
2023-10-28,160,The Six Swans,5.0,5.0,100.0
2023-10-28,160,Villa Volta,8.0,20.0,100.0
2023-10-28,160,Vogel Rok,15.0,30.0,100.0
2023-10-28,160,Volkvanlaaf,,,99.0
2023-10-29,160,Anton Pieck Plein,,,99.0
2023-10-29,160,Archipel,,,74.0
2023-10-29,160,Badhuys indoor splash pool,,,100.0
2023-10-29,160,Baron 1898,19.0,40.0,100.0
2023-10-29,160,Baron 1898 Single-rider,14.0,30.0,98.0
2023-10-29,160,Carnaval Festival,15.0,35.0,100.0
2023-10-29,160,De Oude Tufferbaan,21.0,30.0,33.0
2023-10-29,160,De Vliegende Hollander,19.0,35.0,100.0
2023-10-29,160,De Vliegende Hollander Single-rider,11.0,25.0,72.0
2023-10-29,160,Diorama,,,99.0
2023-10-29,160,Droomvlucht,27.0,40.0,100.0
2023-10-29,160,Droomvlucht VR,,,100.0
2023-10-29,160,Efteling Museum,,,89.0
2023-10-29,160,Fabula,11.0,20.0,99.0
2023-10-29,160,Fairytale Forest,,,99.0
2023-10-29,160,Fata Morgana,10.0,25.0,100.0
2023-10-29,160,Gondoletta,7.0,15.0,69.0
2023-10-29,160,Halve Maen,8.0,20.0,94.0
2023-10-29,160,Joris en de Draak,17.0,35.0,100.0
2023-10-29,160,Joris en de Draak Single-rider,9.0,25.0,100.0
2023-10-29,160,Kinderspoor,7.0,15.0,99.0
2023-10-29,160,Kindervreugd,,,99.0
2023-10-29,160,Kleuterhof,,,100.0
2023-10-29,160,Max & Moritz,8.0,20.0,100.0
2023-10-29,160,Max & Moritz Single-rider,,,0.0
2023-10-29,160,Monorail,17.0,40.0,99.0
2023-10-29,160,Nest!,,,99.0
2023-10-29,160,Pagode,5.0,45.0,94.0
2023-10-29,160,Piraña,5.0,5.0,88.0
2023-10-29,160,Python,13.0,35.0,94.0
2023-10-29,160,Python Single-rider,9.0,30.0,92.0
2023-10-29,160,Sirocco,8.0,20.0,100.0
2023-10-29,160,Stoomcarrousel,10.0,10.0,99.0
2023-10-29,160,Stoomtrein Marerijk,19.0,30.0,99.0
2023-10-29,160,Stoomtrein Ruigrijk,19.0,30.0,94.0
2023-10-29,160,Symbolica,42.0,60.0,100.0
2023-10-29,160,Symbolica Single-rider,13.0,30.0,100.0
2023-10-29,160,The Six Swans,5.0,5.0,100.0
2023-10-29,160,Villa Volta,8.0,20.0,100.0
2023-10-29,160,Vogel Rok,11.0,40.0,100.0
2023-10-29,160,Volkvanlaaf,,,99.0
2023-10-30,160,Anton Pieck Plein,,,99.0
2023-10-30,160,Archipel,,,75.0
2023-10-30,160,Badhuys indoor splash pool,,,100.0
2023-10-30,160,Baron 1898,20.0,45.0,100.0
2023-10-30,160,Baron 1898 Single-rider,16.0,30.0,100.0
2023-10-30,160,Carnaval Festival,16.0,35.0,100.0
2023-10-30,160,De Oude Tufferbaan,15.0,30.0,69.0
2023-10-30,160,De Vliegende Hollander,21.0,35.0,99.0
2023-10-30,160,De Vliegende Hollander Single-rider,10.0,20.0,84.0
2023-10-30,160,Diorama,,,99.0
2023-10-30,160,Droomvlucht,32.0,45.0,100.0
2023-10-30,160,Droomvlucht VR,,,100.0
2023-10-30,160,Efteling Museum,,,89.0
2023-10-30,160,Fabula,10.0,10.0,99.0
2023-10-30,160,Fairytale Forest,,,99.0
2023-10-30,160,Fata Morgana,9.0,30.0,100.0
2023-10-30,160,Gondoletta,14.0,25.0,68.0
2023-10-30,160,Halve Maen,11.0,20.0,99.0
2023-10-30,160,Joris en de Draak,,,0.0
2023-10-30,160,Joris en de Draak Single-rider,,,0.0
2023-10-30,160,Kinderspoor,11.0,20.0,99.0
2023-10-30,160,Kindervreugd,,,99.0
2023-10-30,160,Kleuterhof,,,100.0
2023-10-30,160,Max & Moritz,12.0,40.0,99.0
2023-10-30,160,Max & Moritz Single-rider,7.0,20.0,83.0
2023-10-30,160,Monorail,24.0,40.0,99.0
2023-10-30,160,Nest!,,,99.0
2023-10-30,160,Pagode,5.0,10.0,100.0
2023-10-30,160,Piraña,6.0,15.0,99.0
2023-10-30,160,Python,16.0,30.0,99.0
2023-10-30,160,Python Single-rider,15.0,25.0,75.0
2023-10-30,160,Sirocco,13.0,25.0,98.0
2023-10-30,160,Stoomcarrousel,15.0,15.0,99.0
2023-10-30,160,Stoomtrein Marerijk,20.0,20.0,99.0
2023-10-30,160,Stoomtrein Ruigrijk,40.0,45.0,99.0
2023-10-30,160,Symbolica,45.0,60.0,99.0
2023-10-30,160,Symbolica Single-rider,16.0,45.0,98.0
2023-10-30,160,The Six Swans,5.0,15.0,100.0
2023-10-30,160,Villa Volta,9.0,25.0,100.0
2023-10-30,160,Vogel Rok,18.0,40.0,100.0
2023-10-30,160,Volkvanlaaf,,,99.0
2023-10-31,160,Anton Pieck Plein,,,99.0
2023-10-31,160,Archipel,,,75.0
2023-10-31,160,Badhuys indoor splash pool,,,100.0
2023-10-31,160,Baron 1898,16.0,40.0,85.0
2023-10-31,160,Baron 1898 Single-rider,14.0,30.0,85.0
2023-10-31,160,Carnaval Festival,7.0,15.0,100.0
2023-10-31,160,De Oude Tufferbaan,12.0,25.0,56.0
2023-10-31,160,De Vliegende Hollander,12.0,30.0,99.0
2023-10-31,160,De Vliegende Hollander Single-rider,7.0,15.0,75.0
2023-10-31,160,Diorama,,,99.0
2023-10-31,160,Droomvlucht,19.0,40.0,100.0
2023-10-31,160,Droomvlucht VR,,,100.0
2023-10-31,160,Efteling Museum,,,89.0
2023-10-31,160,Fabula,10.0,10.0,100.0
2023-10-31,160,Fairytale Forest,,,99.0
2023-10-31,160,Fata Morgana,6.0,15.0,80.0
2023-10-31,160,Gondoletta,9.0,15.0,65.0
2023-10-31,160,Halve Maen,15.0,25.0,99.0
2023-10-31,160,Joris en de Draak,,,0.0
2023-10-31,160,Joris en de Draak Single-rider,,,0.0
2023-10-31,160,Kinderspoor,12.0,25.0,99.0
2023-10-31,160,Kindervreugd,,,99.0
2023-10-31,160,Kleuterhof,,,100.0
2023-10-31,160,Max & Moritz,7.0,25.0,100.0
2023-10-31,160,Max & Moritz Single-rider,6.0,10.0,23.0
2023-10-31,160,Monorail,23.0,30.0,99.0
2023-10-31,160,Nest!,,,99.0
2023-10-31,160,Pagode,5.0,5.0,99.0
2023-10-31,160,Piraña,5.0,10.0,100.0
2023-10-31,160,Python,8.0,25.0,100.0
2023-10-31,160,Python Single-rider,6.0,15.0,98.0
2023-10-31,160,Sirocco,6.0,15.0,100.0
2023-10-31,160,Stoomcarrousel,,,99.0
2023-10-31,160,Stoomtrein Marerijk,12.0,25.0,98.0
2023-10-31,160,Stoomtrein Ruigrijk,12.0,25.0,98.0
2023-10-31,160,Symbolica,38.0,50.0,100.0
2023-10-31,160,Symbolica Single-rider,11.0,30.0,100.0
2023-10-31,160,The Six Swans,8.0,10.0,95.0
2023-10-31,160,Villa Volta,7.0,15.0,100.0
2023-10-31,160,Vogel Rok,8.0,15.0,100.0
2023-10-31,160,Volkvanlaaf,,,99.0
2023-11-01,160,Anton Pieck Plein,,,99.0
2023-11-01,160,Archipel,,,70.0
2023-11-01,160,Badhuys indoor splash pool,,,100.0
2023-11-01,160,Baron 1898,23.0,40.0,98.0
2023-11-01,160,Baron 1898 Single-rider,17.0,30.0,98.0
2023-11-01,160,Carnaval Festival,15.0,25.0,100.0
2023-11-01,160,De Oude Tufferbaan,22.0,40.0,79.0
2023-11-01,160,De Vliegende Hollander,21.0,35.0,100.0
2023-11-01,160,De Vliegende Hollander Single-rider,12.0,25.0,86.0
2023-11-01,160,Diorama,,,99.0
2023-11-01,160,Droomvlucht,29.0,45.0,100.0
2023-11-01,160,Droomvlucht VR,,,100.0
2023-11-01,160,Efteling Museum,,,90.0
2023-11-01,160,Fabula,10.0,10.0,99.0
2023-11-01,160,Fairytale Forest,,,99.0
2023-11-01,160,Fata Morgana,,,0.0
2023-11-01,160,Gondoletta,11.0,25.0,66.0
2023-11-01,160,Halve Maen,13.0,20.0,99.0
2023-11-01,160,Joris en de Draak,,,0.0
2023-11-01,160,Joris en de Draak Single-rider,45.0,65.0,1.0
2023-11-01,160,Kinderspoor,12.0,20.0,100.0
2023-11-01,160,Kindervreugd,,,99.0
2023-11-01,160,Kleuterhof,,,100.0
2023-11-01,160,Max & Moritz,12.0,40.0,100.0
2023-11-01,160,Max & Moritz Single-rider,7.0,10.0,38.0
2023-11-01,160,Monorail,18.0,35.0,99.0
2023-11-01,160,Nest!,,,99.0
2023-11-01,160,Pagode,8.0,20.0,86.0
2023-11-01,160,Piraña,8.0,15.0,99.0
2023-11-01,160,Python,16.0,30.0,100.0
2023-11-01,160,Python Single-rider,12.0,25.0,93.0
2023-11-01,160,Sirocco,9.0,20.0,100.0
2023-11-01,160,Stoomcarrousel,10.0,10.0,99.0
2023-11-01,160,Stoomtrein Marerijk,12.0,25.0,99.0
2023-11-01,160,Stoomtrein Ruigrijk,17.0,25.0,99.0
2023-11-01,160,Symbolica,45.0,65.0,99.0
2023-11-01,160,Symbolica Single-rider,14.0,45.0,99.0
2023-11-01,160,The Six Swans,5.0,5.0,99.0
2023-11-01,160,Villa Volta,8.0,15.0,100.0
2023-11-01,160,Vogel Rok,16.0,40.0,100.0
2023-11-01,160,Volkvanlaaf,,,99.0
2023-11-02,160,Anton Pieck Plein,,,99.0
2023-11-02,160,Archipel,,,70.0
2023-11-02,160,Badhuys indoor splash pool,,,100.0
2023-11-02,160,Baron 1898,,,0.0
2023-11-02,160,Baron 1898 Single-rider,,,0.0
2023-11-02,160,Carnaval Festival,10.0,150.0,100.0
2023-11-02,160,De Oude Tufferbaan,,,0.0
2023-11-02,160,De Vliegende Hollander,13.0,30.0,96.0
2023-11-02,160,De Vliegende Hollander Single-rider,9.0,15.0,24.0
2023-11-02,160,Diorama,,,99.0
2023-11-02,160,Droomvlucht,16.0,40.0,98.0
2023-11-02,160,Droomvlucht VR,,,53.0
2023-11-02,160,Efteling Museum,,,89.0
2023-11-02,160,Fabula,10.0,10.0,99.0
2023-11-02,160,Fairytale Forest,,,99.0
2023-11-02,160,Fata Morgana,,,0.0
2023-11-02,160,Gondoletta,,,65.0
2023-11-02,160,Halve Maen,6.0,15.0,100.0
2023-11-02,160,Joris en de Draak,,,0.0
2023-11-02,160,Joris en de Draak Single-rider,,,0.0
2023-11-02,160,Kinderspoor,10.0,15.0,100.0
2023-11-02,160,Kindervreugd,,,99.0
2023-11-02,160,Kleuterhof,,,100.0
2023-11-02,160,Max & Moritz,6.0,25.0,100.0
2023-11-02,160,Max & Moritz Single-rider,5.0,5.0,34.0
2023-11-02,160,Monorail,15.0,25.0,79.0
2023-11-02,160,Nest!,,,99.0
2023-11-02,160,Pagode,,,0.0
2023-11-02,160,Piraña,5.0,5.0,91.0
2023-11-02,160,Python,24.0,35.0,15.0
2023-11-02,160,Python Single-rider,20.0,25.0,15.0
2023-11-02,160,Sirocco,6.0,15.0,100.0
2023-11-02,160,Stoomcarrousel,10.0,10.0,99.0
2023-11-02,160,Stoomtrein Marerijk,20.0,25.0,20.0
2023-11-02,160,Stoomtrein Ruigrijk,20.0,25.0,20.0
2023-11-02,160,Symbolica,40.0,55.0,99.0
2023-11-02,160,Symbolica Single-rider,13.0,25.0,99.0
2023-11-02,160,The Six Swans,5.0,5.0,100.0
2023-11-02,160,Villa Volta,6.0,15.0,100.0
2023-11-02,160,Vogel Rok,6.0,20.0,100.0
2023-11-02,160,Volkvanlaaf,,,99.0
2023-11-03,160,Anton Pieck Plein,,,99.0
2023-11-03,160,Archipel,,,71.0
2023-11-03,160,Badhuys indoor splash pool,,,100.0
2023-11-03,160,Baron 1898,15.0,40.0,100.0
2023-11-03,160,Baron 1898 Single-rider,12.0,25.0,100.0
2023-11-03,160,Carnaval Festival,8.0,15.0,95.0
2023-11-03,160,De Oude Tufferbaan,19.0,40.0,71.0
2023-11-03,160,De Vliegende Hollander,15.0,25.0,93.0
2023-11-03,160,De Vliegende Hollander Single-rider,8.0,20.0,66.0
2023-11-03,160,Diorama,,,99.0
2023-11-03,160,Droomvlucht,17.0,35.0,100.0
2023-11-03,160,Droomvlucht VR,,,100.0
2023-11-03,160,Efteling Museum,,,89.0
2023-11-03,160,Fabula,10.0,10.0,99.0
2023-11-03,160,Fairytale Forest,,,99.0
2023-11-03,160,Fata Morgana,7.0,25.0,100.0
2023-11-03,160,Gondoletta,7.0,15.0,67.0
2023-11-03,160,Halve Maen,12.0,20.0,99.0
2023-11-03,160,Joris en de Draak,,,0.0
2023-11-03,160,Joris en de Draak Single-rider,,,0.0
2023-11-03,160,Kinderspoor,12.0,25.0,99.0
2023-11-03,160,Kindervreugd,,,99.0
2023-11-03,160,Kleuterhof,,,100.0
2023-11-03,160,Max & Moritz,7.0,25.0,100.0
2023-11-03,160,Max & Moritz Single-rider,6.0,10.0,27.0
2023-11-03,160,Monorail,21.0,30.0,99.0
2023-11-03,160,Nest!,,,99.0
2023-11-03,160,Pagode,5.0,15.0,99.0
2023-11-03,160,Piraña,5.0,5.0,99.0
2023-11-03,160,Python,10.0,25.0,99.0
2023-11-03,160,Python Single-rider,8.0,25.0,83.0
2023-11-03,160,Sirocco,6.0,15.0,100.0
2023-11-03,160,Stoomcarrousel,,,99.0
2023-11-03,160,Stoomtrein Marerijk,25.0,25.0,99.0
2023-11-03,160,Stoomtrein Ruigrijk,25.0,50.0,96.0
2023-11-03,160,Symbolica,40.0,50.0,99.0
2023-11-03,160,Symbolica Single-rider,12.0,20.0,99.0
2023-11-03,160,The Six Swans,5.0,5.0,100.0
2023-11-03,160,Villa Volta,5.0,10.0,100.0
2023-11-03,160,Vogel Rok,8.0,15.0,100.0
2023-11-03,160,Volkvanlaaf,,,99.0
2023-11-04,160,Anton Pieck Plein,,,99.0
2023-11-04,160,Archipel,,,70.0
2023-11-04,160,Badhuys indoor splash pool,,,100.0
2023-11-04,160,Baron 1898,14.0,40.0,100.0
2023-11-04,160,Baron 1898 Single-rider,10.0,30.0,100.0
2023-11-04,160,Carnaval Festival,17.0,30.0,100.0
2023-11-04,160,De Oude Tufferbaan,24.0,35.0,25.0
2023-11-04,160,De Vliegende Hollander,13.0,30.0,100.0
2023-11-04,160,De Vliegende Hollander Single-rider,7.0,15.0,80.0
2023-11-04,160,Diorama,,,99.0
2023-11-04,160,Droomvlucht,24.0,60.0,100.0
2023-11-04,160,Droomvlucht VR,,,100.0
2023-11-04,160,Efteling Museum,,,90.0
2023-11-04,160,Fabula,10.0,10.0,99.0
2023-11-04,160,Fairytale Forest,,,99.0
2023-11-04,160,Fata Morgana,9.0,20.0,100.0
2023-11-04,160,Gondoletta,5.0,5.0,64.0
2023-11-04,160,Halve Maen,5.0,5.0,89.0
2023-11-04,160,Joris en de Draak,,,0.0
2023-11-04,160,Joris en de Draak Single-rider,,,0.0
2023-11-04,160,Kinderspoor,6.0,10.0,99.0
2023-11-04,160,Kindervreugd,,,99.0
2023-11-04,160,Kleuterhof,,,100.0
2023-11-04,160,Max & Moritz,8.0,25.0,88.0
2023-11-04,160,Max & Moritz Single-rider,5.0,10.0,46.0
2023-11-04,160,Monorail,5.0,5.0,99.0
2023-11-04,160,Nest!,,,99.0
2023-11-04,160,Pagode,5.0,5.0,100.0
2023-11-04,160,Piraña,5.0,5.0,99.0
2023-11-04,160,Python,8.0,90.0,100.0
2023-11-04,160,Python Single-rider,5.0,15.0,77.0
2023-11-04,160,Sirocco,6.0,10.0,100.0
2023-11-04,160,Stoomcarrousel,13.0,15.0,99.0
2023-11-04,160,Stoomtrein Marerijk,14.0,30.0,99.0
2023-11-04,160,Stoomtrein Ruigrijk,18.0,30.0,99.0
2023-11-04,160,Symbolica,42.0,65.0,99.0
2023-11-04,160,Symbolica Single-rider,15.0,30.0,99.0
2023-11-04,160,The Six Swans,9.0,10.0,100.0
2023-11-04,160,Villa Volta,10.0,25.0,100.0
2023-11-04,160,Vogel Rok,10.0,30.0,100.0
2023-11-04,160,Volkvanlaaf,,,99.0
2023-11-05,160,Anton Pieck Plein,,,99.0
2023-11-05,160,Archipel,,,70.0
2023-11-05,160,Badhuys indoor splash pool,,,100.0
2023-11-05,160,Baron 1898,19.0,35.0,100.0
2023-11-05,160,Baron 1898 Single-rider,12.0,25.0,100.0
2023-11-05,160,Carnaval Festival,15.0,30.0,100.0
2023-11-05,160,De Oude Tufferbaan,,,3.0
2023-11-05,160,De Vliegende Hollander,18.0,45.0,99.0
2023-11-05,160,De Vliegende Hollander Single-rider,11.0,30.0,79.0
2023-11-05,160,Diorama,,,99.0
2023-11-05,160,Droomvlucht,32.0,40.0,100.0
2023-11-05,160,Droomvlucht VR,,,100.0
2023-11-05,160,Efteling Museum,,,89.0
2023-11-05,160,Fabula,10.0,10.0,100.0
2023-11-05,160,Fairytale Forest,,,99.0
2023-11-05,160,Fata Morgana,11.0,40.0,100.0
2023-11-05,160,Gondoletta,5.0,10.0,65.0
2023-11-05,160,Halve Maen,7.0,15.0,99.0
2023-11-05,160,Joris en de Draak,,,0.0
2023-11-05,160,Joris en de Draak Single-rider,,,0.0
2023-11-05,160,Kinderspoor,7.0,20.0,100.0
2023-11-05,160,Kindervreugd,,,99.0
2023-11-05,160,Kleuterhof,,,100.0
2023-11-05,160,Max & Moritz,7.0,20.0,98.0
2023-11-05,160,Max & Moritz Single-rider,5.0,5.0,59.0
2023-11-05,160,Monorail,9.0,25.0,99.0
2023-11-05,160,Nest!,,,99.0
2023-11-05,160,Pagode,5.0,5.0,97.0
2023-11-05,160,Piraña,5.0,5.0,99.0
2023-11-05,160,Python,11.0,30.0,98.0
2023-11-05,160,Python Single-rider,8.0,25.0,99.0
2023-11-05,160,Sirocco,8.0,15.0,100.0
2023-11-05,160,Stoomcarrousel,,,99.0
2023-11-05,160,Stoomtrein Marerijk,14.0,25.0,99.0
2023-11-05,160,Stoomtrein Ruigrijk,14.0,25.0,94.0
2023-11-05,160,Symbolica,43.0,60.0,99.0
2023-11-05,160,Symbolica Single-rider,17.0,30.0,99.0
2023-11-05,160,The Six Swans,5.0,5.0,99.0
2023-11-05,160,Villa Volta,7.0,20.0,100.0
2023-11-05,160,Vogel Rok,13.0,30.0,100.0
2023-11-05,160,Volkvanlaaf,,,99.0
2023-11-06,160,Anton Pieck Plein,,,99.0
2023-11-06,160,Archipel,,,85.0
2023-11-06,160,Badhuys indoor splash pool,,,44.0
2023-11-06,160,Baron 1898,14.0,30.0,98.0
2023-11-06,160,Baron 1898 Single-rider,13.0,25.0,98.0
2023-11-06,160,Carnaval Festival,9.0,20.0,100.0
2023-11-06,160,De Oude Tufferbaan,13.0,25.0,98.0
2023-11-06,160,De Vliegende Hollander,15.0,25.0,100.0
2023-11-06,160,De Vliegende Hollander Single-rider,,,0.0
2023-11-06,160,Diorama,,,99.0
2023-11-06,160,Droomvlucht,23.0,35.0,100.0
2023-11-06,160,Droomvlucht VR,,,100.0
2023-11-06,160,Efteling Museum,,,85.0
2023-11-06,160,Fabula,10.0,10.0,99.0
2023-11-06,160,Fairytale Forest,,,99.0
2023-11-06,160,Fata Morgana,9.0,30.0,100.0
2023-11-06,160,Gondoletta,5.0,5.0,79.0
2023-11-06,160,Halve Maen,5.0,10.0,99.0
2023-11-06,160,Joris en de Draak,,,0.0
2023-11-06,160,Joris en de Draak Single-rider,,,0.0
2023-11-06,160,Kinderspoor,8.0,10.0,99.0
2023-11-06,160,Kindervreugd,,,99.0
2023-11-06,160,Kleuterhof,,,99.0
2023-11-06,160,Max & Moritz,6.0,20.0,100.0
2023-11-06,160,Max & Moritz Single-rider,,,0.0
2023-11-06,160,Monorail,9.0,15.0,99.0
2023-11-06,160,Nest!,,,96.0
2023-11-06,160,Pagode,5.0,5.0,100.0
2023-11-06,160,Piraña,,,0.0
2023-11-06,160,Python,7.0,15.0,99.0
2023-11-06,160,Python Single-rider,,,0.0
2023-11-06,160,Sirocco,6.0,10.0,100.0
2023-11-06,160,Stoomcarrousel,,,99.0
2023-11-06,160,Stoomtrein Marerijk,25.0,25.0,99.0
2023-11-06,160,Stoomtrein Ruigrijk,25.0,25.0,94.0
2023-11-06,160,Symbolica,41.0,60.0,99.0
2023-11-06,160,Symbolica Single-rider,15.0,30.0,99.0
2023-11-06,160,The Six Swans,5.0,5.0,99.0
2023-11-06,160,Villa Volta,6.0,10.0,97.0
2023-11-06,160,Vogel Rok,7.0,20.0,100.0
2023-11-06,160,Volkvanlaaf,,,99.0
2023-11-07,160,Anton Pieck Plein,,,99.0
2023-11-07,160,Archipel,,,86.0
2023-11-07,160,Badhuys indoor splash pool,,,42.0
2023-11-07,160,Baron 1898,11.0,25.0,100.0
2023-11-07,160,Baron 1898 Single-rider,10.0,20.0,100.0
2023-11-07,160,Carnaval Festival,5.0,10.0,100.0
2023-11-07,160,De Oude Tufferbaan,11.0,15.0,99.0
2023-11-07,160,De Vliegende Hollander,10.0,25.0,94.0
2023-11-07,160,De Vliegende Hollander Single-rider,5.0,10.0,30.0
2023-11-07,160,Diorama,,,99.0
2023-11-07,160,Droomvlucht,12.0,20.0,100.0
2023-11-07,160,Droomvlucht VR,,,100.0
2023-11-07,160,Efteling Museum,,,86.0
2023-11-07,160,Fabula,10.0,10.0,89.0
2023-11-07,160,Fairytale Forest,,,99.0
2023-11-07,160,Fata Morgana,6.0,20.0,100.0
2023-11-07,160,Gondoletta,,,80.0
2023-11-07,160,Halve Maen,6.0,10.0,99.0
2023-11-07,160,Joris en de Draak,,,0.0
2023-11-07,160,Joris en de Draak Single-rider,,,0.0
2023-11-07,160,Kinderspoor,5.0,5.0,99.0
2023-11-07,160,Kindervreugd,,,99.0
2023-11-07,160,Kleuterhof,,,100.0
2023-11-07,160,Max & Moritz,5.0,20.0,100.0
2023-11-07,160,Max & Moritz Single-rider,,,0.0
2023-11-07,160,Monorail,5.0,5.0,99.0
2023-11-07,160,Nest!,,,99.0
2023-11-07,160,Pagode,5.0,5.0,99.0
2023-11-07,160,Piraña,,,0.0
2023-11-07,160,Python,5.0,10.0,96.0
2023-11-07,160,Python Single-rider,,,0.0
2023-11-07,160,Sirocco,5.0,5.0,100.0
2023-11-07,160,Stoomcarrousel,,,99.0
2023-11-07,160,Stoomtrein Marerijk,25.0,25.0,99.0
2023-11-07,160,Stoomtrein Ruigrijk,25.0,25.0,99.0
2023-11-07,160,Symbolica,33.0,45.0,99.0
2023-11-07,160,Symbolica Single-rider,5.0,5.0,2.0
2023-11-07,160,The Six Swans,,,99.0
2023-11-07,160,Villa Volta,,,0.0
2023-11-07,160,Vogel Rok,5.0,10.0,100.0
2023-11-07,160,Volkvanlaaf,,,99.0
2023-11-08,160,Anton Pieck Plein,,,99.0
2023-11-08,160,Archipel,,,86.0
2023-11-08,160,Badhuys indoor splash pool,,,42.0
2023-11-08,160,Baron 1898,8.0,30.0,100.0
2023-11-08,160,Baron 1898 Single-rider,7.0,30.0,100.0
2023-11-08,160,Carnaval Festival,7.0,15.0,100.0
2023-11-08,160,De Oude Tufferbaan,14.0,30.0,41.0
2023-11-08,160,De Vliegende Hollander,9.0,30.0,95.0
2023-11-08,160,De Vliegende Hollander Single-rider,8.0,15.0,23.0
2023-11-08,160,Diorama,,,99.0
2023-11-08,160,Droomvlucht,12.0,25.0,100.0
2023-11-08,160,Droomvlucht VR,,,50.0
2023-11-08,160,Efteling Museum,,,85.0
2023-11-08,160,Fabula,10.0,10.0,99.0
2023-11-08,160,Fairytale Forest,,,99.0
2023-11-08,160,Fata Morgana,6.0,15.0,100.0
2023-11-08,160,Gondoletta,,,78.0
2023-11-08,160,Halve Maen,,,79.0
2023-11-08,160,Joris en de Draak,,,0.0
2023-11-08,160,Joris en de Draak Single-rider,,,0.0
2023-11-08,160,Kinderspoor,7.0,10.0,100.0
2023-11-08,160,Kindervreugd,,,99.0
2023-11-08,160,Kleuterhof,,,100.0
2023-11-08,160,Max & Moritz,5.0,15.0,100.0
2023-11-08,160,Max & Moritz Single-rider,,,0.0
2023-11-08,160,Monorail,8.0,10.0,99.0
2023-11-08,160,Nest!,,,99.0
2023-11-08,160,Pagode,5.0,5.0,99.0
2023-11-08,160,Piraña,,,0.0
2023-11-08,160,Python,6.0,15.0,97.0
2023-11-08,160,Python Single-rider,5.0,10.0,42.0
2023-11-08,160,Sirocco,5.0,5.0,91.0
2023-11-08,160,Stoomcarrousel,,,99.0
2023-11-08,160,Stoomtrein Marerijk,25.0,25.0,99.0
2023-11-08,160,Stoomtrein Ruigrijk,25.0,25.0,94.0
2023-11-08,160,Symbolica,37.0,50.0,98.0
2023-11-08,160,Symbolica Single-rider,,,0.0
2023-11-08,160,The Six Swans,5.0,5.0,100.0
2023-11-08,160,Villa Volta,,,0.0
2023-11-08,160,Vogel Rok,5.0,10.0,100.0
2023-11-08,160,Volkvanlaaf,,,99.0
2023-11-09,160,Anton Pieck Plein,,,99.0
2023-11-09,160,Archipel,,,84.0
2023-11-09,160,Badhuys indoor splash pool,,,42.0
2023-11-09,160,Baron 1898,13.0,35.0,90.0
2023-11-09,160,Baron 1898 Single-rider,9.0,30.0,91.0
2023-11-09,160,Carnaval Festival,5.0,5.0,100.0
2023-11-09,160,De Oude Tufferbaan,7.0,15.0,61.0
2023-11-09,160,De Vliegende Hollander,7.0,25.0,86.0
2023-11-09,160,De Vliegende Hollander Single-rider,5.0,10.0,19.0
2023-11-09,160,Diorama,,,99.0
2023-11-09,160,Droomvlucht,10.0,20.0,100.0
2023-11-09,160,Droomvlucht VR,,,100.0
2023-11-09,160,Efteling Museum,,,85.0
2023-11-09,160,Fabula,10.0,10.0,100.0
2023-11-09,160,Fairytale Forest,,,99.0
2023-11-09,160,Fata Morgana,7.0,15.0,100.0
2023-11-09,160,Gondoletta,,,78.0
2023-11-09,160,Halve Maen,9.0,10.0,90.0
2023-11-09,160,Joris en de Draak,,,0.0
2023-11-09,160,Joris en de Draak Single-rider,,,0.0
2023-11-09,160,Kinderspoor,5.0,5.0,91.0
2023-11-09,160,Kindervreugd,,,99.0
2023-11-09,160,Kleuterhof,,,100.0
2023-11-09,160,Max & Moritz,5.0,15.0,90.0
2023-11-09,160,Max & Moritz Single-rider,,,0.0
2023-11-09,160,Monorail,8.0,10.0,90.0
2023-11-09,160,Nest!,,,86.0
2023-11-09,160,Pagode,5.0,5.0,91.0
2023-11-09,160,Piraña,,,0.0
2023-11-09,160,Python,8.0,20.0,73.0
2023-11-09,160,Python Single-rider,7.0,20.0,52.0
2023-11-09,160,Sirocco,5.0,5.0,90.0
2023-11-09,160,Stoomcarrousel,,,99.0
2023-11-09,160,Stoomtrein Marerijk,25.0,25.0,88.0
2023-11-09,160,Stoomtrein Ruigrijk,25.0,25.0,90.0
2023-11-09,160,Symbolica,31.0,45.0,100.0
2023-11-09,160,Symbolica Single-rider,30.0,45.0,96.0
2023-11-09,160,The Six Swans,5.0,5.0,91.0
2023-11-09,160,Villa Volta,,,1.0
2023-11-09,160,Vogel Rok,6.0,15.0,100.0
2023-11-09,160,Volkvanlaaf,,,99.0
2023-11-10,160,Anton Pieck Plein,,,99.0
2023-11-10,160,Archipel,,,83.0
2023-11-10,160,Badhuys indoor splash pool,,,42.0
2023-11-10,160,Baron 1898,12.0,35.0,100.0
2023-11-10,160,Baron 1898 Single-rider,11.0,30.0,100.0
2023-11-10,160,Carnaval Festival,7.0,10.0,100.0
2023-11-10,160,De Oude Tufferbaan,15.0,25.0,90.0
2023-11-10,160,De Vliegende Hollander,6.0,20.0,100.0
2023-11-10,160,De Vliegende Hollander Single-rider,5.0,15.0,33.0
2023-11-10,160,Diorama,,,99.0
2023-11-10,160,Droomvlucht,15.0,25.0,100.0
2023-11-10,160,Droomvlucht VR,,,100.0
2023-11-10,160,Efteling Museum,,,86.0
2023-11-10,160,Fabula,10.0,10.0,100.0
2023-11-10,160,Fairytale Forest,,,99.0
2023-11-10,160,Fata Morgana,7.0,15.0,100.0
2023-11-10,160,Gondoletta,,,79.0
2023-11-10,160,Halve Maen,5.0,10.0,98.0
2023-11-10,160,Joris en de Draak,,,0.0
2023-11-10,160,Joris en de Draak Single-rider,,,0.0
2023-11-10,160,Kinderspoor,5.0,15.0,99.0
2023-11-10,160,Kindervreugd,,,99.0
2023-11-10,160,Kleuterhof,,,100.0
2023-11-10,160,Max & Moritz,6.0,20.0,100.0
2023-11-10,160,Max & Moritz Single-rider,,,0.0
2023-11-10,160,Monorail,7.0,10.0,99.0
2023-11-10,160,Nest!,,,99.0
2023-11-10,160,Pagode,5.0,5.0,99.0
2023-11-10,160,Piraña,,,0.0
2023-11-10,160,Python,5.0,15.0,98.0
2023-11-10,160,Python Single-rider,5.0,5.0,95.0
2023-11-10,160,Sirocco,5.0,10.0,100.0
2023-11-10,160,Stoomcarrousel,,,99.0
2023-11-10,160,Stoomtrein Marerijk,25.0,25.0,97.0
2023-11-10,160,Stoomtrein Ruigrijk,25.0,25.0,99.0
2023-11-10,160,Symbolica,36.0,55.0,99.0
2023-11-10,160,Symbolica Single-rider,36.0,55.0,98.0
2023-11-10,160,The Six Swans,5.0,5.0,97.0
2023-11-10,160,Villa Volta,5.0,5.0,100.0
2023-11-10,160,Vogel Rok,6.0,10.0,100.0
2023-11-10,160,Volkvanlaaf,,,99.0
2023-11-11,160,Anton Pieck Plein,,,99.0
2023-11-11,160,Archipel,,,69.0
2023-11-11,160,Badhuys indoor splash pool,,,100.0
2023-11-11,160,Baron 1898,39.0,50.0,100.0
2023-11-11,160,Baron 1898 Single-rider,29.0,45.0,99.0
2023-11-11,160,Carnaval Festival,22.0,35.0,100.0
2023-11-11,160,De Oude Tufferbaan,28.0,45.0,89.0
2023-11-11,160,De Vliegende Hollander,29.0,40.0,99.0
2023-11-11,160,De Vliegende Hollander Single-rider,19.0,35.0,89.0
2023-11-11,160,Diorama,,,99.0
2023-11-11,160,Droomvlucht,38.0,50.0,100.0
2023-11-11,160,Droomvlucht VR,,,85.0
2023-11-11,160,Efteling Museum,,,90.0
2023-11-11,160,Fabula,10.0,10.0,99.0
2023-11-11,160,Fairytale Forest,,,99.0
2023-11-11,160,Fata Morgana,22.0,45.0,100.0
2023-11-11,160,Gondoletta,19.0,25.0,61.0
2023-11-11,160,Halve Maen,15.0,25.0,99.0
2023-11-11,160,Joris en de Draak,,,0.0
2023-11-11,160,Joris en de Draak Single-rider,,,0.0
2023-11-11,160,Kinderspoor,12.0,25.0,99.0
2023-11-11,160,Kindervreugd,,,99.0
2023-11-11,160,Kleuterhof,,,100.0
2023-11-11,160,Max & Moritz,19.0,40.0,100.0
2023-11-11,160,Max & Moritz Single-rider,10.0,20.0,79.0
2023-11-11,160,Monorail,18.0,40.0,99.0
2023-11-11,160,Nest!,,,99.0
2023-11-11,160,Pagode,10.0,20.0,99.0
2023-11-11,160,Piraña,,,0.0
2023-11-11,160,Python,23.0,35.0,99.0
2023-11-11,160,Python Single-rider,20.0,35.0,99.0
2023-11-11,160,Sirocco,13.0,25.0,99.0
2023-11-11,160,Stoomcarrousel,10.0,20.0,99.0
2023-11-11,160,Stoomtrein Marerijk,17.0,30.0,99.0
2023-11-11,160,Stoomtrein Ruigrijk,19.0,30.0,99.0
2023-11-11,160,Symbolica,52.0,70.0,95.0
2023-11-11,160,Symbolica Single-rider,19.0,60.0,95.0
2023-11-11,160,The Six Swans,9.0,15.0,99.0
2023-11-11,160,Villa Volta,16.0,30.0,100.0
2023-11-11,160,Vogel Rok,28.0,40.0,100.0
2023-11-11,160,Volkvanlaaf,,,99.0
2023-11-12,160,Anton Pieck Plein,,,99.0
2023-11-12,160,Archipel,,,71.0
2023-11-12,160,Badhuys indoor splash pool,,,100.0
2023-11-12,160,Baron 1898,45.0,65.0,100.0
2023-11-12,160,Baron 1898 Single-rider,35.0,60.0,100.0
2023-11-12,160,Carnaval Festival,24.0,40.0,100.0
2023-11-12,160,De Oude Tufferbaan,25.0,45.0,99.0
2023-11-12,160,De Vliegende Hollander,34.0,50.0,100.0
2023-11-12,160,De Vliegende Hollander Single-rider,24.0,45.0,91.0
2023-11-12,160,Diorama,,,99.0
2023-11-12,160,Droomvlucht,46.0,70.0,100.0
2023-11-12,160,Droomvlucht VR,,,100.0
2023-11-12,160,Efteling Museum,,,89.0
2023-11-12,160,Fabula,10.0,15.0,99.0
2023-11-12,160,Fairytale Forest,,,99.0
2023-11-12,160,Fata Morgana,26.0,50.0,100.0
2023-11-12,160,Gondoletta,14.0,25.0,61.0
2023-11-12,160,Halve Maen,20.0,30.0,100.0
2023-11-12,160,Joris en de Draak,,,0.0
2023-11-12,160,Joris en de Draak Single-rider,,,0.0
2023-11-12,160,Kinderspoor,16.0,25.0,99.0
2023-11-12,160,Kindervreugd,,,99.0
2023-11-12,160,Kleuterhof,,,100.0
2023-11-12,160,Max & Moritz,24.0,45.0,97.0
2023-11-12,160,Max & Moritz Single-rider,14.0,55.0,94.0
2023-11-12,160,Monorail,18.0,35.0,99.0
2023-11-12,160,Nest!,,,99.0
2023-11-12,160,Pagode,9.0,20.0,97.0
2023-11-12,160,Piraña,,,0.0
2023-11-12,160,Python,28.0,45.0,99.0
2023-11-12,160,Python Single-rider,26.0,45.0,96.0
2023-11-12,160,Sirocco,14.0,25.0,100.0
2023-11-12,160,Stoomcarrousel,15.0,15.0,99.0
2023-11-12,160,Stoomtrein Marerijk,12.0,25.0,100.0
2023-11-12,160,Stoomtrein Ruigrijk,18.0,25.0,99.0
2023-11-12,160,Symbolica,59.0,80.0,94.0
2023-11-12,160,Symbolica Single-rider,58.0,80.0,94.0
2023-11-12,160,The Six Swans,8.0,10.0,99.0
2023-11-12,160,Villa Volta,19.0,50.0,100.0
2023-11-12,160,Vogel Rok,26.0,50.0,100.0
2023-11-12,160,Volkvanlaaf,,,99.0
2023-11-13,160,Anton Pieck Plein,,,99.0
2023-11-13,160,Archipel,,,84.0
2023-11-13,160,Badhuys indoor splash pool,,,42.0
2023-11-13,160,Baron 1898,5.0,10.0,100.0
2023-11-13,160,Baron 1898 Single-rider,5.0,10.0,100.0
2023-11-13,160,Carnaval Festival,5.0,10.0,100.0
2023-11-13,160,De Oude Tufferbaan,,,13.0
2023-11-13,160,De Vliegende Hollander,5.0,10.0,100.0
2023-11-13,160,De Vliegende Hollander Single-rider,,,0.0
2023-11-13,160,Diorama,,,99.0
2023-11-13,160,Droomvlucht,,,0.0
2023-11-13,160,Droomvlucht VR,,,0.0
2023-11-13,160,Efteling Museum,,,85.0
2023-11-13,160,Fabula,10.0,10.0,99.0
2023-11-13,160,Fairytale Forest,,,99.0
2023-11-13,160,Fata Morgana,6.0,15.0,100.0
2023-11-13,160,Gondoletta,,,82.0
2023-11-13,160,Halve Maen,5.0,5.0,73.0
2023-11-13,160,Joris en de Draak,,,0.0
2023-11-13,160,Joris en de Draak Single-rider,,,0.0
2023-11-13,160,Kinderspoor,5.0,5.0,99.0
2023-11-13,160,Kindervreugd,,,99.0
2023-11-13,160,Kleuterhof,,,100.0
2023-11-13,160,Max & Moritz,5.0,5.0,100.0
2023-11-13,160,Max & Moritz Single-rider,,,0.0
2023-11-13,160,Monorail,,,99.0
2023-11-13,160,Nest!,,,99.0
2023-11-13,160,Pagode,5.0,5.0,92.0
2023-11-13,160,Piraña,,,0.0
2023-11-13,160,Python,5.0,10.0,100.0
2023-11-13,160,Python Single-rider,,,100.0
2023-11-13,160,Sirocco,5.0,10.0,100.0
2023-11-13,160,Stoomcarrousel,,,99.0
2023-11-13,160,Stoomtrein Marerijk,22.0,25.0,95.0
2023-11-13,160,Stoomtrein Ruigrijk,22.0,25.0,95.0
2023-11-13,160,Symbolica,33.0,60.0,98.0
2023-11-13,160,Symbolica Single-rider,33.0,60.0,98.0
2023-11-13,160,The Six Swans,6.0,10.0,99.0
2023-11-13,160,Villa Volta,5.0,5.0,100.0
2023-11-13,160,Vogel Rok,5.0,5.0,100.0
2023-11-13,160,Volkvanlaaf,,,99.0
2023-11-14,160,Anton Pieck Plein,,,99.0
2023-11-14,160,Archipel,,,82.0
2023-11-14,160,Badhuys indoor splash pool,,,44.0
2023-11-14,160,Baron 1898,18.0,35.0,100.0
2023-11-14,160,Baron 1898 Single-rider,12.0,30.0,100.0
2023-11-14,160,Carnaval Festival,5.0,5.0,100.0
2023-11-14,160,De Oude Tufferbaan,6.0,15.0,97.0
2023-11-14,160,De Vliegende Hollander,9.0,25.0,100.0
2023-11-14,160,De Vliegende Hollander Single-rider,8.0,20.0,48.0
2023-11-14,160,Diorama,,,100.0
2023-11-14,160,Droomvlucht,,,0.0
2023-11-14,160,Droomvlucht VR,,,0.0
2023-11-14,160,Efteling Museum,,,85.0
2023-11-14,160,Fabula,10.0,10.0,99.0
2023-11-14,160,Fairytale Forest,,,99.0
2023-11-14,160,Fata Morgana,6.0,15.0,100.0
2023-11-14,160,Gondoletta,,,76.0
2023-11-14,160,Halve Maen,7.0,15.0,99.0
2023-11-14,160,Joris en de Draak,,,0.0
2023-11-14,160,Joris en de Draak Single-rider,,,0.0
2023-11-14,160,Kinderspoor,5.0,5.0,100.0
2023-11-14,160,Kindervreugd,,,99.0
2023-11-14,160,Kleuterhof,,,100.0
2023-11-14,160,Max & Moritz,5.0,10.0,100.0
2023-11-14,160,Max & Moritz Single-rider,,,0.0
2023-11-14,160,Monorail,,,99.0
2023-11-14,160,Nest!,,,99.0
2023-11-14,160,Pagode,5.0,5.0,100.0
2023-11-14,160,Piraña,,,0.0
2023-11-14,160,Python,8.0,25.0,98.0
2023-11-14,160,Python Single-rider,6.0,15.0,60.0
2023-11-14,160,Sirocco,5.0,5.0,100.0
2023-11-14,160,Stoomcarrousel,,,100.0
2023-11-14,160,Stoomtrein Marerijk,25.0,30.0,96.0
2023-11-14,160,Stoomtrein Ruigrijk,25.0,30.0,96.0
2023-11-14,160,Symbolica,25.0,45.0,99.0
2023-11-14,160,Symbolica Single-rider,23.0,30.0,45.0
2023-11-14,160,The Six Swans,5.0,5.0,100.0
2023-11-14,160,Villa Volta,5.0,5.0,100.0
2023-11-14,160,Vogel Rok,5.0,10.0,100.0
2023-11-14,160,Volkvanlaaf,,,99.0
2023-11-15,160,Anton Pieck Plein,,,99.0
2023-11-15,160,Archipel,,,82.0
2023-11-15,160,Badhuys indoor splash pool,,,42.0
2023-11-15,160,Baron 1898,6.0,15.0,100.0
2023-11-15,160,Baron 1898 Single-rider,5.0,10.0,100.0
2023-11-15,160,Carnaval Festival,5.0,5.0,100.0
2023-11-15,160,De Oude Tufferbaan,12.0,15.0,86.0
2023-11-15,160,De Vliegende Hollander,5.0,5.0,100.0
2023-11-15,160,De Vliegende Hollander Single-rider,,,0.0
2023-11-15,160,Diorama,,,99.0
2023-11-15,160,Droomvlucht,,,0.0
2023-11-15,160,Droomvlucht VR,,,0.0
2023-11-15,160,Efteling Museum,,,85.0
2023-11-15,160,Fabula,10.0,10.0,99.0
2023-11-15,160,Fairytale Forest,,,99.0
2023-11-15,160,Fata Morgana,5.0,10.0,100.0
2023-11-15,160,Gondoletta,5.0,5.0,78.0
2023-11-15,160,Halve Maen,5.0,5.0,88.0
2023-11-15,160,Joris en de Draak,,,0.0
2023-11-15,160,Joris en de Draak Single-rider,,,0.0
2023-11-15,160,Kinderspoor,5.0,10.0,99.0
2023-11-15,160,Kindervreugd,,,99.0
2023-11-15,160,Kleuterhof,,,100.0
2023-11-15,160,Max & Moritz,5.0,5.0,100.0
2023-11-15,160,Max & Moritz Single-rider,,,0.0
2023-11-15,160,Monorail,5.0,10.0,99.0
2023-11-15,160,Nest!,,,99.0
2023-11-15,160,Pagode,5.0,5.0,99.0
2023-11-15,160,Piraña,,,0.0
2023-11-15,160,Python,5.0,5.0,100.0
2023-11-15,160,Python Single-rider,5.0,5.0,52.0
2023-11-15,160,Sirocco,5.0,5.0,100.0
2023-11-15,160,Stoomcarrousel,,,100.0
2023-11-15,160,Stoomtrein Marerijk,24.0,25.0,97.0
2023-11-15,160,Stoomtrein Ruigrijk,25.0,25.0,92.0
2023-11-15,160,Symbolica,29.0,45.0,99.0
2023-11-15,160,Symbolica Single-rider,28.0,40.0,70.0
2023-11-15,160,The Six Swans,,,99.0
2023-11-15,160,Villa Volta,5.0,5.0,100.0
2023-11-15,160,Vogel Rok,5.0,10.0,100.0
2023-11-15,160,Volkvanlaaf,,,99.0
2023-11-16,160,Anton Pieck Plein,,,99.0
2023-11-16,160,Archipel,,,82.0
2023-11-16,160,Badhuys indoor splash pool,,,42.0
2023-11-16,160,Baron 1898,7.0,20.0,100.0
2023-11-16,160,Baron 1898 Single-rider,7.0,20.0,100.0
2023-11-16,160,Carnaval Festival,5.0,5.0,100.0
2023-11-16,160,De Oude Tufferbaan,5.0,10.0,100.0
2023-11-16,160,De Vliegende Hollander,5.0,10.0,84.0
2023-11-16,160,De Vliegende Hollander Single-rider,,,0.0
2023-11-16,160,Diorama,,,99.0
2023-11-16,160,Droomvlucht,5.0,5.0,100.0
2023-11-16,160,Droomvlucht VR,,,45.0
2023-11-16,160,Efteling Museum,,,85.0
2023-11-16,160,Fabula,10.0,10.0,99.0
2023-11-16,160,Fairytale Forest,,,99.0
2023-11-16,160,Fata Morgana,7.0,15.0,100.0
2023-11-16,160,Gondoletta,,,76.0
2023-11-16,160,Halve Maen,5.0,5.0,100.0
2023-11-16,160,Joris en de Draak,,,0.0
2023-11-16,160,Joris en de Draak Single-rider,,,0.0
2023-11-16,160,Kinderspoor,,,100.0
2023-11-16,160,Kindervreugd,,,99.0
2023-11-16,160,Kleuterhof,,,99.0
2023-11-16,160,Max & Moritz,5.0,10.0,100.0
2023-11-16,160,Max & Moritz Single-rider,,,0.0
2023-11-16,160,Monorail,,,99.0
2023-11-16,160,Nest!,,,99.0
2023-11-16,160,Pagode,5.0,5.0,55.0
2023-11-16,160,Piraña,,,0.0
2023-11-16,160,Python,6.0,10.0,76.0
2023-11-16,160,Python Single-rider,5.0,5.0,47.0
2023-11-16,160,Sirocco,5.0,5.0,100.0
2023-11-16,160,Stoomcarrousel,,,99.0
2023-11-16,160,Stoomtrein Marerijk,25.0,25.0,100.0
2023-11-16,160,Stoomtrein Ruigrijk,25.0,25.0,100.0
2023-11-16,160,Symbolica,23.0,35.0,99.0
2023-11-16,160,Symbolica Single-rider,24.0,35.0,99.0
2023-11-16,160,The Six Swans,,,99.0
2023-11-16,160,Villa Volta,5.0,5.0,89.0
2023-11-16,160,Vogel Rok,5.0,5.0,92.0
2023-11-16,160,Volkvanlaaf,,,99.0
2023-11-17,160,Anton Pieck Plein,,,99.0
2023-11-17,160,Archipel,,,82.0
2023-11-17,160,Badhuys indoor splash pool,,,42.0
2023-11-17,160,Baron 1898,12.0,25.0,100.0
2023-11-17,160,Baron 1898 Single-rider,10.0,25.0,100.0
2023-11-17,160,Carnaval Festival,7.0,10.0,100.0
2023-11-17,160,De Oude Tufferbaan,11.0,20.0,57.0
2023-11-17,160,De Vliegende Hollander,6.0,15.0,100.0
2023-11-17,160,De Vliegende Hollander Single-rider,,,0.0
2023-11-17,160,Diorama,,,99.0
2023-11-17,160,Droomvlucht,14.0,25.0,100.0
2023-11-17,160,Droomvlucht VR,,,100.0
2023-11-17,160,Efteling Museum,,,85.0
2023-11-17,160,Fabula,10.0,10.0,99.0
2023-11-17,160,Fairytale Forest,,,99.0
2023-11-17,160,Fata Morgana,5.0,10.0,100.0
2023-11-17,160,Gondoletta,5.0,5.0,77.0
2023-11-17,160,Halve Maen,5.0,5.0,99.0
2023-11-17,160,Joris en de Draak,,,0.0
2023-11-17,160,Joris en de Draak Single-rider,,,0.0
2023-11-17,160,Kinderspoor,8.0,10.0,99.0
2023-11-17,160,Kindervreugd,,,99.0
2023-11-17,160,Kleuterhof,,,99.0
2023-11-17,160,Max & Moritz,5.0,5.0,100.0
2023-11-17,160,Max & Moritz Single-rider,,,0.0
2023-11-17,160,Monorail,6.0,10.0,99.0
2023-11-17,160,Nest!,,,99.0
2023-11-17,160,Pagode,5.0,5.0,60.0
2023-11-17,160,Piraña,,,0.0
2023-11-17,160,Python,5.0,10.0,100.0
2023-11-17,160,Python Single-rider,5.0,5.0,78.0
2023-11-17,160,Sirocco,5.0,5.0,91.0
2023-11-17,160,Stoomcarrousel,,,99.0
2023-11-17,160,Stoomtrein Marerijk,20.0,20.0,99.0
2023-11-17,160,Stoomtrein Ruigrijk,20.0,20.0,99.0
2023-11-17,160,Symbolica,34.0,45.0,98.0
2023-11-17,160,Symbolica Single-rider,34.0,45.0,98.0
2023-11-17,160,The Six Swans,5.0,5.0,99.0
2023-11-17,160,Villa Volta,5.0,5.0,100.0
2023-11-17,160,Vogel Rok,5.0,10.0,100.0
2023-11-17,160,Volkvanlaaf,,,99.0
2023-11-18,160,Anton Pieck Plein,,,99.0
2023-11-18,160,Archipel,,,84.0
2023-11-18,160,Badhuys indoor splash pool,,,100.0
2023-11-18,160,Baron 1898,17.0,45.0,93.0
2023-11-18,160,Baron 1898 Single-rider,10.0,30.0,93.0
2023-11-18,160,Carnaval Festival,18.0,30.0,100.0
2023-11-18,160,De Oude Tufferbaan,9.0,20.0,47.0
2023-11-18,160,De Vliegende Hollander,10.0,35.0,88.0
2023-11-18,160,De Vliegende Hollander Single-rider,7.0,10.0,25.0
2023-11-18,160,Diorama,,,99.0
2023-11-18,160,Droomvlucht,29.0,50.0,98.0
2023-11-18,160,Droomvlucht VR,,,100.0
2023-11-18,160,Efteling Museum,,,88.0
2023-11-18,160,Fabula,10.0,10.0,99.0
2023-11-18,160,Fairytale Forest,,,99.0
2023-11-18,160,Fata Morgana,8.0,25.0,100.0
2023-11-18,160,Gondoletta,,,68.0
2023-11-18,160,Halve Maen,7.0,10.0,81.0
2023-11-18,160,Joris en de Draak,,,0.0
2023-11-18,160,Joris en de Draak Single-rider,,,0.0
2023-11-18,160,Kinderspoor,5.0,5.0,99.0
2023-11-18,160,Kindervreugd,,,99.0
2023-11-18,160,Kleuterhof,,,100.0
2023-11-18,160,Max & Moritz,6.0,25.0,95.0
2023-11-18,160,Max & Moritz Single-rider,8.0,15.0,50.0
2023-11-18,160,Monorail,18.0,25.0,99.0
2023-11-18,160,Nest!,,,99.0
2023-11-18,160,Pagode,5.0,5.0,94.0
2023-11-18,160,Piraña,,,0.0
2023-11-18,160,Python,7.0,15.0,99.0
2023-11-18,160,Python Single-rider,6.0,15.0,54.0
2023-11-18,160,Sirocco,7.0,15.0,100.0
2023-11-18,160,Stoomcarrousel,15.0,15.0,99.0
2023-11-18,160,Stoomtrein Marerijk,10.0,25.0,99.0
2023-11-18,160,Stoomtrein Ruigrijk,13.0,25.0,99.0
2023-11-18,160,Symbolica,44.0,50.0,99.0
2023-11-18,160,Symbolica Single-rider,13.0,30.0,99.0
2023-11-18,160,The Six Swans,7.0,10.0,100.0
2023-11-18,160,Villa Volta,10.0,25.0,100.0
2023-11-18,160,Vogel Rok,17.0,35.0,100.0
2023-11-18,160,Volkvanlaaf,,,99.0
2023-11-19,160,Anton Pieck Plein,,,99.0
2023-11-19,160,Archipel,,,75.0
2023-11-19,160,Badhuys indoor splash pool,,,100.0
2023-11-19,160,Baron 1898,31.0,50.0,92.0
2023-11-19,160,Baron 1898 Single-rider,25.0,50.0,92.0
2023-11-19,160,Carnaval Festival,14.0,25.0,100.0
2023-11-19,160,De Oude Tufferbaan,14.0,20.0,99.0
2023-11-19,160,De Vliegende Hollander,23.0,40.0,82.0
2023-11-19,160,De Vliegende Hollander Single-rider,13.0,30.0,72.0
2023-11-19,160,Diorama,,,99.0
2023-11-19,160,Droomvlucht,32.0,50.0,100.0
2023-11-19,160,Droomvlucht VR,,,100.0
2023-11-19,160,Efteling Museum,,,88.0
2023-11-19,160,Fabula,10.0,10.0,99.0
2023-11-19,160,Fairytale Forest,,,99.0
2023-11-19,160,Fata Morgana,10.0,25.0,100.0
2023-11-19,160,Gondoletta,10.0,20.0,69.0
2023-11-19,160,Halve Maen,11.0,20.0,99.0
2023-11-19,160,Joris en de Draak,,,0.0
2023-11-19,160,Joris en de Draak Single-rider,,,0.0
2023-11-19,160,Kinderspoor,5.0,5.0,99.0
2023-11-19,160,Kindervreugd,,,99.0
2023-11-19,160,Kleuterhof,,,100.0
2023-11-19,160,Max & Moritz,6.0,20.0,100.0
2023-11-19,160,Max & Moritz Single-rider,5.0,5.0,91.0
2023-11-19,160,Monorail,10.0,20.0,99.0
2023-11-19,160,Nest!,,,99.0
2023-11-19,160,Pagode,5.0,5.0,99.0
2023-11-19,160,Piraña,,,0.0
2023-11-19,160,Python,17.0,35.0,100.0
2023-11-19,160,Python Single-rider,14.0,35.0,100.0
2023-11-19,160,Sirocco,5.0,10.0,100.0
2023-11-19,160,Stoomcarrousel,5.0,5.0,99.0
2023-11-19,160,Stoomtrein Marerijk,15.0,30.0,99.0
2023-11-19,160,Stoomtrein Ruigrijk,14.0,30.0,93.0
2023-11-19,160,Symbolica,48.0,60.0,99.0
2023-11-19,160,Symbolica Single-rider,48.0,60.0,99.0
2023-11-19,160,The Six Swans,5.0,5.0,99.0
2023-11-19,160,Villa Volta,9.0,20.0,100.0
2023-11-19,160,Vogel Rok,14.0,30.0,100.0
2023-11-19,160,Volkvanlaaf,,,99.0
2023-11-20,160,Anton Pieck Plein,,,99.0
2023-11-20,160,Archipel,,,82.0
2023-11-20,160,Badhuys indoor splash pool,,,42.0
2023-11-20,160,Baron 1898,8.0,20.0,100.0
2023-11-20,160,Baron 1898 Single-rider,7.0,20.0,100.0
2023-11-20,160,Carnaval Festival,,,0.0
2023-11-20,160,De Oude Tufferbaan,7.0,15.0,99.0
2023-11-20,160,De Vliegende Hollander,8.0,20.0,96.0
2023-11-20,160,De Vliegende Hollander Single-rider,5.0,10.0,32.0
2023-11-20,160,Diorama,,,99.0
2023-11-20,160,Droomvlucht,11.0,20.0,100.0
2023-11-20,160,Droomvlucht VR,,,100.0
2023-11-20,160,Efteling Museum,,,86.0
2023-11-20,160,Fabula,10.0,10.0,99.0
2023-11-20,160,Fairytale Forest,,,99.0
2023-11-20,160,Fata Morgana,6.0,20.0,100.0
2023-11-20,160,Gondoletta,5.0,5.0,74.0
2023-11-20,160,Halve Maen,5.0,5.0,86.0
2023-11-20,160,Joris en de Draak,,,0.0
2023-11-20,160,Joris en de Draak Single-rider,,,0.0
2023-11-20,160,Kinderspoor,7.0,10.0,99.0
2023-11-20,160,Kindervreugd,,,99.0
2023-11-20,160,Kleuterhof,,,100.0
2023-11-20,160,Max & Moritz,5.0,10.0,100.0
2023-11-20,160,Max & Moritz Single-rider,,,0.0
2023-11-20,160,Monorail,,,96.0
2023-11-20,160,Nest!,,,99.0
2023-11-20,160,Pagode,5.0,5.0,96.0
2023-11-20,160,Piraña,,,0.0
2023-11-20,160,Python,14.0,30.0,90.0
2023-11-20,160,Python Single-rider,9.0,25.0,86.0
2023-11-20,160,Sirocco,5.0,5.0,100.0
2023-11-20,160,Stoomcarrousel,,,99.0
2023-11-20,160,Stoomtrein Marerijk,,,97.0
2023-11-20,160,Stoomtrein Ruigrijk,,,91.0
2023-11-20,160,Symbolica,34.0,45.0,99.0
2023-11-20,160,Symbolica Single-rider,34.0,45.0,99.0
2023-11-20,160,The Six Swans,,,100.0
2023-11-20,160,Villa Volta,5.0,5.0,90.0
2023-11-20,160,Vogel Rok,5.0,10.0,100.0
2023-11-20,160,Volkvanlaaf,,,99.0
2023-11-21,160,Anton Pieck Plein,,,99.0
2023-11-21,160,Archipel,,,86.0
2023-11-21,160,Badhuys indoor splash pool,,,100.0
2023-11-21,160,Baron 1898,7.0,20.0,97.0
2023-11-21,160,Baron 1898 Single-rider,6.0,15.0,97.0
2023-11-21,160,Carnaval Festival,,,0.0
2023-11-21,160,De Oude Tufferbaan,5.0,10.0,99.0
2023-11-21,160,De Vliegende Hollander,5.0,5.0,100.0
2023-11-21,160,De Vliegende Hollander Single-rider,,,0.0
2023-11-21,160,Diorama,,,99.0
2023-11-21,160,Droomvlucht,6.0,10.0,100.0
2023-11-21,160,Droomvlucht VR,,,100.0
2023-11-21,160,Efteling Museum,,,85.0
2023-11-21,160,Fabula,10.0,10.0,99.0
2023-11-21,160,Fairytale Forest,,,99.0
2023-11-21,160,Fata Morgana,5.0,10.0,100.0
2023-11-21,160,Gondoletta,,,76.0
2023-11-21,160,Halve Maen,5.0,5.0,95.0
2023-11-21,160,Joris en de Draak,,,0.0
2023-11-21,160,Joris en de Draak Single-rider,,,0.0
2023-11-21,160,Kinderspoor,,,99.0
2023-11-21,160,Kindervreugd,,,99.0
2023-11-21,160,Kleuterhof,,,100.0
2023-11-21,160,Max & Moritz,5.0,10.0,100.0
2023-11-21,160,Max & Moritz Single-rider,,,0.0
2023-11-21,160,Monorail,,,99.0
2023-11-21,160,Nest!,,,99.0
2023-11-21,160,Pagode,5.0,5.0,86.0
2023-11-21,160,Piraña,,,0.0
2023-11-21,160,Python,7.0,20.0,95.0
2023-11-21,160,Python Single-rider,,,0.0
2023-11-21,160,Sirocco,5.0,5.0,100.0
2023-11-21,160,Stoomcarrousel,,,99.0
2023-11-21,160,Stoomtrein Marerijk,25.0,25.0,99.0
2023-11-21,160,Stoomtrein Ruigrijk,25.0,25.0,99.0
2023-11-21,160,Symbolica,28.0,40.0,98.0
2023-11-21,160,Symbolica Single-rider,28.0,40.0,98.0
2023-11-21,160,The Six Swans,,,99.0
2023-11-21,160,Villa Volta,5.0,5.0,100.0
2023-11-21,160,Vogel Rok,5.0,5.0,98.0
2023-11-21,160,Volkvanlaaf,,,99.0
2023-11-22,160,Anton Pieck Plein,,,99.0
2023-11-22,160,Archipel,,,91.0
2023-11-22,160,Badhuys indoor splash pool,,,42.0
2023-11-22,160,Baron 1898,6.0,15.0,100.0
2023-11-22,160,Baron 1898 Single-rider,6.0,15.0,97.0
2023-11-22,160,Carnaval Festival,,,0.0
2023-11-22,160,De Oude Tufferbaan,11.0,20.0,100.0
2023-11-22,160,De Vliegende Hollander,5.0,10.0,100.0
2023-11-22,160,De Vliegende Hollander Single-rider,,,0.0
2023-11-22,160,Diorama,,,99.0
2023-11-22,160,Droomvlucht,14.0,30.0,96.0
2023-11-22,160,Droomvlucht VR,,,100.0
2023-11-22,160,Efteling Museum,,,86.0
2023-11-22,160,Fabula,10.0,10.0,99.0
2023-11-22,160,Fairytale Forest,,,99.0
2023-11-22,160,Fata Morgana,5.0,15.0,100.0
2023-11-22,160,Gondoletta,,,75.0
2023-11-22,160,Halve Maen,,,86.0
2023-11-22,160,Joris en de Draak,,,0.0
2023-11-22,160,Joris en de Draak Single-rider,,,0.0
2023-11-22,160,Kinderspoor,5.0,5.0,99.0
2023-11-22,160,Kindervreugd,,,99.0
2023-11-22,160,Kleuterhof,,,100.0
2023-11-22,160,Max & Moritz,5.0,15.0,100.0
2023-11-22,160,Max & Moritz Single-rider,,,0.0
2023-11-22,160,Monorail,6.0,10.0,99.0
2023-11-22,160,Nest!,,,99.0
2023-11-22,160,Pagode,5.0,5.0,88.0
2023-11-22,160,Piraña,,,0.0
2023-11-22,160,Python,11.0,25.0,91.0
2023-11-22,160,Python Single-rider,10.0,20.0,90.0
2023-11-22,160,Sirocco,5.0,5.0,100.0
2023-11-22,160,Stoomcarrousel,,,99.0
2023-11-22,160,Stoomtrein Marerijk,29.0,30.0,96.0
2023-11-22,160,Stoomtrein Ruigrijk,30.0,30.0,91.0
2023-11-22,160,Symbolica,27.0,40.0,100.0
2023-11-22,160,Symbolica Single-rider,27.0,40.0,100.0
2023-11-22,160,The Six Swans,,,99.0
2023-11-22,160,Villa Volta,5.0,10.0,98.0
2023-11-22,160,Vogel Rok,5.0,5.0,100.0
2023-11-22,160,Volkvanlaaf,,,99.0
2023-11-23,160,Anton Pieck Plein,,,99.0
2023-11-23,160,Archipel,,,82.0
2023-11-23,160,Badhuys indoor splash pool,,,42.0
2023-11-23,160,Baron 1898,7.0,20.0,86.0
2023-11-23,160,Baron 1898 Single-rider,7.0,15.0,86.0
2023-11-23,160,Carnaval Festival,,,0.0
2023-11-23,160,De Oude Tufferbaan,10.0,20.0,99.0
2023-11-23,160,De Vliegende Hollander,5.0,5.0,99.0
2023-11-23,160,De Vliegende Hollander Single-rider,,,0.0
2023-11-23,160,Diorama,,,99.0
2023-11-23,160,Droomvlucht,6.0,10.0,100.0
2023-11-23,160,Droomvlucht VR,,,100.0
2023-11-23,160,Efteling Museum,,,85.0
2023-11-23,160,Fabula,10.0,10.0,99.0
2023-11-23,160,Fairytale Forest,,,99.0
2023-11-23,160,Fata Morgana,5.0,5.0,100.0
2023-11-23,160,Gondoletta,,,75.0
2023-11-23,160,Halve Maen,5.0,5.0,82.0
2023-11-23,160,Joris en de Draak,,,0.0
2023-11-23,160,Joris en de Draak Single-rider,,,0.0
2023-11-23,160,Kinderspoor,,,99.0
2023-11-23,160,Kindervreugd,,,99.0
2023-11-23,160,Kleuterhof,,,100.0
2023-11-23,160,Max & Moritz,5.0,5.0,100.0
2023-11-23,160,Max & Moritz Single-rider,,,0.0
2023-11-23,160,Monorail,7.0,10.0,92.0
2023-11-23,160,Nest!,,,99.0
2023-11-23,160,Pagode,5.0,5.0,95.0
2023-11-23,160,Piraña,,,0.0
2023-11-23,160,Python,5.0,10.0,99.0
2023-11-23,160,Python Single-rider,5.0,5.0,64.0
2023-11-23,160,Sirocco,5.0,5.0,100.0
2023-11-23,160,Stoomcarrousel,,,99.0
2023-11-23,160,Stoomtrein Marerijk,25.0,25.0,99.0
2023-11-23,160,Stoomtrein Ruigrijk,25.0,25.0,99.0
2023-11-23,160,Symbolica,18.0,25.0,97.0
2023-11-23,160,Symbolica Single-rider,18.0,25.0,97.0
2023-11-23,160,The Six Swans,,,99.0
2023-11-23,160,Villa Volta,5.0,5.0,100.0
2023-11-23,160,Vogel Rok,5.0,5.0,100.0
2023-11-23,160,Volkvanlaaf,,,99.0
2023-11-24,160,Anton Pieck Plein,,,99.0
2023-11-24,160,Archipel,,,79.0
2023-11-24,160,Badhuys indoor splash pool,,,42.0
2023-11-24,160,Baron 1898,6.0,25.0,100.0
2023-11-24,160,Baron 1898 Single-rider,5.0,15.0,100.0
2023-11-24,160,Carnaval Festival,,,0.0
2023-11-24,160,De Oude Tufferbaan,7.0,15.0,78.0
2023-11-24,160,De Vliegende Hollander,5.0,5.0,99.0
2023-11-24,160,De Vliegende Hollander Single-rider,,,0.0
2023-11-24,160,Diorama,,,99.0
2023-11-24,160,Droomvlucht,11.0,15.0,96.0
2023-11-24,160,Droomvlucht VR,,,100.0
2023-11-24,160,Efteling Museum,,,85.0
2023-11-24,160,Fabula,10.0,10.0,99.0
2023-11-24,160,Fairytale Forest,,,99.0
2023-11-24,160,Fata Morgana,5.0,5.0,100.0
2023-11-24,160,Gondoletta,5.0,5.0,75.0
2023-11-24,160,Halve Maen,,,99.0
2023-11-24,160,Joris en de Draak,,,0.0
2023-11-24,160,Joris en de Draak Single-rider,,,0.0
2023-11-24,160,Kinderspoor,,,99.0
2023-11-24,160,Kindervreugd,,,99.0
2023-11-24,160,Kleuterhof,,,100.0
2023-11-24,160,Max & Moritz,5.0,5.0,100.0
2023-11-24,160,Max & Moritz Single-rider,,,0.0
2023-11-24,160,Monorail,,,98.0
2023-11-24,160,Nest!,,,99.0
2023-11-24,160,Pagode,5.0,5.0,96.0
2023-11-24,160,Piraña,,,0.0
2023-11-24,160,Python,6.0,10.0,99.0
2023-11-24,160,Python Single-rider,,,47.0
2023-11-24,160,Sirocco,5.0,5.0,100.0
2023-11-24,160,Stoomcarrousel,,,99.0
2023-11-24,160,Stoomtrein Marerijk,25.0,25.0,99.0
2023-11-24,160,Stoomtrein Ruigrijk,25.0,25.0,99.0
2023-11-24,160,Symbolica,17.0,25.0,97.0
2023-11-24,160,Symbolica Single-rider,17.0,25.0,96.0
2023-11-24,160,The Six Swans,,,99.0
2023-11-24,160,Villa Volta,5.0,5.0,100.0
2023-11-24,160,Vogel Rok,5.0,10.0,100.0
2023-11-24,160,Volkvanlaaf,,,99.0
2023-11-25,160,Anton Pieck Plein,,,99.0
2023-11-25,160,Archipel,,,73.0
2023-11-25,160,Badhuys indoor splash pool,,,100.0
2023-11-25,160,Baron 1898,30.0,45.0,100.0
2023-11-25,160,Baron 1898 Single-rider,19.0,30.0,100.0
2023-11-25,160,Carnaval Festival,,,0.0
2023-11-25,160,De Oude Tufferbaan,19.0,30.0,77.0
2023-11-25,160,De Vliegende Hollander,18.0,30.0,99.0
2023-11-25,160,De Vliegende Hollander Single-rider,7.0,20.0,83.0
2023-11-25,160,Diorama,,,99.0
2023-11-25,160,Droomvlucht,32.0,50.0,100.0
2023-11-25,160,Droomvlucht VR,,,94.0
2023-11-25,160,Efteling Museum,,,88.0
2023-11-25,160,Fabula,10.0,10.0,99.0
2023-11-25,160,Fairytale Forest,,,99.0
2023-11-25,160,Fata Morgana,15.0,35.0,100.0
2023-11-25,160,Gondoletta,8.0,15.0,65.0
2023-11-25,160,Halve Maen,12.0,20.0,97.0
2023-11-25,160,Joris en de Draak,,,0.0
2023-11-25,160,Joris en de Draak Single-rider,,,0.0
2023-11-25,160,Kinderspoor,12.0,15.0,100.0
2023-11-25,160,Kindervreugd,,,99.0
2023-11-25,160,Kleuterhof,,,99.0
2023-11-25,160,Max & Moritz,9.0,35.0,100.0
2023-11-25,160,Max & Moritz Single-rider,6.0,20.0,85.0
2023-11-25,160,Monorail,15.0,30.0,99.0
2023-11-25,160,Nest!,,,99.0
2023-11-25,160,Pagode,9.0,25.0,88.0
2023-11-25,160,Piraña,,,0.0
2023-11-25,160,Python,14.0,25.0,99.0
2023-11-25,160,Python Single-rider,8.0,20.0,89.0
2023-11-25,160,Sirocco,9.0,15.0,100.0
2023-11-25,160,Stoomcarrousel,10.0,10.0,99.0
2023-11-25,160,Stoomtrein Marerijk,15.0,30.0,99.0
2023-11-25,160,Stoomtrein Ruigrijk,12.0,25.0,99.0
2023-11-25,160,Symbolica,37.0,50.0,94.0
2023-11-25,160,Symbolica Single-rider,37.0,50.0,94.0
2023-11-25,160,The Six Swans,7.0,10.0,99.0
2023-11-25,160,Villa Volta,14.0,25.0,100.0
2023-11-25,160,Vogel Rok,21.0,40.0,100.0
2023-11-25,160,Volkvanlaaf,,,99.0
2023-11-26,160,Anton Pieck Plein,,,99.0
2023-11-26,160,Archipel,,,73.0
2023-11-26,160,Badhuys indoor splash pool,,,100.0
2023-11-26,160,Baron 1898,29.0,45.0,100.0
2023-11-26,160,Baron 1898 Single-rider,23.0,55.0,100.0
2023-11-26,160,Carnaval Festival,,,0.0
2023-11-26,160,De Oude Tufferbaan,18.0,30.0,99.0
2023-11-26,160,De Vliegende Hollander,21.0,35.0,99.0
2023-11-26,160,De Vliegende Hollander Single-rider,11.0,20.0,64.0
2023-11-26,160,Diorama,,,99.0
2023-11-26,160,Droomvlucht,37.0,60.0,100.0
2023-11-26,160,Droomvlucht VR,,,100.0
2023-11-26,160,Efteling Museum,,,88.0
2023-11-26,160,Fabula,10.0,10.0,99.0
2023-11-26,160,Fairytale Forest,,,99.0
2023-11-26,160,Fata Morgana,16.0,30.0,100.0
2023-11-26,160,Gondoletta,8.0,15.0,66.0
2023-11-26,160,Halve Maen,7.0,15.0,99.0
2023-11-26,160,Joris en de Draak,,,0.0
2023-11-26,160,Joris en de Draak Single-rider,,,0.0
2023-11-26,160,Kinderspoor,5.0,5.0,99.0
2023-11-26,160,Kindervreugd,,,99.0
2023-11-26,160,Kleuterhof,,,100.0
2023-11-26,160,Max & Moritz,7.0,20.0,100.0
2023-11-26,160,Max & Moritz Single-rider,5.0,10.0,99.0
2023-11-26,160,Monorail,11.0,15.0,93.0
2023-11-26,160,Nest!,,,99.0
2023-11-26,160,Pagode,5.0,10.0,65.0
2023-11-26,160,Piraña,,,0.0
2023-11-26,160,Python,16.0,25.0,92.0
2023-11-26,160,Python Single-rider,12.0,25.0,89.0
2023-11-26,160,Sirocco,8.0,20.0,100.0
2023-11-26,160,Stoomcarrousel,,,99.0
2023-11-26,160,Stoomtrein Marerijk,15.0,30.0,99.0
2023-11-26,160,Stoomtrein Ruigrijk,15.0,30.0,99.0
2023-11-26,160,Symbolica,34.0,45.0,99.0
2023-11-26,160,Symbolica Single-rider,31.0,45.0,99.0
2023-11-26,160,The Six Swans,5.0,5.0,100.0
2023-11-26,160,Villa Volta,8.0,15.0,100.0
2023-11-26,160,Vogel Rok,15.0,40.0,100.0
2023-11-26,160,Volkvanlaaf,,,99.0
2023-11-27,160,Anton Pieck Plein,,,99.0
2023-11-27,160,Archipel,,,86.0
2023-11-27,160,Badhuys indoor splash pool,,,44.0
2023-11-27,160,Baron 1898,5.0,5.0,100.0
2023-11-27,160,Baron 1898 Single-rider,5.0,5.0,100.0
2023-11-27,160,Carnaval Festival,,,0.0
2023-11-27,160,De Oude Tufferbaan,,,4.0
2023-11-27,160,De Vliegende Hollander,5.0,5.0,100.0
2023-11-27,160,De Vliegende Hollander Single-rider,,,0.0
2023-11-27,160,Diorama,,,99.0
2023-11-27,160,Droomvlucht,5.0,5.0,100.0
2023-11-27,160,Droomvlucht VR,,,100.0
2023-11-27,160,Efteling Museum,,,85.0
2023-11-27,160,Fabula,10.0,10.0,99.0
2023-11-27,160,Fairytale Forest,,,99.0
2023-11-27,160,Fata Morgana,6.0,10.0,100.0
2023-11-27,160,Gondoletta,,,71.0
2023-11-27,160,Halve Maen,,,4.0
2023-11-27,160,Joris en de Draak,,,0.0
2023-11-27,160,Joris en de Draak Single-rider,,,0.0
2023-11-27,160,Kinderspoor,,,0.0
2023-11-27,160,Kindervreugd,,,99.0
2023-11-27,160,Kleuterhof,,,100.0
2023-11-27,160,Max & Moritz,5.0,5.0,100.0
2023-11-27,160,Max & Moritz Single-rider,,,0.0
2023-11-27,160,Monorail,,,99.0
2023-11-27,160,Nest!,,,99.0
2023-11-27,160,Pagode,5.0,5.0,67.0
2023-11-27,160,Piraña,,,0.0
2023-11-27,160,Python,5.0,5.0,97.0
2023-11-27,160,Python Single-rider,5.0,5.0,23.0
2023-11-27,160,Sirocco,5.0,5.0,100.0
2023-11-27,160,Stoomcarrousel,,,99.0
2023-11-27,160,Stoomtrein Marerijk,25.0,25.0,96.0
2023-11-27,160,Stoomtrein Ruigrijk,25.0,25.0,92.0
2023-11-27,160,Symbolica,13.0,20.0,99.0
2023-11-27,160,Symbolica Single-rider,13.0,20.0,99.0
2023-11-27,160,The Six Swans,,,100.0
2023-11-27,160,Villa Volta,5.0,5.0,100.0
2023-11-27,160,Vogel Rok,5.0,5.0,100.0
2023-11-27,160,Volkvanlaaf,,,99.0
2023-11-28,160,Anton Pieck Plein,,,99.0
2023-11-28,160,Archipel,,,78.0
2023-11-28,160,Badhuys indoor splash pool,,,44.0
2023-11-28,160,Baron 1898,6.0,20.0,100.0
2023-11-28,160,Baron 1898 Single-rider,5.0,15.0,100.0
2023-11-28,160,Carnaval Festival,,,0.0
2023-11-28,160,De Oude Tufferbaan,10.0,15.0,99.0
2023-11-28,160,De Vliegende Hollander,5.0,5.0,88.0
2023-11-28,160,De Vliegende Hollander Single-rider,,,0.0
2023-11-28,160,Diorama,,,99.0
2023-11-28,160,Droomvlucht,6.0,10.0,100.0
2023-11-28,160,Droomvlucht VR,,,100.0
2023-11-28,160,Efteling Museum,,,85.0
2023-11-28,160,Fabula,10.0,10.0,95.0
2023-11-28,160,Fairytale Forest,,,99.0
2023-11-28,160,Fata Morgana,5.0,10.0,100.0
2023-11-28,160,Gondoletta,5.0,5.0,73.0
2023-11-28,160,Halve Maen,,,0.0
2023-11-28,160,Joris en de Draak,,,0.0
2023-11-28,160,Joris en de Draak Single-rider,,,0.0
2023-11-28,160,Kinderspoor,,,84.0
2023-11-28,160,Kindervreugd,,,99.0
2023-11-28,160,Kleuterhof,,,100.0
2023-11-28,160,Max & Moritz,5.0,5.0,77.0
2023-11-28,160,Max & Moritz Single-rider,,,0.0
2023-11-28,160,Monorail,5.0,5.0,84.0
2023-11-28,160,Nest!,,,99.0
2023-11-28,160,Pagode,5.0,5.0,92.0
2023-11-28,160,Piraña,,,0.0
2023-11-28,160,Python,12.0,20.0,65.0
2023-11-28,160,Python Single-rider,11.0,35.0,61.0
2023-11-28,160,Sirocco,5.0,5.0,100.0
2023-11-28,160,Stoomcarrousel,,,99.0
2023-11-28,160,Stoomtrein Marerijk,24.0,25.0,96.0
2023-11-28,160,Stoomtrein Ruigrijk,25.0,25.0,90.0
2023-11-28,160,Symbolica,12.0,25.0,99.0
2023-11-28,160,Symbolica Single-rider,12.0,20.0,99.0
2023-11-28,160,The Six Swans,,,100.0
2023-11-28,160,Villa Volta,5.0,5.0,100.0
2023-11-28,160,Vogel Rok,5.0,5.0,98.0
2023-11-28,160,Volkvanlaaf,,,99.0
2023-11-29,160,Anton Pieck Plein,,,99.0
2023-11-29,160,Archipel,,,78.0
2023-11-29,160,Badhuys indoor splash pool,,,44.0
2023-11-29,160,Baron 1898,5.0,10.0,98.0
2023-11-29,160,Baron 1898 Single-rider,5.0,15.0,100.0
2023-11-29,160,Carnaval Festival,,,0.0
2023-11-29,160,De Oude Tufferbaan,7.0,15.0,80.0
2023-11-29,160,De Vliegende Hollander,5.0,5.0,91.0
2023-11-29,160,De Vliegende Hollander Single-rider,,,0.0
2023-11-29,160,Diorama,,,99.0
2023-11-29,160,Droomvlucht,5.0,5.0,100.0
2023-11-29,160,Droomvlucht VR,,,100.0
2023-11-29,160,Efteling Museum,,,85.0
2023-11-29,160,Fabula,10.0,10.0,99.0
2023-11-29,160,Fairytale Forest,,,99.0
2023-11-29,160,Fata Morgana,5.0,5.0,100.0
2023-11-29,160,Gondoletta,,,73.0
2023-11-29,160,Halve Maen,,,0.0
2023-11-29,160,Joris en de Draak,,,0.0
2023-11-29,160,Joris en de Draak Single-rider,,,0.0
2023-11-29,160,Kinderspoor,5.0,5.0,99.0
2023-11-29,160,Kindervreugd,,,99.0
2023-11-29,160,Kleuterhof,,,100.0
2023-11-29,160,Max & Moritz,5.0,5.0,100.0
2023-11-29,160,Max & Moritz Single-rider,,,0.0
2023-11-29,160,Monorail,,,94.0
2023-11-29,160,Nest!,,,99.0
2023-11-29,160,Pagode,5.0,5.0,86.0
2023-11-29,160,Piraña,,,0.0
2023-11-29,160,Python,5.0,5.0,100.0
2023-11-29,160,Python Single-rider,,,44.0
2023-11-29,160,Sirocco,5.0,5.0,100.0
2023-11-29,160,Stoomcarrousel,,,99.0
2023-11-29,160,Stoomtrein Marerijk,25.0,25.0,100.0
2023-11-29,160,Stoomtrein Ruigrijk,25.0,25.0,100.0
2023-11-29,160,Symbolica,10.0,20.0,99.0
2023-11-29,160,Symbolica Single-rider,10.0,20.0,99.0
2023-11-29,160,The Six Swans,,,99.0
2023-11-29,160,Villa Volta,5.0,5.0,100.0
2023-11-29,160,Vogel Rok,5.0,5.0,100.0
2023-11-29,160,Volkvanlaaf,,,99.0
2023-11-30,160,Anton Pieck Plein,,,99.0
2023-11-30,160,Archipel,,,80.0
2023-11-30,160,Badhuys indoor splash pool,,,42.0
2023-11-30,160,Baron 1898,5.0,10.0,98.0
2023-11-30,160,Baron 1898 Single-rider,5.0,5.0,98.0
2023-11-30,160,Carnaval Festival,,,0.0
2023-11-30,160,De Oude Tufferbaan,5.0,5.0,96.0
2023-11-30,160,De Vliegende Hollander,7.0,15.0,20.0
2023-11-30,160,De Vliegende Hollander Single-rider,,,0.0
2023-11-30,160,Diorama,,,100.0
2023-11-30,160,Droomvlucht,5.0,10.0,100.0
2023-11-30,160,Droomvlucht VR,,,60.0
2023-11-30,160,Efteling Museum,,,85.0
2023-11-30,160,Fabula,10.0,10.0,99.0
2023-11-30,160,Fairytale Forest,,,99.0
2023-11-30,160,Fata Morgana,5.0,10.0,100.0
2023-11-30,160,Gondoletta,,,73.0
2023-11-30,160,Halve Maen,,,0.0
2023-11-30,160,Joris en de Draak,,,0.0
2023-11-30,160,Joris en de Draak Single-rider,,,0.0
2023-11-30,160,Kinderspoor,,,99.0
2023-11-30,160,Kindervreugd,,,99.0
2023-11-30,160,Kleuterhof,,,100.0
2023-11-30,160,Max & Moritz,5.0,5.0,100.0
2023-11-30,160,Max & Moritz Single-rider,,,0.0
2023-11-30,160,Monorail,,,99.0
2023-11-30,160,Nest!,,,99.0
2023-11-30,160,Pagode,5.0,5.0,77.0
2023-11-30,160,Piraña,,,0.0
2023-11-30,160,Python,7.0,15.0,100.0
2023-11-30,160,Python Single-rider,,,0.0
2023-11-30,160,Sirocco,5.0,5.0,100.0
2023-11-30,160,Stoomcarrousel,,,100.0
2023-11-30,160,Stoomtrein Marerijk,25.0,25.0,100.0
2023-11-30,160,Stoomtrein Ruigrijk,25.0,25.0,100.0
2023-11-30,160,Symbolica,11.0,15.0,96.0
2023-11-30,160,Symbolica Single-rider,11.0,15.0,96.0
2023-11-30,160,The Six Swans,,,99.0
2023-11-30,160,Villa Volta,5.0,5.0,100.0
2023-11-30,160,Vogel Rok,5.0,10.0,100.0
2023-11-30,160,Volkvanlaaf,,,99.0
2023-12-01,160,Anton Pieck Plein,,,99.0
2023-12-01,160,Archipel,,,79.0
2023-12-01,160,Badhuys indoor splash pool,,,44.0
2023-12-01,160,Baron 1898,7.0,15.0,91.0
2023-12-01,160,Baron 1898 Single-rider,7.0,15.0,91.0
2023-12-01,160,Carnaval Festival,,,0.0
2023-12-01,160,De Oude Tufferbaan,9.0,15.0,99.0
2023-12-01,160,De Vliegende Hollander,,,0.0
2023-12-01,160,De Vliegende Hollander Single-rider,,,0.0
2023-12-01,160,Diorama,,,99.0
2023-12-01,160,Droomvlucht,12.0,25.0,100.0
2023-12-01,160,Droomvlucht VR,,,100.0
2023-12-01,160,Efteling Museum,,,85.0
2023-12-01,160,Fabula,10.0,10.0,99.0
2023-12-01,160,Fairytale Forest,,,99.0
2023-12-01,160,Fata Morgana,6.0,15.0,100.0
2023-12-01,160,Gondoletta,,,73.0
2023-12-01,160,Halve Maen,,,0.0
2023-12-01,160,Joris en de Draak,,,0.0
2023-12-01,160,Joris en de Draak Single-rider,,,0.0
2023-12-01,160,Kinderspoor,,,99.0
2023-12-01,160,Kindervreugd,,,99.0
2023-12-01,160,Kleuterhof,,,99.0
2023-12-01,160,Max & Moritz,5.0,5.0,100.0
2023-12-01,160,Max & Moritz Single-rider,,,0.0
2023-12-01,160,Monorail,,,94.0
2023-12-01,160,Nest!,,,99.0
2023-12-01,160,Pagode,5.0,5.0,98.0
2023-12-01,160,Piraña,,,0.0
2023-12-01,160,Python,7.0,15.0,95.0
2023-12-01,160,Python Single-rider,5.0,5.0,46.0
2023-12-01,160,Sirocco,5.0,5.0,100.0
2023-12-01,160,Stoomcarrousel,,,99.0
2023-12-01,160,Stoomtrein Marerijk,25.0,25.0,99.0
2023-12-01,160,Stoomtrein Ruigrijk,25.0,25.0,99.0
2023-12-01,160,Symbolica,19.0,25.0,99.0
2023-12-01,160,Symbolica Single-rider,19.0,25.0,99.0
2023-12-01,160,The Six Swans,,,99.0
2023-12-01,160,Villa Volta,5.0,10.0,100.0
2023-12-01,160,Vogel Rok,5.0,5.0,100.0
2023-12-01,160,Volkvanlaaf,,,99.0
2023-12-02,160,Anton Pieck Plein,,,100.0
2023-12-02,160,Archipel,,,73.0
2023-12-02,160,Badhuys indoor splash pool,,,100.0
2023-12-02,160,Baron 1898,55.0,70.0,88.0
2023-12-02,160,Baron 1898 Single-rider,41.0,65.0,89.0
2023-12-02,160,Carnaval Festival,,,0.0
2023-12-02,160,De Oude Tufferbaan,28.0,45.0,83.0
2023-12-02,160,De Vliegende Hollander,,,0.0
2023-12-02,160,De Vliegende Hollander Single-rider,,,0.0
2023-12-02,160,Diorama,,,100.0
2023-12-02,160,Droomvlucht,55.0,70.0,100.0
2023-12-02,160,Droomvlucht VR,,,99.0
2023-12-02,160,Efteling Museum,,,88.0
2023-12-02,160,Fabula,10.0,10.0,99.0
2023-12-02,160,Fairytale Forest,,,100.0
2023-12-02,160,Fata Morgana,38.0,60.0,100.0
2023-12-02,160,Gondoletta,10.0,20.0,67.0
2023-12-02,160,Halve Maen,,,0.0
2023-12-02,160,Joris en de Draak,,,0.0
2023-12-02,160,Joris en de Draak Single-rider,,,0.0
2023-12-02,160,Kinderspoor,10.0,20.0,100.0
2023-12-02,160,Kindervreugd,,,100.0
2023-12-02,160,Kleuterhof,,,100.0
2023-12-02,160,Max & Moritz,22.0,45.0,100.0
2023-12-02,160,Max & Moritz Single-rider,13.0,30.0,100.0
2023-12-02,160,Monorail,22.0,60.0,100.0
2023-12-02,160,Nest!,,,100.0
2023-12-02,160,Pagode,20.0,40.0,99.0
2023-12-02,160,Piraña,,,0.0
2023-12-02,160,Python,32.0,45.0,92.0
2023-12-02,160,Python Single-rider,28.0,45.0,92.0
2023-12-02,160,Sirocco,13.0,20.0,100.0
2023-12-02,160,Stoomcarrousel,23.0,25.0,100.0
2023-12-02,160,Stoomtrein Marerijk,19.0,25.0,100.0
2023-12-02,160,Stoomtrein Ruigrijk,18.0,30.0,100.0
2023-12-02,160,Symbolica,57.0,70.0,97.0
2023-12-02,160,Symbolica Single-rider,57.0,70.0,96.0
2023-12-02,160,The Six Swans,5.0,10.0,100.0
2023-12-02,160,Villa Volta,26.0,45.0,100.0
2023-12-02,160,Vogel Rok,35.0,55.0,100.0
2023-12-02,160,Volkvanlaaf,,,100.0
2023-12-03,160,Anton Pieck Plein,,,99.0
2023-12-03,160,Archipel,,,71.0
2023-12-03,160,Badhuys indoor splash pool,,,100.0
2023-12-03,160,Baron 1898,52.0,80.0,100.0
2023-12-03,160,Baron 1898 Single-rider,40.0,60.0,100.0
2023-12-03,160,Carnaval Festival,,,0.0
2023-12-03,160,De Oude Tufferbaan,24.0,40.0,99.0
2023-12-03,160,De Vliegende Hollander,,,0.0
2023-12-03,160,De Vliegende Hollander Single-rider,,,0.0
2023-12-03,160,Diorama,,,99.0
2023-12-03,160,Droomvlucht,59.0,80.0,100.0
2023-12-03,160,Droomvlucht VR,,,100.0
2023-12-03,160,Efteling Museum,,,88.0
2023-12-03,160,Fabula,10.0,10.0,99.0
2023-12-03,160,Fairytale Forest,,,99.0
2023-12-03,160,Fata Morgana,36.0,70.0,100.0
2023-12-03,160,Gondoletta,5.0,10.0,68.0
2023-12-03,160,Halve Maen,,,0.0
2023-12-03,160,Joris en de Draak,,,0.0
2023-12-03,160,Joris en de Draak Single-rider,,,0.0
2023-12-03,160,Kinderspoor,7.0,15.0,99.0
2023-12-03,160,Kindervreugd,,,99.0
2023-12-03,160,Kleuterhof,,,100.0
2023-12-03,160,Max & Moritz,20.0,45.0,100.0
2023-12-03,160,Max & Moritz Single-rider,15.0,40.0,83.0
2023-12-03,160,Monorail,20.0,35.0,99.0
2023-12-03,160,Nest!,,,99.0
2023-12-03,160,Pagode,10.0,25.0,96.0
2023-12-03,160,Piraña,,,0.0
2023-12-03,160,Python,31.0,55.0,97.0
2023-12-03,160,Python Single-rider,31.0,60.0,97.0
2023-12-03,160,Sirocco,12.0,25.0,100.0
2023-12-03,160,Stoomcarrousel,20.0,20.0,99.0
2023-12-03,160,Stoomtrein Marerijk,15.0,30.0,99.0
2023-12-03,160,Stoomtrein Ruigrijk,15.0,30.0,92.0
2023-12-03,160,Symbolica,60.0,80.0,99.0
2023-12-03,160,Symbolica Single-rider,60.0,80.0,99.0
2023-12-03,160,The Six Swans,7.0,10.0,100.0
2023-12-03,160,Villa Volta,23.0,40.0,100.0
2023-12-03,160,Vogel Rok,34.0,55.0,100.0
2023-12-03,160,Volkvanlaaf,,,99.0
2023-12-04,160,Anton Pieck Plein,,,100.0
2023-12-04,160,Archipel,,,79.0
2023-12-04,160,Badhuys indoor splash pool,,,42.0
2023-12-04,160,Baron 1898,,,0.0
2023-12-04,160,Baron 1898 Single-rider,,,0.0
2023-12-04,160,Carnaval Festival,,,0.0
2023-12-04,160,De Oude Tufferbaan,6.0,15.0,95.0
2023-12-04,160,De Vliegende Hollander,9.0,30.0,48.0
2023-12-04,160,De Vliegende Hollander Single-rider,,,0.0
2023-12-04,160,Diorama,,,100.0
2023-12-04,160,Droomvlucht,6.0,20.0,100.0
2023-12-04,160,Droomvlucht VR,,,100.0
2023-12-04,160,Efteling Museum,,,85.0
2023-12-04,160,Fabula,10.0,10.0,100.0
2023-12-04,160,Fairytale Forest,,,100.0
2023-12-04,160,Fata Morgana,5.0,10.0,100.0
2023-12-04,160,Gondoletta,,,75.0
2023-12-04,160,Halve Maen,5.0,5.0,82.0
2023-12-04,160,Joris en de Draak,,,0.0
2023-12-04,160,Joris en de Draak Single-rider,,,0.0
2023-12-04,160,Kinderspoor,,,100.0
2023-12-04,160,Kindervreugd,,,100.0
2023-12-04,160,Kleuterhof,,,100.0
2023-12-04,160,Max & Moritz,5.0,5.0,96.0
2023-12-04,160,Max & Moritz Single-rider,,,0.0
2023-12-04,160,Monorail,,,100.0
2023-12-04,160,Nest!,,,100.0
2023-12-04,160,Pagode,5.0,5.0,52.0
2023-12-04,160,Piraña,,,0.0
2023-12-04,160,Python,5.0,5.0,86.0
2023-12-04,160,Python Single-rider,5.0,5.0,53.0
2023-12-04,160,Sirocco,5.0,5.0,100.0
2023-12-04,160,Stoomcarrousel,,,100.0
2023-12-04,160,Stoomtrein Marerijk,24.0,25.0,100.0
2023-12-04,160,Stoomtrein Ruigrijk,25.0,25.0,91.0
2023-12-04,160,Symbolica,16.0,30.0,96.0
2023-12-04,160,Symbolica Single-rider,16.0,30.0,96.0
2023-12-04,160,The Six Swans,,,100.0
2023-12-04,160,Villa Volta,5.0,5.0,100.0
2023-12-04,160,Vogel Rok,5.0,5.0,100.0
2023-12-04,160,Volkvanlaaf,,,100.0
2023-12-05,160,Anton Pieck Plein,,,100.0
2023-12-05,160,Archipel,,,79.0
2023-12-05,160,Badhuys indoor splash pool,,,42.0
2023-12-05,160,Baron 1898,10.0,20.0,49.0
2023-12-05,160,Baron 1898 Single-rider,7.0,10.0,49.0
2023-12-05,160,Carnaval Festival,,,0.0
2023-12-05,160,De Oude Tufferbaan,5.0,5.0,77.0
2023-12-05,160,De Vliegende Hollander,5.0,10.0,53.0
2023-12-05,160,De Vliegende Hollander Single-rider,,,0.0
2023-12-05,160,Diorama,,,100.0
2023-12-05,160,Droomvlucht,5.0,5.0,100.0
2023-12-05,160,Droomvlucht VR,,,100.0
2023-12-05,160,Efteling Museum,,,85.0
2023-12-05,160,Fabula,10.0,10.0,100.0
2023-12-05,160,Fairytale Forest,,,100.0
2023-12-05,160,Fata Morgana,5.0,10.0,100.0
2023-12-05,160,Gondoletta,,,72.0
2023-12-05,160,Halve Maen,5.0,5.0,79.0
2023-12-05,160,Joris en de Draak,,,0.0
2023-12-05,160,Joris en de Draak Single-rider,,,0.0
2023-12-05,160,Kinderspoor,,,100.0
2023-12-05,160,Kindervreugd,,,100.0
2023-12-05,160,Kleuterhof,,,100.0
2023-12-05,160,Max & Moritz,5.0,5.0,100.0
2023-12-05,160,Max & Moritz Single-rider,,,0.0
2023-12-05,160,Monorail,,,100.0
2023-12-05,160,Nest!,,,100.0
2023-12-05,160,Pagode,5.0,5.0,100.0
2023-12-05,160,Piraña,,,0.0
2023-12-05,160,Python,7.0,15.0,100.0
2023-12-05,160,Python Single-rider,8.0,20.0,47.0
2023-12-05,160,Sirocco,5.0,5.0,100.0
2023-12-05,160,Stoomcarrousel,,,100.0
2023-12-05,160,Stoomtrein Marerijk,25.0,25.0,100.0
2023-12-05,160,Stoomtrein Ruigrijk,25.0,25.0,94.0
2023-12-05,160,Symbolica,11.0,20.0,98.0
2023-12-05,160,Symbolica Single-rider,11.0,20.0,98.0
2023-12-05,160,The Six Swans,,,100.0
2023-12-05,160,Villa Volta,5.0,5.0,100.0
2023-12-05,160,Vogel Rok,5.0,5.0,100.0
2023-12-05,160,Volkvanlaaf,,,100.0
2023-12-06,160,Anton Pieck Plein,,,99.0
2023-12-06,160,Archipel,,,83.0
2023-12-06,160,Badhuys indoor splash pool,,,37.0
2023-12-06,160,Baron 1898,25.0,45.0,100.0
2023-12-06,160,Baron 1898 Single-rider,20.0,35.0,100.0
2023-12-06,160,Carnaval Festival,,,0.0
2023-12-06,160,De Oude Tufferbaan,24.0,40.0,99.0
2023-12-06,160,De Vliegende Hollander,20.0,35.0,99.0
2023-12-06,160,De Vliegende Hollander Single-rider,11.0,20.0,5.0
2023-12-06,160,Diorama,,,99.0
2023-12-06,160,Droomvlucht,32.0,60.0,100.0
2023-12-06,160,Droomvlucht VR,,,100.0
2023-12-06,160,Efteling Museum,,,76.0
2023-12-06,160,Fabula,10.0,10.0,99.0
2023-12-06,160,Fairytale Forest,,,99.0
2023-12-06,160,Fata Morgana,12.0,30.0,100.0
2023-12-06,160,Gondoletta,8.0,15.0,73.0
2023-12-06,160,Halve Maen,12.0,15.0,99.0
2023-12-06,160,Joris en de Draak,,,0.0
2023-12-06,160,Joris en de Draak Single-rider,,,0.0
2023-12-06,160,Kinderspoor,9.0,15.0,99.0
2023-12-06,160,Kindervreugd,,,99.0
2023-12-06,160,Kleuterhof,,,100.0
2023-12-06,160,Max & Moritz,14.0,30.0,100.0
2023-12-06,160,Max & Moritz Single-rider,,,0.0
2023-12-06,160,Monorail,14.0,20.0,94.0
2023-12-06,160,Nest!,,,99.0
2023-12-06,160,Pagode,5.0,10.0,59.0
2023-12-06,160,Piraña,,,0.0
2023-12-06,160,Python,17.0,30.0,91.0
2023-12-06,160,Python Single-rider,13.0,30.0,90.0
2023-12-06,160,Sirocco,11.0,20.0,100.0
2023-12-06,160,Stoomcarrousel,10.0,10.0,99.0
2023-12-06,160,Stoomtrein Marerijk,25.0,25.0,99.0
2023-12-06,160,Stoomtrein Ruigrijk,25.0,25.0,99.0
2023-12-06,160,Symbolica,32.0,40.0,99.0
2023-12-06,160,Symbolica Single-rider,32.0,40.0,99.0
2023-12-06,160,The Six Swans,5.0,5.0,99.0
2023-12-06,160,Villa Volta,14.0,30.0,100.0
2023-12-06,160,Vogel Rok,17.0,35.0,100.0
2023-12-06,160,Volkvanlaaf,,,99.0
2023-12-07,160,Anton Pieck Plein,,,99.0
2023-12-07,160,Archipel,,,78.0
2023-12-07,160,Badhuys indoor splash pool,,,44.0
2023-12-07,160,Baron 1898,5.0,10.0,100.0
2023-12-07,160,Baron 1898 Single-rider,5.0,10.0,100.0
2023-12-07,160,Carnaval Festival,,,0.0
2023-12-07,160,De Oude Tufferbaan,7.0,15.0,64.0
2023-12-07,160,De Vliegende Hollander,6.0,15.0,82.0
2023-12-07,160,De Vliegende Hollander Single-rider,,,0.0
2023-12-07,160,Diorama,,,99.0
2023-12-07,160,Droomvlucht,5.0,10.0,100.0
2023-12-07,160,Droomvlucht VR,,,39.0
2023-12-07,160,Efteling Museum,,,86.0
2023-12-07,160,Fabula,10.0,10.0,99.0
2023-12-07,160,Fairytale Forest,,,99.0
2023-12-07,160,Fata Morgana,6.0,10.0,100.0
2023-12-07,160,Gondoletta,,,71.0
2023-12-07,160,Halve Maen,5.0,5.0,99.0
2023-12-07,160,Joris en de Draak,,,0.0
2023-12-07,160,Joris en de Draak Single-rider,,,0.0
2023-12-07,160,Kinderspoor,,,100.0
2023-12-07,160,Kindervreugd,,,99.0
2023-12-07,160,Kleuterhof,,,100.0
2023-12-07,160,Max & Moritz,5.0,5.0,100.0
2023-12-07,160,Max & Moritz Single-rider,,,0.0
2023-12-07,160,Monorail,,,99.0
2023-12-07,160,Nest!,,,99.0
2023-12-07,160,Pagode,5.0,5.0,100.0
2023-12-07,160,Piraña,,,0.0
2023-12-07,160,Python,5.0,5.0,99.0
2023-12-07,160,Python Single-rider,5.0,5.0,51.0
2023-12-07,160,Sirocco,5.0,5.0,100.0
2023-12-07,160,Stoomcarrousel,,,99.0
2023-12-07,160,Stoomtrein Marerijk,25.0,25.0,99.0
2023-12-07,160,Stoomtrein Ruigrijk,25.0,25.0,91.0
2023-12-07,160,Symbolica,13.0,20.0,100.0
2023-12-07,160,Symbolica Single-rider,13.0,20.0,100.0
2023-12-07,160,The Six Swans,,,99.0
2023-12-07,160,Villa Volta,5.0,5.0,100.0
2023-12-07,160,Vogel Rok,5.0,5.0,100.0
2023-12-07,160,Volkvanlaaf,,,99.0
2023-12-08,160,Anton Pieck Plein,,,99.0
2023-12-08,160,Archipel,,,79.0
2023-12-08,160,Badhuys indoor splash pool,,,42.0
2023-12-08,160,Baron 1898,9.0,25.0,97.0
2023-12-08,160,Baron 1898 Single-rider,8.0,20.0,97.0
2023-12-08,160,Carnaval Festival,,,0.0
2023-12-08,160,De Oude Tufferbaan,16.0,25.0,44.0
2023-12-08,160,De Vliegende Hollander,5.0,10.0,99.0
2023-12-08,160,De Vliegende Hollander Single-rider,,,0.0
2023-12-08,160,Diorama,,,99.0
2023-12-08,160,Droomvlucht,13.0,30.0,100.0
2023-12-08,160,Droomvlucht VR,,,10.0
2023-12-08,160,Efteling Museum,,,85.0
2023-12-08,160,Fabula,10.0,10.0,100.0
2023-12-08,160,Fairytale Forest,,,99.0
2023-12-08,160,Fata Morgana,6.0,10.0,100.0
2023-12-08,160,Gondoletta,,,70.0
2023-12-08,160,Halve Maen,5.0,5.0,91.0
2023-12-08,160,Joris en de Draak,,,0.0
2023-12-08,160,Joris en de Draak Single-rider,,,0.0
2023-12-08,160,Kinderspoor,10.0,10.0,99.0
2023-12-08,160,Kindervreugd,,,99.0
2023-12-08,160,Kleuterhof,,,99.0
2023-12-08,160,Max & Moritz,6.0,10.0,100.0
2023-12-08,160,Max & Moritz Single-rider,,,0.0
2023-12-08,160,Monorail,5.0,5.0,99.0
2023-12-08,160,Nest!,,,99.0
2023-12-08,160,Pagode,5.0,5.0,100.0
2023-12-08,160,Piraña,,,0.0
2023-12-08,160,Python,5.0,5.0,97.0
2023-12-08,160,Python Single-rider,,,48.0
2023-12-08,160,Sirocco,5.0,5.0,100.0
2023-12-08,160,Stoomcarrousel,,,99.0
2023-12-08,160,Stoomtrein Marerijk,25.0,25.0,99.0
2023-12-08,160,Stoomtrein Ruigrijk,25.0,25.0,99.0
2023-12-08,160,Symbolica,21.0,30.0,100.0
2023-12-08,160,Symbolica Single-rider,21.0,30.0,100.0
2023-12-08,160,The Six Swans,5.0,5.0,100.0
2023-12-08,160,Villa Volta,5.0,10.0,100.0
2023-12-08,160,Vogel Rok,5.0,10.0,100.0
2023-12-08,160,Volkvanlaaf,,,99.0
2023-12-09,160,Anton Pieck Plein,,,99.0
2023-12-09,160,Archipel,,,75.0
2023-12-09,160,Badhuys indoor splash pool,,,100.0
2023-12-09,160,Baron 1898,33.0,55.0,100.0
2023-12-09,160,Baron 1898 Single-rider,24.0,45.0,100.0
2023-12-09,160,Carnaval Festival,32.0,50.0,90.0
2023-12-09,160,De Oude Tufferbaan,24.0,40.0,49.0
2023-12-09,160,De Vliegende Hollander,20.0,35.0,99.0
2023-12-09,160,De Vliegende Hollander Single-rider,12.0,30.0,70.0
2023-12-09,160,Diorama,,,99.0
2023-12-09,160,Droomvlucht,46.0,70.0,100.0
2023-12-09,160,Droomvlucht VR,,,100.0
2023-12-09,160,Efteling Museum,,,89.0
2023-12-09,160,Fabula,11.0,20.0,99.0
2023-12-09,160,Fairytale Forest,,,99.0
2023-12-09,160,Fata Morgana,30.0,70.0,100.0
2023-12-09,160,Gondoletta,7.0,15.0,72.0
2023-12-09,160,Halve Maen,8.0,20.0,89.0
2023-12-09,160,Joris en de Draak,,,0.0
2023-12-09,160,Joris en de Draak Single-rider,,,0.0
2023-12-09,160,Kinderspoor,9.0,10.0,99.0
2023-12-09,160,Kindervreugd,,,99.0
2023-12-09,160,Kleuterhof,,,99.0
2023-12-09,160,Max & Moritz,10.0,25.0,86.0
2023-12-09,160,Max & Moritz Single-rider,11.0,20.0,29.0
2023-12-09,160,Monorail,18.0,30.0,99.0
2023-12-09,160,Nest!,,,99.0
2023-12-09,160,Pagode,8.0,20.0,100.0
2023-12-09,160,Piraña,,,0.0
2023-12-09,160,Python,12.0,40.0,100.0
2023-12-09,160,Python Single-rider,12.0,30.0,92.0
2023-12-09,160,Sirocco,9.0,20.0,100.0
2023-12-09,160,Stoomcarrousel,13.0,20.0,99.0
2023-12-09,160,Stoomtrein Marerijk,18.0,30.0,99.0
2023-12-09,160,Stoomtrein Ruigrijk,23.0,50.0,99.0
2023-12-09,160,Symbolica,50.0,70.0,99.0
2023-12-09,160,Symbolica Single-rider,50.0,70.0,99.0
2023-12-09,160,The Six Swans,5.0,5.0,100.0
2023-12-09,160,Villa Volta,20.0,40.0,100.0
2023-12-09,160,Vogel Rok,29.0,60.0,100.0
2023-12-09,160,Volkvanlaaf,,,99.0
2023-12-10,160,Anton Pieck Plein,,,99.0
2023-12-10,160,Archipel,,,75.0
2023-12-10,160,Badhuys indoor splash pool,,,100.0
2023-12-10,160,Baron 1898,52.0,70.0,92.0
2023-12-10,160,Baron 1898 Single-rider,36.0,55.0,92.0
2023-12-10,160,Carnaval Festival,26.0,40.0,100.0
2023-12-10,160,De Oude Tufferbaan,29.0,35.0,55.0
2023-12-10,160,De Vliegende Hollander,34.0,50.0,100.0
2023-12-10,160,De Vliegende Hollander Single-rider,20.0,35.0,87.0
2023-12-10,160,Diorama,,,100.0
2023-12-10,160,Droomvlucht,57.0,70.0,100.0
2023-12-10,160,Droomvlucht VR,,,100.0
2023-12-10,160,Efteling Museum,,,88.0
2023-12-10,160,Fabula,10.0,20.0,99.0
2023-12-10,160,Fairytale Forest,,,99.0
2023-12-10,160,Fata Morgana,30.0,65.0,100.0
2023-12-10,160,Gondoletta,14.0,25.0,66.0
2023-12-10,160,Halve Maen,15.0,25.0,99.0
2023-12-10,160,Joris en de Draak,,,0.0
2023-12-10,160,Joris en de Draak Single-rider,,,0.0
2023-12-10,160,Kinderspoor,11.0,15.0,99.0
2023-12-10,160,Kindervreugd,,,99.0
2023-12-10,160,Kleuterhof,,,100.0
2023-12-10,160,Max & Moritz,16.0,45.0,100.0
2023-12-10,160,Max & Moritz Single-rider,9.0,30.0,90.0
2023-12-10,160,Monorail,18.0,40.0,99.0
2023-12-10,160,Nest!,,,99.0
2023-12-10,160,Pagode,10.0,20.0,99.0
2023-12-10,160,Piraña,,,0.0
2023-12-10,160,Python,32.0,50.0,88.0
2023-12-10,160,Python Single-rider,31.0,55.0,88.0
2023-12-10,160,Sirocco,10.0,20.0,100.0
2023-12-10,160,Stoomcarrousel,15.0,15.0,100.0
2023-12-10,160,Stoomtrein Marerijk,21.0,40.0,99.0
2023-12-10,160,Stoomtrein Ruigrijk,21.0,40.0,99.0
2023-12-10,160,Symbolica,54.0,60.0,99.0
2023-12-10,160,Symbolica Single-rider,55.0,60.0,98.0
2023-12-10,160,The Six Swans,7.0,15.0,99.0
2023-12-10,160,Villa Volta,20.0,35.0,100.0
2023-12-10,160,Vogel Rok,27.0,45.0,100.0
2023-12-10,160,Volkvanlaaf,,,99.0
2023-12-11,160,Anton Pieck Plein,,,99.0
2023-12-11,160,Archipel,,,89.0
2023-12-11,160,Badhuys indoor splash pool,,,44.0
2023-12-11,160,Baron 1898,7.0,25.0,89.0
2023-12-11,160,Baron 1898 Single-rider,6.0,15.0,86.0
2023-12-11,160,Carnaval Festival,5.0,5.0,100.0
2023-12-11,160,De Oude Tufferbaan,6.0,10.0,21.0
2023-12-11,160,De Vliegende Hollander,5.0,10.0,100.0
2023-12-11,160,De Vliegende Hollander Single-rider,,,0.0
2023-12-11,160,Diorama,,,99.0
2023-12-11,160,Droomvlucht,7.0,15.0,100.0
2023-12-11,160,Droomvlucht VR,,,100.0
2023-12-11,160,Efteling Museum,,,85.0
2023-12-11,160,Fabula,10.0,10.0,99.0
2023-12-11,160,Fairytale Forest,,,99.0
2023-12-11,160,Fata Morgana,8.0,15.0,100.0
2023-12-11,160,Gondoletta,,,72.0
2023-12-11,160,Halve Maen,,,96.0
2023-12-11,160,Joris en de Draak,,,0.0
2023-12-11,160,Joris en de Draak Single-rider,,,0.0
2023-12-11,160,Kinderspoor,,,99.0
2023-12-11,160,Kindervreugd,,,99.0
2023-12-11,160,Kleuterhof,,,100.0
2023-12-11,160,Max & Moritz,5.0,5.0,100.0
2023-12-11,160,Max & Moritz Single-rider,,,0.0
2023-12-11,160,Monorail,,,99.0
2023-12-11,160,Nest!,,,99.0
2023-12-11,160,Pagode,5.0,5.0,99.0
2023-12-11,160,Piraña,,,0.0
2023-12-11,160,Python,9.0,15.0,85.0
2023-12-11,160,Python Single-rider,,,0.0
2023-12-11,160,Sirocco,5.0,5.0,100.0
2023-12-11,160,Stoomcarrousel,,,99.0
2023-12-11,160,Stoomtrein Marerijk,,,5.0
2023-12-11,160,Stoomtrein Ruigrijk,,,5.0
2023-12-11,160,Symbolica,16.0,25.0,95.0
2023-12-11,160,Symbolica Single-rider,16.0,25.0,95.0
2023-12-11,160,The Six Swans,,,99.0
2023-12-11,160,Villa Volta,5.0,5.0,100.0
2023-12-11,160,Vogel Rok,5.0,5.0,100.0
2023-12-11,160,Volkvanlaaf,,,99.0
2023-12-12,160,Anton Pieck Plein,,,99.0
2023-12-12,160,Archipel,,,79.0
2023-12-12,160,Badhuys indoor splash pool,,,44.0
2023-12-12,160,Baron 1898,6.0,15.0,100.0
2023-12-12,160,Baron 1898 Single-rider,5.0,10.0,100.0
2023-12-12,160,Carnaval Festival,5.0,5.0,100.0
2023-12-12,160,De Oude Tufferbaan,5.0,10.0,72.0
2023-12-12,160,De Vliegende Hollander,7.0,30.0,85.0
2023-12-12,160,De Vliegende Hollander Single-rider,,,0.0
2023-12-12,160,Diorama,,,99.0
2023-12-12,160,Droomvlucht,5.0,10.0,100.0
2023-12-12,160,Droomvlucht VR,,,100.0
2023-12-12,160,Efteling Museum,,,85.0
2023-12-12,160,Fabula,10.0,10.0,99.0
2023-12-12,160,Fairytale Forest,,,99.0
2023-12-12,160,Fata Morgana,5.0,5.0,100.0
2023-12-12,160,Gondoletta,,,72.0
2023-12-12,160,Halve Maen,,,98.0
2023-12-12,160,Joris en de Draak,,,0.0
2023-12-12,160,Joris en de Draak Single-rider,,,0.0
2023-12-12,160,Kinderspoor,,,99.0
2023-12-12,160,Kindervreugd,,,99.0
2023-12-12,160,Kleuterhof,,,100.0
2023-12-12,160,Max & Moritz,5.0,5.0,100.0
2023-12-12,160,Max & Moritz Single-rider,,,0.0
2023-12-12,160,Monorail,,,99.0
2023-12-12,160,Nest!,,,99.0
2023-12-12,160,Pagode,5.0,5.0,99.0
2023-12-12,160,Piraña,,,0.0
2023-12-12,160,Python,7.0,20.0,88.0
2023-12-12,160,Python Single-rider,,,0.0
2023-12-12,160,Sirocco,5.0,5.0,100.0
2023-12-12,160,Stoomcarrousel,,,99.0
2023-12-12,160,Stoomtrein Marerijk,,,0.0
2023-12-12,160,Stoomtrein Ruigrijk,,,0.0
2023-12-12,160,Symbolica,10.0,10.0,96.0
2023-12-12,160,Symbolica Single-rider,10.0,15.0,96.0
2023-12-12,160,The Six Swans,,,100.0
2023-12-12,160,Villa Volta,5.0,5.0,100.0
2023-12-12,160,Vogel Rok,5.0,10.0,100.0
2023-12-12,160,Volkvanlaaf,,,99.0
2023-12-13,160,Anton Pieck Plein,,,99.0
2023-12-13,160,Archipel,,,82.0
2023-12-13,160,Badhuys indoor splash pool,,,44.0
2023-12-13,160,Baron 1898,6.0,20.0,100.0
2023-12-13,160,Baron 1898 Single-rider,5.0,10.0,100.0
2023-12-13,160,Carnaval Festival,5.0,5.0,100.0
2023-12-13,160,De Oude Tufferbaan,6.0,10.0,100.0
2023-12-13,160,De Vliegende Hollander,5.0,5.0,99.0
2023-12-13,160,De Vliegende Hollander Single-rider,,,0.0
2023-12-13,160,Diorama,,,99.0
2023-12-13,160,Droomvlucht,8.0,20.0,100.0
2023-12-13,160,Droomvlucht VR,,,33.0
2023-12-13,160,Efteling Museum,,,85.0
2023-12-13,160,Fabula,10.0,10.0,99.0
2023-12-13,160,Fairytale Forest,,,99.0
2023-12-13,160,Fata Morgana,5.0,5.0,100.0
2023-12-13,160,Gondoletta,5.0,5.0,72.0
2023-12-13,160,Halve Maen,5.0,5.0,99.0
2023-12-13,160,Joris en de Draak,,,0.0
2023-12-13,160,Joris en de Draak Single-rider,,,0.0
2023-12-13,160,Kinderspoor,5.0,5.0,99.0
2023-12-13,160,Kindervreugd,,,99.0
2023-12-13,160,Kleuterhof,,,100.0
2023-12-13,160,Max & Moritz,5.0,5.0,100.0
2023-12-13,160,Max & Moritz Single-rider,,,0.0
2023-12-13,160,Monorail,,,99.0
2023-12-13,160,Nest!,,,99.0
2023-12-13,160,Pagode,5.0,5.0,99.0
2023-12-13,160,Piraña,,,0.0
2023-12-13,160,Python,8.0,15.0,90.0
2023-12-13,160,Python Single-rider,,,0.0
2023-12-13,160,Sirocco,5.0,5.0,100.0
2023-12-13,160,Stoomcarrousel,,,99.0
2023-12-13,160,Stoomtrein Marerijk,,,0.0
2023-12-13,160,Stoomtrein Ruigrijk,,,0.0
2023-12-13,160,Symbolica,11.0,15.0,89.0
2023-12-13,160,Symbolica Single-rider,11.0,15.0,89.0
2023-12-13,160,The Six Swans,,,99.0
2023-12-13,160,Villa Volta,5.0,5.0,97.0
2023-12-13,160,Vogel Rok,5.0,5.0,100.0
2023-12-13,160,Volkvanlaaf,,,99.0
2023-12-14,160,Anton Pieck Plein,,,100.0
2023-12-14,160,Archipel,,,78.0
2023-12-14,160,Badhuys indoor splash pool,,,42.0
2023-12-14,160,Baron 1898,6.0,20.0,100.0
2023-12-14,160,Baron 1898 Single-rider,5.0,5.0,100.0
2023-12-14,160,Carnaval Festival,5.0,5.0,100.0
2023-12-14,160,De Oude Tufferbaan,5.0,10.0,100.0
2023-12-14,160,De Vliegende Hollander,5.0,5.0,100.0
2023-12-14,160,De Vliegende Hollander Single-rider,,,0.0
2023-12-14,160,Diorama,,,100.0
2023-12-14,160,Droomvlucht,6.0,10.0,100.0
2023-12-14,160,Droomvlucht VR,,,100.0
2023-12-14,160,Efteling Museum,,,85.0
2023-12-14,160,Fabula,10.0,10.0,100.0
2023-12-14,160,Fairytale Forest,,,100.0
2023-12-14,160,Fata Morgana,5.0,10.0,100.0
2023-12-14,160,Gondoletta,,,72.0
2023-12-14,160,Halve Maen,5.0,5.0,100.0
2023-12-14,160,Joris en de Draak,,,0.0
2023-12-14,160,Joris en de Draak Single-rider,,,0.0
2023-12-14,160,Kinderspoor,,,100.0
2023-12-14,160,Kindervreugd,,,100.0
2023-12-14,160,Kleuterhof,,,100.0
2023-12-14,160,Max & Moritz,5.0,5.0,100.0
2023-12-14,160,Max & Moritz Single-rider,,,0.0
2023-12-14,160,Monorail,,,97.0
2023-12-14,160,Nest!,,,100.0
2023-12-14,160,Pagode,5.0,5.0,100.0
2023-12-14,160,Piraña,,,0.0
2023-12-14,160,Python,5.0,10.0,100.0
2023-12-14,160,Python Single-rider,,,0.0
2023-12-14,160,Sirocco,5.0,5.0,100.0
2023-12-14,160,Stoomcarrousel,,,100.0
2023-12-14,160,Stoomtrein Marerijk,,,0.0
2023-12-14,160,Stoomtrein Ruigrijk,,,0.0
2023-12-14,160,Symbolica,16.0,25.0,100.0
2023-12-14,160,Symbolica Single-rider,16.0,25.0,99.0
2023-12-14,160,The Six Swans,,,100.0
2023-12-14,160,Villa Volta,5.0,5.0,100.0
2023-12-14,160,Vogel Rok,5.0,5.0,100.0
2023-12-14,160,Volkvanlaaf,,,100.0
2023-12-15,160,Anton Pieck Plein,,,100.0
2023-12-15,160,Archipel,,,77.0
2023-12-15,160,Badhuys indoor splash pool,,,42.0
2023-12-15,160,Baron 1898,11.0,25.0,100.0
2023-12-15,160,Baron 1898 Single-rider,8.0,25.0,100.0
2023-12-15,160,Carnaval Festival,8.0,15.0,100.0
2023-12-15,160,De Oude Tufferbaan,11.0,15.0,100.0
2023-12-15,160,De Vliegende Hollander,5.0,10.0,100.0
2023-12-15,160,De Vliegende Hollander Single-rider,,,0.0
2023-12-15,160,Diorama,,,100.0
2023-12-15,160,Droomvlucht,14.0,25.0,100.0
2023-12-15,160,Droomvlucht VR,,,100.0
2023-12-15,160,Efteling Museum,,,86.0
2023-12-15,160,Fabula,10.0,10.0,100.0
2023-12-15,160,Fairytale Forest,,,100.0
2023-12-15,160,Fata Morgana,6.0,15.0,100.0
2023-12-15,160,Gondoletta,,,88.0
2023-12-15,160,Halve Maen,5.0,5.0,100.0
2023-12-15,160,Joris en de Draak,,,0.0
2023-12-15,160,Joris en de Draak Single-rider,,,0.0
2023-12-15,160,Kinderspoor,13.0,15.0,100.0
2023-12-15,160,Kindervreugd,,,100.0
2023-12-15,160,Kleuterhof,,,100.0
2023-12-15,160,Max & Moritz,5.0,5.0,100.0
2023-12-15,160,Max & Moritz Single-rider,,,0.0
2023-12-15,160,Monorail,14.0,15.0,100.0
2023-12-15,160,Nest!,,,100.0
2023-12-15,160,Pagode,5.0,5.0,100.0
2023-12-15,160,Piraña,,,0.0
2023-12-15,160,Python,10.0,15.0,100.0
2023-12-15,160,Python Single-rider,6.0,10.0,73.0
2023-12-15,160,Sirocco,,,100.0
2023-12-15,160,Stoomcarrousel,,,100.0
2023-12-15,160,Stoomtrein Marerijk,,,0.0
2023-12-15,160,Stoomtrein Ruigrijk,,,0.0
2023-12-15,160,Symbolica,19.0,25.0,98.0
2023-12-15,160,Symbolica Single-rider,19.0,25.0,98.0
2023-12-15,160,The Six Swans,,,100.0
2023-12-15,160,Villa Volta,5.0,5.0,100.0
2023-12-15,160,Vogel Rok,5.0,5.0,100.0
2023-12-15,160,Volkvanlaaf,,,100.0
2023-12-16,160,Anton Pieck Plein,,,99.0
2023-12-16,160,Archipel,,,80.0
2023-12-16,160,Badhuys indoor splash pool,,,100.0
2023-12-16,160,Baron 1898,41.0,60.0,100.0
2023-12-16,160,Baron 1898 Single-rider,31.0,50.0,100.0
2023-12-16,160,Carnaval Festival,27.0,40.0,100.0
2023-12-16,160,De Oude Tufferbaan,24.0,35.0,99.0
2023-12-16,160,De Vliegende Hollander,37.0,50.0,56.0
2023-12-16,160,De Vliegende Hollander Single-rider,25.0,50.0,53.0
2023-12-16,160,Diorama,,,99.0
2023-12-16,160,Droomvlucht,42.0,60.0,100.0
2023-12-16,160,Droomvlucht VR,,,100.0
2023-12-16,160,Efteling Museum,,,88.0
2023-12-16,160,Fabula,10.0,10.0,100.0
2023-12-16,160,Fairytale Forest,,,99.0
2023-12-16,160,Fata Morgana,26.0,50.0,100.0
2023-12-16,160,Gondoletta,19.0,25.0,63.0
2023-12-16,160,Halve Maen,17.0,25.0,99.0
2023-12-16,160,Joris en de Draak,,,0.0
2023-12-16,160,Joris en de Draak Single-rider,,,0.0
2023-12-16,160,Kinderspoor,16.0,30.0,99.0
2023-12-16,160,Kindervreugd,,,99.0
2023-12-16,160,Kleuterhof,,,100.0
2023-12-16,160,Max & Moritz,23.0,50.0,100.0
2023-12-16,160,Max & Moritz Single-rider,13.0,30.0,78.0
2023-12-16,160,Monorail,17.0,30.0,99.0
2023-12-16,160,Nest!,,,99.0
2023-12-16,160,Pagode,14.0,25.0,99.0
2023-12-16,160,Piraña,,,0.0
2023-12-16,160,Python,25.0,45.0,99.0
2023-12-16,160,Python Single-rider,24.0,60.0,92.0
2023-12-16,160,Sirocco,15.0,25.0,100.0
2023-12-16,160,Stoomcarrousel,10.0,15.0,99.0
2023-12-16,160,Stoomtrein Marerijk,27.0,30.0,86.0
2023-12-16,160,Stoomtrein Ruigrijk,41.0,50.0,86.0
2023-12-16,160,Symbolica,41.0,55.0,99.0
2023-12-16,160,Symbolica Single-rider,41.0,55.0,99.0
2023-12-16,160,The Six Swans,7.0,15.0,100.0
2023-12-16,160,Villa Volta,15.0,40.0,97.0
2023-12-16,160,Vogel Rok,27.0,40.0,100.0
2023-12-16,160,Volkvanlaaf,,,99.0
2023-12-17,160,Anton Pieck Plein,,,99.0
2023-12-17,160,Archipel,,,73.0
2023-12-17,160,Badhuys indoor splash pool,,,100.0
2023-12-17,160,Baron 1898,39.0,70.0,100.0
2023-12-17,160,Baron 1898 Single-rider,30.0,45.0,100.0
2023-12-17,160,Carnaval Festival,24.0,35.0,100.0
2023-12-17,160,De Oude Tufferbaan,28.0,40.0,84.0
2023-12-17,160,De Vliegende Hollander,33.0,50.0,100.0
2023-12-17,160,De Vliegende Hollander Single-rider,21.0,45.0,95.0
2023-12-17,160,Diorama,,,99.0
2023-12-17,160,Droomvlucht,45.0,60.0,100.0
2023-12-17,160,Droomvlucht VR,,,100.0
2023-12-17,160,Efteling Museum,,,88.0
2023-12-17,160,Fabula,10.0,10.0,100.0
2023-12-17,160,Fairytale Forest,,,99.0
2023-12-17,160,Fata Morgana,24.0,50.0,100.0
2023-12-17,160,Gondoletta,13.0,25.0,62.0
2023-12-17,160,Halve Maen,15.0,25.0,99.0
2023-12-17,160,Joris en de Draak,,,0.0
2023-12-17,160,Joris en de Draak Single-rider,,,0.0
2023-12-17,160,Kinderspoor,14.0,20.0,99.0
2023-12-17,160,Kindervreugd,,,99.0
2023-12-17,160,Kleuterhof,,,100.0
2023-12-17,160,Max & Moritz,18.0,45.0,100.0
2023-12-17,160,Max & Moritz Single-rider,10.0,30.0,100.0
2023-12-17,160,Monorail,19.0,30.0,99.0
2023-12-17,160,Nest!,,,99.0
2023-12-17,160,Pagode,10.0,20.0,99.0
2023-12-17,160,Piraña,,,0.0
2023-12-17,160,Python,27.0,40.0,99.0
2023-12-17,160,Python Single-rider,24.0,40.0,99.0
2023-12-17,160,Sirocco,11.0,25.0,100.0
2023-12-17,160,Stoomcarrousel,10.0,10.0,99.0
2023-12-17,160,Stoomtrein Marerijk,18.0,30.0,100.0
2023-12-17,160,Stoomtrein Ruigrijk,19.0,30.0,93.0
2023-12-17,160,Symbolica,43.0,50.0,98.0
2023-12-17,160,Symbolica Single-rider,43.0,50.0,98.0
2023-12-17,160,The Six Swans,6.0,10.0,99.0
2023-12-17,160,Villa Volta,14.0,90.0,100.0
2023-12-17,160,Vogel Rok,26.0,40.0,100.0
2023-12-17,160,Volkvanlaaf,,,99.0
2023-12-18,160,Anton Pieck Plein,,,99.0
2023-12-18,160,Archipel,,,78.0
2023-12-18,160,Badhuys indoor splash pool,,,42.0
2023-12-18,160,Baron 1898,19.0,45.0,100.0
2023-12-18,160,Baron 1898 Single-rider,14.0,30.0,100.0
2023-12-18,160,Carnaval Festival,8.0,15.0,100.0
2023-12-18,160,De Oude Tufferbaan,14.0,25.0,99.0
2023-12-18,160,De Vliegende Hollander,9.0,25.0,100.0
2023-12-18,160,De Vliegende Hollander Single-rider,,,0.0
2023-12-18,160,Diorama,,,99.0
2023-12-18,160,Droomvlucht,18.0,30.0,100.0
2023-12-18,160,Droomvlucht VR,,,100.0
2023-12-18,160,Efteling Museum,,,85.0
2023-12-18,160,Fabula,10.0,10.0,99.0
2023-12-18,160,Fairytale Forest,,,99.0
2023-12-18,160,Fata Morgana,6.0,15.0,100.0
2023-12-18,160,Gondoletta,,,71.0
2023-12-18,160,Halve Maen,5.0,10.0,80.0
2023-12-18,160,Joris en de Draak,,,0.0
2023-12-18,160,Joris en de Draak Single-rider,,,0.0
2023-12-18,160,Kinderspoor,,,99.0
2023-12-18,160,Kindervreugd,,,99.0
2023-12-18,160,Kleuterhof,,,100.0
2023-12-18,160,Max & Moritz,5.0,10.0,98.0
2023-12-18,160,Max & Moritz Single-rider,,,0.0
2023-12-18,160,Monorail,5.0,5.0,99.0
2023-12-18,160,Nest!,,,99.0
2023-12-18,160,Pagode,5.0,5.0,100.0
2023-12-18,160,Piraña,,,0.0
2023-12-18,160,Python,17.0,35.0,100.0
2023-12-18,160,Python Single-rider,14.0,40.0,83.0
2023-12-18,160,Sirocco,5.0,10.0,100.0
2023-12-18,160,Stoomcarrousel,,,99.0
2023-12-18,160,Stoomtrein Marerijk,25.0,25.0,99.0
2023-12-18,160,Stoomtrein Ruigrijk,25.0,25.0,100.0
2023-12-18,160,Symbolica,22.0,30.0,99.0
2023-12-18,160,Symbolica Single-rider,22.0,30.0,99.0
2023-12-18,160,The Six Swans,,,100.0
2023-12-18,160,Villa Volta,5.0,10.0,100.0
2023-12-18,160,Vogel Rok,6.0,15.0,100.0
2023-12-18,160,Volkvanlaaf,,,99.0
2023-12-19,160,Anton Pieck Plein,,,99.0
2023-12-19,160,Archipel,,,78.0
2023-12-19,160,Badhuys indoor splash pool,,,44.0
2023-12-19,160,Baron 1898,19.0,40.0,100.0
2023-12-19,160,Baron 1898 Single-rider,12.0,30.0,100.0
2023-12-19,160,Carnaval Festival,,,0.0
2023-12-19,160,De Oude Tufferbaan,,,7.0
2023-12-19,160,De Vliegende Hollander,7.0,25.0,100.0
2023-12-19,160,De Vliegende Hollander Single-rider,,,0.0
2023-12-19,160,Diorama,,,99.0
2023-12-19,160,Droomvlucht,11.0,20.0,100.0
2023-12-19,160,Droomvlucht VR,,,100.0
2023-12-19,160,Efteling Museum,,,85.0
2023-12-19,160,Fabula,10.0,10.0,99.0
2023-12-19,160,Fairytale Forest,,,99.0
2023-12-19,160,Fata Morgana,6.0,10.0,100.0
2023-12-19,160,Gondoletta,,,70.0
2023-12-19,160,Halve Maen,7.0,10.0,90.0
2023-12-19,160,Joris en de Draak,,,0.0
2023-12-19,160,Joris en de Draak Single-rider,,,0.0
2023-12-19,160,Kinderspoor,,,99.0
2023-12-19,160,Kindervreugd,,,99.0
2023-12-19,160,Kleuterhof,,,100.0
2023-12-19,160,Max & Moritz,5.0,5.0,100.0
2023-12-19,160,Max & Moritz Single-rider,,,0.0
2023-12-19,160,Monorail,,,99.0
2023-12-19,160,Nest!,,,99.0
2023-12-19,160,Pagode,5.0,5.0,99.0
2023-12-19,160,Piraña,,,0.0
2023-12-19,160,Python,16.0,35.0,100.0
2023-12-19,160,Python Single-rider,18.0,25.0,72.0
2023-12-19,160,Sirocco,5.0,5.0,100.0
2023-12-19,160,Stoomcarrousel,,,99.0
2023-12-19,160,Stoomtrein Marerijk,,,71.0
2023-12-19,160,Stoomtrein Ruigrijk,,,63.0
2023-12-19,160,Symbolica,19.0,30.0,99.0
2023-12-19,160,Symbolica Single-rider,19.0,30.0,99.0
2023-12-19,160,The Six Swans,,,99.0
2023-12-19,160,Villa Volta,5.0,5.0,100.0
2023-12-19,160,Vogel Rok,8.0,20.0,100.0
2023-12-19,160,Volkvanlaaf,,,99.0
2023-12-20,160,Anton Pieck Plein,,,99.0
2023-12-20,160,Archipel,,,78.0
2023-12-20,160,Badhuys indoor splash pool,,,42.0
2023-12-20,160,Baron 1898,31.0,50.0,100.0
2023-12-20,160,Baron 1898 Single-rider,25.0,45.0,100.0
2023-12-20,160,Carnaval Festival,5.0,5.0,100.0
2023-12-20,160,De Oude Tufferbaan,6.0,10.0,77.0
2023-12-20,160,De Vliegende Hollander,23.0,35.0,100.0
2023-12-20,160,De Vliegende Hollander Single-rider,,,0.0
2023-12-20,160,Diorama,,,99.0
2023-12-20,160,Droomvlucht,19.0,30.0,100.0
2023-12-20,160,Droomvlucht VR,,,100.0
2023-12-20,160,Efteling Museum,,,86.0
2023-12-20,160,Fabula,10.0,10.0,100.0
2023-12-20,160,Fairytale Forest,,,99.0
2023-12-20,160,Fata Morgana,6.0,15.0,100.0
2023-12-20,160,Gondoletta,,,72.0
2023-12-20,160,Halve Maen,14.0,20.0,99.0
2023-12-20,160,Joris en de Draak,,,0.0
2023-12-20,160,Joris en de Draak Single-rider,,,0.0
2023-12-20,160,Kinderspoor,5.0,5.0,99.0
2023-12-20,160,Kindervreugd,,,100.0
2023-12-20,160,Kleuterhof,,,99.0
2023-12-20,160,Max & Moritz,6.0,25.0,100.0
2023-12-20,160,Max & Moritz Single-rider,,,0.0
2023-12-20,160,Monorail,8.0,10.0,99.0
2023-12-20,160,Nest!,,,99.0
2023-12-20,160,Pagode,5.0,5.0,95.0
2023-12-20,160,Piraña,,,0.0
2023-12-20,160,Python,16.0,25.0,94.0
2023-12-20,160,Python Single-rider,16.0,35.0,94.0
2023-12-20,160,Sirocco,5.0,5.0,100.0
2023-12-20,160,Stoomcarrousel,,,99.0
2023-12-20,160,Stoomtrein Marerijk,25.0,25.0,96.0
2023-12-20,160,Stoomtrein Ruigrijk,25.0,25.0,96.0
2023-12-20,160,Symbolica,21.0,35.0,99.0
2023-12-20,160,Symbolica Single-rider,21.0,35.0,99.0
2023-12-20,160,The Six Swans,,,99.0
2023-12-20,160,Villa Volta,5.0,10.0,100.0
2023-12-20,160,Vogel Rok,16.0,25.0,100.0
2023-12-20,160,Volkvanlaaf,,,99.0
2023-12-21,160,Anton Pieck Plein,,,99.0
2023-12-21,160,Archipel,,,77.0
2023-12-21,160,Badhuys indoor splash pool,,,42.0
2023-12-21,160,Baron 1898,,,0.0
2023-12-21,160,Baron 1898 Single-rider,,,0.0
2023-12-21,160,Carnaval Festival,5.0,5.0,100.0
2023-12-21,160,De Oude Tufferbaan,5.0,10.0,90.0
2023-12-21,160,De Vliegende Hollander,24.0,40.0,95.0
2023-12-21,160,De Vliegende Hollander Single-rider,,,0.0
2023-12-21,160,Diorama,,,99.0
2023-12-21,160,Droomvlucht,12.0,20.0,100.0
2023-12-21,160,Droomvlucht VR,,,100.0
2023-12-21,160,Efteling Museum,,,86.0
2023-12-21,160,Fabula,10.0,10.0,99.0
2023-12-21,160,Fairytale Forest,,,99.0
2023-12-21,160,Fata Morgana,5.0,10.0,100.0
2023-12-21,160,Gondoletta,,,73.0
2023-12-21,160,Halve Maen,15.0,25.0,100.0
2023-12-21,160,Joris en de Draak,,,0.0
2023-12-21,160,Joris en de Draak Single-rider,,,0.0
2023-12-21,160,Kinderspoor,,,0.0
2023-12-21,160,Kindervreugd,,,99.0
2023-12-21,160,Kleuterhof,,,100.0
2023-12-21,160,Max & Moritz,5.0,10.0,96.0
2023-12-21,160,Max & Moritz Single-rider,,,0.0
2023-12-21,160,Monorail,,,99.0
2023-12-21,160,Nest!,,,99.0
2023-12-21,160,Pagode,,,1.0
2023-12-21,160,Piraña,,,0.0
2023-12-21,160,Python,,,0.0
2023-12-21,160,Python Single-rider,,,0.0
2023-12-21,160,Sirocco,5.0,5.0,100.0
2023-12-21,160,Stoomcarrousel,,,99.0
2023-12-21,160,Stoomtrein Marerijk,25.0,25.0,99.0
2023-12-21,160,Stoomtrein Ruigrijk,25.0,25.0,99.0
2023-12-21,160,Symbolica,20.0,30.0,99.0
2023-12-21,160,Symbolica Single-rider,20.0,30.0,99.0
2023-12-21,160,The Six Swans,,,99.0
2023-12-21,160,Villa Volta,7.0,10.0,90.0
2023-12-21,160,Vogel Rok,12.0,25.0,100.0
2023-12-21,160,Volkvanlaaf,,,99.0
2023-12-22,160,Anton Pieck Plein,,,99.0
2023-12-22,160,Archipel,,,80.0
2023-12-22,160,Badhuys indoor splash pool,,,37.0
2023-12-22,160,Baron 1898,30.0,50.0,83.0
2023-12-22,160,Baron 1898 Single-rider,19.0,30.0,83.0
2023-12-22,160,Carnaval Festival,8.0,15.0,100.0
2023-12-22,160,De Oude Tufferbaan,11.0,20.0,99.0
2023-12-22,160,De Vliegende Hollander,21.0,30.0,98.0
2023-12-22,160,De Vliegende Hollander Single-rider,12.0,30.0,82.0
2023-12-22,160,Diorama,,,99.0
2023-12-22,160,Droomvlucht,21.0,40.0,100.0
2023-12-22,160,Droomvlucht VR,,,100.0
2023-12-22,160,Efteling Museum,,,87.0
2023-12-22,160,Fabula,10.0,10.0,99.0
2023-12-22,160,Fairytale Forest,,,99.0
2023-12-22,160,Fata Morgana,7.0,15.0,100.0
2023-12-22,160,Gondoletta,,,77.0
2023-12-22,160,Halve Maen,8.0,10.0,99.0
2023-12-22,160,Joris en de Draak,26.0,40.0,73.0
2023-12-22,160,Joris en de Draak Single-rider,16.0,40.0,72.0
2023-12-22,160,Kinderspoor,,,0.0
2023-12-22,160,Kindervreugd,,,99.0
2023-12-22,160,Kleuterhof,,,100.0
2023-12-22,160,Max & Moritz,6.0,15.0,100.0
2023-12-22,160,Max & Moritz Single-rider,5.0,5.0,34.0
2023-12-22,160,Monorail,7.0,15.0,99.0
2023-12-22,160,Nest!,,,99.0
2023-12-22,160,Pagode,5.0,5.0,20.0
2023-12-22,160,Piraña,,,0.0
2023-12-22,160,Python,21.0,35.0,55.0
2023-12-22,160,Python Single-rider,20.0,30.0,54.0
2023-12-22,160,Sirocco,7.0,10.0,100.0
2023-12-22,160,Stoomcarrousel,,,99.0
2023-12-22,160,Stoomtrein Marerijk,25.0,25.0,99.0
2023-12-22,160,Stoomtrein Ruigrijk,25.0,25.0,99.0
2023-12-22,160,Symbolica,23.0,35.0,99.0
2023-12-22,160,Symbolica Single-rider,23.0,35.0,99.0
2023-12-22,160,The Six Swans,5.0,5.0,99.0
2023-12-22,160,Villa Volta,6.0,10.0,95.0
2023-12-22,160,Vogel Rok,13.0,35.0,100.0
2023-12-22,160,Volkvanlaaf,,,99.0
2023-12-23,160,Anton Pieck Plein,,,99.0
2023-12-23,160,Archipel,,,64.0
2023-12-23,160,Badhuys indoor splash pool,,,100.0
2023-12-23,160,Baron 1898,,,0.0
2023-12-23,160,Baron 1898 Single-rider,,,0.0
2023-12-23,160,Carnaval Festival,13.0,25.0,90.0
2023-12-23,160,De Oude Tufferbaan,17.0,25.0,92.0
2023-12-23,160,De Vliegende Hollander,18.0,35.0,100.0
2023-12-23,160,De Vliegende Hollander Single-rider,8.0,20.0,89.0
2023-12-23,160,Diorama,,,99.0
2023-12-23,160,Droomvlucht,29.0,45.0,100.0
2023-12-23,160,Droomvlucht VR,,,100.0
2023-12-23,160,Efteling Museum,,,90.0
2023-12-23,160,Fabula,10.0,10.0,99.0
2023-12-23,160,Fairytale Forest,,,99.0
2023-12-23,160,Fata Morgana,10.0,30.0,100.0
2023-12-23,160,Gondoletta,,,60.0
2023-12-23,160,Halve Maen,10.0,20.0,100.0
2023-12-23,160,Joris en de Draak,21.0,40.0,94.0
2023-12-23,160,Joris en de Draak Single-rider,12.0,25.0,94.0
2023-12-23,160,Kinderspoor,7.0,10.0,100.0
2023-12-23,160,Kindervreugd,,,99.0
2023-12-23,160,Kleuterhof,,,100.0
2023-12-23,160,Max & Moritz,7.0,20.0,100.0
2023-12-23,160,Max & Moritz Single-rider,5.0,5.0,23.0
2023-12-23,160,Monorail,9.0,20.0,95.0
2023-12-23,160,Nest!,,,99.0
2023-12-23,160,Pagode,7.0,15.0,66.0
2023-12-23,160,Piraña,,,0.0
2023-12-23,160,Python,17.0,40.0,73.0
2023-12-23,160,Python Single-rider,14.0,30.0,73.0
2023-12-23,160,Sirocco,5.0,10.0,100.0
2023-12-23,160,Stoomcarrousel,,,99.0
2023-12-23,160,Stoomtrein Marerijk,14.0,25.0,99.0
2023-12-23,160,Stoomtrein Ruigrijk,14.0,25.0,99.0
2023-12-23,160,Symbolica,27.0,40.0,96.0
2023-12-23,160,Symbolica Single-rider,7.0,15.0,96.0
2023-12-23,160,The Six Swans,,,100.0
2023-12-23,160,Villa Volta,7.0,15.0,97.0
2023-12-23,160,Vogel Rok,10.0,25.0,100.0
2023-12-23,160,Volkvanlaaf,,,100.0
2023-12-24,160,Anton Pieck Plein,,,99.0
2023-12-24,160,Archipel,,,65.0
2023-12-24,160,Badhuys indoor splash pool,,,100.0
2023-12-24,160,Baron 1898,12.0,30.0,97.0
2023-12-24,160,Baron 1898 Single-rider,8.0,20.0,97.0
2023-12-24,160,Carnaval Festival,8.0,20.0,100.0
2023-12-24,160,De Oude Tufferbaan,,,0.0
2023-12-24,160,De Vliegende Hollander,7.0,25.0,97.0
2023-12-24,160,De Vliegende Hollander Single-rider,5.0,10.0,18.0
2023-12-24,160,Diorama,,,99.0
2023-12-24,160,Droomvlucht,20.0,35.0,100.0
2023-12-24,160,Droomvlucht VR,,,100.0
2023-12-24,160,Efteling Museum,,,89.0
2023-12-24,160,Fabula,10.0,15.0,99.0
2023-12-24,160,Fairytale Forest,,,99.0
2023-12-24,160,Fata Morgana,6.0,10.0,100.0
2023-12-24,160,Gondoletta,5.0,5.0,59.0
2023-12-24,160,Halve Maen,5.0,5.0,72.0
2023-12-24,160,Joris en de Draak,7.0,20.0,89.0
2023-12-24,160,Joris en de Draak Single-rider,5.0,10.0,36.0
2023-12-24,160,Kinderspoor,7.0,10.0,99.0
2023-12-24,160,Kindervreugd,,,99.0
2023-12-24,160,Kleuterhof,,,100.0
2023-12-24,160,Max & Moritz,5.0,10.0,100.0
2023-12-24,160,Max & Moritz Single-rider,5.0,5.0,5.0
2023-12-24,160,Monorail,5.0,10.0,99.0
2023-12-24,160,Nest!,,,99.0
2023-12-24,160,Pagode,5.0,5.0,50.0
2023-12-24,160,Piraña,,,0.0
2023-12-24,160,Python,6.0,15.0,96.0
2023-12-24,160,Python Single-rider,,,36.0
2023-12-24,160,Sirocco,5.0,5.0,100.0
2023-12-24,160,Stoomcarrousel,,,99.0
2023-12-24,160,Stoomtrein Marerijk,15.0,30.0,99.0
2023-12-24,160,Stoomtrein Ruigrijk,15.0,30.0,95.0
2023-12-24,160,Symbolica,20.0,35.0,99.0
2023-12-24,160,Symbolica Single-rider,5.0,5.0,15.0
2023-12-24,160,The Six Swans,,,100.0
2023-12-24,160,Villa Volta,5.0,10.0,99.0
2023-12-24,160,Vogel Rok,5.0,10.0,100.0
2023-12-24,160,Volkvanlaaf,,,99.0
2023-12-25,160,Anton Pieck Plein,,,99.0
2023-12-25,160,Archipel,,,64.0
2023-12-25,160,Badhuys indoor splash pool,,,100.0
2023-12-25,160,Baron 1898,17.0,35.0,100.0
2023-12-25,160,Baron 1898 Single-rider,9.0,20.0,100.0
2023-12-25,160,Carnaval Festival,19.0,30.0,100.0
2023-12-25,160,De Oude Tufferbaan,14.0,35.0,27.0
2023-12-25,160,De Vliegende Hollander,19.0,40.0,83.0
2023-12-25,160,De Vliegende Hollander Single-rider,9.0,20.0,61.0
2023-12-25,160,Diorama,,,99.0
2023-12-25,160,Droomvlucht,31.0,40.0,98.0
2023-12-25,160,Droomvlucht VR,,,100.0
2023-12-25,160,Efteling Museum,,,89.0
2023-12-25,160,Fabula,10.0,10.0,99.0
2023-12-25,160,Fairytale Forest,,,99.0
2023-12-25,160,Fata Morgana,12.0,45.0,100.0
2023-12-25,160,Gondoletta,5.0,5.0,59.0
2023-12-25,160,Halve Maen,5.0,5.0,87.0
2023-12-25,160,Joris en de Draak,13.0,30.0,92.0
2023-12-25,160,Joris en de Draak Single-rider,7.0,25.0,89.0
2023-12-25,160,Kinderspoor,8.0,15.0,99.0
2023-12-25,160,Kindervreugd,,,99.0
2023-12-25,160,Kleuterhof,,,100.0
2023-12-25,160,Max & Moritz,6.0,30.0,100.0
2023-12-25,160,Max & Moritz Single-rider,,,0.0
2023-12-25,160,Monorail,6.0,10.0,99.0
2023-12-25,160,Nest!,,,92.0
2023-12-25,160,Pagode,5.0,5.0,99.0
2023-12-25,160,Piraña,,,0.0
2023-12-25,160,Python,10.0,20.0,75.0
2023-12-25,160,Python Single-rider,6.0,15.0,67.0
2023-12-25,160,Sirocco,6.0,10.0,100.0
2023-12-25,160,Stoomcarrousel,5.0,5.0,99.0
2023-12-25,160,Stoomtrein Marerijk,15.0,25.0,97.0
2023-12-25,160,Stoomtrein Ruigrijk,15.0,25.0,95.0
2023-12-25,160,Symbolica,31.0,40.0,99.0
2023-12-25,160,Symbolica Single-rider,7.0,15.0,99.0
2023-12-25,160,The Six Swans,,,99.0
2023-12-25,160,Villa Volta,7.0,10.0,100.0
2023-12-25,160,Vogel Rok,10.0,30.0,100.0
2023-12-25,160,Volkvanlaaf,,,99.0
2023-12-26,160,Anton Pieck Plein,,,99.0
2023-12-26,160,Archipel,,,65.0
2023-12-26,160,Badhuys indoor splash pool,,,100.0
2023-12-26,160,Baron 1898,35.0,55.0,100.0
2023-12-26,160,Baron 1898 Single-rider,28.0,45.0,100.0
2023-12-26,160,Carnaval Festival,27.0,40.0,97.0
2023-12-26,160,De Oude Tufferbaan,28.0,50.0,99.0
2023-12-26,160,De Vliegende Hollander,31.0,45.0,100.0
2023-12-26,160,De Vliegende Hollander Single-rider,19.0,35.0,94.0
2023-12-26,160,Diorama,,,99.0
2023-12-26,160,Droomvlucht,46.0,70.0,99.0
2023-12-26,160,Droomvlucht VR,,,99.0
2023-12-26,160,Efteling Museum,,,89.0
2023-12-26,160,Fabula,10.0,10.0,99.0
2023-12-26,160,Fairytale Forest,,,99.0
2023-12-26,160,Fata Morgana,23.0,45.0,100.0
2023-12-26,160,Gondoletta,12.0,20.0,59.0
2023-12-26,160,Halve Maen,16.0,20.0,99.0
2023-12-26,160,Joris en de Draak,33.0,50.0,83.0
2023-12-26,160,Joris en de Draak Single-rider,19.0,35.0,83.0
2023-12-26,160,Kinderspoor,16.0,30.0,99.0
2023-12-26,160,Kindervreugd,,,99.0
2023-12-26,160,Kleuterhof,,,99.0
2023-12-26,160,Max & Moritz,20.0,45.0,100.0
2023-12-26,160,Max & Moritz Single-rider,11.0,30.0,99.0
2023-12-26,160,Monorail,20.0,40.0,99.0
2023-12-26,160,Nest!,,,99.0
2023-12-26,160,Pagode,11.0,30.0,96.0
2023-12-26,160,Piraña,,,0.0
2023-12-26,160,Python,18.0,30.0,100.0
2023-12-26,160,Python Single-rider,14.0,30.0,100.0
2023-12-26,160,Sirocco,12.0,25.0,100.0
2023-12-26,160,Stoomcarrousel,10.0,10.0,100.0
2023-12-26,160,Stoomtrein Marerijk,16.0,25.0,99.0
2023-12-26,160,Stoomtrein Ruigrijk,16.0,25.0,99.0
2023-12-26,160,Symbolica,43.0,60.0,100.0
2023-12-26,160,Symbolica Single-rider,13.0,30.0,99.0
2023-12-26,160,The Six Swans,6.0,10.0,99.0
2023-12-26,160,Villa Volta,12.0,30.0,100.0
2023-12-26,160,Vogel Rok,24.0,40.0,100.0
2023-12-26,160,Volkvanlaaf,,,99.0
2023-12-27,160,Anton Pieck Plein,,,100.0
2023-12-27,160,Archipel,,,65.0
2023-12-27,160,Badhuys indoor splash pool,,,100.0
2023-12-27,160,Baron 1898,42.0,60.0,95.0
2023-12-27,160,Baron 1898 Single-rider,31.0,45.0,95.0
2023-12-27,160,Carnaval Festival,25.0,45.0,100.0
2023-12-27,160,De Oude Tufferbaan,27.0,45.0,79.0
2023-12-27,160,De Vliegende Hollander,32.0,45.0,100.0
2023-12-27,160,De Vliegende Hollander Single-rider,20.0,35.0,97.0
2023-12-27,160,Diorama,,,100.0
2023-12-27,160,Droomvlucht,42.0,60.0,98.0
2023-12-27,160,Droomvlucht VR,,,98.0
2023-12-27,160,Efteling Museum,,,89.0
2023-12-27,160,Fabula,10.0,10.0,100.0
2023-12-27,160,Fairytale Forest,,,100.0
2023-12-27,160,Fata Morgana,21.0,50.0,100.0
2023-12-27,160,Gondoletta,14.0,25.0,60.0
2023-12-27,160,Halve Maen,15.0,20.0,90.0
2023-12-27,160,Joris en de Draak,40.0,55.0,72.0
2023-12-27,160,Joris en de Draak Single-rider,26.0,40.0,72.0
2023-12-27,160,Kinderspoor,16.0,30.0,100.0
2023-12-27,160,Kindervreugd,,,100.0
2023-12-27,160,Kleuterhof,,,100.0
2023-12-27,160,Max & Moritz,19.0,40.0,89.0
2023-12-27,160,Max & Moritz Single-rider,13.0,30.0,84.0
2023-12-27,160,Monorail,18.0,40.0,97.0
2023-12-27,160,Nest!,,,100.0
2023-12-27,160,Pagode,11.0,40.0,79.0
2023-12-27,160,Piraña,,,0.0
2023-12-27,160,Python,27.0,35.0,86.0
2023-12-27,160,Python Single-rider,26.0,50.0,81.0
2023-12-27,160,Sirocco,12.0,25.0,100.0
2023-12-27,160,Stoomcarrousel,11.0,15.0,100.0
2023-12-27,160,Stoomtrein Marerijk,29.0,50.0,100.0
2023-12-27,160,Stoomtrein Ruigrijk,39.0,50.0,100.0
2023-12-27,160,Symbolica,40.0,50.0,98.0
2023-12-27,160,Symbolica Single-rider,14.0,35.0,98.0
2023-12-27,160,The Six Swans,5.0,10.0,100.0
2023-12-27,160,Villa Volta,14.0,30.0,94.0
2023-12-27,160,Vogel Rok,24.0,40.0,100.0
2023-12-27,160,Volkvanlaaf,,,100.0
2023-12-28,160,Anton Pieck Plein,,,99.0
2023-12-28,160,Archipel,,,65.0
2023-12-28,160,Badhuys indoor splash pool,,,100.0
2023-12-28,160,Baron 1898,65.0,100.0,61.0
2023-12-28,160,Baron 1898 Single-rider,50.0,80.0,61.0
2023-12-28,160,Carnaval Festival,27.0,50.0,100.0
2023-12-28,160,De Oude Tufferbaan,35.0,55.0,99.0
2023-12-28,160,De Vliegende Hollander,47.0,70.0,100.0
2023-12-28,160,De Vliegende Hollander Single-rider,30.0,45.0,100.0
2023-12-28,160,Diorama,,,99.0
2023-12-28,160,Droomvlucht,56.0,150.0,100.0
2023-12-28,160,Droomvlucht VR,,,100.0
2023-12-28,160,Efteling Museum,,,89.0
2023-12-28,160,Fabula,10.0,10.0,99.0
2023-12-28,160,Fairytale Forest,,,99.0
2023-12-28,160,Fata Morgana,31.0,50.0,100.0
2023-12-28,160,Gondoletta,22.0,30.0,59.0
2023-12-28,160,Halve Maen,22.0,40.0,100.0
2023-12-28,160,Joris en de Draak,47.0,70.0,79.0
2023-12-28,160,Joris en de Draak Single-rider,31.0,45.0,73.0
2023-12-28,160,Kinderspoor,24.0,40.0,99.0
2023-12-28,160,Kindervreugd,,,99.0
2023-12-28,160,Kleuterhof,,,100.0
2023-12-28,160,Max & Moritz,30.0,45.0,100.0
2023-12-28,160,Max & Moritz Single-rider,21.0,45.0,90.0
2023-12-28,160,Monorail,30.0,45.0,92.0
2023-12-28,160,Nest!,,,99.0
2023-12-28,160,Pagode,18.0,35.0,99.0
2023-12-28,160,Piraña,,,0.0
2023-12-28,160,Python,51.0,80.0,99.0
2023-12-28,160,Python Single-rider,54.0,90.0,99.0
2023-12-28,160,Sirocco,17.0,30.0,100.0
2023-12-28,160,Stoomcarrousel,14.0,15.0,99.0
2023-12-28,160,Stoomtrein Marerijk,29.0,40.0,91.0
2023-12-28,160,Stoomtrein Ruigrijk,33.0,40.0,90.0
2023-12-28,160,Symbolica,51.0,70.0,99.0
2023-12-28,160,Symbolica Single-rider,20.0,40.0,99.0
2023-12-28,160,The Six Swans,10.0,20.0,99.0
2023-12-28,160,Villa Volta,19.0,45.0,98.0
2023-12-28,160,Vogel Rok,36.0,60.0,100.0
2023-12-28,160,Volkvanlaaf,,,99.0
2023-12-29,160,Anton Pieck Plein,,,99.0
2023-12-29,160,Archipel,,,65.0
2023-12-29,160,Badhuys indoor splash pool,,,100.0
2023-12-29,160,Baron 1898,40.0,60.0,100.0
2023-12-29,160,Baron 1898 Single-rider,29.0,60.0,100.0
2023-12-29,160,Carnaval Festival,25.0,45.0,100.0
2023-12-29,160,De Oude Tufferbaan,20.0,30.0,79.0
2023-12-29,160,De Vliegende Hollander,31.0,45.0,99.0
2023-12-29,160,De Vliegende Hollander Single-rider,20.0,40.0,92.0
2023-12-29,160,Diorama,,,100.0
2023-12-29,160,Droomvlucht,45.0,60.0,100.0
2023-12-29,160,Droomvlucht VR,,,100.0
2023-12-29,160,Efteling Museum,,,90.0
2023-12-29,160,Fabula,10.0,10.0,99.0
2023-12-29,160,Fairytale Forest,,,99.0
2023-12-29,160,Fata Morgana,20.0,50.0,100.0
2023-12-29,160,Gondoletta,10.0,20.0,59.0
2023-12-29,160,Halve Maen,12.0,20.0,99.0
2023-12-29,160,Joris en de Draak,35.0,60.0,84.0
2023-12-29,160,Joris en de Draak Single-rider,21.0,35.0,84.0
2023-12-29,160,Kinderspoor,9.0,15.0,99.0
2023-12-29,160,Kindervreugd,,,99.0
2023-12-29,160,Kleuterhof,,,100.0
2023-12-29,160,Max & Moritz,16.0,60.0,99.0
2023-12-29,160,Max & Moritz Single-rider,11.0,30.0,65.0
2023-12-29,160,Monorail,20.0,35.0,92.0
2023-12-29,160,Nest!,,,99.0
2023-12-29,160,Pagode,8.0,25.0,99.0
2023-12-29,160,Piraña,,,0.0
2023-12-29,160,Python,22.0,45.0,99.0
2023-12-29,160,Python Single-rider,20.0,40.0,92.0
2023-12-29,160,Sirocco,10.0,20.0,100.0
2023-12-29,160,Stoomcarrousel,15.0,15.0,100.0
2023-12-29,160,Stoomtrein Marerijk,17.0,25.0,96.0
2023-12-29,160,Stoomtrein Ruigrijk,17.0,25.0,96.0
2023-12-29,160,Symbolica,43.0,60.0,99.0
2023-12-29,160,Symbolica Single-rider,14.0,30.0,100.0
2023-12-29,160,The Six Swans,6.0,10.0,99.0
2023-12-29,160,Villa Volta,11.0,25.0,100.0
2023-12-29,160,Vogel Rok,26.0,45.0,100.0
2023-12-29,160,Volkvanlaaf,,,99.0
2023-12-30,160,Anton Pieck Plein,,,99.0
2023-12-30,160,Archipel,,,65.0
2023-12-30,160,Badhuys indoor splash pool,,,100.0
2023-12-30,160,Baron 1898,39.0,50.0,100.0
2023-12-30,160,Baron 1898 Single-rider,31.0,50.0,100.0
2023-12-30,160,Carnaval Festival,23.0,40.0,100.0
2023-12-30,160,De Oude Tufferbaan,25.0,45.0,100.0
2023-12-30,160,De Vliegende Hollander,32.0,45.0,100.0
2023-12-30,160,De Vliegende Hollander Single-rider,20.0,35.0,90.0
2023-12-30,160,Diorama,,,99.0
2023-12-30,160,Droomvlucht,44.0,60.0,100.0
2023-12-30,160,Droomvlucht VR,,,99.0
2023-12-30,160,Efteling Museum,,,89.0
2023-12-30,160,Fabula,10.0,10.0,99.0
2023-12-30,160,Fairytale Forest,,,99.0
2023-12-30,160,Fata Morgana,22.0,65.0,100.0
2023-12-30,160,Gondoletta,15.0,30.0,57.0
2023-12-30,160,Halve Maen,20.0,40.0,99.0
2023-12-30,160,Joris en de Draak,36.0,50.0,95.0
2023-12-30,160,Joris en de Draak Single-rider,24.0,35.0,95.0
2023-12-30,160,Kinderspoor,15.0,25.0,99.0
2023-12-30,160,Kindervreugd,,,99.0
2023-12-30,160,Kleuterhof,,,100.0
2023-12-30,160,Max & Moritz,22.0,45.0,90.0
2023-12-30,160,Max & Moritz Single-rider,10.0,25.0,92.0
2023-12-30,160,Monorail,20.0,40.0,99.0
2023-12-30,160,Nest!,,,76.0
2023-12-30,160,Pagode,13.0,35.0,98.0
2023-12-30,160,Piraña,,,0.0
2023-12-30,160,Python,24.0,45.0,95.0
2023-12-30,160,Python Single-rider,22.0,40.0,96.0
2023-12-30,160,Sirocco,12.0,25.0,100.0
2023-12-30,160,Stoomcarrousel,10.0,10.0,99.0
2023-12-30,160,Stoomtrein Marerijk,15.0,30.0,99.0
2023-12-30,160,Stoomtrein Ruigrijk,16.0,30.0,99.0
2023-12-30,160,Symbolica,42.0,55.0,99.0
2023-12-30,160,Symbolica Single-rider,14.0,30.0,99.0
2023-12-30,160,The Six Swans,8.0,15.0,99.0
2023-12-30,160,Villa Volta,14.0,45.0,99.0
2023-12-30,160,Vogel Rok,24.0,45.0,100.0
2023-12-30,160,Volkvanlaaf,,,99.0
2023-12-31,160,Anton Pieck Plein,,,99.0
2023-12-31,160,Archipel,,,82.0
2023-12-31,160,Badhuys indoor splash pool,,,100.0
2023-12-31,160,Baron 1898,13.0,30.0,96.0
2023-12-31,160,Baron 1898 Single-rider,10.0,20.0,96.0
2023-12-31,160,Carnaval Festival,14.0,30.0,96.0
2023-12-31,160,De Oude Tufferbaan,15.0,30.0,98.0
2023-12-31,160,De Vliegende Hollander,15.0,30.0,96.0
2023-12-31,160,De Vliegende Hollander Single-rider,7.0,20.0,77.0
2023-12-31,160,Diorama,,,99.0
2023-12-31,160,Droomvlucht,28.0,40.0,95.0
2023-12-31,160,Droomvlucht VR,,,95.0
2023-12-31,160,Efteling Museum,,,0.0
2023-12-31,160,Fabula,10.0,10.0,96.0
2023-12-31,160,Fairytale Forest,,,99.0
2023-12-31,160,Fata Morgana,7.0,30.0,95.0
2023-12-31,160,Gondoletta,,,73.0
2023-12-31,160,Halve Maen,6.0,10.0,95.0
2023-12-31,160,Joris en de Draak,13.0,25.0,96.0
2023-12-31,160,Joris en de Draak Single-rider,8.0,25.0,91.0
2023-12-31,160,Kinderspoor,5.0,10.0,73.0
2023-12-31,160,Kindervreugd,,,99.0
2023-12-31,160,Kleuterhof,,,99.0
2023-12-31,160,Max & Moritz,6.0,25.0,100.0
2023-12-31,160,Max & Moritz Single-rider,5.0,10.0,74.0
2023-12-31,160,Monorail,10.0,15.0,99.0
2023-12-31,160,Nest!,,,99.0
2023-12-31,160,Pagode,5.0,5.0,97.0
2023-12-31,160,Piraña,,,0.0
2023-12-31,160,Python,8.0,20.0,97.0
2023-12-31,160,Python Single-rider,5.0,15.0,84.0
2023-12-31,160,Sirocco,6.0,10.0,100.0
2023-12-31,160,Stoomcarrousel,,,99.0
2023-12-31,160,Stoomtrein Marerijk,25.0,25.0,99.0
2023-12-31,160,Stoomtrein Ruigrijk,31.0,50.0,99.0
2023-12-31,160,Symbolica,30.0,40.0,93.0
2023-12-31,160,Symbolica Single-rider,8.0,10.0,93.0
2023-12-31,160,The Six Swans,5.0,5.0,97.0
2023-12-31,160,Villa Volta,6.0,15.0,96.0
2023-12-31,160,Vogel Rok,8.0,15.0,100.0
2023-12-31,160,Volkvanlaaf,,,99.0
