timestamp,attraction_name,status,queue_type,wait_time
2025-11-13T16:04:13Z,Droomvlucht,OPERATING,STANDBY,25
2025-11-13T16:04:13Z,Fata Morgana,OPERATING,STANDBY,5
2025-11-13T16:04:13Z,Villa Volta,OPERATING,STANDBY,5
2025-11-13T16:04:13Z,De Vliegende Hollander,OPERATING,STANDBY,25
2025-11-13T16:04:13Z,De Vliegende Hollander Single-rider,OPERATING,SINGLE_RIDER,0
2025-11-13T16:04:13Z,Sirocco,REFURBISHMENT,STANDBY,NA
2025-11-13T16:04:13Z,Stoomtrein Marerijk,OPERATING,STANDBY,25
2025-11-13T16:04:13Z,Stoomcarrousel,OPERATING,STANDBY,0
2025-11-13T16:04:13Z,Halve Maen,OPERATING,STANDBY,5
2025-11-13T16:04:13Z,Stoomtrein Ruigrijk,OPERATING,STANDBY,25
2025-11-13T16:04:13Z,Kinderspoor,OPERATING,STANDBY,0
2025-11-13T16:04:13Z,Fabula,OPERATING,STANDBY,10
2025-11-13T16:04:13Z,Monorail,REFURBISHMENT,STANDBY,NA
2025-11-13T16:04:13Z,Max & Moritz,OPERATING,STANDBY,5
2025-11-13T16:04:13Z,Max & Moritz Single-rider,OPERATING,SINGLE_RIDER,0
2025-11-13T16:04:13Z,Gondoletta,OPERATING,STANDBY,5
2025-11-13T16:04:13Z,De Oude Tufferbaan,DOWN,STANDBY,0
2025-11-13T16:04:13Z,Python,OPERATING,STANDBY,5
2025-11-13T16:04:13Z,Python Single-rider,OPERATING,SINGLE_RIDER,0
2025-11-13T16:04:13Z,Piraña,OPERATING,STANDBY,5
2025-11-13T16:04:13Z,Joris en de Draak,OPERATING,STANDBY,10
2025-11-13T16:04:13Z,Joris en de Draak Single-rider,OPERATING,SINGLE_RIDER,0
2025-11-13T16:04:13Z,Carnaval Festival,OPERATING,STANDBY,10
2025-11-13T16:04:13Z,Vogel Rok,REFURBISHMENT,STANDBY,NA
2025-11-13T16:04:13Z,Baron 1898,OPERATING,STANDBY,15
2025-11-13T16:04:13Z,Baron 1898 Single-rider,OPERATING,SINGLE_RIDER,10
2025-11-13T16:04:13Z,Pagode,OPERATING,STANDBY,5
2025-11-13T16:04:13Z,Symbolica,OPERATING,STANDBY,25
2025-11-13T16:04:13Z,Symbolica Single-rider,OPERATING,SINGLE_RIDER,0
2025-11-13T16:04:13Z,Danse Macabre,OPERATING,STANDBY,13
2025-11-13T16:04:13Z,Danse Macabre Single-rider,OPERATING,SINGLE_RIDER,0
2025-11-13T16:19:48Z,Droomvlucht,OPERATING,STANDBY,20
2025-11-13T16:19:48Z,Fata Morgana,OPERATING,STANDBY,5
2025-11-13T16:19:48Z,Villa Volta,OPERATING,STANDBY,5
2025-11-13T16:19:48Z,De Vliegende Hollander,OPERATING,STANDBY,5
2025-11-13T16:19:48Z,De Vliegende Hollander Single-rider,OPERATING,SINGLE_RIDER,0
2025-11-13T16:19:48Z,Sirocco,REFURBISHMENT,STANDBY,NA
2025-11-13T16:19:48Z,Stoomtrein Marerijk,OPERATING,STANDBY,25
2025-11-13T16:19:48Z,Stoomcarrousel,OPERATING,STANDBY,0
2025-11-13T16:19:48Z,Halve Maen,OPERATING,STANDBY,5
2025-11-13T16:19:48Z,Stoomtrein Ruigrijk,OPERATING,STANDBY,25
2025-11-13T16:19:48Z,Kinderspoor,OPERATING,STANDBY,0
2025-11-13T16:19:48Z,Fabula,OPERATING,STANDBY,10
2025-11-13T16:19:48Z,Monorail,REFURBISHMENT,STANDBY,NA
2025-11-13T16:19:48Z,Max & Moritz,OPERATING,STANDBY,5
2025-11-13T16:19:48Z,Max & Moritz Single-rider,OPERATING,SINGLE_RIDER,0
2025-11-13T16:19:48Z,Gondoletta,OPERATING,STANDBY,5
2025-11-13T16:19:48Z,De Oude Tufferbaan,DOWN,STANDBY,0
2025-11-13T16:19:48Z,Python,OPERATING,STANDBY,5
2025-11-13T16:19:48Z,Python Single-rider,OPERATING,SINGLE_RIDER,0
2025-11-13T16:19:48Z,Piraña,OPERATING,STANDBY,5
2025-11-13T16:19:48Z,Joris en de Draak,OPERATING,STANDBY,10
2025-11-13T16:19:48Z,Joris en de Draak Single-rider,OPERATING,SINGLE_RIDER,0
2025-11-13T16:19:48Z,Carnaval Festival,OPERATING,STANDBY,10
2025-11-13T16:19:48Z,Vogel Rok,REFURBISHMENT,STANDBY,NA
2025-11-13T16:19:48Z,Baron 1898,OPERATING,STANDBY,10
2025-11-13T16:19:48Z,Baron 1898 Single-rider,OPERATING,SINGLE_RIDER,15
2025-11-13T16:19:48Z,Pagode,OPERATING,STANDBY,5
2025-11-13T16:19:48Z,Symbolica,OPERATING,STANDBY,25
2025-11-13T16:19:48Z,Symbolica Single-rider,OPERATING,SINGLE_RIDER,0
2025-11-13T16:19:48Z,Danse Macabre,OPERATING,STANDBY,20
2025-11-13T16:19:48Z,Danse Macabre Single-rider,OPERATING,SINGLE_RIDER,0
2025-11-13T16:24:48Z,Droomvlucht,OPERATING,STANDBY,20
2025-11-13T16:24:48Z,Fata Morgana,OPERATING,STANDBY,5
2025-11-13T16:24:48Z,Villa Volta,OPERATING,STANDBY,5
2025-11-13T16:24:48Z,De Vliegende Hollander,OPERATING,STANDBY,5
2025-11-13T16:24:48Z,De Vliegende Hollander Single-rider,OPERATING,SINGLE_RIDER,0
2025-11-13T16:24:48Z,Sirocco,REFURBISHMENT,STANDBY,NA
2025-11-13T16:24:48Z,Stoomtrein Marerijk,OPERATING,STANDBY,25
2025-11-13T16:24:48Z,Stoomcarrousel,OPERATING,STANDBY,0
2025-11-13T16:24:48Z,Halve Maen,OPERATING,STANDBY,5
2025-11-13T16:24:48Z,Stoomtrein Ruigrijk,OPERATING,STANDBY,25
2025-11-13T16:24:48Z,Kinderspoor,OPERATING,STANDBY,5
2025-11-13T16:24:48Z,Fabula,OPERATING,STANDBY,10
2025-11-13T16:24:48Z,Monorail,CLOSED,STANDBY,NA
2025-11-13T16:24:48Z,Max & Moritz,OPERATING,STANDBY,5
2025-11-13T16:24:48Z,Max & Moritz Single-rider,OPERATING,SINGLE_RIDER,0
2025-11-13T16:24:48Z,Gondoletta,OPERATING,STANDBY,5
2025-11-13T16:24:48Z,De Oude Tufferbaan,DOWN,STANDBY,0
2025-11-13T16:24:48Z,Python,OPERATING,STANDBY,5
2025-11-13T16:24:48Z,Python Single-rider,OPERATING,SINGLE_RIDER,0
2025-11-13T16:24:48Z,Piraña,OPERATING,STANDBY,5
2025-11-13T16:24:48Z,Joris en de Draak,OPERATING,STANDBY,15
2025-11-13T16:24:48Z,Joris en de Draak Single-rider,OPERATING,SINGLE_RIDER,0
2025-11-13T16:24:48Z,Carnaval Festival,OPERATING,STANDBY,5
2025-11-13T16:24:48Z,Vogel Rok,REFURBISHMENT,STANDBY,NA
2025-11-13T16:24:48Z,Baron 1898,OPERATING,STANDBY,10
2025-11-13T16:24:48Z,Baron 1898 Single-rider,OPERATING,SINGLE_RIDER,15
2025-11-13T16:24:48Z,Pagode,OPERATING,STANDBY,5
2025-11-13T16:24:48Z,Symbolica,OPERATING,STANDBY,20
2025-11-13T16:24:48Z,Symbolica Single-rider,OPERATING,SINGLE_RIDER,0
2025-11-13T16:24:48Z,Danse Macabre,OPERATING,STANDBY,20
2025-11-13T16:24:48Z,Danse Macabre Single-rider,OPERATING,SINGLE_RIDER,0
2025-11-13T16:29:49Z,Droomvlucht,OPERATING,STANDBY,20
2025-11-13T16:29:49Z,Fata Morgana,OPERATING,STANDBY,5
2025-11-13T16:29:49Z,Villa Volta,OPERATING,STANDBY,5
2025-11-13T16:29:49Z,De Vliegende Hollander,OPERATING,STANDBY,5
2025-11-13T16:29:49Z,De Vliegende Hollander Single-rider,OPERATING,SINGLE_RIDER,0
2025-11-13T16:29:49Z,Sirocco,REFURBISHMENT,STANDBY,NA
2025-11-13T16:29:49Z,Stoomtrein Marerijk,OPERATING,STANDBY,25
2025-11-13T16:29:49Z,Stoomcarrousel,OPERATING,STANDBY,0
2025-11-13T16:29:49Z,Halve Maen,OPERATING,STANDBY,5
2025-11-13T16:29:49Z,Stoomtrein Ruigrijk,OPERATING,STANDBY,25
2025-11-13T16:29:49Z,Kinderspoor,OPERATING,STANDBY,5
2025-11-13T16:29:49Z,Fabula,OPERATING,STANDBY,10
2025-11-13T16:29:49Z,Monorail,CLOSED,STANDBY,NA
2025-11-13T16:29:49Z,Max & Moritz,OPERATING,STANDBY,5
2025-11-13T16:29:49Z,Max & Moritz Single-rider,OPERATING,SINGLE_RIDER,0
2025-11-13T16:29:49Z,Gondoletta,OPERATING,STANDBY,5
2025-11-13T16:29:49Z,De Oude Tufferbaan,OPERATING,STANDBY,5
2025-11-13T16:29:49Z,Python,OPERATING,STANDBY,5
2025-11-13T16:29:49Z,Python Single-rider,OPERATING,SINGLE_RIDER,0
2025-11-13T16:29:49Z,Piraña,OPERATING,STANDBY,5
2025-11-13T16:29:49Z,Joris en de Draak,OPERATING,STANDBY,15
2025-11-13T16:29:49Z,Joris en de Draak Single-rider,OPERATING,SINGLE_RIDER,0
2025-11-13T16:29:49Z,Carnaval Festival,OPERATING,STANDBY,5
2025-11-13T16:29:49Z,Vogel Rok,REFURBISHMENT,STANDBY,NA
2025-11-13T16:29:49Z,Baron 1898,OPERATING,STANDBY,10
2025-11-13T16:29:49Z,Baron 1898 Single-rider,OPERATING,SINGLE_RIDER,15
2025-11-13T16:29:49Z,Pagode,OPERATING,STANDBY,5
2025-11-13T16:29:49Z,Symbolica,OPERATING,STANDBY,25
2025-11-13T16:29:49Z,Symbolica Single-rider,OPERATING,SINGLE_RIDER,0
2025-11-13T16:29:49Z,Danse Macabre,OPERATING,STANDBY,13
2025-11-13T16:29:49Z,Danse Macabre Single-rider,OPERATING,SINGLE_RIDER,0
2025-11-13T16:34:49Z,Droomvlucht,OPERATING,STANDBY,20
2025-11-13T16:34:49Z,Fata Morgana,OPERATING,STANDBY,5
2025-11-13T16:34:49Z,Villa Volta,OPERATING,STANDBY,5
2025-11-13T16:34:49Z,De Vliegende Hollander,OPERATING,STANDBY,5
2025-11-13T16:34:49Z,De Vliegende Hollander Single-rider,OPERATING,SINGLE_RIDER,0
2025-11-13T16:34:49Z,Sirocco,REFURBISHMENT,STANDBY,NA
2025-11-13T16:34:49Z,Stoomtrein Marerijk,OPERATING,STANDBY,25
2025-11-13T16:34:49Z,Stoomcarrousel,OPERATING,STANDBY,0
2025-11-13T16:34:49Z,Halve Maen,OPERATING,STANDBY,5
2025-11-13T16:34:49Z,Stoomtrein Ruigrijk,OPERATING,STANDBY,25
2025-11-13T16:34:49Z,Kinderspoor,OPERATING,STANDBY,5
2025-11-13T16:34:49Z,Fabula,OPERATING,STANDBY,10
2025-11-13T16:34:49Z,Monorail,CLOSED,STANDBY,NA
2025-11-13T16:34:49Z,Max & Moritz,OPERATING,STANDBY,5
2025-11-13T16:34:49Z,Max & Moritz Single-rider,OPERATING,SINGLE_RIDER,0
2025-11-13T16:34:49Z,Gondoletta,OPERATING,STANDBY,5
2025-11-13T16:34:49Z,De Oude Tufferbaan,OPERATING,STANDBY,5
2025-11-13T16:34:49Z,Python,OPERATING,STANDBY,5
2025-11-13T16:34:49Z,Python Single-rider,OPERATING,SINGLE_RIDER,0
2025-11-13T16:34:49Z,Piraña,OPERATING,STANDBY,5
2025-11-13T16:34:49Z,Joris en de Draak,OPERATING,STANDBY,15
2025-11-13T16:34:49Z,Joris en de Draak Single-rider,OPERATING,SINGLE_RIDER,0
2025-11-13T16:34:49Z,Carnaval Festival,OPERATING,STANDBY,5
2025-11-13T16:34:49Z,Vogel Rok,REFURBISHMENT,STANDBY,NA
2025-11-13T16:34:49Z,Baron 1898,OPERATING,STANDBY,10
2025-11-13T16:34:49Z,Baron 1898 Single-rider,OPERATING,SINGLE_RIDER,15
2025-11-13T16:34:49Z,Pagode,OPERATING,STANDBY,5
2025-11-13T16:34:49Z,Symbolica,OPERATING,STANDBY,25
2025-11-13T16:34:49Z,Symbolica Single-rider,OPERATING,SINGLE_RIDER,0
2025-11-13T16:34:49Z,Danse Macabre,OPERATING,STANDBY,13
2025-11-13T16:34:49Z,Danse Macabre Single-rider,OPERATING,SINGLE_RIDER,0
2025-11-13T16:39:49Z,Droomvlucht,OPERATING,STANDBY,20
2025-11-13T16:39:49Z,Fata Morgana,OPERATING,STANDBY,5
2025-11-13T16:39:49Z,Villa Volta,OPERATING,STANDBY,5
2025-11-13T16:39:49Z,De Vliegende Hollander,OPERATING,STANDBY,5
2025-11-13T16:39:49Z,De Vliegende Hollander Single-rider,OPERATING,SINGLE_RIDER,0
2025-11-13T16:39:49Z,Sirocco,REFURBISHMENT,STANDBY,NA
2025-11-13T16:39:49Z,Stoomtrein Marerijk,OPERATING,STANDBY,25
2025-11-13T16:39:49Z,Stoomcarrousel,OPERATING,STANDBY,0
2025-11-13T16:39:49Z,Halve Maen,OPERATING,STANDBY,5
2025-11-13T16:39:49Z,Stoomtrein Ruigrijk,OPERATING,STANDBY,25
2025-11-13T16:39:49Z,Kinderspoor,OPERATING,STANDBY,5
2025-11-13T16:39:49Z,Fabula,OPERATING,STANDBY,10
2025-11-13T16:39:49Z,Monorail,CLOSED,STANDBY,NA
2025-11-13T16:39:49Z,Max & Moritz,OPERATING,STANDBY,5
2025-11-13T16:39:49Z,Max & Moritz Single-rider,OPERATING,SINGLE_RIDER,0
2025-11-13T16:39:49Z,Gondoletta,OPERATING,STANDBY,5
2025-11-13T16:39:49Z,De Oude Tufferbaan,OPERATING,STANDBY,5
2025-11-13T16:39:49Z,Python,OPERATING,STANDBY,5
2025-11-13T16:39:49Z,Python Single-rider,OPERATING,SINGLE_RIDER,0
2025-11-13T16:39:49Z,Piraña,OPERATING,STANDBY,5
2025-11-13T16:39:49Z,Joris en de Draak,OPERATING,STANDBY,15
2025-11-13T16:39:49Z,Joris en de Draak Single-rider,OPERATING,SINGLE_RIDER,0
2025-11-13T16:39:49Z,Carnaval Festival,OPERATING,STANDBY,5
2025-11-13T16:39:49Z,Vogel Rok,REFURBISHMENT,STANDBY,NA
2025-11-13T16:39:49Z,Baron 1898,OPERATING,STANDBY,10
2025-11-13T16:39:49Z,Baron 1898 Single-rider,OPERATING,SINGLE_RIDER,15
2025-11-13T16:39:49Z,Pagode,OPERATING,STANDBY,5
2025-11-13T16:39:49Z,Symbolica,OPERATING,STANDBY,25
2025-11-13T16:39:49Z,Symbolica Single-rider,OPERATING,SINGLE_RIDER,0
2025-11-13T16:39:49Z,Danse Macabre,OPERATING,STANDBY,13
2025-11-13T16:39:49Z,Danse Macabre Single-rider,OPERATING,SINGLE_RIDER,0
2025-11-13T16:44:50Z,Droomvlucht,OPERATING,STANDBY,20
2025-11-13T16:44:50Z,Fata Morgana,OPERATING,STANDBY,5
2025-11-13T16:44:50Z,Villa Volta,OPERATING,STANDBY,5
2025-11-13T16:44:50Z,De Vliegende Hollander,OPERATING,STANDBY,5
2025-11-13T16:44:50Z,De Vliegende Hollander Single-rider,OPERATING,SINGLE_RIDER,0
2025-11-13T16:44:50Z,Sirocco,REFURBISHMENT,STANDBY,NA
2025-11-13T16:44:50Z,Stoomtrein Marerijk,OPERATING,STANDBY,25
2025-11-13T16:44:50Z,Stoomcarrousel,OPERATING,STANDBY,0
2025-11-13T16:44:50Z,Halve Maen,OPERATING,STANDBY,5
2025-11-13T16:44:50Z,Stoomtrein Ruigrijk,OPERATING,STANDBY,25
2025-11-13T16:44:50Z,Kinderspoor,OPERATING,STANDBY,5
2025-11-13T16:44:50Z,Fabula,OPERATING,STANDBY,10
2025-11-13T16:44:50Z,Monorail,CLOSED,STANDBY,NA
2025-11-13T16:44:50Z,Max & Moritz,OPERATING,STANDBY,5
2025-11-13T16:44:50Z,Max & Moritz Single-rider,OPERATING,SINGLE_RIDER,0
2025-11-13T16:44:50Z,Gondoletta,OPERATING,STANDBY,5
2025-11-13T16:44:50Z,De Oude Tufferbaan,OPERATING,STANDBY,5
2025-11-13T16:44:50Z,Python,OPERATING,STANDBY,5
2025-11-13T16:44:50Z,Python Single-rider,OPERATING,SINGLE_RIDER,0
2025-11-13T16:44:50Z,Piraña,OPERATING,STANDBY,5
2025-11-13T16:44:50Z,Joris en de Draak,OPERATING,STANDBY,15
2025-11-13T16:44:50Z,Joris en de Draak Single-rider,OPERATING,SINGLE_RIDER,0
2025-11-13T16:44:50Z,Carnaval Festival,OPERATING,STANDBY,5
2025-11-13T16:44:50Z,Vogel Rok,REFURBISHMENT,STANDBY,NA
2025-11-13T16:44:50Z,Baron 1898,OPERATING,STANDBY,10
2025-11-13T16:44:50Z,Baron 1898 Single-rider,OPERATING,SINGLE_RIDER,15
2025-11-13T16:44:50Z,Pagode,OPERATING,STANDBY,5
2025-11-13T16:44:50Z,Symbolica,DOWN,STANDBY,0
2025-11-13T16:44:50Z,Symbolica Single-rider,DOWN,SINGLE_RIDER,0
2025-11-13T16:44:50Z,Danse Macabre,OPERATING,STANDBY,13
2025-11-13T16:44:50Z,Danse Macabre Single-rider,OPERATING,SINGLE_RIDER,0
2025-11-13T16:49:50Z,Droomvlucht,OPERATING,STANDBY,20
2025-11-13T16:49:50Z,Fata Morgana,OPERATING,STANDBY,5
2025-11-13T16:49:50Z,Villa Volta,OPERATING,STANDBY,5
2025-11-13T16:49:50Z,De Vliegende Hollander,OPERATING,STANDBY,5
2025-11-13T16:49:50Z,De Vliegende Hollander Single-rider,OPERATING,SINGLE_RIDER,0
2025-11-13T16:49:50Z,Sirocco,REFURBISHMENT,STANDBY,NA
2025-11-13T16:49:50Z,Stoomtrein Marerijk,OPERATING,STANDBY,25
2025-11-13T16:49:50Z,Stoomcarrousel,OPERATING,STANDBY,0
2025-11-13T16:49:50Z,Halve Maen,OPERATING,STANDBY,5
2025-11-13T16:49:50Z,Stoomtrein Ruigrijk,OPERATING,STANDBY,25
2025-11-13T16:49:50Z,Kinderspoor,OPERATING,STANDBY,10
2025-11-13T16:49:50Z,Fabula,OPERATING,STANDBY,10
2025-11-13T16:49:50Z,Monorail,CLOSED,STANDBY,NA
2025-11-13T16:49:50Z,Max & Moritz,OPERATING,STANDBY,5
2025-11-13T16:49:50Z,Max & Moritz Single-rider,OPERATING,SINGLE_RIDER,0
2025-11-13T16:49:50Z,Gondoletta,OPERATING,STANDBY,5
2025-11-13T16:49:50Z,De Oude Tufferbaan,OPERATING,STANDBY,10
2025-11-13T16:49:50Z,Python,OPERATING,STANDBY,0
2025-11-13T16:49:50Z,Python Single-rider,OPERATING,SINGLE_RIDER,0
2025-11-13T16:49:50Z,Piraña,OPERATING,STANDBY,5
2025-11-13T16:49:50Z,Joris en de Draak,OPERATING,STANDBY,15
2025-11-13T16:49:50Z,Joris en de Draak Single-rider,OPERATING,SINGLE_RIDER,0
2025-11-13T16:49:50Z,Carnaval Festival,OPERATING,STANDBY,5
2025-11-13T16:49:50Z,Vogel Rok,REFURBISHMENT,STANDBY,NA
2025-11-13T16:49:50Z,Baron 1898,OPERATING,STANDBY,10
2025-11-13T16:49:50Z,Baron 1898 Single-rider,OPERATING,SINGLE_RIDER,15
2025-11-13T16:49:50Z,Pagode,OPERATING,STANDBY,5
2025-11-13T16:49:50Z,Symbolica,DOWN,STANDBY,0
2025-11-13T16:49:50Z,Symbolica Single-rider,DOWN,SINGLE_RIDER,0
2025-11-13T16:49:50Z,Danse Macabre,OPERATING,STANDBY,13
2025-11-13T16:49:50Z,Danse Macabre Single-rider,OPERATING,SINGLE_RIDER,0
2025-11-13T16:54:51Z,Droomvlucht,OPERATING,STANDBY,20
2025-11-13T16:54:51Z,Fata Morgana,OPERATING,STANDBY,5
2025-11-13T16:54:51Z,Villa Volta,OPERATING,STANDBY,5
2025-11-13T16:54:51Z,De Vliegende Hollander,OPERATING,STANDBY,15
2025-11-13T16:54:51Z,De Vliegende Hollander Single-rider,OPERATING,SINGLE_RIDER,0
2025-11-13T16:54:51Z,Sirocco,REFURBISHMENT,STANDBY,NA
2025-11-13T16:54:51Z,Stoomtrein Marerijk,OPERATING,STANDBY,25
2025-11-13T16:54:51Z,Stoomcarrousel,OPERATING,STANDBY,0
2025-11-13T16:54:51Z,Halve Maen,OPERATING,STANDBY,5
2025-11-13T16:54:51Z,Stoomtrein Ruigrijk,OPERATING,STANDBY,25
2025-11-13T16:54:51Z,Kinderspoor,OPERATING,STANDBY,10
2025-11-13T16:54:51Z,Fabula,OPERATING,STANDBY,10
2025-11-13T16:54:51Z,Monorail,CLOSED,STANDBY,NA
2025-11-13T16:54:51Z,Max & Moritz,OPERATING,STANDBY,5
2025-11-13T16:54:51Z,Max & Moritz Single-rider,OPERATING,SINGLE_RIDER,0
2025-11-13T16:54:51Z,Gondoletta,OPERATING,STANDBY,5
2025-11-13T16:54:51Z,De Oude Tufferbaan,OPERATING,STANDBY,10
2025-11-13T16:54:51Z,Python,OPERATING,STANDBY,0
2025-11-13T16:54:51Z,Python Single-rider,OPERATING,SINGLE_RIDER,0
2025-11-13T16:54:51Z,Piraña,OPERATING,STANDBY,5
2025-11-13T16:54:51Z,Joris en de Draak,OPERATING,STANDBY,15
2025-11-13T16:54:51Z,Joris en de Draak Single-rider,OPERATING,SINGLE_RIDER,0
2025-11-13T16:54:51Z,Carnaval Festival,OPERATING,STANDBY,5
2025-11-13T16:54:51Z,Vogel Rok,REFURBISHMENT,STANDBY,NA
2025-11-13T16:54:51Z,Baron 1898,OPERATING,STANDBY,10
2025-11-13T16:54:51Z,Baron 1898 Single-rider,OPERATING,SINGLE_RIDER,15
2025-11-13T16:54:51Z,Pagode,OPERATING,STANDBY,5
2025-11-13T16:54:51Z,Symbolica,DOWN,STANDBY,0
2025-11-13T16:54:51Z,Symbolica Single-rider,DOWN,SINGLE_RIDER,0
2025-11-13T16:54:51Z,Danse Macabre,OPERATING,STANDBY,13
2025-11-13T16:54:51Z,Danse Macabre Single-rider,OPERATING,SINGLE_RIDER,0
2025-11-13T16:36:43Z,Droomvlucht,OPERATING,STANDBY,20
2025-11-13T16:36:43Z,Fata Morgana,OPERATING,STANDBY,5
2025-11-13T16:36:43Z,Villa Volta,OPERATING,STANDBY,5
2025-11-13T16:36:43Z,De Vliegende Hollander,OPERATING,STANDBY,10
2025-11-13T16:36:43Z,De Vliegende Hollander Single-rider,OPERATING,SINGLE_RIDER,0
2025-11-13T16:36:43Z,Sirocco,REFURBISHMENT,STANDBY,NA
2025-11-13T16:36:43Z,Stoomtrein Marerijk,OPERATING,STANDBY,25
2025-11-13T16:36:43Z,Stoomcarrousel,OPERATING,STANDBY,0
2025-11-13T16:36:43Z,Halve Maen,OPERATING,STANDBY,5
2025-11-13T16:36:43Z,Stoomtrein Ruigrijk,OPERATING,STANDBY,25
2025-11-13T16:36:43Z,Kinderspoor,OPERATING,STANDBY,5
2025-11-13T16:36:43Z,Fabula,OPERATING,STANDBY,10
2025-11-13T16:36:43Z,Monorail,CLOSED,STANDBY,NA
2025-11-13T16:36:43Z,Max & Moritz,OPERATING,STANDBY,5
2025-11-13T16:36:43Z,Max & Moritz Single-rider,OPERATING,SINGLE_RIDER,0
2025-11-13T16:36:43Z,Gondoletta,CLOSED,STANDBY,NA
2025-11-13T16:36:43Z,Python,OPERATING,STANDBY,5
2025-11-13T16:36:43Z,Python Single-rider,OPERATING,SINGLE_RIDER,0
2025-11-13T16:36:43Z,De Oude Tufferbaan,OPERATING,STANDBY,10
2025-11-13T16:36:43Z,Piraña,DOWN,STANDBY,0
2025-11-13T16:36:43Z,Joris en de Draak,OPERATING,STANDBY,10
2025-11-13T16:36:43Z,Joris en de Draak Single-rider,OPERATING,SINGLE_RIDER,0
2025-11-13T16:36:43Z,Carnaval Festival,OPERATING,STANDBY,0
2025-11-13T16:36:43Z,Vogel Rok,REFURBISHMENT,STANDBY,NA
2025-11-13T16:36:43Z,Baron 1898,OPERATING,STANDBY,15
2025-11-13T16:36:43Z,Baron 1898 Single-rider,OPERATING,SINGLE_RIDER,20
2025-11-13T16:36:43Z,Pagode,OPERATING,STANDBY,5
2025-11-13T16:36:43Z,Symbolica,OPERATING,STANDBY,20
2025-11-13T16:36:43Z,Symbolica Single-rider,OPERATING,SINGLE_RIDER,0
2025-11-13T16:36:43Z,Danse Macabre,OPERATING,STANDBY,13
2025-11-13T16:36:43Z,Danse Macabre Single-rider,OPERATING,SINGLE_RIDER,0
2025-11-13T16:40:52Z,Droomvlucht,OPERATING,STANDBY,20
2025-11-13T16:40:52Z,Fata Morgana,OPERATING,STANDBY,5
2025-11-13T16:40:52Z,Villa Volta,OPERATING,STANDBY,5
2025-11-13T16:40:52Z,De Vliegende Hollander,OPERATING,STANDBY,10
2025-11-13T16:40:52Z,De Vliegende Hollander Single-rider,OPERATING,SINGLE_RIDER,0
2025-11-13T16:40:52Z,Sirocco,REFURBISHMENT,STANDBY,NA
2025-11-13T16:40:52Z,Stoomtrein Marerijk,OPERATING,STANDBY,25
2025-11-13T16:40:52Z,Stoomcarrousel,OPERATING,STANDBY,0
2025-11-13T16:40:52Z,Halve Maen,OPERATING,STANDBY,5
2025-11-13T16:40:52Z,Stoomtrein Ruigrijk,OPERATING,STANDBY,25
2025-11-13T16:40:52Z,Kinderspoor,OPERATING,STANDBY,5
2025-11-13T16:40:52Z,Fabula,OPERATING,STANDBY,10
2025-11-13T16:40:52Z,Monorail,CLOSED,STANDBY,NA
2025-11-13T16:40:52Z,Max & Moritz,OPERATING,STANDBY,5
2025-11-13T16:40:52Z,Max & Moritz Single-rider,OPERATING,SINGLE_RIDER,0
2025-11-13T16:40:52Z,Gondoletta,CLOSED,STANDBY,NA
2025-11-13T16:40:52Z,Python,OPERATING,STANDBY,5
2025-11-13T16:40:52Z,Python Single-rider,OPERATING,SINGLE_RIDER,0
2025-11-13T16:40:52Z,De Oude Tufferbaan,OPERATING,STANDBY,10
2025-11-13T16:40:52Z,Piraña,OPERATING,STANDBY,10
2025-11-13T16:40:52Z,Joris en de Draak,OPERATING,STANDBY,10
2025-11-13T16:40:52Z,Joris en de Draak Single-rider,OPERATING,SINGLE_RIDER,0
2025-11-13T16:40:52Z,Carnaval Festival,OPERATING,STANDBY,0
2025-11-13T16:40:52Z,Vogel Rok,REFURBISHMENT,STANDBY,NA
2025-11-13T16:40:52Z,Baron 1898,OPERATING,STANDBY,10
2025-11-13T16:40:52Z,Baron 1898 Single-rider,OPERATING,SINGLE_RIDER,15
2025-11-13T16:40:52Z,Pagode,OPERATING,STANDBY,5
2025-11-13T16:40:52Z,Symbolica,OPERATING,STANDBY,20
2025-11-13T16:40:52Z,Symbolica Single-rider,OPERATING,SINGLE_RIDER,0
2025-11-13T16:40:52Z,Danse Macabre,OPERATING,STANDBY,13
2025-11-13T16:40:52Z,Danse Macabre Single-rider,OPERATING,SINGLE_RIDER,0
2025-11-13T16:51:21Z,Droomvlucht,OPERATING,STANDBY,20
2025-11-13T16:51:21Z,Fata Morgana,OPERATING,STANDBY,5
2025-11-13T16:51:21Z,Villa Volta,OPERATING,STANDBY,5
2025-11-13T16:51:21Z,De Vliegende Hollander,OPERATING,STANDBY,10
2025-11-13T16:51:21Z,De Vliegende Hollander Single-rider,OPERATING,SINGLE_RIDER,0
2025-11-13T16:51:21Z,Sirocco,REFURBISHMENT,STANDBY,NA
2025-11-13T16:51:21Z,Stoomtrein Marerijk,OPERATING,STANDBY,25
2025-11-13T16:51:21Z,Stoomcarrousel,OPERATING,STANDBY,0
2025-11-13T16:51:21Z,Halve Maen,OPERATING,STANDBY,5
2025-11-13T16:51:21Z,Stoomtrein Ruigrijk,OPERATING,STANDBY,25
2025-11-13T16:51:21Z,Kinderspoor,OPERATING,STANDBY,5
2025-11-13T16:51:21Z,Fabula,OPERATING,STANDBY,10
2025-11-13T16:51:21Z,Monorail,CLOSED,STANDBY,NA
2025-11-13T16:51:21Z,Max & Moritz,OPERATING,STANDBY,5
2025-11-13T16:51:21Z,Max & Moritz Single-rider,OPERATING,SINGLE_RIDER,0
2025-11-13T16:51:21Z,Gondoletta,CLOSED,STANDBY,NA
2025-11-13T16:51:21Z,Python,OPERATING,STANDBY,5
2025-11-13T16:51:21Z,Python Single-rider,OPERATING,SINGLE_RIDER,0
2025-11-13T16:51:21Z,De Oude Tufferbaan,OPERATING,STANDBY,10
2025-11-13T16:51:21Z,Piraña,OPERATING,STANDBY,10
2025-11-13T16:51:21Z,Joris en de Draak,OPERATING,STANDBY,15
2025-11-13T16:51:21Z,Joris en de Draak Single-rider,OPERATING,SINGLE_RIDER,0
2025-11-13T16:51:21Z,Carnaval Festival,OPERATING,STANDBY,0
2025-11-13T16:51:21Z,Vogel Rok,REFURBISHMENT,STANDBY,NA
2025-11-13T16:51:21Z,Baron 1898,OPERATING,STANDBY,15
2025-11-13T16:51:21Z,Baron 1898 Single-rider,OPERATING,SINGLE_RIDER,15
2025-11-13T16:51:21Z,Pagode,OPERATING,STANDBY,5
2025-11-13T16:51:21Z,Symbolica,OPERATING,STANDBY,15
2025-11-13T16:51:21Z,Symbolica Single-rider,OPERATING,SINGLE_RIDER,0
2025-11-13T16:51:21Z,Danse Macabre,OPERATING,STANDBY,13
2025-11-13T16:51:21Z,Danse Macabre Single-rider,OPERATING,SINGLE_RIDER,0
2025-11-13T17:21:04Z,Droomvlucht,OPERATING,STANDBY,5
2025-11-13T17:21:04Z,Fata Morgana,OPERATING,STANDBY,5
2025-11-13T17:21:04Z,Villa Volta,OPERATING,STANDBY,5
2025-11-13T17:21:04Z,De Vliegende Hollander,OPERATING,STANDBY,10
2025-11-13T17:21:04Z,De Vliegende Hollander Single-rider,OPERATING,SINGLE_RIDER,0
2025-11-13T17:21:04Z,Sirocco,REFURBISHMENT,STANDBY,NA
2025-11-13T17:21:04Z,Stoomtrein Marerijk,OPERATING,STANDBY,25
2025-11-13T17:21:04Z,Stoomcarrousel,OPERATING,STANDBY,0
2025-11-13T17:21:04Z,Halve Maen,OPERATING,STANDBY,5
2025-11-13T17:21:04Z,Stoomtrein Ruigrijk,OPERATING,STANDBY,25
2025-11-13T17:21:04Z,Kinderspoor,OPERATING,STANDBY,5
2025-11-13T17:21:04Z,Fabula,OPERATING,STANDBY,10
2025-11-13T17:21:04Z,Monorail,CLOSED,STANDBY,NA
2025-11-13T17:21:04Z,Max & Moritz,OPERATING,STANDBY,5
2025-11-13T17:21:04Z,Max & Moritz Single-rider,OPERATING,SINGLE_RIDER,0
2025-11-13T17:21:04Z,Gondoletta,CLOSED,STANDBY,NA
2025-11-13T17:21:04Z,Python,OPERATING,STANDBY,5
2025-11-13T17:21:04Z,Python Single-rider,OPERATING,SINGLE_RIDER,0
2025-11-13T17:21:04Z,De Oude Tufferbaan,OPERATING,STANDBY,5
2025-11-13T17:21:04Z,Piraña,OPERATING,STANDBY,10
2025-11-13T17:21:04Z,Joris en de Draak,DOWN,STANDBY,0
2025-11-13T17:21:04Z,Joris en de Draak Single-rider,DOWN,SINGLE_RIDER,NA
2025-11-13T17:21:04Z,Carnaval Festival,OPERATING,STANDBY,0
2025-11-13T17:21:04Z,Vogel Rok,REFURBISHMENT,STANDBY,NA
2025-11-13T17:21:04Z,Pagode,OPERATING,STANDBY,5
2025-11-13T17:21:04Z,Baron 1898,OPERATING,STANDBY,10
2025-11-13T17:21:04Z,Baron 1898 Single-rider,OPERATING,SINGLE_RIDER,10
2025-11-13T17:21:04Z,Symbolica,OPERATING,STANDBY,15
2025-11-13T17:21:04Z,Symbolica Single-rider,OPERATING,SINGLE_RIDER,0
2025-11-13T17:21:04Z,Danse Macabre,OPERATING,STANDBY,13
2025-11-13T17:21:04Z,Danse Macabre Single-rider,OPERATING,SINGLE_RIDER,0
2025-11-13T17:47:48Z,Droomvlucht,OPERATING,STANDBY,0
2025-11-13T17:47:48Z,Fata Morgana,OPERATING,STANDBY,5
2025-11-13T17:47:48Z,Villa Volta,OPERATING,STANDBY,5
2025-11-13T17:47:48Z,De Vliegende Hollander,OPERATING,STANDBY,5
2025-11-13T17:47:48Z,De Vliegende Hollander Single-rider,OPERATING,SINGLE_RIDER,0
2025-11-13T17:47:48Z,Sirocco,REFURBISHMENT,STANDBY,NA
2025-11-13T17:47:48Z,Stoomtrein Marerijk,OPERATING,STANDBY,25
2025-11-13T17:47:48Z,Stoomcarrousel,OPERATING,STANDBY,0
2025-11-13T17:47:48Z,Halve Maen,OPERATING,STANDBY,5
2025-11-13T17:47:48Z,Stoomtrein Ruigrijk,OPERATING,STANDBY,25
2025-11-13T17:47:48Z,Kinderspoor,OPERATING,STANDBY,0
2025-11-13T17:47:48Z,Fabula,OPERATING,STANDBY,10
2025-11-13T17:47:48Z,Monorail,CLOSED,STANDBY,NA
2025-11-13T17:47:48Z,Max & Moritz,OPERATING,STANDBY,5
2025-11-13T17:47:48Z,Max & Moritz Single-rider,OPERATING,SINGLE_RIDER,0
2025-11-13T17:47:48Z,Gondoletta,CLOSED,STANDBY,NA
2025-11-13T17:47:48Z,Python,OPERATING,STANDBY,5
2025-11-13T17:47:48Z,Python Single-rider,OPERATING,SINGLE_RIDER,0
2025-11-13T17:47:48Z,De Oude Tufferbaan,OPERATING,STANDBY,0
2025-11-13T17:47:48Z,Piraña,OPERATING,STANDBY,5
2025-11-13T17:47:48Z,Joris en de Draak,OPERATING,STANDBY,10
2025-11-13T17:47:48Z,Joris en de Draak Single-rider,OPERATING,SINGLE_RIDER,0
2025-11-13T17:47:48Z,Carnaval Festival,OPERATING,STANDBY,0
2025-11-13T17:47:48Z,Vogel Rok,REFURBISHMENT,STANDBY,NA
2025-11-13T17:47:48Z,Baron 1898,OPERATING,STANDBY,5
2025-11-13T17:47:48Z,Baron 1898 Single-rider,OPERATING,SINGLE_RIDER,10
2025-11-13T17:47:48Z,Pagode,OPERATING,STANDBY,5
2025-11-13T17:47:48Z,Symbolica,OPERATING,STANDBY,15
2025-11-13T17:47:48Z,Symbolica Single-rider,OPERATING,SINGLE_RIDER,0
2025-11-13T17:47:48Z,Danse Macabre,OPERATING,STANDBY,13
2025-11-13T17:47:48Z,Danse Macabre Single-rider,OPERATING,SINGLE_RIDER,0
2025-11-14T10:41:36Z,Droomvlucht,OPERATING,STANDBY,0
2025-11-14T10:41:36Z,Fata Morgana,OPERATING,STANDBY,0
2025-11-14T10:41:36Z,Villa Volta,OPERATING,STANDBY,5
2025-11-14T10:41:36Z,De Vliegende Hollander,CLOSED,STANDBY,NA
2025-11-14T10:41:36Z,De Vliegende Hollander Single-rider,CLOSED,SINGLE_RIDER,NA
2025-11-14T10:41:36Z,Sirocco,REFURBISHMENT,STANDBY,NA
2025-11-14T10:41:36Z,Stoomtrein Marerijk,OPERATING,STANDBY,25
2025-11-14T10:41:36Z,Stoomcarrousel,CLOSED,STANDBY,NA
2025-11-14T10:41:36Z,Halve Maen,CLOSED,STANDBY,NA
2025-11-14T10:41:36Z,Stoomtrein Ruigrijk,OPERATING,STANDBY,25
2025-11-14T10:41:36Z,Kinderspoor,OPERATING,STANDBY,0
2025-11-14T10:41:36Z,Fabula,CLOSED,STANDBY,NA
2025-11-14T10:41:36Z,Monorail,CLOSED,STANDBY,NA
2025-11-14T10:41:36Z,Max & Moritz,OPERATING,STANDBY,5
2025-11-14T10:41:36Z,Max & Moritz Single-rider,OPERATING,SINGLE_RIDER,0
2025-11-14T10:41:36Z,Gondoletta,CLOSED,STANDBY,NA
2025-11-14T10:41:36Z,Python,OPERATING,STANDBY,5
2025-11-14T10:41:36Z,Python Single-rider,OPERATING,SINGLE_RIDER,0
2025-11-14T10:41:36Z,De Oude Tufferbaan,CLOSED,STANDBY,NA
2025-11-14T10:41:36Z,Piraña,CLOSED,STANDBY,NA
2025-11-14T10:41:36Z,Joris en de Draak,CLOSED,STANDBY,NA
2025-11-14T10:41:36Z,Joris en de Draak Single-rider,CLOSED,SINGLE_RIDER,NA
2025-11-14T10:41:36Z,Carnaval Festival,OPERATING,STANDBY,0
2025-11-14T10:41:36Z,Vogel Rok,REFURBISHMENT,STANDBY,NA
2025-11-14T10:41:36Z,Baron 1898,OPERATING,STANDBY,5
2025-11-14T10:41:36Z,Baron 1898 Single-rider,OPERATING,SINGLE_RIDER,0
2025-11-14T10:41:36Z,Pagode,OPERATING,STANDBY,0
2025-11-14T10:41:36Z,Symbolica,CLOSED,STANDBY,NA
2025-11-14T10:41:36Z,Symbolica Single-rider,CLOSED,SINGLE_RIDER,NA
2025-11-14T10:41:36Z,Danse Macabre,CLOSED,STANDBY,NA
2025-11-14T10:41:36Z,Danse Macabre Single-rider,CLOSED,SINGLE_RIDER,NA
2025-11-14T10:50:56Z,Droomvlucht,OPERATING,STANDBY,0
2025-11-14T10:50:56Z,Fata Morgana,OPERATING,STANDBY,0
2025-11-14T10:50:56Z,Villa Volta,OPERATING,STANDBY,5
2025-11-14T10:50:56Z,De Vliegende Hollander,CLOSED,STANDBY,NA
2025-11-14T10:50:56Z,De Vliegende Hollander Single-rider,CLOSED,SINGLE_RIDER,NA
2025-11-14T10:50:56Z,Sirocco,REFURBISHMENT,STANDBY,NA
2025-11-14T10:50:56Z,Stoomtrein Marerijk,OPERATING,STANDBY,25
2025-11-14T10:50:56Z,Stoomcarrousel,CLOSED,STANDBY,NA
2025-11-14T10:50:56Z,Halve Maen,CLOSED,STANDBY,NA
2025-11-14T10:50:56Z,Stoomtrein Ruigrijk,OPERATING,STANDBY,25
2025-11-14T10:50:56Z,Kinderspoor,OPERATING,STANDBY,0
2025-11-14T10:50:56Z,Fabula,CLOSED,STANDBY,NA
2025-11-14T10:50:56Z,Monorail,CLOSED,STANDBY,NA
2025-11-14T10:50:56Z,Max & Moritz,OPERATING,STANDBY,5
2025-11-14T10:50:56Z,Max & Moritz Single-rider,OPERATING,SINGLE_RIDER,0
2025-11-14T10:50:56Z,Gondoletta,CLOSED,STANDBY,NA
2025-11-14T10:50:56Z,Python,OPERATING,STANDBY,5
2025-11-14T10:50:56Z,Python Single-rider,OPERATING,SINGLE_RIDER,0
2025-11-14T10:50:56Z,De Oude Tufferbaan,CLOSED,STANDBY,NA
2025-11-14T10:50:56Z,Piraña,CLOSED,STANDBY,NA
2025-11-14T10:50:56Z,Joris en de Draak,DOWN,STANDBY,0
2025-11-14T10:50:56Z,Joris en de Draak Single-rider,DOWN,SINGLE_RIDER,NA
2025-11-14T10:50:56Z,Carnaval Festival,OPERATING,STANDBY,0
2025-11-14T10:50:56Z,Vogel Rok,REFURBISHMENT,STANDBY,NA
2025-11-14T10:50:56Z,Baron 1898,OPERATING,STANDBY,5
2025-11-14T10:50:56Z,Baron 1898 Single-rider,OPERATING,SINGLE_RIDER,0
2025-11-14T10:50:56Z,Pagode,OPERATING,STANDBY,0
2025-11-14T10:50:56Z,Symbolica,CLOSED,STANDBY,NA
2025-11-14T10:50:56Z,Symbolica Single-rider,CLOSED,SINGLE_RIDER,NA
2025-11-14T10:50:56Z,Danse Macabre,CLOSED,STANDBY,NA
2025-11-14T10:50:56Z,Danse Macabre Single-rider,CLOSED,SINGLE_RIDER,NA
2025-11-14T11:19:26Z,Droomvlucht,OPERATING,STANDBY,5
2025-11-14T11:19:26Z,Fata Morgana,OPERATING,STANDBY,5
2025-11-14T11:19:26Z,Villa Volta,OPERATING,STANDBY,5
2025-11-14T11:19:26Z,De Vliegende Hollander,OPERATING,STANDBY,5
2025-11-14T11:19:26Z,De Vliegende Hollander Single-rider,OPERATING,SINGLE_RIDER,0
2025-11-14T11:19:26Z,Sirocco,REFURBISHMENT,STANDBY,NA
2025-11-14T11:19:26Z,Stoomtrein Marerijk,OPERATING,STANDBY,25
2025-11-14T11:19:26Z,Stoomcarrousel,OPERATING,STANDBY,0
2025-11-14T11:19:26Z,Halve Maen,OPERATING,STANDBY,0
2025-11-14T11:19:26Z,Stoomtrein Ruigrijk,OPERATING,STANDBY,25
2025-11-14T11:19:26Z,Kinderspoor,OPERATING,STANDBY,0
2025-11-14T11:19:26Z,Fabula,OPERATING,STANDBY,10
2025-11-14T11:19:26Z,Monorail,CLOSED,STANDBY,NA
2025-11-14T11:19:26Z,Max & Moritz,OPERATING,STANDBY,5
2025-11-14T11:19:26Z,Max & Moritz Single-rider,OPERATING,SINGLE_RIDER,0
2025-11-14T11:19:26Z,Gondoletta,OPERATING,STANDBY,0
2025-11-14T11:19:26Z,Python,OPERATING,STANDBY,5
2025-11-14T11:19:26Z,Python Single-rider,OPERATING,SINGLE_RIDER,0
2025-11-14T11:19:26Z,De Oude Tufferbaan,OPERATING,STANDBY,5
2025-11-14T11:19:26Z,Piraña,OPERATING,STANDBY,0
2025-11-14T11:19:26Z,Joris en de Draak,OPERATING,STANDBY,5
2025-11-14T11:19:26Z,Joris en de Draak Single-rider,OPERATING,SINGLE_RIDER,0
2025-11-14T11:19:26Z,Carnaval Festival,OPERATING,STANDBY,0
2025-11-14T11:19:26Z,Vogel Rok,REFURBISHMENT,STANDBY,NA
2025-11-14T11:19:26Z,Pagode,OPERATING,STANDBY,0
2025-11-14T11:19:26Z,Baron 1898,DOWN,STANDBY,0
2025-11-14T11:19:26Z,Baron 1898 Single-rider,DOWN,SINGLE_RIDER,NA
2025-11-14T11:19:26Z,Symbolica,OPERATING,STANDBY,25
2025-11-14T11:19:26Z,Symbolica Single-rider,OPERATING,SINGLE_RIDER,0
2025-11-14T11:19:26Z,Danse Macabre,OPERATING,STANDBY,40
2025-11-14T11:19:26Z,Danse Macabre Single-rider,OPERATING,SINGLE_RIDER,0
2025-11-14T11:43:54Z,Droomvlucht,OPERATING,STANDBY,5
2025-11-14T11:43:54Z,Fata Morgana,OPERATING,STANDBY,10
2025-11-14T11:43:54Z,Villa Volta,OPERATING,STANDBY,5
2025-11-14T11:43:54Z,De Vliegende Hollander,OPERATING,STANDBY,5
2025-11-14T11:43:54Z,De Vliegende Hollander Single-rider,OPERATING,SINGLE_RIDER,0
2025-11-14T11:43:54Z,Sirocco,REFURBISHMENT,STANDBY,NA
2025-11-14T11:43:54Z,Stoomtrein Marerijk,OPERATING,STANDBY,25
2025-11-14T11:43:54Z,Stoomcarrousel,OPERATING,STANDBY,0
2025-11-14T11:43:54Z,Halve Maen,OPERATING,STANDBY,0
2025-11-14T11:43:54Z,Stoomtrein Ruigrijk,OPERATING,STANDBY,25
2025-11-14T11:43:54Z,Kinderspoor,OPERATING,STANDBY,0
2025-11-14T11:43:54Z,Fabula,OPERATING,STANDBY,10
2025-11-14T11:43:54Z,Monorail,CLOSED,STANDBY,NA
2025-11-14T11:43:54Z,Max & Moritz,OPERATING,STANDBY,5
2025-11-14T11:43:54Z,Max & Moritz Single-rider,OPERATING,SINGLE_RIDER,0
2025-11-14T11:43:54Z,Gondoletta,OPERATING,STANDBY,0
2025-11-14T11:43:54Z,Python,OPERATING,STANDBY,5
2025-11-14T11:43:54Z,Python Single-rider,OPERATING,SINGLE_RIDER,0
2025-11-14T11:43:54Z,De Oude Tufferbaan,OPERATING,STANDBY,5
2025-11-14T11:43:54Z,Piraña,OPERATING,STANDBY,0
2025-11-14T11:43:54Z,Joris en de Draak,OPERATING,STANDBY,5
2025-11-14T11:43:54Z,Joris en de Draak Single-rider,OPERATING,SINGLE_RIDER,0
2025-11-14T11:43:54Z,Carnaval Festival,OPERATING,STANDBY,0
2025-11-14T11:43:54Z,Vogel Rok,REFURBISHMENT,STANDBY,NA
2025-11-14T11:43:54Z,Baron 1898,OPERATING,STANDBY,15
2025-11-14T11:43:54Z,Baron 1898 Single-rider,OPERATING,SINGLE_RIDER,5
2025-11-14T11:43:54Z,Pagode,OPERATING,STANDBY,5
2025-11-14T11:43:54Z,Symbolica,OPERATING,STANDBY,20
2025-11-14T11:43:54Z,Symbolica Single-rider,OPERATING,SINGLE_RIDER,0
2025-11-14T11:43:54Z,Danse Macabre,OPERATING,STANDBY,25
2025-11-14T11:43:54Z,Danse Macabre Single-rider,OPERATING,SINGLE_RIDER,0
2025-11-14T11:53:55Z,Droomvlucht,OPERATING,STANDBY,10
2025-11-14T11:53:55Z,Fata Morgana,OPERATING,STANDBY,5
2025-11-14T11:53:55Z,Villa Volta,OPERATING,STANDBY,5
2025-11-14T11:53:55Z,De Vliegende Hollander,OPERATING,STANDBY,5
2025-11-14T11:53:55Z,De Vliegende Hollander Single-rider,OPERATING,SINGLE_RIDER,0
2025-11-14T11:53:55Z,Sirocco,REFURBISHMENT,STANDBY,NA
2025-11-14T11:53:55Z,Stoomtrein Marerijk,OPERATING,STANDBY,25
2025-11-14T11:53:55Z,Stoomcarrousel,OPERATING,STANDBY,0
2025-11-14T11:53:55Z,Halve Maen,OPERATING,STANDBY,0
2025-11-14T11:53:55Z,Stoomtrein Ruigrijk,OPERATING,STANDBY,25
2025-11-14T11:53:55Z,Kinderspoor,OPERATING,STANDBY,0
2025-11-14T11:53:55Z,Fabula,OPERATING,STANDBY,10
2025-11-14T11:53:55Z,Monorail,CLOSED,STANDBY,NA
2025-11-14T11:53:55Z,Max & Moritz,OPERATING,STANDBY,5
2025-11-14T11:53:55Z,Max & Moritz Single-rider,OPERATING,SINGLE_RIDER,0
2025-11-14T11:53:55Z,Gondoletta,OPERATING,STANDBY,0
2025-11-14T11:53:55Z,Python,OPERATING,STANDBY,5
2025-11-14T11:53:55Z,Python Single-rider,OPERATING,SINGLE_RIDER,0
2025-11-14T11:53:55Z,De Oude Tufferbaan,OPERATING,STANDBY,5
2025-11-14T11:53:55Z,Piraña,OPERATING,STANDBY,0
2025-11-14T11:53:55Z,Joris en de Draak,OPERATING,STANDBY,5
2025-11-14T11:53:55Z,Joris en de Draak Single-rider,OPERATING,SINGLE_RIDER,0
2025-11-14T11:53:55Z,Carnaval Festival,OPERATING,STANDBY,0
2025-11-14T11:53:55Z,Vogel Rok,REFURBISHMENT,STANDBY,NA
2025-11-14T11:53:55Z,Pagode,OPERATING,STANDBY,5
2025-11-14T11:53:55Z,Baron 1898,OPERATING,STANDBY,20
2025-11-14T11:53:55Z,Baron 1898 Single-rider,OPERATING,SINGLE_RIDER,15
2025-11-14T11:53:55Z,Symbolica,OPERATING,STANDBY,20
2025-11-14T11:53:55Z,Symbolica Single-rider,OPERATING,SINGLE_RIDER,0
2025-11-14T11:53:55Z,Danse Macabre,OPERATING,STANDBY,30
2025-11-14T11:53:55Z,Danse Macabre Single-rider,OPERATING,SINGLE_RIDER,0
2025-11-14T12:14:26Z,Droomvlucht,OPERATING,STANDBY,10
2025-11-14T12:14:26Z,Fata Morgana,OPERATING,STANDBY,5
2025-11-14T12:14:26Z,Villa Volta,OPERATING,STANDBY,5
2025-11-14T12:14:26Z,De Vliegende Hollander,OPERATING,STANDBY,5
2025-11-14T12:14:26Z,De Vliegende Hollander Single-rider,OPERATING,SINGLE_RIDER,0
2025-11-14T12:14:26Z,Sirocco,REFURBISHMENT,STANDBY,NA
2025-11-14T12:14:26Z,Stoomtrein Marerijk,OPERATING,STANDBY,25
2025-11-14T12:14:26Z,Stoomcarrousel,OPERATING,STANDBY,0
2025-11-14T12:14:26Z,Halve Maen,OPERATING,STANDBY,0
2025-11-14T12:14:26Z,Stoomtrein Ruigrijk,OPERATING,STANDBY,25
2025-11-14T12:14:26Z,Kinderspoor,OPERATING,STANDBY,0
2025-11-14T12:14:26Z,Fabula,OPERATING,STANDBY,10
2025-11-14T12:14:26Z,Monorail,CLOSED,STANDBY,NA
2025-11-14T12:14:26Z,Max & Moritz,OPERATING,STANDBY,10
2025-11-14T12:14:26Z,Max & Moritz Single-rider,OPERATING,SINGLE_RIDER,0
2025-11-14T12:14:26Z,Gondoletta,OPERATING,STANDBY,0
2025-11-14T12:14:26Z,Python,OPERATING,STANDBY,5
2025-11-14T12:14:26Z,Python Single-rider,OPERATING,SINGLE_RIDER,0
2025-11-14T12:14:26Z,De Oude Tufferbaan,OPERATING,STANDBY,5
2025-11-14T12:14:26Z,Piraña,OPERATING,STANDBY,0
2025-11-14T12:14:26Z,Joris en de Draak,OPERATING,STANDBY,5
2025-11-14T12:14:26Z,Joris en de Draak Single-rider,OPERATING,SINGLE_RIDER,0
2025-11-14T12:14:26Z,Carnaval Festival,OPERATING,STANDBY,0
2025-11-14T12:14:26Z,Vogel Rok,REFURBISHMENT,STANDBY,NA
2025-11-14T12:14:26Z,Pagode,OPERATING,STANDBY,5
2025-11-14T12:14:26Z,Baron 1898,OPERATING,STANDBY,20
2025-11-14T12:14:26Z,Baron 1898 Single-rider,OPERATING,SINGLE_RIDER,15
2025-11-14T12:14:26Z,Symbolica,OPERATING,STANDBY,20
2025-11-14T12:14:26Z,Symbolica Single-rider,OPERATING,SINGLE_RIDER,0
2025-11-14T12:14:26Z,Danse Macabre,OPERATING,STANDBY,30
2025-11-14T12:14:26Z,Danse Macabre Single-rider,OPERATING,SINGLE_RIDER,0
2025-11-14T12:29:39Z,Droomvlucht,OPERATING,STANDBY,5
2025-11-14T12:29:39Z,Fata Morgana,OPERATING,STANDBY,5
2025-11-14T12:29:39Z,Villa Volta,OPERATING,STANDBY,5
2025-11-14T12:29:39Z,De Vliegende Hollander,OPERATING,STANDBY,10
2025-11-14T12:29:39Z,De Vliegende Hollander Single-rider,OPERATING,SINGLE_RIDER,0
2025-11-14T12:29:39Z,Sirocco,REFURBISHMENT,STANDBY,NA
2025-11-14T12:29:39Z,Stoomtrein Marerijk,OPERATING,STANDBY,25
2025-11-14T12:29:39Z,Stoomcarrousel,OPERATING,STANDBY,0
2025-11-14T12:29:39Z,Halve Maen,OPERATING,STANDBY,0
2025-11-14T12:29:39Z,Stoomtrein Ruigrijk,OPERATING,STANDBY,25
2025-11-14T12:29:39Z,Kinderspoor,OPERATING,STANDBY,0
2025-11-14T12:29:39Z,Fabula,OPERATING,STANDBY,10
2025-11-14T12:29:39Z,Monorail,CLOSED,STANDBY,NA
2025-11-14T12:29:39Z,Max & Moritz,OPERATING,STANDBY,5
2025-11-14T12:29:39Z,Max & Moritz Single-rider,OPERATING,SINGLE_RIDER,0
2025-11-14T12:29:39Z,Gondoletta,OPERATING,STANDBY,0
2025-11-14T12:29:39Z,Python,OPERATING,STANDBY,5
2025-11-14T12:29:39Z,Python Single-rider,OPERATING,SINGLE_RIDER,0
2025-11-14T12:29:39Z,De Oude Tufferbaan,OPERATING,STANDBY,10
2025-11-14T12:29:39Z,Piraña,OPERATING,STANDBY,0
2025-11-14T12:29:39Z,Joris en de Draak,OPERATING,STANDBY,10
2025-11-14T12:29:39Z,Joris en de Draak Single-rider,OPERATING,SINGLE_RIDER,0
2025-11-14T12:29:39Z,Carnaval Festival,OPERATING,STANDBY,5
2025-11-14T12:29:39Z,Vogel Rok,REFURBISHMENT,STANDBY,NA
2025-11-14T12:29:39Z,Pagode,OPERATING,STANDBY,5
2025-11-14T12:29:39Z,Baron 1898,OPERATING,STANDBY,15
2025-11-14T12:29:39Z,Baron 1898 Single-rider,OPERATING,SINGLE_RIDER,10
2025-11-14T12:29:39Z,Symbolica,OPERATING,STANDBY,20
2025-11-14T12:29:39Z,Symbolica Single-rider,OPERATING,SINGLE_RIDER,0
2025-11-14T12:29:39Z,Danse Macabre,OPERATING,STANDBY,25
2025-11-14T12:29:39Z,Danse Macabre Single-rider,OPERATING,SINGLE_RIDER,0
2025-11-14T12:41:32Z,Droomvlucht,OPERATING,STANDBY,5
2025-11-14T12:41:32Z,Fata Morgana,OPERATING,STANDBY,5
2025-11-14T12:41:32Z,Villa Volta,OPERATING,STANDBY,5
2025-11-14T12:41:32Z,De Vliegende Hollander,OPERATING,STANDBY,10
2025-11-14T12:41:32Z,De Vliegende Hollander Single-rider,OPERATING,SINGLE_RIDER,0
2025-11-14T12:41:32Z,Sirocco,REFURBISHMENT,STANDBY,NA
2025-11-14T12:41:32Z,Stoomtrein Marerijk,OPERATING,STANDBY,25
2025-11-14T12:41:32Z,Stoomcarrousel,OPERATING,STANDBY,0
2025-11-14T12:41:32Z,Halve Maen,OPERATING,STANDBY,0
2025-11-14T12:41:32Z,Stoomtrein Ruigrijk,OPERATING,STANDBY,25
2025-11-14T12:41:32Z,Kinderspoor,OPERATING,STANDBY,0
2025-11-14T12:41:32Z,Fabula,OPERATING,STANDBY,10
2025-11-14T12:41:32Z,Monorail,CLOSED,STANDBY,NA
2025-11-14T12:41:32Z,Max & Moritz,OPERATING,STANDBY,5
2025-11-14T12:41:32Z,Max & Moritz Single-rider,OPERATING,SINGLE_RIDER,0
2025-11-14T12:41:32Z,Gondoletta,OPERATING,STANDBY,0
2025-11-14T12:41:32Z,Python,OPERATING,STANDBY,5
2025-11-14T12:41:32Z,Python Single-rider,OPERATING,SINGLE_RIDER,0
2025-11-14T12:41:32Z,De Oude Tufferbaan,OPERATING,STANDBY,10
2025-11-14T12:41:32Z,Piraña,OPERATING,STANDBY,5
2025-11-14T12:41:32Z,Joris en de Draak,OPERATING,STANDBY,15
2025-11-14T12:41:32Z,Joris en de Draak Single-rider,OPERATING,SINGLE_RIDER,0
2025-11-14T12:41:32Z,Carnaval Festival,OPERATING,STANDBY,5
2025-11-14T12:41:32Z,Vogel Rok,REFURBISHMENT,STANDBY,NA
2025-11-14T12:41:32Z,Pagode,OPERATING,STANDBY,5
2025-11-14T12:41:32Z,Baron 1898,OPERATING,STANDBY,15
2025-11-14T12:41:32Z,Baron 1898 Single-rider,OPERATING,SINGLE_RIDER,10
2025-11-14T12:41:32Z,Symbolica,OPERATING,STANDBY,20
2025-11-14T12:41:32Z,Symbolica Single-rider,OPERATING,SINGLE_RIDER,0
2025-11-14T12:41:32Z,Danse Macabre,OPERATING,STANDBY,30
2025-11-14T12:41:32Z,Danse Macabre Single-rider,OPERATING,SINGLE_RIDER,0
2025-11-14T12:51:03Z,Droomvlucht,OPERATING,STANDBY,5
2025-11-14T12:51:03Z,Fata Morgana,OPERATING,STANDBY,5
2025-11-14T12:51:03Z,Villa Volta,OPERATING,STANDBY,5
2025-11-14T12:51:03Z,De Vliegende Hollander,OPERATING,STANDBY,10
2025-11-14T12:51:03Z,De Vliegende Hollander Single-rider,OPERATING,SINGLE_RIDER,0
2025-11-14T12:51:03Z,Sirocco,REFURBISHMENT,STANDBY,NA
2025-11-14T12:51:03Z,Stoomtrein Marerijk,OPERATING,STANDBY,25
2025-11-14T12:51:03Z,Stoomcarrousel,OPERATING,STANDBY,0
2025-11-14T12:51:03Z,Halve Maen,OPERATING,STANDBY,0
2025-11-14T12:51:03Z,Stoomtrein Ruigrijk,OPERATING,STANDBY,25
2025-11-14T12:51:03Z,Kinderspoor,OPERATING,STANDBY,0
2025-11-14T12:51:03Z,Fabula,OPERATING,STANDBY,10
2025-11-14T12:51:03Z,Monorail,CLOSED,STANDBY,NA
2025-11-14T12:51:03Z,Max & Moritz,OPERATING,STANDBY,5
2025-11-14T12:51:03Z,Max & Moritz Single-rider,OPERATING,SINGLE_RIDER,0
2025-11-14T12:51:03Z,Gondoletta,OPERATING,STANDBY,0
2025-11-14T12:51:03Z,Python,OPERATING,STANDBY,5
2025-11-14T12:51:03Z,Python Single-rider,OPERATING,SINGLE_RIDER,0
2025-11-14T12:51:03Z,De Oude Tufferbaan,OPERATING,STANDBY,5
2025-11-14T12:51:03Z,Piraña,OPERATING,STANDBY,5
2025-11-14T12:51:03Z,Joris en de Draak,OPERATING,STANDBY,15
2025-11-14T12:51:03Z,Joris en de Draak Single-rider,OPERATING,SINGLE_RIDER,0
2025-11-14T12:51:03Z,Carnaval Festival,OPERATING,STANDBY,5
2025-11-14T12:51:03Z,Vogel Rok,REFURBISHMENT,STANDBY,NA
2025-11-14T12:51:03Z,Pagode,OPERATING,STANDBY,5
2025-11-14T12:51:03Z,Baron 1898,OPERATING,STANDBY,10
2025-11-14T12:51:03Z,Baron 1898 Single-rider,OPERATING,SINGLE_RIDER,15
2025-11-14T12:51:03Z,Symbolica,DOWN,STANDBY,0
2025-11-14T12:51:03Z,Symbolica Single-rider,DOWN,SINGLE_RIDER,NA
2025-11-14T12:51:03Z,Danse Macabre,OPERATING,STANDBY,25
2025-11-14T12:51:03Z,Danse Macabre Single-rider,OPERATING,SINGLE_RIDER,0
2025-11-14T13:35:33Z,Droomvlucht,OPERATING,STANDBY,5
2025-11-14T13:35:33Z,Fata Morgana,OPERATING,STANDBY,5
2025-11-14T13:35:33Z,Villa Volta,OPERATING,STANDBY,5
2025-11-14T13:35:33Z,De Vliegende Hollander,OPERATING,STANDBY,5
2025-11-14T13:35:33Z,De Vliegende Hollander Single-rider,OPERATING,SINGLE_RIDER,0
2025-11-14T13:35:33Z,Sirocco,REFURBISHMENT,STANDBY,NA
2025-11-14T13:35:33Z,Stoomtrein Marerijk,OPERATING,STANDBY,25
2025-11-14T13:35:33Z,Stoomcarrousel,OPERATING,STANDBY,0
2025-11-14T13:35:33Z,Halve Maen,OPERATING,STANDBY,0
2025-11-14T13:35:33Z,Stoomtrein Ruigrijk,OPERATING,STANDBY,25
2025-11-14T13:35:33Z,Kinderspoor,OPERATING,STANDBY,0
2025-11-14T13:35:33Z,Fabula,OPERATING,STANDBY,10
2025-11-14T13:35:33Z,Monorail,CLOSED,STANDBY,NA
2025-11-14T13:35:33Z,Max & Moritz,OPERATING,STANDBY,5
2025-11-14T13:35:33Z,Max & Moritz Single-rider,OPERATING,SINGLE_RIDER,0
2025-11-14T13:35:33Z,Gondoletta,OPERATING,STANDBY,5
2025-11-14T13:35:33Z,Python,OPERATING,STANDBY,5
2025-11-14T13:35:33Z,Python Single-rider,OPERATING,SINGLE_RIDER,0
2025-11-14T13:35:33Z,De Oude Tufferbaan,OPERATING,STANDBY,10
2025-11-14T13:35:33Z,Piraña,OPERATING,STANDBY,5
2025-11-14T13:35:33Z,Joris en de Draak,OPERATING,STANDBY,5
2025-11-14T13:35:33Z,Joris en de Draak Single-rider,OPERATING,SINGLE_RIDER,0
2025-11-14T13:35:33Z,Carnaval Festival,OPERATING,STANDBY,10
2025-11-14T13:35:33Z,Vogel Rok,REFURBISHMENT,STANDBY,NA
2025-11-14T13:35:33Z,Pagode,OPERATING,STANDBY,5
2025-11-14T13:35:33Z,Baron 1898,OPERATING,STANDBY,25
2025-11-14T13:35:33Z,Baron 1898 Single-rider,OPERATING,SINGLE_RIDER,20
2025-11-14T13:35:33Z,Symbolica,OPERATING,STANDBY,20
2025-11-14T13:35:33Z,Symbolica Single-rider,OPERATING,SINGLE_RIDER,0
2025-11-14T13:35:33Z,Danse Macabre,OPERATING,STANDBY,13
2025-11-14T13:35:33Z,Danse Macabre Single-rider,OPERATING,SINGLE_RIDER,0
2025-11-14T14:18:34Z,Droomvlucht,OPERATING,STANDBY,10
2025-11-14T14:18:34Z,Fata Morgana,OPERATING,STANDBY,5
2025-11-14T14:18:34Z,Villa Volta,OPERATING,STANDBY,5
2025-11-14T14:18:34Z,De Vliegende Hollander,OPERATING,STANDBY,5
2025-11-14T14:18:34Z,De Vliegende Hollander Single-rider,OPERATING,SINGLE_RIDER,0
2025-11-14T14:18:34Z,Sirocco,REFURBISHMENT,STANDBY,NA
2025-11-14T14:18:34Z,Stoomtrein Marerijk,OPERATING,STANDBY,25
2025-11-14T14:18:34Z,Stoomcarrousel,OPERATING,STANDBY,0
2025-11-14T14:18:34Z,Halve Maen,OPERATING,STANDBY,5
2025-11-14T14:18:34Z,Stoomtrein Ruigrijk,OPERATING,STANDBY,25
2025-11-14T14:18:34Z,Kinderspoor,OPERATING,STANDBY,5
2025-11-14T14:18:34Z,Fabula,OPERATING,STANDBY,10
2025-11-14T14:18:34Z,Monorail,CLOSED,STANDBY,NA
2025-11-14T14:18:34Z,Max & Moritz,DOWN,STANDBY,0
2025-11-14T14:18:34Z,Max & Moritz Single-rider,DOWN,SINGLE_RIDER,NA
2025-11-14T14:18:34Z,Gondoletta,OPERATING,STANDBY,5
2025-11-14T14:18:34Z,Python,OPERATING,STANDBY,5
2025-11-14T14:18:34Z,Python Single-rider,OPERATING,SINGLE_RIDER,0
2025-11-14T14:18:34Z,De Oude Tufferbaan,OPERATING,STANDBY,10
2025-11-14T14:18:34Z,Piraña,OPERATING,STANDBY,5
2025-11-14T14:18:34Z,Joris en de Draak,OPERATING,STANDBY,5
2025-11-14T14:18:34Z,Joris en de Draak Single-rider,OPERATING,SINGLE_RIDER,0
2025-11-14T14:18:34Z,Carnaval Festival,OPERATING,STANDBY,0
2025-11-14T14:18:34Z,Vogel Rok,REFURBISHMENT,STANDBY,NA
2025-11-14T14:18:34Z,Baron 1898,OPERATING,STANDBY,10
2025-11-14T14:18:34Z,Baron 1898 Single-rider,OPERATING,SINGLE_RIDER,10
2025-11-14T14:18:34Z,Pagode,OPERATING,STANDBY,5
2025-11-14T14:18:34Z,Symbolica,OPERATING,STANDBY,25
2025-11-14T14:18:34Z,Symbolica Single-rider,OPERATING,SINGLE_RIDER,0
2025-11-14T14:18:34Z,Danse Macabre,OPERATING,STANDBY,13
2025-11-14T14:18:34Z,Danse Macabre Single-rider,OPERATING,SINGLE_RIDER,0
2025-11-14T14:45:19Z,Droomvlucht,OPERATING,STANDBY,20
2025-11-14T14:45:19Z,Fata Morgana,OPERATING,STANDBY,5
2025-11-14T14:45:19Z,Villa Volta,OPERATING,STANDBY,5
2025-11-14T14:45:19Z,De Vliegende Hollander,OPERATING,STANDBY,5
2025-11-14T14:45:19Z,De Vliegende Hollander Single-rider,OPERATING,SINGLE_RIDER,0
2025-11-14T14:45:19Z,Sirocco,REFURBISHMENT,STANDBY,NA
2025-11-14T14:45:19Z,Stoomtrein Marerijk,OPERATING,STANDBY,25
2025-11-14T14:45:19Z,Stoomcarrousel,OPERATING,STANDBY,0
2025-11-14T14:45:19Z,Halve Maen,OPERATING,STANDBY,5
2025-11-14T14:45:19Z,Stoomtrein Ruigrijk,OPERATING,STANDBY,25
2025-11-14T14:45:19Z,Kinderspoor,OPERATING,STANDBY,5
2025-11-14T14:45:19Z,Fabula,OPERATING,STANDBY,10
2025-11-14T14:45:19Z,Monorail,CLOSED,STANDBY,NA
2025-11-14T14:45:19Z,Max & Moritz,OPERATING,STANDBY,5
2025-11-14T14:45:19Z,Max & Moritz Single-rider,OPERATING,SINGLE_RIDER,0
2025-11-14T14:45:19Z,Gondoletta,OPERATING,STANDBY,5
2025-11-14T14:45:19Z,Python,OPERATING,STANDBY,5
2025-11-14T14:45:19Z,Python Single-rider,OPERATING,SINGLE_RIDER,0
2025-11-14T14:45:19Z,De Oude Tufferbaan,OPERATING,STANDBY,10
2025-11-14T14:45:19Z,Piraña,OPERATING,STANDBY,5
2025-11-14T14:45:19Z,Joris en de Draak,OPERATING,STANDBY,5
2025-11-14T14:45:19Z,Joris en de Draak Single-rider,OPERATING,SINGLE_RIDER,0
2025-11-14T14:45:19Z,Carnaval Festival,OPERATING,STANDBY,5
2025-11-14T14:45:19Z,Vogel Rok,REFURBISHMENT,STANDBY,NA
2025-11-14T14:45:19Z,Baron 1898,OPERATING,STANDBY,10
2025-11-14T14:45:19Z,Baron 1898 Single-rider,OPERATING,SINGLE_RIDER,5
2025-11-14T14:45:19Z,Pagode,OPERATING,STANDBY,5
2025-11-14T14:45:19Z,Symbolica,OPERATING,STANDBY,25
2025-11-14T14:45:19Z,Symbolica Single-rider,OPERATING,SINGLE_RIDER,0
2025-11-14T14:45:19Z,Danse Macabre,OPERATING,STANDBY,13
2025-11-14T14:45:19Z,Danse Macabre Single-rider,OPERATING,SINGLE_RIDER,0
2025-11-14T15:17:00Z,Droomvlucht,OPERATING,STANDBY,15
2025-11-14T15:17:00Z,Fata Morgana,OPERATING,STANDBY,5
2025-11-14T15:17:00Z,Villa Volta,OPERATING,STANDBY,5
2025-11-14T15:17:00Z,De Vliegende Hollander,OPERATING,STANDBY,5
2025-11-14T15:17:00Z,De Vliegende Hollander Single-rider,OPERATING,SINGLE_RIDER,0
2025-11-14T15:17:00Z,Sirocco,REFURBISHMENT,STANDBY,NA
2025-11-14T15:17:00Z,Stoomtrein Marerijk,OPERATING,STANDBY,25
2025-11-14T15:17:00Z,Stoomcarrousel,OPERATING,STANDBY,0
2025-11-14T15:17:00Z,Halve Maen,OPERATING,STANDBY,5
2025-11-14T15:17:00Z,Stoomtrein Ruigrijk,OPERATING,STANDBY,25
2025-11-14T15:17:00Z,Kinderspoor,OPERATING,STANDBY,5
2025-11-14T15:17:00Z,Fabula,OPERATING,STANDBY,10
2025-11-14T15:17:00Z,Monorail,CLOSED,STANDBY,NA
2025-11-14T15:17:00Z,Max & Moritz,OPERATING,STANDBY,5
2025-11-14T15:17:00Z,Max & Moritz Single-rider,OPERATING,SINGLE_RIDER,0
2025-11-14T15:17:00Z,Gondoletta,OPERATING,STANDBY,5
2025-11-14T15:17:00Z,Python,OPERATING,STANDBY,5
2025-11-14T15:17:00Z,Python Single-rider,OPERATING,SINGLE_RIDER,0
2025-11-14T15:17:00Z,De Oude Tufferbaan,OPERATING,STANDBY,10
2025-11-14T15:17:00Z,Piraña,OPERATING,STANDBY,5
2025-11-14T15:17:00Z,Joris en de Draak,OPERATING,STANDBY,5
2025-11-14T15:17:00Z,Joris en de Draak Single-rider,OPERATING,SINGLE_RIDER,0
2025-11-14T15:17:00Z,Carnaval Festival,OPERATING,STANDBY,5
2025-11-14T15:17:00Z,Vogel Rok,REFURBISHMENT,STANDBY,NA
2025-11-14T15:17:00Z,Baron 1898,OPERATING,STANDBY,10
2025-11-14T15:17:00Z,Baron 1898 Single-rider,OPERATING,SINGLE_RIDER,10
2025-11-14T15:17:00Z,Pagode,OPERATING,STANDBY,5
2025-11-14T15:17:00Z,Symbolica,OPERATING,STANDBY,20
2025-11-14T15:17:00Z,Symbolica Single-rider,OPERATING,SINGLE_RIDER,0
2025-11-14T15:17:00Z,Danse Macabre,OPERATING,STANDBY,13
2025-11-14T15:17:00Z,Danse Macabre Single-rider,OPERATING,SINGLE_RIDER,0
2025-11-14T15:40:37Z,Droomvlucht,OPERATING,STANDBY,15
2025-11-14T15:40:37Z,Fata Morgana,OPERATING,STANDBY,5
2025-11-14T15:40:37Z,Villa Volta,OPERATING,STANDBY,5
2025-11-14T15:40:37Z,De Vliegende Hollander,OPERATING,STANDBY,5
2025-11-14T15:40:37Z,De Vliegende Hollander Single-rider,OPERATING,SINGLE_RIDER,0
2025-11-14T15:40:37Z,Sirocco,REFURBISHMENT,STANDBY,NA
2025-11-14T15:40:37Z,Stoomtrein Marerijk,OPERATING,STANDBY,25
2025-11-14T15:40:37Z,Stoomcarrousel,OPERATING,STANDBY,0
2025-11-14T15:40:37Z,Halve Maen,OPERATING,STANDBY,5
2025-11-14T15:40:37Z,Stoomtrein Ruigrijk,OPERATING,STANDBY,25
2025-11-14T15:40:37Z,Kinderspoor,OPERATING,STANDBY,5
2025-11-14T15:40:37Z,Fabula,OPERATING,STANDBY,10
2025-11-14T15:40:37Z,Monorail,CLOSED,STANDBY,NA
2025-11-14T15:40:37Z,Max & Moritz,OPERATING,STANDBY,5
2025-11-14T15:40:37Z,Max & Moritz Single-rider,OPERATING,SINGLE_RIDER,0
2025-11-14T15:40:37Z,Gondoletta,OPERATING,STANDBY,5
2025-11-14T15:40:37Z,Python,OPERATING,STANDBY,5
2025-11-14T15:40:37Z,Python Single-rider,OPERATING,SINGLE_RIDER,0
2025-11-14T15:40:37Z,De Oude Tufferbaan,OPERATING,STANDBY,10
2025-11-14T15:40:37Z,Piraña,OPERATING,STANDBY,5
2025-11-14T15:40:37Z,Joris en de Draak,OPERATING,STANDBY,5
2025-11-14T15:40:37Z,Joris en de Draak Single-rider,OPERATING,SINGLE_RIDER,0
2025-11-14T15:40:37Z,Carnaval Festival,OPERATING,STANDBY,5
2025-11-14T15:40:37Z,Vogel Rok,REFURBISHMENT,STANDBY,NA
2025-11-14T15:40:37Z,Baron 1898,OPERATING,STANDBY,10
2025-11-14T15:40:37Z,Baron 1898 Single-rider,OPERATING,SINGLE_RIDER,5
2025-11-14T15:40:37Z,Pagode,OPERATING,STANDBY,5
2025-11-14T15:40:37Z,Symbolica,OPERATING,STANDBY,20
2025-11-14T15:40:37Z,Symbolica Single-rider,OPERATING,SINGLE_RIDER,0
2025-11-14T15:40:37Z,Danse Macabre,OPERATING,STANDBY,13
2025-11-14T15:40:37Z,Danse Macabre Single-rider,OPERATING,SINGLE_RIDER,0
2025-11-14T15:50:22Z,Droomvlucht,OPERATING,STANDBY,15
2025-11-14T15:50:22Z,Fata Morgana,OPERATING,STANDBY,5
2025-11-14T15:50:22Z,Villa Volta,OPERATING,STANDBY,5
2025-11-14T15:50:22Z,De Vliegende Hollander,OPERATING,STANDBY,5
2025-11-14T15:50:22Z,De Vliegende Hollander Single-rider,OPERATING,SINGLE_RIDER,0
2025-11-14T15:50:22Z,Sirocco,REFURBISHMENT,STANDBY,NA
2025-11-14T15:50:22Z,Stoomtrein Marerijk,OPERATING,STANDBY,25
2025-11-14T15:50:22Z,Stoomcarrousel,OPERATING,STANDBY,0
2025-11-14T15:50:22Z,Halve Maen,OPERATING,STANDBY,5
2025-11-14T15:50:22Z,Stoomtrein Ruigrijk,OPERATING,STANDBY,25
2025-11-14T15:50:22Z,Kinderspoor,OPERATING,STANDBY,5
2025-11-14T15:50:22Z,Fabula,OPERATING,STANDBY,10
2025-11-14T15:50:22Z,Monorail,CLOSED,STANDBY,NA
2025-11-14T15:50:22Z,Max & Moritz,OPERATING,STANDBY,5
2025-11-14T15:50:22Z,Max & Moritz Single-rider,OPERATING,SINGLE_RIDER,0
2025-11-14T15:50:22Z,Gondoletta,OPERATING,STANDBY,5
2025-11-14T15:50:22Z,Python,OPERATING,STANDBY,5
2025-11-14T15:50:22Z,Python Single-rider,OPERATING,SINGLE_RIDER,0
2025-11-14T15:50:22Z,De Oude Tufferbaan,OPERATING,STANDBY,15
2025-11-14T15:50:22Z,Piraña,OPERATING,STANDBY,0
2025-11-14T15:50:22Z,Joris en de Draak,OPERATING,STANDBY,5
2025-11-14T15:50:22Z,Joris en de Draak Single-rider,OPERATING,SINGLE_RIDER,0
2025-11-14T15:50:22Z,Carnaval Festival,OPERATING,STANDBY,5
2025-11-14T15:50:22Z,Vogel Rok,REFURBISHMENT,STANDBY,NA
2025-11-14T15:50:22Z,Baron 1898,OPERATING,STANDBY,10
2025-11-14T15:50:22Z,Baron 1898 Single-rider,OPERATING,SINGLE_RIDER,5
2025-11-14T15:50:22Z,Pagode,OPERATING,STANDBY,5
2025-11-14T15:50:22Z,Symbolica,OPERATING,STANDBY,20
2025-11-14T15:50:22Z,Symbolica Single-rider,OPERATING,SINGLE_RIDER,0
2025-11-14T15:50:22Z,Danse Macabre,OPERATING,STANDBY,13
2025-11-14T15:50:22Z,Danse Macabre Single-rider,OPERATING,SINGLE_RIDER,0
2025-11-14T16:16:04Z,Droomvlucht,OPERATING,STANDBY,15
2025-11-14T16:16:04Z,Fata Morgana,OPERATING,STANDBY,5
2025-11-14T16:16:04Z,Villa Volta,OPERATING,STANDBY,5
2025-11-14T16:16:04Z,De Vliegende Hollander,OPERATING,STANDBY,5
2025-11-14T16:16:04Z,De Vliegende Hollander Single-rider,OPERATING,SINGLE_RIDER,0
2025-11-14T16:16:04Z,Sirocco,REFURBISHMENT,STANDBY,NA
2025-11-14T16:16:04Z,Stoomtrein Marerijk,OPERATING,STANDBY,25
2025-11-14T16:16:04Z,Stoomcarrousel,OPERATING,STANDBY,0
2025-11-14T16:16:04Z,Halve Maen,OPERATING,STANDBY,5
2025-11-14T16:16:04Z,Stoomtrein Ruigrijk,OPERATING,STANDBY,25
2025-11-14T16:16:04Z,Kinderspoor,OPERATING,STANDBY,5
2025-11-14T16:16:04Z,Fabula,OPERATING,STANDBY,10
2025-11-14T16:16:04Z,Monorail,CLOSED,STANDBY,NA
2025-11-14T16:16:04Z,Max & Moritz,OPERATING,STANDBY,5
2025-11-14T16:16:04Z,Max & Moritz Single-rider,OPERATING,SINGLE_RIDER,0
2025-11-14T16:16:04Z,Gondoletta,OPERATING,STANDBY,0
2025-11-14T16:16:04Z,Python,OPERATING,STANDBY,5
2025-11-14T16:16:04Z,Python Single-rider,OPERATING,SINGLE_RIDER,0
2025-11-14T16:16:04Z,De Oude Tufferbaan,OPERATING,STANDBY,10
2025-11-14T16:16:04Z,Piraña,OPERATING,STANDBY,0
2025-11-14T16:16:04Z,Joris en de Draak,OPERATING,STANDBY,5
2025-11-14T16:16:04Z,Joris en de Draak Single-rider,OPERATING,SINGLE_RIDER,0
2025-11-14T16:16:04Z,Carnaval Festival,OPERATING,STANDBY,5
2025-11-14T16:16:04Z,Vogel Rok,REFURBISHMENT,STANDBY,NA
2025-11-14T16:16:04Z,Pagode,OPERATING,STANDBY,5
2025-11-14T16:16:04Z,Baron 1898,OPERATING,STANDBY,15
2025-11-14T16:16:04Z,Baron 1898 Single-rider,OPERATING,SINGLE_RIDER,20
2025-11-14T16:16:04Z,Symbolica,OPERATING,STANDBY,30
2025-11-14T16:16:04Z,Symbolica Single-rider,OPERATING,SINGLE_RIDER,0
2025-11-14T16:16:04Z,Danse Macabre,OPERATING,STANDBY,13
2025-11-14T16:16:04Z,Danse Macabre Single-rider,OPERATING,SINGLE_RIDER,0
2025-11-14T16:39:18Z,Droomvlucht,OPERATING,STANDBY,15
2025-11-14T16:39:18Z,Fata Morgana,OPERATING,STANDBY,5
2025-11-14T16:39:18Z,Villa Volta,OPERATING,STANDBY,5
2025-11-14T16:39:18Z,De Vliegende Hollander,OPERATING,STANDBY,5
2025-11-14T16:39:18Z,De Vliegende Hollander Single-rider,OPERATING,SINGLE_RIDER,0
2025-11-14T16:39:18Z,Sirocco,REFURBISHMENT,STANDBY,NA
2025-11-14T16:39:18Z,Stoomtrein Marerijk,OPERATING,STANDBY,25
2025-11-14T16:39:18Z,Stoomcarrousel,OPERATING,STANDBY,0
2025-11-14T16:39:18Z,Halve Maen,OPERATING,STANDBY,5
2025-11-14T16:39:18Z,Stoomtrein Ruigrijk,OPERATING,STANDBY,25
2025-11-14T16:39:18Z,Kinderspoor,OPERATING,STANDBY,5
2025-11-14T16:39:18Z,Fabula,OPERATING,STANDBY,10
2025-11-14T16:39:18Z,Monorail,CLOSED,STANDBY,NA
2025-11-14T16:39:18Z,Max & Moritz,OPERATING,STANDBY,5
2025-11-14T16:39:18Z,Max & Moritz Single-rider,OPERATING,SINGLE_RIDER,0
2025-11-14T16:39:18Z,Gondoletta,CLOSED,STANDBY,NA
2025-11-14T16:39:18Z,Python,OPERATING,STANDBY,10
2025-11-14T16:39:18Z,Python Single-rider,OPERATING,SINGLE_RIDER,0
2025-11-14T16:39:18Z,De Oude Tufferbaan,OPERATING,STANDBY,10
2025-11-14T16:39:18Z,Piraña,OPERATING,STANDBY,10
2025-11-14T16:39:18Z,Joris en de Draak,OPERATING,STANDBY,10
2025-11-14T16:39:18Z,Joris en de Draak Single-rider,OPERATING,SINGLE_RIDER,0
2025-11-14T16:39:18Z,Carnaval Festival,OPERATING,STANDBY,0
2025-11-14T16:39:18Z,Vogel Rok,REFURBISHMENT,STANDBY,NA
2025-11-14T16:39:18Z,Baron 1898,OPERATING,STANDBY,15
2025-11-14T16:39:18Z,Baron 1898 Single-rider,OPERATING,SINGLE_RIDER,10
2025-11-14T16:39:18Z,Pagode,OPERATING,STANDBY,5
2025-11-14T16:39:18Z,Symbolica,OPERATING,STANDBY,20
2025-11-14T16:39:18Z,Symbolica Single-rider,OPERATING,SINGLE_RIDER,0
2025-11-14T16:39:18Z,Danse Macabre,OPERATING,STANDBY,13
2025-11-14T16:39:18Z,Danse Macabre Single-rider,OPERATING,SINGLE_RIDER,0
2025-11-14T16:50:01Z,Droomvlucht,OPERATING,STANDBY,15
2025-11-14T16:50:01Z,Fata Morgana,OPERATING,STANDBY,5
2025-11-14T16:50:01Z,Villa Volta,OPERATING,STANDBY,5
2025-11-14T16:50:01Z,De Vliegende Hollander,OPERATING,STANDBY,5
2025-11-14T16:50:01Z,De Vliegende Hollander Single-rider,OPERATING,SINGLE_RIDER,0
2025-11-14T16:50:01Z,Sirocco,REFURBISHMENT,STANDBY,NA
2025-11-14T16:50:01Z,Stoomtrein Marerijk,OPERATING,STANDBY,25
2025-11-14T16:50:01Z,Stoomcarrousel,OPERATING,STANDBY,0
2025-11-14T16:50:01Z,Halve Maen,OPERATING,STANDBY,5
2025-11-14T16:50:01Z,Stoomtrein Ruigrijk,OPERATING,STANDBY,25
2025-11-14T16:50:01Z,Kinderspoor,OPERATING,STANDBY,5
2025-11-14T16:50:01Z,Fabula,OPERATING,STANDBY,10
2025-11-14T16:50:01Z,Monorail,CLOSED,STANDBY,NA
2025-11-14T16:50:01Z,Max & Moritz,OPERATING,STANDBY,5
2025-11-14T16:50:01Z,Max & Moritz Single-rider,OPERATING,SINGLE_RIDER,0
2025-11-14T16:50:01Z,Gondoletta,CLOSED,STANDBY,NA
2025-11-14T16:50:01Z,Python,OPERATING,STANDBY,10
2025-11-14T16:50:01Z,Python Single-rider,OPERATING,SINGLE_RIDER,0
2025-11-14T16:50:01Z,De Oude Tufferbaan,OPERATING,STANDBY,10
2025-11-14T16:50:01Z,Piraña,OPERATING,STANDBY,5
2025-11-14T16:50:01Z,Joris en de Draak,OPERATING,STANDBY,10
2025-11-14T16:50:01Z,Joris en de Draak Single-rider,OPERATING,SINGLE_RIDER,0
2025-11-14T16:50:01Z,Carnaval Festival,OPERATING,STANDBY,0
2025-11-14T16:50:01Z,Vogel Rok,REFURBISHMENT,STANDBY,NA
2025-11-14T16:50:01Z,Baron 1898,OPERATING,STANDBY,15
2025-11-14T16:50:01Z,Baron 1898 Single-rider,OPERATING,SINGLE_RIDER,10
2025-11-14T16:50:01Z,Pagode,OPERATING,STANDBY,5
2025-11-14T16:50:01Z,Symbolica,OPERATING,STANDBY,20
2025-11-14T16:50:01Z,Symbolica Single-rider,OPERATING,SINGLE_RIDER,0
2025-11-14T16:50:01Z,Danse Macabre,OPERATING,STANDBY,13
2025-11-14T16:50:01Z,Danse Macabre Single-rider,OPERATING,SINGLE_RIDER,0
2025-11-14T17:21:48Z,Droomvlucht,OPERATING,STANDBY,5
2025-11-14T17:21:48Z,Fata Morgana,OPERATING,STANDBY,5
2025-11-14T17:21:48Z,Villa Volta,OPERATING,STANDBY,5
2025-11-14T17:21:48Z,De Vliegende Hollander,OPERATING,STANDBY,5
2025-11-14T17:21:48Z,De Vliegende Hollander Single-rider,OPERATING,SINGLE_RIDER,0
2025-11-14T17:21:48Z,Sirocco,REFURBISHMENT,STANDBY,NA
2025-11-14T17:21:48Z,Stoomtrein Marerijk,OPERATING,STANDBY,25
2025-11-14T17:21:48Z,Stoomcarrousel,OPERATING,STANDBY,0
2025-11-14T17:21:48Z,Halve Maen,OPERATING,STANDBY,5
2025-11-14T17:21:48Z,Stoomtrein Ruigrijk,OPERATING,STANDBY,25
2025-11-14T17:21:48Z,Kinderspoor,OPERATING,STANDBY,0
2025-11-14T17:21:48Z,Fabula,OPERATING,STANDBY,10
2025-11-14T17:21:48Z,Monorail,CLOSED,STANDBY,NA
2025-11-14T17:21:48Z,Max & Moritz,OPERATING,STANDBY,5
2025-11-14T17:21:48Z,Max & Moritz Single-rider,OPERATING,SINGLE_RIDER,0
2025-11-14T17:21:48Z,Gondoletta,CLOSED,STANDBY,NA
2025-11-14T17:21:48Z,Python,OPERATING,STANDBY,5
2025-11-14T17:21:48Z,Python Single-rider,OPERATING,SINGLE_RIDER,0
2025-11-14T17:21:48Z,De Oude Tufferbaan,OPERATING,STANDBY,5
2025-11-14T17:21:48Z,Piraña,OPERATING,STANDBY,5
2025-11-14T17:21:48Z,Joris en de Draak,OPERATING,STANDBY,10
2025-11-14T17:21:48Z,Joris en de Draak Single-rider,OPERATING,SINGLE_RIDER,0
2025-11-14T17:21:48Z,Carnaval Festival,OPERATING,STANDBY,0
2025-11-14T17:21:48Z,Vogel Rok,OPERATING,STANDBY,5
2025-11-14T17:21:48Z,Baron 1898,OPERATING,STANDBY,5
2025-11-14T17:21:48Z,Baron 1898 Single-rider,OPERATING,SINGLE_RIDER,10
2025-11-14T17:21:48Z,Pagode,OPERATING,STANDBY,5
2025-11-14T17:21:48Z,Symbolica,OPERATING,STANDBY,15
2025-11-14T17:21:48Z,Symbolica Single-rider,OPERATING,SINGLE_RIDER,0
2025-11-14T17:21:48Z,Danse Macabre,OPERATING,STANDBY,13
2025-11-14T17:21:48Z,Danse Macabre Single-rider,OPERATING,SINGLE_RIDER,0
2025-11-14T17:48:44Z,Droomvlucht,OPERATING,STANDBY,5
2025-11-14T17:48:44Z,Fata Morgana,OPERATING,STANDBY,5
2025-11-14T17:48:44Z,Villa Volta,OPERATING,STANDBY,5
2025-11-14T17:48:44Z,De Vliegende Hollander,OPERATING,STANDBY,5
2025-11-14T17:48:44Z,De Vliegende Hollander Single-rider,OPERATING,SINGLE_RIDER,0
2025-11-14T17:48:44Z,Sirocco,REFURBISHMENT,STANDBY,NA
2025-11-14T17:48:44Z,Stoomtrein Marerijk,CLOSED,STANDBY,NA
2025-11-14T17:48:44Z,Stoomcarrousel,OPERATING,STANDBY,0
2025-11-14T17:48:44Z,Halve Maen,OPERATING,STANDBY,5
2025-11-14T17:48:44Z,Stoomtrein Ruigrijk,CLOSED,STANDBY,NA
2025-11-14T17:48:44Z,Kinderspoor,OPERATING,STANDBY,0
2025-11-14T17:48:44Z,Fabula,OPERATING,STANDBY,10
2025-11-14T17:48:44Z,Monorail,CLOSED,STANDBY,NA
2025-11-14T17:48:44Z,Max & Moritz,OPERATING,STANDBY,5
2025-11-14T17:48:44Z,Max & Moritz Single-rider,OPERATING,SINGLE_RIDER,0
2025-11-14T17:48:44Z,Gondoletta,CLOSED,STANDBY,NA
2025-11-14T17:48:44Z,Python,OPERATING,STANDBY,5
2025-11-14T17:48:44Z,Python Single-rider,OPERATING,SINGLE_RIDER,0
2025-11-14T17:48:44Z,De Oude Tufferbaan,OPERATING,STANDBY,5
2025-11-14T17:48:44Z,Piraña,OPERATING,STANDBY,10
2025-11-14T17:48:44Z,Joris en de Draak,OPERATING,STANDBY,10
2025-11-14T17:48:44Z,Joris en de Draak Single-rider,OPERATING,SINGLE_RIDER,0
2025-11-14T17:48:44Z,Carnaval Festival,OPERATING,STANDBY,0
2025-11-14T17:48:44Z,Vogel Rok,OPERATING,STANDBY,5
2025-11-14T17:48:44Z,Baron 1898,OPERATING,STANDBY,10
2025-11-14T17:48:44Z,Baron 1898 Single-rider,OPERATING,SINGLE_RIDER,10
2025-11-14T17:48:44Z,Pagode,OPERATING,STANDBY,5
2025-11-14T17:48:44Z,Symbolica,OPERATING,STANDBY,15
2025-11-14T17:48:44Z,Symbolica Single-rider,OPERATING,SINGLE_RIDER,0
2025-11-14T17:48:44Z,Danse Macabre,OPERATING,STANDBY,13
2025-11-14T17:48:44Z,Danse Macabre Single-rider,OPERATING,SINGLE_RIDER,0
2025-11-15T09:42:56Z,Droomvlucht,OPERATING,STANDBY,5
2025-11-15T09:42:56Z,Fata Morgana,OPERATING,STANDBY,0
2025-11-15T09:42:56Z,Villa Volta,OPERATING,STANDBY,5
2025-11-15T09:42:56Z,De Vliegende Hollander,CLOSED,STANDBY,NA
2025-11-15T09:42:56Z,De Vliegende Hollander Single-rider,CLOSED,SINGLE_RIDER,NA
2025-11-15T09:42:56Z,Sirocco,REFURBISHMENT,STANDBY,NA
2025-11-15T09:42:56Z,Stoomtrein Marerijk,CLOSED,STANDBY,NA
2025-11-15T09:42:56Z,Stoomcarrousel,CLOSED,STANDBY,NA
2025-11-15T09:42:56Z,Halve Maen,CLOSED,STANDBY,NA
2025-11-15T09:42:56Z,Stoomtrein Ruigrijk,CLOSED,STANDBY,NA
2025-11-15T09:42:56Z,Kinderspoor,CLOSED,STANDBY,NA
2025-11-15T09:42:56Z,Fabula,CLOSED,STANDBY,NA
2025-11-15T09:42:56Z,Monorail,CLOSED,STANDBY,NA
2025-11-15T09:42:56Z,Max & Moritz,OPERATING,STANDBY,5
2025-11-15T09:42:56Z,Max & Moritz Single-rider,OPERATING,SINGLE_RIDER,0
2025-11-15T09:42:56Z,Gondoletta,CLOSED,STANDBY,NA
2025-11-15T09:42:56Z,De Oude Tufferbaan,CLOSED,STANDBY,NA
2025-11-15T09:42:56Z,Python,CLOSED,STANDBY,NA
2025-11-15T09:42:56Z,Python Single-rider,CLOSED,SINGLE_RIDER,NA
2025-11-15T09:42:56Z,Piraña,CLOSED,STANDBY,NA
2025-11-15T09:42:56Z,Joris en de Draak,CLOSED,STANDBY,NA
2025-11-15T09:42:56Z,Joris en de Draak Single-rider,CLOSED,SINGLE_RIDER,NA
2025-11-15T09:42:56Z,Carnaval Festival,OPERATING,STANDBY,0
2025-11-15T09:42:56Z,Vogel Rok,OPERATING,STANDBY,0
2025-11-15T09:42:56Z,Baron 1898,OPERATING,STANDBY,5
2025-11-15T09:42:56Z,Baron 1898 Single-rider,OPERATING,SINGLE_RIDER,5
2025-11-15T09:42:56Z,Pagode,OPERATING,STANDBY,5
2025-11-15T09:42:56Z,Symbolica,CLOSED,STANDBY,NA
2025-11-15T09:42:56Z,Symbolica Single-rider,CLOSED,SINGLE_RIDER,NA
2025-11-15T09:42:56Z,Danse Macabre,CLOSED,STANDBY,NA
2025-11-15T09:42:56Z,Danse Macabre Single-rider,CLOSED,SINGLE_RIDER,NA
2025-11-15T09:53:11Z,Droomvlucht,OPERATING,STANDBY,5
2025-11-15T09:53:11Z,Fata Morgana,OPERATING,STANDBY,0
2025-11-15T09:53:11Z,Villa Volta,OPERATING,STANDBY,5
2025-11-15T09:53:11Z,De Vliegende Hollander,CLOSED,STANDBY,NA
2025-11-15T09:53:11Z,De Vliegende Hollander Single-rider,CLOSED,SINGLE_RIDER,NA
2025-11-15T09:53:11Z,Sirocco,REFURBISHMENT,STANDBY,NA
2025-11-15T09:53:11Z,Stoomtrein Marerijk,CLOSED,STANDBY,NA
2025-11-15T09:53:11Z,Stoomcarrousel,CLOSED,STANDBY,NA
2025-11-15T09:53:11Z,Halve Maen,CLOSED,STANDBY,NA
2025-11-15T09:53:11Z,Stoomtrein Ruigrijk,CLOSED,STANDBY,NA
2025-11-15T09:53:11Z,Kinderspoor,CLOSED,STANDBY,NA
2025-11-15T09:53:11Z,Fabula,CLOSED,STANDBY,NA
2025-11-15T09:53:11Z,Monorail,CLOSED,STANDBY,NA
2025-11-15T09:53:11Z,Max & Moritz,OPERATING,STANDBY,5
2025-11-15T09:53:11Z,Max & Moritz Single-rider,OPERATING,SINGLE_RIDER,0
2025-11-15T09:53:11Z,Gondoletta,CLOSED,STANDBY,NA
2025-11-15T09:53:11Z,De Oude Tufferbaan,CLOSED,STANDBY,NA
2025-11-15T09:53:11Z,Python,CLOSED,STANDBY,NA
2025-11-15T09:53:11Z,Python Single-rider,CLOSED,SINGLE_RIDER,NA
2025-11-15T09:53:11Z,Piraña,CLOSED,STANDBY,NA
2025-11-15T09:53:11Z,Joris en de Draak,CLOSED,STANDBY,NA
2025-11-15T09:53:11Z,Joris en de Draak Single-rider,CLOSED,SINGLE_RIDER,NA
2025-11-15T09:53:11Z,Carnaval Festival,OPERATING,STANDBY,0
2025-11-15T09:53:11Z,Vogel Rok,OPERATING,STANDBY,0
2025-11-15T09:53:11Z,Baron 1898,OPERATING,STANDBY,5
2025-11-15T09:53:11Z,Baron 1898 Single-rider,OPERATING,SINGLE_RIDER,5
2025-11-15T09:53:11Z,Pagode,OPERATING,STANDBY,5
2025-11-15T09:53:11Z,Symbolica,CLOSED,STANDBY,NA
2025-11-15T09:53:11Z,Symbolica Single-rider,CLOSED,SINGLE_RIDER,NA
2025-11-15T09:53:11Z,Danse Macabre,CLOSED,STANDBY,NA
2025-11-15T09:53:11Z,Danse Macabre Single-rider,CLOSED,SINGLE_RIDER,NA
2025-11-15T10:15:36Z,Droomvlucht,OPERATING,STANDBY,15
2025-11-15T10:15:36Z,Fata Morgana,OPERATING,STANDBY,10
2025-11-15T10:15:36Z,Villa Volta,OPERATING,STANDBY,5
2025-11-15T10:15:36Z,De Vliegende Hollander,OPERATING,STANDBY,5
2025-11-15T10:15:36Z,De Vliegende Hollander Single-rider,OPERATING,SINGLE_RIDER,0
2025-11-15T10:15:36Z,Sirocco,REFURBISHMENT,STANDBY,NA
2025-11-15T10:15:36Z,Stoomtrein Marerijk,CLOSED,STANDBY,NA
2025-11-15T10:15:36Z,Stoomcarrousel,OPERATING,STANDBY,0
2025-11-15T10:15:36Z,Halve Maen,OPERATING,STANDBY,0
2025-11-15T10:15:36Z,Stoomtrein Ruigrijk,CLOSED,STANDBY,NA
2025-11-15T10:15:36Z,Kinderspoor,OPERATING,STANDBY,0
2025-11-15T10:15:36Z,Fabula,OPERATING,STANDBY,10
2025-11-15T10:15:36Z,Monorail,CLOSED,STANDBY,NA
2025-11-15T10:15:36Z,Max & Moritz,OPERATING,STANDBY,5
2025-11-15T10:15:36Z,Max & Moritz Single-rider,OPERATING,SINGLE_RIDER,5
2025-11-15T10:15:36Z,Gondoletta,OPERATING,STANDBY,0
2025-11-15T10:15:36Z,Python,OPERATING,STANDBY,5
2025-11-15T10:15:36Z,Python Single-rider,OPERATING,SINGLE_RIDER,0
2025-11-15T10:15:36Z,De Oude Tufferbaan,OPERATING,STANDBY,0
2025-11-15T10:15:36Z,Piraña,OPERATING,STANDBY,0
2025-11-15T10:15:36Z,Joris en de Draak,OPERATING,STANDBY,10
2025-11-15T10:15:36Z,Joris en de Draak Single-rider,OPERATING,SINGLE_RIDER,5
2025-11-15T10:15:36Z,Carnaval Festival,OPERATING,STANDBY,0
2025-11-15T10:15:36Z,Vogel Rok,OPERATING,STANDBY,5
2025-11-15T10:15:36Z,Baron 1898,OPERATING,STANDBY,15
2025-11-15T10:15:36Z,Baron 1898 Single-rider,OPERATING,SINGLE_RIDER,20
2025-11-15T10:15:36Z,Pagode,OPERATING,STANDBY,5
2025-11-15T10:15:36Z,Symbolica,OPERATING,STANDBY,25
2025-11-15T10:15:36Z,Symbolica Single-rider,OPERATING,SINGLE_RIDER,5
2025-11-15T10:15:36Z,Danse Macabre,OPERATING,STANDBY,40
2025-11-15T10:15:36Z,Danse Macabre Single-rider,OPERATING,SINGLE_RIDER,0
2025-11-15T10:36:33Z,Droomvlucht,OPERATING,STANDBY,15
2025-11-15T10:36:33Z,Fata Morgana,OPERATING,STANDBY,15
2025-11-15T10:36:33Z,Villa Volta,OPERATING,STANDBY,5
2025-11-15T10:36:33Z,De Vliegende Hollander,OPERATING,STANDBY,5
2025-11-15T10:36:33Z,De Vliegende Hollander Single-rider,OPERATING,SINGLE_RIDER,0
2025-11-15T10:36:33Z,Sirocco,REFURBISHMENT,STANDBY,NA
2025-11-15T10:36:33Z,Stoomtrein Marerijk,OPERATING,STANDBY,25
2025-11-15T10:36:33Z,Stoomcarrousel,OPERATING,STANDBY,0
2025-11-15T10:36:33Z,Halve Maen,OPERATING,STANDBY,0
2025-11-15T10:36:33Z,Stoomtrein Ruigrijk,OPERATING,STANDBY,25
2025-11-15T10:36:33Z,Kinderspoor,OPERATING,STANDBY,5
2025-11-15T10:36:33Z,Fabula,OPERATING,STANDBY,10
2025-11-15T10:36:33Z,Monorail,CLOSED,STANDBY,NA
2025-11-15T10:36:33Z,Max & Moritz,OPERATING,STANDBY,20
2025-11-15T10:36:33Z,Max & Moritz Single-rider,OPERATING,SINGLE_RIDER,5
2025-11-15T10:36:33Z,Gondoletta,OPERATING,STANDBY,0
2025-11-15T10:36:33Z,De Oude Tufferbaan,OPERATING,STANDBY,5
2025-11-15T10:36:33Z,Python,OPERATING,STANDBY,10
2025-11-15T10:36:33Z,Python Single-rider,OPERATING,SINGLE_RIDER,0
2025-11-15T10:36:33Z,Piraña,OPERATING,STANDBY,0
2025-11-15T10:36:33Z,Joris en de Draak,OPERATING,STANDBY,10
2025-11-15T10:36:33Z,Joris en de Draak Single-rider,OPERATING,SINGLE_RIDER,5
2025-11-15T10:36:33Z,Carnaval Festival,OPERATING,STANDBY,0
2025-11-15T10:36:33Z,Vogel Rok,OPERATING,STANDBY,5
2025-11-15T10:36:33Z,Pagode,OPERATING,STANDBY,5
2025-11-15T10:36:33Z,Baron 1898,OPERATING,STANDBY,15
2025-11-15T10:36:33Z,Baron 1898 Single-rider,OPERATING,SINGLE_RIDER,20
2025-11-15T10:36:33Z,Symbolica,OPERATING,STANDBY,25
2025-11-15T10:36:33Z,Symbolica Single-rider,OPERATING,SINGLE_RIDER,5
2025-11-15T10:36:33Z,Danse Macabre,OPERATING,STANDBY,30
2025-11-15T10:36:33Z,Danse Macabre Single-rider,OPERATING,SINGLE_RIDER,0
2025-11-15T10:49:43Z,Droomvlucht,OPERATING,STANDBY,15
2025-11-15T10:49:43Z,Fata Morgana,OPERATING,STANDBY,15
2025-11-15T10:49:43Z,Villa Volta,OPERATING,STANDBY,5
2025-11-15T10:49:43Z,De Vliegende Hollander,OPERATING,STANDBY,20
2025-11-15T10:49:43Z,De Vliegende Hollander Single-rider,OPERATING,SINGLE_RIDER,0
2025-11-15T10:49:43Z,Sirocco,REFURBISHMENT,STANDBY,NA
2025-11-15T10:49:43Z,Stoomtrein Marerijk,OPERATING,STANDBY,25
2025-11-15T10:49:43Z,Stoomcarrousel,OPERATING,STANDBY,0
2025-11-15T10:49:43Z,Halve Maen,OPERATING,STANDBY,0
2025-11-15T10:49:43Z,Stoomtrein Ruigrijk,OPERATING,STANDBY,25
2025-11-15T10:49:43Z,Kinderspoor,OPERATING,STANDBY,5
2025-11-15T10:49:43Z,Fabula,OPERATING,STANDBY,10
2025-11-15T10:49:43Z,Monorail,CLOSED,STANDBY,NA
2025-11-15T10:49:43Z,Max & Moritz,OPERATING,STANDBY,25
2025-11-15T10:49:43Z,Max & Moritz Single-rider,OPERATING,SINGLE_RIDER,10
2025-11-15T10:49:43Z,Gondoletta,OPERATING,STANDBY,0
2025-11-15T10:49:43Z,De Oude Tufferbaan,OPERATING,STANDBY,5
2025-11-15T10:49:43Z,Python,OPERATING,STANDBY,5
2025-11-15T10:49:43Z,Python Single-rider,OPERATING,SINGLE_RIDER,0
2025-11-15T10:49:43Z,Piraña,OPERATING,STANDBY,0
2025-11-15T10:49:43Z,Joris en de Draak,OPERATING,STANDBY,15
2025-11-15T10:49:43Z,Joris en de Draak Single-rider,OPERATING,SINGLE_RIDER,5
2025-11-15T10:49:43Z,Carnaval Festival,OPERATING,STANDBY,0
2025-11-15T10:49:43Z,Vogel Rok,OPERATING,STANDBY,5
2025-11-15T10:49:43Z,Pagode,OPERATING,STANDBY,5
2025-11-15T10:49:43Z,Baron 1898,OPERATING,STANDBY,40
2025-11-15T10:49:43Z,Baron 1898 Single-rider,OPERATING,SINGLE_RIDER,30
2025-11-15T10:49:43Z,Symbolica,OPERATING,STANDBY,35
2025-11-15T10:49:43Z,Symbolica Single-rider,OPERATING,SINGLE_RIDER,5
2025-11-15T10:49:43Z,Danse Macabre,OPERATING,STANDBY,45
2025-11-15T10:49:43Z,Danse Macabre Single-rider,OPERATING,SINGLE_RIDER,0
2025-11-15T11:15:54Z,Droomvlucht,OPERATING,STANDBY,20
2025-11-15T11:15:54Z,Fata Morgana,OPERATING,STANDBY,30
2025-11-15T11:15:54Z,Villa Volta,OPERATING,STANDBY,5
2025-11-15T11:15:54Z,De Vliegende Hollander,OPERATING,STANDBY,30
2025-11-15T11:15:54Z,De Vliegende Hollander Single-rider,OPERATING,SINGLE_RIDER,0
2025-11-15T11:15:54Z,Sirocco,REFURBISHMENT,STANDBY,NA
2025-11-15T11:15:54Z,Stoomtrein Marerijk,OPERATING,STANDBY,25
2025-11-15T11:15:54Z,Stoomcarrousel,OPERATING,STANDBY,0
2025-11-15T11:15:54Z,Halve Maen,OPERATING,STANDBY,10
2025-11-15T11:15:54Z,Stoomtrein Ruigrijk,OPERATING,STANDBY,25
2025-11-15T11:15:54Z,Kinderspoor,OPERATING,STANDBY,5
2025-11-15T11:15:54Z,Fabula,OPERATING,STANDBY,10
2025-11-15T11:15:54Z,Monorail,CLOSED,STANDBY,NA
2025-11-15T11:15:54Z,Max & Moritz,OPERATING,STANDBY,20
2025-11-15T11:15:54Z,Max & Moritz Single-rider,OPERATING,SINGLE_RIDER,10
2025-11-15T11:15:54Z,Gondoletta,OPERATING,STANDBY,0
2025-11-15T11:15:54Z,De Oude Tufferbaan,OPERATING,STANDBY,20
2025-11-15T11:15:54Z,Python,OPERATING,STANDBY,20
2025-11-15T11:15:54Z,Python Single-rider,OPERATING,SINGLE_RIDER,5
2025-11-15T11:15:54Z,Piraña,OPERATING,STANDBY,5
2025-11-15T11:15:54Z,Joris en de Draak,OPERATING,STANDBY,30
2025-11-15T11:15:54Z,Joris en de Draak Single-rider,OPERATING,SINGLE_RIDER,10
2025-11-15T11:15:54Z,Carnaval Festival,OPERATING,STANDBY,0
2025-11-15T11:15:54Z,Vogel Rok,OPERATING,STANDBY,10
2025-11-15T11:15:54Z,Pagode,OPERATING,STANDBY,5
2025-11-15T11:15:54Z,Baron 1898,OPERATING,STANDBY,40
2025-11-15T11:15:54Z,Baron 1898 Single-rider,OPERATING,SINGLE_RIDER,15
2025-11-15T11:15:54Z,Symbolica,OPERATING,STANDBY,30
2025-11-15T11:15:54Z,Symbolica Single-rider,OPERATING,SINGLE_RIDER,5
2025-11-15T11:15:54Z,Danse Macabre,OPERATING,STANDBY,45
2025-11-15T11:15:54Z,Danse Macabre Single-rider,OPERATING,SINGLE_RIDER,0
2025-11-15T11:39:38Z,Droomvlucht,OPERATING,STANDBY,30
2025-11-15T11:39:38Z,Fata Morgana,OPERATING,STANDBY,25
2025-11-15T11:39:38Z,Villa Volta,OPERATING,STANDBY,5
2025-11-15T11:39:38Z,De Vliegende Hollander,OPERATING,STANDBY,30
2025-11-15T11:39:38Z,De Vliegende Hollander Single-rider,OPERATING,SINGLE_RIDER,15
2025-11-15T11:39:38Z,Sirocco,REFURBISHMENT,STANDBY,NA
2025-11-15T11:39:38Z,Stoomtrein Marerijk,OPERATING,STANDBY,25
2025-11-15T11:39:38Z,Stoomcarrousel,OPERATING,STANDBY,0
2025-11-15T11:39:38Z,Halve Maen,OPERATING,STANDBY,10
2025-11-15T11:39:38Z,Stoomtrein Ruigrijk,OPERATING,STANDBY,25
2025-11-15T11:39:38Z,Kinderspoor,OPERATING,STANDBY,5
2025-11-15T11:39:38Z,Fabula,OPERATING,STANDBY,10
2025-11-15T11:39:38Z,Monorail,CLOSED,STANDBY,NA
2025-11-15T11:39:38Z,Max & Moritz,OPERATING,STANDBY,25
2025-11-15T11:39:38Z,Max & Moritz Single-rider,OPERATING,SINGLE_RIDER,10
2025-11-15T11:39:38Z,Gondoletta,OPERATING,STANDBY,0
2025-11-15T11:39:38Z,De Oude Tufferbaan,OPERATING,STANDBY,15
2025-11-15T11:39:38Z,Python,OPERATING,STANDBY,20
2025-11-15T11:39:38Z,Python Single-rider,OPERATING,SINGLE_RIDER,15
2025-11-15T11:39:38Z,Piraña,OPERATING,STANDBY,10
2025-11-15T11:39:38Z,Joris en de Draak,OPERATING,STANDBY,25
2025-11-15T11:39:38Z,Joris en de Draak Single-rider,OPERATING,SINGLE_RIDER,20
2025-11-15T11:39:38Z,Carnaval Festival,OPERATING,STANDBY,5
2025-11-15T11:39:38Z,Vogel Rok,OPERATING,STANDBY,10
2025-11-15T11:39:38Z,Baron 1898,OPERATING,STANDBY,35
2025-11-15T11:39:38Z,Baron 1898 Single-rider,OPERATING,SINGLE_RIDER,45
2025-11-15T11:39:38Z,Pagode,OPERATING,STANDBY,5
2025-11-15T11:39:38Z,Symbolica,OPERATING,STANDBY,30
2025-11-15T11:39:38Z,Symbolica Single-rider,OPERATING,SINGLE_RIDER,10
2025-11-15T11:39:38Z,Danse Macabre,OPERATING,STANDBY,35
2025-11-15T11:39:38Z,Danse Macabre Single-rider,OPERATING,SINGLE_RIDER,0
2025-11-15T11:49:21Z,Droomvlucht,OPERATING,STANDBY,30
2025-11-15T11:49:21Z,Fata Morgana,OPERATING,STANDBY,20
2025-11-15T11:49:21Z,Villa Volta,OPERATING,STANDBY,5
2025-11-15T11:49:21Z,De Vliegende Hollander,OPERATING,STANDBY,35
2025-11-15T11:49:21Z,De Vliegende Hollander Single-rider,OPERATING,SINGLE_RIDER,5
2025-11-15T11:49:21Z,Sirocco,REFURBISHMENT,STANDBY,NA
2025-11-15T11:49:21Z,Stoomtrein Marerijk,OPERATING,STANDBY,25
2025-11-15T11:49:21Z,Stoomcarrousel,OPERATING,STANDBY,0
2025-11-15T11:49:21Z,Halve Maen,OPERATING,STANDBY,10
2025-11-15T11:49:21Z,Stoomtrein Ruigrijk,OPERATING,STANDBY,25
2025-11-15T11:49:21Z,Kinderspoor,OPERATING,STANDBY,5
2025-11-15T11:49:21Z,Fabula,OPERATING,STANDBY,10
2025-11-15T11:49:21Z,Monorail,CLOSED,STANDBY,NA
2025-11-15T11:49:21Z,Max & Moritz,OPERATING,STANDBY,25
2025-11-15T11:49:21Z,Max & Moritz Single-rider,OPERATING,SINGLE_RIDER,10
2025-11-15T11:49:21Z,Gondoletta,OPERATING,STANDBY,0
2025-11-15T11:49:21Z,Python,OPERATING,STANDBY,20
2025-11-15T11:49:21Z,Python Single-rider,OPERATING,SINGLE_RIDER,10
2025-11-15T11:49:21Z,De Oude Tufferbaan,OPERATING,STANDBY,15
2025-11-15T11:49:21Z,Piraña,OPERATING,STANDBY,10
2025-11-15T11:49:21Z,Joris en de Draak,OPERATING,STANDBY,25
2025-11-15T11:49:21Z,Joris en de Draak Single-rider,OPERATING,SINGLE_RIDER,20
2025-11-15T11:49:21Z,Carnaval Festival,OPERATING,STANDBY,5
2025-11-15T11:49:21Z,Vogel Rok,OPERATING,STANDBY,20
2025-11-15T11:49:21Z,Baron 1898,OPERATING,STANDBY,35
2025-11-15T11:49:21Z,Baron 1898 Single-rider,OPERATING,SINGLE_RIDER,35
2025-11-15T11:49:21Z,Pagode,OPERATING,STANDBY,5
2025-11-15T11:49:21Z,Symbolica,OPERATING,STANDBY,35
2025-11-15T11:49:21Z,Symbolica Single-rider,OPERATING,SINGLE_RIDER,5
2025-11-15T11:49:21Z,Danse Macabre,OPERATING,STANDBY,45
2025-11-15T11:49:21Z,Danse Macabre Single-rider,OPERATING,SINGLE_RIDER,0
2025-11-15T12:12:22Z,Droomvlucht,OPERATING,STANDBY,35
2025-11-15T12:12:22Z,Fata Morgana,OPERATING,STANDBY,20
2025-11-15T12:12:22Z,Villa Volta,OPERATING,STANDBY,10
2025-11-15T12:12:22Z,De Vliegende Hollander,OPERATING,STANDBY,35
2025-11-15T12:12:22Z,De Vliegende Hollander Single-rider,OPERATING,SINGLE_RIDER,15
2025-11-15T12:12:22Z,Sirocco,REFURBISHMENT,STANDBY,NA
2025-11-15T12:12:22Z,Stoomtrein Marerijk,OPERATING,STANDBY,25
2025-11-15T12:12:22Z,Stoomcarrousel,OPERATING,STANDBY,0
2025-11-15T12:12:22Z,Halve Maen,OPERATING,STANDBY,10
2025-11-15T12:12:22Z,Stoomtrein Ruigrijk,OPERATING,STANDBY,25
2025-11-15T12:12:22Z,Kinderspoor,OPERATING,STANDBY,15
2025-11-15T12:12:22Z,Fabula,OPERATING,STANDBY,10
2025-11-15T12:12:22Z,Monorail,CLOSED,STANDBY,NA
2025-11-15T12:12:22Z,Max & Moritz,OPERATING,STANDBY,25
2025-11-15T12:12:22Z,Max & Moritz Single-rider,OPERATING,SINGLE_RIDER,15
2025-11-15T12:12:22Z,Gondoletta,OPERATING,STANDBY,5
2025-11-15T12:12:22Z,Python,OPERATING,STANDBY,20
2025-11-15T12:12:22Z,Python Single-rider,OPERATING,SINGLE_RIDER,10
2025-11-15T12:12:22Z,De Oude Tufferbaan,OPERATING,STANDBY,15
2025-11-15T12:12:22Z,Piraña,OPERATING,STANDBY,10
2025-11-15T12:12:22Z,Joris en de Draak,OPERATING,STANDBY,30
2025-11-15T12:12:22Z,Joris en de Draak Single-rider,OPERATING,SINGLE_RIDER,10
2025-11-15T12:12:22Z,Carnaval Festival,OPERATING,STANDBY,25
2025-11-15T12:12:22Z,Vogel Rok,OPERATING,STANDBY,15
2025-11-15T12:12:22Z,Pagode,OPERATING,STANDBY,5
2025-11-15T12:12:22Z,Baron 1898,OPERATING,STANDBY,50
2025-11-15T12:12:22Z,Baron 1898 Single-rider,OPERATING,SINGLE_RIDER,25
2025-11-15T12:12:22Z,Symbolica,OPERATING,STANDBY,35
2025-11-15T12:12:22Z,Symbolica Single-rider,OPERATING,SINGLE_RIDER,15
2025-11-15T12:12:22Z,Danse Macabre,OPERATING,STANDBY,40
2025-11-15T12:12:22Z,Danse Macabre Single-rider,OPERATING,SINGLE_RIDER,0
2025-11-15T12:25:45Z,Droomvlucht,OPERATING,STANDBY,30
2025-11-15T12:25:45Z,Fata Morgana,OPERATING,STANDBY,15
2025-11-15T12:25:45Z,Villa Volta,OPERATING,STANDBY,10
2025-11-15T12:25:45Z,De Vliegende Hollander,OPERATING,STANDBY,35
2025-11-15T12:25:45Z,De Vliegende Hollander Single-rider,OPERATING,SINGLE_RIDER,25
2025-11-15T12:25:45Z,Sirocco,REFURBISHMENT,STANDBY,NA
2025-11-15T12:25:45Z,Stoomtrein Marerijk,OPERATING,STANDBY,25
2025-11-15T12:25:45Z,Stoomcarrousel,OPERATING,STANDBY,0
2025-11-15T12:25:45Z,Halve Maen,OPERATING,STANDBY,10
2025-11-15T12:25:45Z,Stoomtrein Ruigrijk,OPERATING,STANDBY,25
2025-11-15T12:25:45Z,Kinderspoor,OPERATING,STANDBY,10
2025-11-15T12:25:45Z,Fabula,OPERATING,STANDBY,10
2025-11-15T12:25:45Z,Monorail,CLOSED,STANDBY,NA
2025-11-15T12:25:45Z,Max & Moritz,OPERATING,STANDBY,30
2025-11-15T12:25:45Z,Max & Moritz Single-rider,OPERATING,SINGLE_RIDER,5
2025-11-15T12:25:45Z,Gondoletta,OPERATING,STANDBY,10
2025-11-15T12:25:45Z,Python,OPERATING,STANDBY,20
2025-11-15T12:25:45Z,Python Single-rider,OPERATING,SINGLE_RIDER,5
2025-11-15T12:25:45Z,De Oude Tufferbaan,OPERATING,STANDBY,30
2025-11-15T12:25:45Z,Piraña,OPERATING,STANDBY,10
2025-11-15T12:25:45Z,Joris en de Draak,OPERATING,STANDBY,25
2025-11-15T12:25:45Z,Joris en de Draak Single-rider,OPERATING,SINGLE_RIDER,5
2025-11-15T12:25:45Z,Carnaval Festival,OPERATING,STANDBY,15
2025-11-15T12:25:45Z,Vogel Rok,OPERATING,STANDBY,15
2025-11-15T12:25:45Z,Baron 1898,OPERATING,STANDBY,35
2025-11-15T12:25:45Z,Baron 1898 Single-rider,OPERATING,SINGLE_RIDER,25
2025-11-15T12:25:45Z,Pagode,OPERATING,STANDBY,5
2025-11-15T12:25:45Z,Symbolica,OPERATING,STANDBY,25
2025-11-15T12:25:45Z,Symbolica Single-rider,OPERATING,SINGLE_RIDER,10
2025-11-15T12:25:45Z,Danse Macabre,OPERATING,STANDBY,40
2025-11-15T12:25:45Z,Danse Macabre Single-rider,OPERATING,SINGLE_RIDER,0
2025-11-15T12:37:01Z,Droomvlucht,OPERATING,STANDBY,30
2025-11-15T12:37:01Z,Fata Morgana,OPERATING,STANDBY,10
2025-11-15T12:37:01Z,Villa Volta,OPERATING,STANDBY,10
2025-11-15T12:37:01Z,De Vliegende Hollander,DOWN,STANDBY,0
2025-11-15T12:37:01Z,De Vliegende Hollander Single-rider,DOWN,SINGLE_RIDER,NA
2025-11-15T12:37:01Z,Sirocco,REFURBISHMENT,STANDBY,NA
2025-11-15T12:37:01Z,Stoomtrein Marerijk,OPERATING,STANDBY,25
2025-11-15T12:37:01Z,Stoomcarrousel,OPERATING,STANDBY,0
2025-11-15T12:37:01Z,Halve Maen,OPERATING,STANDBY,10
2025-11-15T12:37:01Z,Stoomtrein Ruigrijk,OPERATING,STANDBY,25
2025-11-15T12:37:01Z,Kinderspoor,OPERATING,STANDBY,10
2025-11-15T12:37:01Z,Fabula,OPERATING,STANDBY,10
2025-11-15T12:37:01Z,Monorail,CLOSED,STANDBY,NA
2025-11-15T12:37:01Z,Max & Moritz,DOWN,STANDBY,0
2025-11-15T12:37:01Z,Max & Moritz Single-rider,DOWN,SINGLE_RIDER,NA
2025-11-15T12:37:01Z,Gondoletta,OPERATING,STANDBY,10
2025-11-15T12:37:01Z,De Oude Tufferbaan,OPERATING,STANDBY,30
2025-11-15T12:37:01Z,Python,OPERATING,STANDBY,20
2025-11-15T12:37:01Z,Python Single-rider,OPERATING,SINGLE_RIDER,10
2025-11-15T12:37:01Z,Piraña,OPERATING,STANDBY,5
2025-11-15T12:37:01Z,Joris en de Draak,OPERATING,STANDBY,25
2025-11-15T12:37:01Z,Joris en de Draak Single-rider,OPERATING,SINGLE_RIDER,5
2025-11-15T12:37:01Z,Carnaval Festival,OPERATING,STANDBY,25
2025-11-15T12:37:01Z,Vogel Rok,OPERATING,STANDBY,20
2025-11-15T12:37:01Z,Pagode,OPERATING,STANDBY,5
2025-11-15T12:37:01Z,Baron 1898,OPERATING,STANDBY,45
2025-11-15T12:37:01Z,Baron 1898 Single-rider,OPERATING,SINGLE_RIDER,25
2025-11-15T12:37:01Z,Symbolica,OPERATING,STANDBY,30
2025-11-15T12:37:01Z,Symbolica Single-rider,OPERATING,SINGLE_RIDER,10
2025-11-15T12:37:01Z,Danse Macabre,OPERATING,STANDBY,35
2025-11-15T12:37:01Z,Danse Macabre Single-rider,OPERATING,SINGLE_RIDER,0
2025-11-15T12:49:26Z,Droomvlucht,OPERATING,STANDBY,30
2025-11-15T12:49:26Z,Fata Morgana,OPERATING,STANDBY,10
2025-11-15T12:49:26Z,Villa Volta,OPERATING,STANDBY,10
2025-11-15T12:49:26Z,De Vliegende Hollander,DOWN,STANDBY,0
2025-11-15T12:49:26Z,De Vliegende Hollander Single-rider,DOWN,SINGLE_RIDER,NA
2025-11-15T12:49:26Z,Sirocco,REFURBISHMENT,STANDBY,NA
2025-11-15T12:49:26Z,Stoomtrein Marerijk,OPERATING,STANDBY,25
2025-11-15T12:49:26Z,Stoomcarrousel,OPERATING,STANDBY,0
2025-11-15T12:49:26Z,Halve Maen,OPERATING,STANDBY,10
2025-11-15T12:49:26Z,Stoomtrein Ruigrijk,OPERATING,STANDBY,25
2025-11-15T12:49:26Z,Kinderspoor,OPERATING,STANDBY,5
2025-11-15T12:49:26Z,Fabula,OPERATING,STANDBY,10
2025-11-15T12:49:26Z,Monorail,CLOSED,STANDBY,NA
2025-11-15T12:49:26Z,Max & Moritz,DOWN,STANDBY,0
2025-11-15T12:49:26Z,Max & Moritz Single-rider,DOWN,SINGLE_RIDER,NA
2025-11-15T12:49:26Z,Gondoletta,OPERATING,STANDBY,10
2025-11-15T12:49:26Z,Python,OPERATING,STANDBY,35
2025-11-15T12:49:26Z,Python Single-rider,OPERATING,SINGLE_RIDER,15
2025-11-15T12:49:26Z,De Oude Tufferbaan,OPERATING,STANDBY,15
2025-11-15T12:49:26Z,Piraña,OPERATING,STANDBY,5
2025-11-15T12:49:26Z,Joris en de Draak,OPERATING,STANDBY,40
2025-11-15T12:49:26Z,Joris en de Draak Single-rider,OPERATING,SINGLE_RIDER,25
2025-11-15T12:49:26Z,Carnaval Festival,OPERATING,STANDBY,25
2025-11-15T12:49:26Z,Vogel Rok,OPERATING,STANDBY,20
2025-11-15T12:49:26Z,Baron 1898,OPERATING,STANDBY,55
2025-11-15T12:49:26Z,Baron 1898 Single-rider,OPERATING,SINGLE_RIDER,35
2025-11-15T12:49:26Z,Pagode,OPERATING,STANDBY,5
2025-11-15T12:49:26Z,Symbolica,OPERATING,STANDBY,35
2025-11-15T12:49:26Z,Symbolica Single-rider,OPERATING,SINGLE_RIDER,10
2025-11-15T12:49:26Z,Danse Macabre,OPERATING,STANDBY,35
2025-11-15T12:49:26Z,Danse Macabre Single-rider,OPERATING,SINGLE_RIDER,0
2025-11-15T13:30:54Z,Droomvlucht,OPERATING,STANDBY,35
2025-11-15T13:30:54Z,Fata Morgana,OPERATING,STANDBY,5
2025-11-15T13:30:54Z,Villa Volta,OPERATING,STANDBY,10
2025-11-15T13:30:54Z,De Vliegende Hollander,DOWN,STANDBY,0
2025-11-15T13:30:54Z,De Vliegende Hollander Single-rider,DOWN,SINGLE_RIDER,NA
2025-11-15T13:30:54Z,Sirocco,REFURBISHMENT,STANDBY,NA
2025-11-15T13:30:54Z,Stoomtrein Marerijk,OPERATING,STANDBY,10
2025-11-15T13:30:54Z,Stoomcarrousel,OPERATING,STANDBY,0
2025-11-15T13:30:54Z,Halve Maen,OPERATING,STANDBY,10
2025-11-15T13:30:54Z,Stoomtrein Ruigrijk,OPERATING,STANDBY,10
2025-11-15T13:30:54Z,Kinderspoor,OPERATING,STANDBY,10
2025-11-15T13:30:54Z,Fabula,OPERATING,STANDBY,10
2025-11-15T13:30:54Z,Monorail,CLOSED,STANDBY,NA
2025-11-15T13:30:54Z,Max & Moritz,OPERATING,STANDBY,10
2025-11-15T13:30:54Z,Max & Moritz Single-rider,OPERATING,SINGLE_RIDER,5
2025-11-15T13:30:54Z,Gondoletta,OPERATING,STANDBY,10
2025-11-15T13:30:54Z,De Oude Tufferbaan,OPERATING,STANDBY,20
2025-11-15T13:30:54Z,Python,OPERATING,STANDBY,15
2025-11-15T13:30:54Z,Python Single-rider,OPERATING,SINGLE_RIDER,15
2025-11-15T13:30:54Z,Piraña,OPERATING,STANDBY,15
2025-11-15T13:30:54Z,Joris en de Draak,OPERATING,STANDBY,25
2025-11-15T13:30:54Z,Joris en de Draak Single-rider,OPERATING,SINGLE_RIDER,15
2025-11-15T13:30:54Z,Carnaval Festival,OPERATING,STANDBY,20
2025-11-15T13:30:54Z,Vogel Rok,OPERATING,STANDBY,20
2025-11-15T13:30:54Z,Baron 1898,OPERATING,STANDBY,40
2025-11-15T13:30:54Z,Baron 1898 Single-rider,OPERATING,SINGLE_RIDER,35
2025-11-15T13:30:54Z,Pagode,OPERATING,STANDBY,5
2025-11-15T13:30:54Z,Symbolica,OPERATING,STANDBY,45
2025-11-15T13:30:54Z,Symbolica Single-rider,OPERATING,SINGLE_RIDER,10
2025-11-15T13:30:54Z,Danse Macabre,OPERATING,STANDBY,35
2025-11-15T13:30:54Z,Danse Macabre Single-rider,OPERATING,SINGLE_RIDER,0
2025-11-15T14:05:26Z,Droomvlucht,OPERATING,STANDBY,35
2025-11-15T14:05:26Z,Fata Morgana,OPERATING,STANDBY,15
2025-11-15T14:05:26Z,Villa Volta,OPERATING,STANDBY,10
2025-11-15T14:05:26Z,De Vliegende Hollander,OPERATING,STANDBY,35
2025-11-15T14:05:26Z,De Vliegende Hollander Single-rider,OPERATING,SINGLE_RIDER,25
2025-11-15T14:05:26Z,Sirocco,REFURBISHMENT,STANDBY,NA
2025-11-15T14:05:26Z,Stoomtrein Marerijk,OPERATING,STANDBY,10
2025-11-15T14:05:26Z,Stoomcarrousel,OPERATING,STANDBY,0
2025-11-15T14:05:26Z,Halve Maen,OPERATING,STANDBY,10
2025-11-15T14:05:26Z,Stoomtrein Ruigrijk,OPERATING,STANDBY,10
2025-11-15T14:05:26Z,Kinderspoor,OPERATING,STANDBY,5
2025-11-15T14:05:26Z,Fabula,OPERATING,STANDBY,10
2025-11-15T14:05:26Z,Monorail,CLOSED,STANDBY,NA
2025-11-15T14:05:26Z,Max & Moritz,OPERATING,STANDBY,25
2025-11-15T14:05:26Z,Max & Moritz Single-rider,OPERATING,SINGLE_RIDER,5
2025-11-15T14:05:26Z,Gondoletta,OPERATING,STANDBY,5
2025-11-15T14:05:26Z,De Oude Tufferbaan,OPERATING,STANDBY,20
2025-11-15T14:05:26Z,Python,OPERATING,STANDBY,10
2025-11-15T14:05:26Z,Python Single-rider,OPERATING,SINGLE_RIDER,10
2025-11-15T14:05:26Z,Piraña,OPERATING,STANDBY,10
2025-11-15T14:05:26Z,Joris en de Draak,OPERATING,STANDBY,30
2025-11-15T14:05:26Z,Joris en de Draak Single-rider,OPERATING,SINGLE_RIDER,10
2025-11-15T14:05:26Z,Carnaval Festival,OPERATING,STANDBY,20
2025-11-15T14:05:26Z,Vogel Rok,OPERATING,STANDBY,20
2025-11-15T14:05:26Z,Baron 1898,OPERATING,STANDBY,45
2025-11-15T14:05:26Z,Baron 1898 Single-rider,OPERATING,SINGLE_RIDER,30
2025-11-15T14:05:26Z,Pagode,OPERATING,STANDBY,5
2025-11-15T14:05:26Z,Symbolica,OPERATING,STANDBY,45
2025-11-15T14:05:26Z,Symbolica Single-rider,OPERATING,SINGLE_RIDER,10
2025-11-15T14:05:26Z,Danse Macabre,OPERATING,STANDBY,35
2025-11-15T14:05:26Z,Danse Macabre Single-rider,OPERATING,SINGLE_RIDER,0
2025-11-15T14:32:47Z,Droomvlucht,OPERATING,STANDBY,35
2025-11-15T14:32:47Z,Fata Morgana,OPERATING,STANDBY,15
2025-11-15T14:32:47Z,Villa Volta,OPERATING,STANDBY,15
2025-11-15T14:32:47Z,De Vliegende Hollander,OPERATING,STANDBY,35
2025-11-15T14:32:47Z,De Vliegende Hollander Single-rider,OPERATING,SINGLE_RIDER,25
2025-11-15T14:32:47Z,Sirocco,REFURBISHMENT,STANDBY,NA
2025-11-15T14:32:47Z,Stoomtrein Marerijk,OPERATING,STANDBY,10
2025-11-15T14:32:47Z,Stoomcarrousel,OPERATING,STANDBY,0
2025-11-15T14:32:47Z,Halve Maen,OPERATING,STANDBY,10
2025-11-15T14:32:47Z,Stoomtrein Ruigrijk,OPERATING,STANDBY,10
2025-11-15T14:32:47Z,Kinderspoor,OPERATING,STANDBY,5
2025-11-15T14:32:47Z,Fabula,OPERATING,STANDBY,10
2025-11-15T14:32:47Z,Monorail,CLOSED,STANDBY,NA
2025-11-15T14:32:47Z,Max & Moritz,OPERATING,STANDBY,20
2025-11-15T14:32:47Z,Max & Moritz Single-rider,OPERATING,SINGLE_RIDER,10
2025-11-15T14:32:47Z,Gondoletta,OPERATING,STANDBY,10
2025-11-15T14:32:47Z,De Oude Tufferbaan,OPERATING,STANDBY,20
2025-11-15T14:32:47Z,Python,OPERATING,STANDBY,20
2025-11-15T14:32:47Z,Python Single-rider,OPERATING,SINGLE_RIDER,25
2025-11-15T14:32:47Z,Piraña,OPERATING,STANDBY,10
2025-11-15T14:32:47Z,Joris en de Draak,OPERATING,STANDBY,25
2025-11-15T14:32:47Z,Joris en de Draak Single-rider,OPERATING,SINGLE_RIDER,20
2025-11-15T14:32:47Z,Carnaval Festival,OPERATING,STANDBY,25
2025-11-15T14:32:47Z,Vogel Rok,OPERATING,STANDBY,25
2025-11-15T14:32:47Z,Pagode,OPERATING,STANDBY,5
2025-11-15T14:32:47Z,Baron 1898,OPERATING,STANDBY,30
2025-11-15T14:32:47Z,Baron 1898 Single-rider,OPERATING,SINGLE_RIDER,30
2025-11-15T14:32:47Z,Symbolica,OPERATING,STANDBY,35
2025-11-15T14:32:47Z,Symbolica Single-rider,OPERATING,SINGLE_RIDER,5
2025-11-15T14:32:47Z,Danse Macabre,OPERATING,STANDBY,45
2025-11-15T14:32:47Z,Danse Macabre Single-rider,OPERATING,SINGLE_RIDER,0
2025-11-15T14:49:36Z,Droomvlucht,OPERATING,STANDBY,35
2025-11-15T14:49:36Z,Fata Morgana,OPERATING,STANDBY,15
2025-11-15T14:49:36Z,Villa Volta,OPERATING,STANDBY,15
2025-11-15T14:49:36Z,De Vliegende Hollander,OPERATING,STANDBY,35
2025-11-15T14:49:36Z,De Vliegende Hollander Single-rider,OPERATING,SINGLE_RIDER,20
2025-11-15T14:49:36Z,Sirocco,REFURBISHMENT,STANDBY,NA
2025-11-15T14:49:36Z,Stoomtrein Marerijk,OPERATING,STANDBY,10
2025-11-15T14:49:36Z,Stoomcarrousel,OPERATING,STANDBY,0
2025-11-15T14:49:36Z,Halve Maen,OPERATING,STANDBY,10
2025-11-15T14:49:36Z,Stoomtrein Ruigrijk,OPERATING,STANDBY,10
2025-11-15T14:49:36Z,Kinderspoor,OPERATING,STANDBY,5
2025-11-15T14:49:36Z,Fabula,OPERATING,STANDBY,10
2025-11-15T14:49:36Z,Monorail,CLOSED,STANDBY,NA
2025-11-15T14:49:36Z,Max & Moritz,OPERATING,STANDBY,20
2025-11-15T14:49:36Z,Max & Moritz Single-rider,OPERATING,SINGLE_RIDER,10
2025-11-15T14:49:36Z,Gondoletta,OPERATING,STANDBY,10
2025-11-15T14:49:36Z,Python,OPERATING,STANDBY,25
2025-11-15T14:49:36Z,Python Single-rider,OPERATING,SINGLE_RIDER,15
2025-11-15T14:49:36Z,De Oude Tufferbaan,OPERATING,STANDBY,25
2025-11-15T14:49:36Z,Piraña,OPERATING,STANDBY,10
2025-11-15T14:49:36Z,Joris en de Draak,OPERATING,STANDBY,30
2025-11-15T14:49:36Z,Joris en de Draak Single-rider,OPERATING,SINGLE_RIDER,10
2025-11-15T14:49:36Z,Carnaval Festival,OPERATING,STANDBY,20
2025-11-15T14:49:36Z,Vogel Rok,OPERATING,STANDBY,25
2025-11-15T14:49:36Z,Pagode,OPERATING,STANDBY,5
2025-11-15T14:49:36Z,Baron 1898,OPERATING,STANDBY,40
2025-11-15T14:49:36Z,Baron 1898 Single-rider,OPERATING,SINGLE_RIDER,20
2025-11-15T14:49:36Z,Symbolica,OPERATING,STANDBY,35
2025-11-15T14:49:36Z,Symbolica Single-rider,OPERATING,SINGLE_RIDER,5
2025-11-15T14:49:36Z,Danse Macabre,OPERATING,STANDBY,45
2025-11-15T14:49:36Z,Danse Macabre Single-rider,OPERATING,SINGLE_RIDER,0
2025-11-15T15:14:19Z,Droomvlucht,OPERATING,STANDBY,35
2025-11-15T15:14:19Z,Fata Morgana,OPERATING,STANDBY,15
2025-11-15T15:14:19Z,Villa Volta,OPERATING,STANDBY,15
2025-11-15T15:14:19Z,De Vliegende Hollander,OPERATING,STANDBY,35
2025-11-15T15:14:19Z,De Vliegende Hollander Single-rider,OPERATING,SINGLE_RIDER,20
2025-11-15T15:14:19Z,Sirocco,REFURBISHMENT,STANDBY,NA
2025-11-15T15:14:19Z,Stoomtrein Marerijk,OPERATING,STANDBY,10
2025-11-15T15:14:19Z,Stoomcarrousel,OPERATING,STANDBY,0
2025-11-15T15:14:19Z,Halve Maen,OPERATING,STANDBY,10
2025-11-15T15:14:19Z,Stoomtrein Ruigrijk,OPERATING,STANDBY,10
2025-11-15T15:14:19Z,Kinderspoor,OPERATING,STANDBY,5
2025-11-15T15:14:19Z,Fabula,OPERATING,STANDBY,10
2025-11-15T15:14:19Z,Monorail,CLOSED,STANDBY,NA
2025-11-15T15:14:19Z,Max & Moritz,OPERATING,STANDBY,20
2025-11-15T15:14:19Z,Max & Moritz Single-rider,OPERATING,SINGLE_RIDER,10
2025-11-15T15:14:19Z,Gondoletta,OPERATING,STANDBY,15
2025-11-15T15:14:19Z,Python,OPERATING,STANDBY,15
2025-11-15T15:14:19Z,Python Single-rider,OPERATING,SINGLE_RIDER,10
2025-11-15T15:14:19Z,De Oude Tufferbaan,OPERATING,STANDBY,20
2025-11-15T15:14:19Z,Piraña,OPERATING,STANDBY,10
2025-11-15T15:14:19Z,Joris en de Draak,OPERATING,STANDBY,25
2025-11-15T15:14:19Z,Joris en de Draak Single-rider,OPERATING,SINGLE_RIDER,20
2025-11-15T15:14:19Z,Carnaval Festival,OPERATING,STANDBY,20
2025-11-15T15:14:19Z,Vogel Rok,OPERATING,STANDBY,25
2025-11-15T15:14:19Z,Baron 1898,OPERATING,STANDBY,45
2025-11-15T15:14:19Z,Baron 1898 Single-rider,OPERATING,SINGLE_RIDER,40
2025-11-15T15:14:19Z,Pagode,OPERATING,STANDBY,10
2025-11-15T15:14:19Z,Symbolica,OPERATING,STANDBY,35
2025-11-15T15:14:19Z,Symbolica Single-rider,OPERATING,SINGLE_RIDER,10
2025-11-15T15:14:19Z,Danse Macabre,OPERATING,STANDBY,35
2025-11-15T15:14:19Z,Danse Macabre Single-rider,OPERATING,SINGLE_RIDER,0
2025-11-15T15:31:35Z,Droomvlucht,OPERATING,STANDBY,35
2025-11-15T15:31:35Z,Fata Morgana,OPERATING,STANDBY,10
2025-11-15T15:31:35Z,Villa Volta,OPERATING,STANDBY,15
2025-11-15T15:31:35Z,De Vliegende Hollander,OPERATING,STANDBY,35
2025-11-15T15:31:35Z,De Vliegende Hollander Single-rider,OPERATING,SINGLE_RIDER,25
2025-11-15T15:31:35Z,Sirocco,REFURBISHMENT,STANDBY,NA
2025-11-15T15:31:35Z,Stoomtrein Marerijk,OPERATING,STANDBY,10
2025-11-15T15:31:35Z,Stoomcarrousel,OPERATING,STANDBY,0
2025-11-15T15:31:35Z,Halve Maen,OPERATING,STANDBY,10
2025-11-15T15:31:35Z,Stoomtrein Ruigrijk,OPERATING,STANDBY,10
2025-11-15T15:31:35Z,Kinderspoor,OPERATING,STANDBY,5
2025-11-15T15:31:35Z,Fabula,OPERATING,STANDBY,10
2025-11-15T15:31:35Z,Monorail,CLOSED,STANDBY,NA
2025-11-15T15:31:35Z,Max & Moritz,OPERATING,STANDBY,15
2025-11-15T15:31:35Z,Max & Moritz Single-rider,OPERATING,SINGLE_RIDER,5
2025-11-15T15:31:35Z,Gondoletta,OPERATING,STANDBY,5
2025-11-15T15:31:35Z,Python,OPERATING,STANDBY,20
2025-11-15T15:31:35Z,Python Single-rider,OPERATING,SINGLE_RIDER,5
2025-11-15T15:31:35Z,De Oude Tufferbaan,OPERATING,STANDBY,15
2025-11-15T15:31:35Z,Piraña,OPERATING,STANDBY,10
2025-11-15T15:31:35Z,Joris en de Draak,OPERATING,STANDBY,20
2025-11-15T15:31:35Z,Joris en de Draak Single-rider,OPERATING,SINGLE_RIDER,5
2025-11-15T15:31:35Z,Carnaval Festival,OPERATING,STANDBY,15
2025-11-15T15:31:35Z,Vogel Rok,OPERATING,STANDBY,25
2025-11-15T15:31:35Z,Baron 1898,OPERATING,STANDBY,45
2025-11-15T15:31:35Z,Baron 1898 Single-rider,OPERATING,SINGLE_RIDER,40
2025-11-15T15:31:35Z,Pagode,OPERATING,STANDBY,5
2025-11-15T15:31:35Z,Symbolica,OPERATING,STANDBY,35
2025-11-15T15:31:35Z,Symbolica Single-rider,OPERATING,SINGLE_RIDER,10
2025-11-15T15:31:35Z,Danse Macabre,OPERATING,STANDBY,45
2025-11-15T15:31:35Z,Danse Macabre Single-rider,OPERATING,SINGLE_RIDER,0
2025-11-15T15:49:44Z,Droomvlucht,OPERATING,STANDBY,35
2025-11-15T15:49:44Z,Fata Morgana,OPERATING,STANDBY,15
2025-11-15T15:49:44Z,Villa Volta,OPERATING,STANDBY,15
2025-11-15T15:49:44Z,De Vliegende Hollander,DOWN,STANDBY,0
2025-11-15T15:49:44Z,De Vliegende Hollander Single-rider,DOWN,SINGLE_RIDER,NA
2025-11-15T15:49:44Z,Sirocco,REFURBISHMENT,STANDBY,NA
2025-11-15T15:49:44Z,Stoomtrein Marerijk,OPERATING,STANDBY,10
2025-11-15T15:49:44Z,Stoomcarrousel,OPERATING,STANDBY,0
2025-11-15T15:49:44Z,Halve Maen,OPERATING,STANDBY,10
2025-11-15T15:49:44Z,Stoomtrein Ruigrijk,OPERATING,STANDBY,10
2025-11-15T15:49:44Z,Kinderspoor,OPERATING,STANDBY,5
2025-11-15T15:49:44Z,Fabula,OPERATING,STANDBY,10
2025-11-15T15:49:44Z,Monorail,CLOSED,STANDBY,NA
2025-11-15T15:49:44Z,Max & Moritz,OPERATING,STANDBY,20
2025-11-15T15:49:44Z,Max & Moritz Single-rider,OPERATING,SINGLE_RIDER,10
2025-11-15T15:49:44Z,Gondoletta,OPERATING,STANDBY,0
2025-11-15T15:49:44Z,De Oude Tufferbaan,OPERATING,STANDBY,15
2025-11-15T15:49:44Z,Python,OPERATING,STANDBY,25
2025-11-15T15:49:44Z,Python Single-rider,OPERATING,SINGLE_RIDER,15
2025-11-15T15:49:44Z,Piraña,OPERATING,STANDBY,10
2025-11-15T15:49:44Z,Joris en de Draak,OPERATING,STANDBY,30
2025-11-15T15:49:44Z,Joris en de Draak Single-rider,OPERATING,SINGLE_RIDER,20
2025-11-15T15:49:44Z,Carnaval Festival,OPERATING,STANDBY,20
2025-11-15T15:49:44Z,Vogel Rok,OPERATING,STANDBY,25
2025-11-15T15:49:44Z,Baron 1898,OPERATING,STANDBY,35
2025-11-15T15:49:44Z,Baron 1898 Single-rider,OPERATING,SINGLE_RIDER,35
2025-11-15T15:49:44Z,Pagode,OPERATING,STANDBY,5
2025-11-15T15:49:44Z,Symbolica,OPERATING,STANDBY,30
2025-11-15T15:49:44Z,Symbolica Single-rider,OPERATING,SINGLE_RIDER,10
2025-11-15T15:49:44Z,Danse Macabre,OPERATING,STANDBY,40
2025-11-15T15:49:44Z,Danse Macabre Single-rider,OPERATING,SINGLE_RIDER,0
2025-11-15T16:15:00Z,Droomvlucht,OPERATING,STANDBY,40
2025-11-15T16:15:00Z,Fata Morgana,OPERATING,STANDBY,10
2025-11-15T16:15:00Z,Villa Volta,OPERATING,STANDBY,5
2025-11-15T16:15:00Z,De Vliegende Hollander,OPERATING,STANDBY,40
2025-11-15T16:15:00Z,De Vliegende Hollander Single-rider,OPERATING,SINGLE_RIDER,0
2025-11-15T16:15:00Z,Sirocco,REFURBISHMENT,STANDBY,NA
2025-11-15T16:15:00Z,Stoomtrein Marerijk,OPERATING,STANDBY,10
2025-11-15T16:15:00Z,Stoomcarrousel,OPERATING,STANDBY,0
2025-11-15T16:15:00Z,Halve Maen,OPERATING,STANDBY,10
2025-11-15T16:15:00Z,Stoomtrein Ruigrijk,OPERATING,STANDBY,10
2025-11-15T16:15:00Z,Kinderspoor,OPERATING,STANDBY,5
2025-11-15T16:15:00Z,Fabula,OPERATING,STANDBY,10
2025-11-15T16:15:00Z,Monorail,CLOSED,STANDBY,NA
2025-11-15T16:15:00Z,Max & Moritz,OPERATING,STANDBY,15
2025-11-15T16:15:00Z,Max & Moritz Single-rider,OPERATING,SINGLE_RIDER,5
2025-11-15T16:15:00Z,Gondoletta,OPERATING,STANDBY,0
2025-11-15T16:15:00Z,De Oude Tufferbaan,OPERATING,STANDBY,25
2025-11-15T16:15:00Z,Python,OPERATING,STANDBY,15
2025-11-15T16:15:00Z,Python Single-rider,OPERATING,SINGLE_RIDER,10
2025-11-15T16:15:00Z,Piraña,OPERATING,STANDBY,10
2025-11-15T16:15:00Z,Joris en de Draak,OPERATING,STANDBY,35
2025-11-15T16:15:00Z,Joris en de Draak Single-rider,OPERATING,SINGLE_RIDER,20
2025-11-15T16:15:00Z,Carnaval Festival,OPERATING,STANDBY,20
2025-11-15T16:15:00Z,Vogel Rok,OPERATING,STANDBY,25
2025-11-15T16:15:00Z,Pagode,OPERATING,STANDBY,5
2025-11-15T16:15:00Z,Baron 1898,OPERATING,STANDBY,40
2025-11-15T16:15:00Z,Baron 1898 Single-rider,OPERATING,SINGLE_RIDER,40
2025-11-15T16:15:00Z,Symbolica,OPERATING,STANDBY,40
2025-11-15T16:15:00Z,Symbolica Single-rider,OPERATING,SINGLE_RIDER,10
2025-11-15T16:15:00Z,Danse Macabre,OPERATING,STANDBY,45
2025-11-15T16:15:00Z,Danse Macabre Single-rider,OPERATING,SINGLE_RIDER,0
2025-11-15T16:30:50Z,Droomvlucht,OPERATING,STANDBY,40
2025-11-15T16:30:50Z,Fata Morgana,OPERATING,STANDBY,15
2025-11-15T16:30:50Z,Villa Volta,OPERATING,STANDBY,5
2025-11-15T16:30:50Z,De Vliegende Hollander,OPERATING,STANDBY,30
2025-11-15T16:30:50Z,De Vliegende Hollander Single-rider,OPERATING,SINGLE_RIDER,0
2025-11-15T16:30:50Z,Sirocco,REFURBISHMENT,STANDBY,NA
2025-11-15T16:30:50Z,Stoomtrein Marerijk,OPERATING,STANDBY,25
2025-11-15T16:30:50Z,Stoomcarrousel,OPERATING,STANDBY,0
2025-11-15T16:30:50Z,Halve Maen,OPERATING,STANDBY,10
2025-11-15T16:30:50Z,Stoomtrein Ruigrijk,OPERATING,STANDBY,25
2025-11-15T16:30:50Z,Kinderspoor,OPERATING,STANDBY,0
2025-11-15T16:30:50Z,Fabula,OPERATING,STANDBY,10
2025-11-15T16:30:50Z,Monorail,CLOSED,STANDBY,NA
2025-11-15T16:30:50Z,Max & Moritz,OPERATING,STANDBY,20
2025-11-15T16:30:50Z,Max & Moritz Single-rider,OPERATING,SINGLE_RIDER,10
2025-11-15T16:30:50Z,Gondoletta,CLOSED,STANDBY,NA
2025-11-15T16:30:50Z,De Oude Tufferbaan,OPERATING,STANDBY,25
2025-11-15T16:30:50Z,Python,OPERATING,STANDBY,15
2025-11-15T16:30:50Z,Python Single-rider,OPERATING,SINGLE_RIDER,10
2025-11-15T16:30:50Z,Piraña,OPERATING,STANDBY,5
2025-11-15T16:30:50Z,Joris en de Draak,OPERATING,STANDBY,30
2025-11-15T16:30:50Z,Joris en de Draak Single-rider,OPERATING,SINGLE_RIDER,10
2025-11-15T16:30:50Z,Carnaval Festival,OPERATING,STANDBY,20
2025-11-15T16:30:50Z,Vogel Rok,OPERATING,STANDBY,20
2025-11-15T16:30:50Z,Pagode,OPERATING,STANDBY,5
2025-11-15T16:30:50Z,Baron 1898,OPERATING,STANDBY,35
2025-11-15T16:30:50Z,Baron 1898 Single-rider,OPERATING,SINGLE_RIDER,35
2025-11-15T16:30:50Z,Symbolica,OPERATING,STANDBY,40
2025-11-15T16:30:50Z,Symbolica Single-rider,OPERATING,SINGLE_RIDER,5
2025-11-15T16:30:50Z,Danse Macabre,OPERATING,STANDBY,45
2025-11-15T16:30:50Z,Danse Macabre Single-rider,OPERATING,SINGLE_RIDER,0
2025-11-15T16:49:45Z,Droomvlucht,OPERATING,STANDBY,35
2025-11-15T16:49:45Z,Fata Morgana,OPERATING,STANDBY,15
2025-11-15T16:49:45Z,Villa Volta,OPERATING,STANDBY,5
2025-11-15T16:49:45Z,De Vliegende Hollander,OPERATING,STANDBY,30
2025-11-15T16:49:45Z,De Vliegende Hollander Single-rider,OPERATING,SINGLE_RIDER,0
2025-11-15T16:49:45Z,Sirocco,REFURBISHMENT,STANDBY,NA
2025-11-15T16:49:45Z,Stoomtrein Marerijk,OPERATING,STANDBY,25
2025-11-15T16:49:45Z,Stoomcarrousel,OPERATING,STANDBY,0
2025-11-15T16:49:45Z,Halve Maen,OPERATING,STANDBY,10
2025-11-15T16:49:45Z,Stoomtrein Ruigrijk,OPERATING,STANDBY,30
2025-11-15T16:49:45Z,Kinderspoor,OPERATING,STANDBY,5
2025-11-15T16:49:45Z,Fabula,OPERATING,STANDBY,10
2025-11-15T16:49:45Z,Monorail,CLOSED,STANDBY,NA
2025-11-15T16:49:45Z,Max & Moritz,OPERATING,STANDBY,20
2025-11-15T16:49:45Z,Max & Moritz Single-rider,OPERATING,SINGLE_RIDER,15
2025-11-15T16:49:45Z,Gondoletta,CLOSED,STANDBY,NA
2025-11-15T16:49:45Z,De Oude Tufferbaan,OPERATING,STANDBY,10
2025-11-15T16:49:45Z,Python,OPERATING,STANDBY,15
2025-11-15T16:49:45Z,Python Single-rider,OPERATING,SINGLE_RIDER,10
2025-11-15T16:49:45Z,Piraña,OPERATING,STANDBY,5
2025-11-15T16:49:45Z,Joris en de Draak,OPERATING,STANDBY,20
2025-11-15T16:49:45Z,Joris en de Draak Single-rider,OPERATING,SINGLE_RIDER,10
2025-11-15T16:49:45Z,Carnaval Festival,OPERATING,STANDBY,20
2025-11-15T16:49:45Z,Vogel Rok,OPERATING,STANDBY,20
2025-11-15T16:49:45Z,Baron 1898,OPERATING,STANDBY,40
2025-11-15T16:49:45Z,Baron 1898 Single-rider,OPERATING,SINGLE_RIDER,30
2025-11-15T16:49:45Z,Pagode,OPERATING,STANDBY,5
2025-11-15T16:49:45Z,Symbolica,OPERATING,STANDBY,40
2025-11-15T16:49:45Z,Symbolica Single-rider,OPERATING,SINGLE_RIDER,20
2025-11-15T16:49:45Z,Danse Macabre,OPERATING,STANDBY,30
2025-11-15T16:49:45Z,Danse Macabre Single-rider,OPERATING,SINGLE_RIDER,0
2025-11-15T17:18:07Z,Droomvlucht,OPERATING,STANDBY,25
2025-11-15T17:18:07Z,Fata Morgana,OPERATING,STANDBY,10
2025-11-15T17:18:07Z,Villa Volta,OPERATING,STANDBY,5
2025-11-15T17:18:07Z,De Vliegende Hollander,OPERATING,STANDBY,30
2025-11-15T17:18:07Z,De Vliegende Hollander Single-rider,OPERATING,SINGLE_RIDER,0
2025-11-15T17:18:07Z,Sirocco,REFURBISHMENT,STANDBY,NA
2025-11-15T17:18:07Z,Stoomtrein Marerijk,OPERATING,STANDBY,25
2025-11-15T17:18:07Z,Stoomcarrousel,OPERATING,STANDBY,0
2025-11-15T17:18:07Z,Symbolica,OPERATING,STANDBY,35
2025-11-15T17:18:07Z,Symbolica Single-rider,OPERATING,SINGLE_RIDER,5
2025-11-15T17:18:07Z,Halve Maen,OPERATING,STANDBY,10
2025-11-15T17:18:07Z,Stoomtrein Ruigrijk,OPERATING,STANDBY,30
2025-11-15T17:18:07Z,Kinderspoor,OPERATING,STANDBY,0
2025-11-15T17:18:07Z,Fabula,OPERATING,STANDBY,10
2025-11-15T17:18:07Z,Monorail,CLOSED,STANDBY,NA
2025-11-15T17:18:07Z,Max & Moritz,OPERATING,STANDBY,15
2025-11-15T17:18:07Z,Max & Moritz Single-rider,OPERATING,SINGLE_RIDER,10
2025-11-15T17:18:07Z,Gondoletta,CLOSED,STANDBY,NA
2025-11-15T17:18:07Z,De Oude Tufferbaan,OPERATING,STANDBY,15
2025-11-15T17:18:07Z,Python,OPERATING,STANDBY,10
2025-11-15T17:18:07Z,Python Single-rider,OPERATING,SINGLE_RIDER,5
2025-11-15T17:18:07Z,Piraña,OPERATING,STANDBY,5
2025-11-15T17:18:07Z,Joris en de Draak,OPERATING,STANDBY,25
2025-11-15T17:18:07Z,Joris en de Draak Single-rider,OPERATING,SINGLE_RIDER,15
2025-11-15T17:18:07Z,Carnaval Festival,OPERATING,STANDBY,5
2025-11-15T17:18:07Z,Vogel Rok,OPERATING,STANDBY,10
2025-11-15T17:18:07Z,Pagode,OPERATING,STANDBY,5
2025-11-15T17:18:07Z,Baron 1898,OPERATING,STANDBY,30
2025-11-15T17:18:07Z,Baron 1898 Single-rider,OPERATING,SINGLE_RIDER,30
2025-11-15T17:18:07Z,Danse Macabre,OPERATING,STANDBY,40
2025-11-15T17:18:07Z,Danse Macabre Single-rider,OPERATING,SINGLE_RIDER,0
2025-11-15T17:41:56Z,Droomvlucht,OPERATING,STANDBY,30
2025-11-15T17:41:56Z,Fata Morgana,OPERATING,STANDBY,5
2025-11-15T17:41:56Z,Villa Volta,OPERATING,STANDBY,5
2025-11-15T17:41:56Z,De Vliegende Hollander,OPERATING,STANDBY,25
2025-11-15T17:41:56Z,De Vliegende Hollander Single-rider,OPERATING,SINGLE_RIDER,0
2025-11-15T17:41:56Z,Sirocco,REFURBISHMENT,STANDBY,NA
2025-11-15T17:41:56Z,Stoomtrein Marerijk,OPERATING,STANDBY,25
2025-11-15T17:41:56Z,Stoomcarrousel,OPERATING,STANDBY,0
2025-11-15T17:41:56Z,Symbolica,OPERATING,STANDBY,25
2025-11-15T17:41:56Z,Symbolica Single-rider,OPERATING,SINGLE_RIDER,10
2025-11-15T17:41:56Z,Halve Maen,OPERATING,STANDBY,10
2025-11-15T17:41:56Z,Stoomtrein Ruigrijk,OPERATING,STANDBY,30
2025-11-15T17:41:56Z,Kinderspoor,OPERATING,STANDBY,0
2025-11-15T17:41:56Z,Fabula,OPERATING,STANDBY,10
2025-11-15T17:41:56Z,Monorail,CLOSED,STANDBY,NA
2025-11-15T17:41:56Z,Max & Moritz,OPERATING,STANDBY,10
2025-11-15T17:41:56Z,Max & Moritz Single-rider,OPERATING,SINGLE_RIDER,5
2025-11-15T17:41:56Z,Gondoletta,CLOSED,STANDBY,NA
2025-11-15T17:41:56Z,De Oude Tufferbaan,OPERATING,STANDBY,5
2025-11-15T17:41:56Z,Python,OPERATING,STANDBY,15
2025-11-15T17:41:56Z,Python Single-rider,OPERATING,SINGLE_RIDER,0
2025-11-15T17:41:56Z,Piraña,OPERATING,STANDBY,5
2025-11-15T17:41:56Z,Joris en de Draak,OPERATING,STANDBY,20
2025-11-15T17:41:56Z,Joris en de Draak Single-rider,OPERATING,SINGLE_RIDER,5
2025-11-15T17:41:56Z,Carnaval Festival,OPERATING,STANDBY,0
2025-11-15T17:41:56Z,Vogel Rok,OPERATING,STANDBY,10
2025-11-15T17:41:56Z,Baron 1898,OPERATING,STANDBY,30
2025-11-15T17:41:56Z,Baron 1898 Single-rider,OPERATING,SINGLE_RIDER,30
2025-11-15T17:41:56Z,Pagode,OPERATING,STANDBY,5
2025-11-15T17:41:56Z,Danse Macabre,OPERATING,STANDBY,40
2025-11-15T17:41:56Z,Danse Macabre Single-rider,OPERATING,SINGLE_RIDER,0
2025-11-15T17:50:51Z,Droomvlucht,OPERATING,STANDBY,30
2025-11-15T17:50:51Z,Fata Morgana,OPERATING,STANDBY,5
2025-11-15T17:50:51Z,Villa Volta,OPERATING,STANDBY,5
2025-11-15T17:50:51Z,De Vliegende Hollander,OPERATING,STANDBY,25
2025-11-15T17:50:51Z,De Vliegende Hollander Single-rider,OPERATING,SINGLE_RIDER,0
2025-11-15T17:50:51Z,Sirocco,REFURBISHMENT,STANDBY,NA
2025-11-15T17:50:51Z,Stoomtrein Marerijk,OPERATING,STANDBY,25
2025-11-15T17:50:51Z,Stoomcarrousel,OPERATING,STANDBY,0
2025-11-15T17:50:51Z,Symbolica,OPERATING,STANDBY,30
2025-11-15T17:50:51Z,Symbolica Single-rider,OPERATING,SINGLE_RIDER,10
2025-11-15T17:50:51Z,Halve Maen,OPERATING,STANDBY,10
2025-11-15T17:50:51Z,Stoomtrein Ruigrijk,OPERATING,STANDBY,30
2025-11-15T17:50:51Z,Kinderspoor,OPERATING,STANDBY,0
2025-11-15T17:50:51Z,Fabula,OPERATING,STANDBY,10
2025-11-15T17:50:51Z,Monorail,CLOSED,STANDBY,NA
2025-11-15T17:50:51Z,Max & Moritz,OPERATING,STANDBY,15
2025-11-15T17:50:51Z,Max & Moritz Single-rider,OPERATING,SINGLE_RIDER,5
2025-11-15T17:50:51Z,Gondoletta,CLOSED,STANDBY,NA
2025-11-15T17:50:51Z,De Oude Tufferbaan,OPERATING,STANDBY,5
2025-11-15T17:50:51Z,Python,OPERATING,STANDBY,15
2025-11-15T17:50:51Z,Python Single-rider,OPERATING,SINGLE_RIDER,0
2025-11-15T17:50:51Z,Piraña,OPERATING,STANDBY,5
2025-11-15T17:50:51Z,Joris en de Draak,OPERATING,STANDBY,15
2025-11-15T17:50:51Z,Joris en de Draak Single-rider,OPERATING,SINGLE_RIDER,5
2025-11-15T17:50:51Z,Carnaval Festival,OPERATING,STANDBY,0
2025-11-15T17:50:51Z,Vogel Rok,OPERATING,STANDBY,10
2025-11-15T17:50:51Z,Baron 1898,OPERATING,STANDBY,35
2025-11-15T17:50:51Z,Baron 1898 Single-rider,OPERATING,SINGLE_RIDER,30
2025-11-15T17:50:51Z,Pagode,OPERATING,STANDBY,15
2025-11-15T17:50:51Z,Danse Macabre,OPERATING,STANDBY,35
2025-11-15T17:50:51Z,Danse Macabre Single-rider,OPERATING,SINGLE_RIDER,0
2025-11-15T18:12:52Z,Droomvlucht,OPERATING,STANDBY,15
2025-11-15T18:12:52Z,Fata Morgana,OPERATING,STANDBY,5
2025-11-15T18:12:52Z,Villa Volta,OPERATING,STANDBY,5
2025-11-15T18:12:52Z,De Vliegende Hollander,OPERATING,STANDBY,20
2025-11-15T18:12:52Z,De Vliegende Hollander Single-rider,OPERATING,SINGLE_RIDER,0
2025-11-15T18:12:52Z,Sirocco,REFURBISHMENT,STANDBY,NA
2025-11-15T18:12:52Z,Stoomtrein Marerijk,OPERATING,STANDBY,25
2025-11-15T18:12:52Z,Stoomcarrousel,OPERATING,STANDBY,0
2025-11-15T18:12:52Z,Symbolica,OPERATING,STANDBY,20
2025-11-15T18:12:52Z,Symbolica Single-rider,OPERATING,SINGLE_RIDER,10
2025-11-15T18:12:52Z,Halve Maen,OPERATING,STANDBY,10
2025-11-15T18:12:52Z,Stoomtrein Ruigrijk,OPERATING,STANDBY,30
2025-11-15T18:12:52Z,Kinderspoor,OPERATING,STANDBY,0
2025-11-15T18:12:52Z,Fabula,OPERATING,STANDBY,10
2025-11-15T18:12:52Z,Monorail,CLOSED,STANDBY,NA
2025-11-15T18:12:52Z,Max & Moritz,OPERATING,STANDBY,10
2025-11-15T18:12:52Z,Max & Moritz Single-rider,OPERATING,SINGLE_RIDER,5
2025-11-15T18:12:52Z,Gondoletta,CLOSED,STANDBY,NA
2025-11-15T18:12:52Z,De Oude Tufferbaan,OPERATING,STANDBY,5
2025-11-15T18:12:52Z,Python,OPERATING,STANDBY,5
2025-11-15T18:12:52Z,Python Single-rider,OPERATING,SINGLE_RIDER,0
2025-11-15T18:12:52Z,Piraña,OPERATING,STANDBY,5
2025-11-15T18:12:52Z,Joris en de Draak,OPERATING,STANDBY,25
2025-11-15T18:12:52Z,Joris en de Draak Single-rider,OPERATING,SINGLE_RIDER,10
2025-11-15T18:12:52Z,Carnaval Festival,OPERATING,STANDBY,0
2025-11-15T18:12:52Z,Vogel Rok,OPERATING,STANDBY,5
2025-11-15T18:12:52Z,Baron 1898,OPERATING,STANDBY,35
2025-11-15T18:12:52Z,Baron 1898 Single-rider,OPERATING,SINGLE_RIDER,30
2025-11-15T18:12:52Z,Pagode,OPERATING,STANDBY,5
2025-11-15T18:12:52Z,Danse Macabre,OPERATING,STANDBY,30
2025-11-15T18:12:52Z,Danse Macabre Single-rider,OPERATING,SINGLE_RIDER,0
2025-11-15T18:28:36Z,Droomvlucht,OPERATING,STANDBY,15
2025-11-15T18:28:36Z,Fata Morgana,OPERATING,STANDBY,5
2025-11-15T18:28:36Z,Villa Volta,OPERATING,STANDBY,5
2025-11-15T18:28:36Z,De Vliegende Hollander,DOWN,STANDBY,0
2025-11-15T18:28:36Z,De Vliegende Hollander Single-rider,DOWN,SINGLE_RIDER,NA
2025-11-15T18:28:36Z,Sirocco,REFURBISHMENT,STANDBY,NA
2025-11-15T18:28:36Z,Stoomtrein Marerijk,OPERATING,STANDBY,25
2025-11-15T18:28:36Z,Stoomcarrousel,OPERATING,STANDBY,0
2025-11-15T18:28:36Z,Symbolica,OPERATING,STANDBY,20
2025-11-15T18:28:36Z,Symbolica Single-rider,OPERATING,SINGLE_RIDER,5
2025-11-15T18:28:36Z,Halve Maen,OPERATING,STANDBY,10
2025-11-15T18:28:36Z,Stoomtrein Ruigrijk,OPERATING,STANDBY,30
2025-11-15T18:28:36Z,Kinderspoor,OPERATING,STANDBY,0
2025-11-15T18:28:36Z,Fabula,OPERATING,STANDBY,10
2025-11-15T18:28:36Z,Monorail,CLOSED,STANDBY,NA
2025-11-15T18:28:36Z,Max & Moritz,OPERATING,STANDBY,5
2025-11-15T18:28:36Z,Max & Moritz Single-rider,OPERATING,SINGLE_RIDER,5
2025-11-15T18:28:36Z,Gondoletta,CLOSED,STANDBY,NA
2025-11-15T18:28:36Z,De Oude Tufferbaan,OPERATING,STANDBY,5
2025-11-15T18:28:36Z,Python,OPERATING,STANDBY,5
2025-11-15T18:28:36Z,Python Single-rider,OPERATING,SINGLE_RIDER,0
2025-11-15T18:28:36Z,Piraña,OPERATING,STANDBY,5
2025-11-15T18:28:36Z,Joris en de Draak,OPERATING,STANDBY,20
2025-11-15T18:28:36Z,Joris en de Draak Single-rider,OPERATING,SINGLE_RIDER,10
2025-11-15T18:28:36Z,Carnaval Festival,OPERATING,STANDBY,0
2025-11-15T18:28:36Z,Vogel Rok,OPERATING,STANDBY,5
2025-11-15T18:28:36Z,Baron 1898,OPERATING,STANDBY,30
2025-11-15T18:28:36Z,Baron 1898 Single-rider,OPERATING,SINGLE_RIDER,30
2025-11-15T18:28:36Z,Pagode,OPERATING,STANDBY,5
2025-11-15T18:28:36Z,Danse Macabre,OPERATING,STANDBY,35
2025-11-15T18:28:36Z,Danse Macabre Single-rider,OPERATING,SINGLE_RIDER,0
2025-11-15T18:39:07Z,Droomvlucht,OPERATING,STANDBY,10
2025-11-15T18:39:07Z,Fata Morgana,OPERATING,STANDBY,5
2025-11-15T18:39:07Z,Villa Volta,OPERATING,STANDBY,5
2025-11-15T18:39:07Z,De Vliegende Hollander,OPERATING,STANDBY,20
2025-11-15T18:39:07Z,De Vliegende Hollander Single-rider,OPERATING,SINGLE_RIDER,0
2025-11-15T18:39:07Z,Sirocco,REFURBISHMENT,STANDBY,NA
2025-11-15T18:39:07Z,Stoomtrein Marerijk,OPERATING,STANDBY,25
2025-11-15T18:39:07Z,Stoomcarrousel,OPERATING,STANDBY,0
2025-11-15T18:39:07Z,Symbolica,OPERATING,STANDBY,20
2025-11-15T18:39:07Z,Symbolica Single-rider,OPERATING,SINGLE_RIDER,5
2025-11-15T18:39:07Z,Halve Maen,OPERATING,STANDBY,10
2025-11-15T18:39:07Z,Stoomtrein Ruigrijk,CLOSED,STANDBY,NA
2025-11-15T18:39:07Z,Kinderspoor,OPERATING,STANDBY,0
2025-11-15T18:39:07Z,Fabula,OPERATING,STANDBY,10
2025-11-15T18:39:07Z,Monorail,CLOSED,STANDBY,NA
2025-11-15T18:39:07Z,Max & Moritz,OPERATING,STANDBY,5
2025-11-15T18:39:07Z,Max & Moritz Single-rider,OPERATING,SINGLE_RIDER,5
2025-11-15T18:39:07Z,Gondoletta,CLOSED,STANDBY,NA
2025-11-15T18:39:07Z,De Oude Tufferbaan,OPERATING,STANDBY,5
2025-11-15T18:39:07Z,Python,OPERATING,STANDBY,5
2025-11-15T18:39:07Z,Python Single-rider,OPERATING,SINGLE_RIDER,0
2025-11-15T18:39:07Z,Piraña,OPERATING,STANDBY,5
2025-11-15T18:39:07Z,Joris en de Draak,OPERATING,STANDBY,15
2025-11-15T18:39:07Z,Joris en de Draak Single-rider,OPERATING,SINGLE_RIDER,10
2025-11-15T18:39:07Z,Carnaval Festival,OPERATING,STANDBY,0
2025-11-15T18:39:07Z,Vogel Rok,OPERATING,STANDBY,5
2025-11-15T18:39:07Z,Baron 1898,OPERATING,STANDBY,40
2025-11-15T18:39:07Z,Baron 1898 Single-rider,OPERATING,SINGLE_RIDER,35
2025-11-15T18:39:07Z,Pagode,OPERATING,STANDBY,5
2025-11-15T18:39:07Z,Danse Macabre,OPERATING,STANDBY,30
2025-11-15T18:39:07Z,Danse Macabre Single-rider,OPERATING,SINGLE_RIDER,0
2025-11-15T18:49:05Z,Droomvlucht,OPERATING,STANDBY,0
2025-11-15T18:49:05Z,Fata Morgana,OPERATING,STANDBY,5
2025-11-15T18:49:05Z,Villa Volta,OPERATING,STANDBY,5
2025-11-15T18:49:05Z,De Vliegende Hollander,OPERATING,STANDBY,20
2025-11-15T18:49:05Z,De Vliegende Hollander Single-rider,OPERATING,SINGLE_RIDER,0
2025-11-15T18:49:05Z,Sirocco,REFURBISHMENT,STANDBY,NA
2025-11-15T18:49:05Z,Stoomtrein Marerijk,OPERATING,STANDBY,25
2025-11-15T18:49:05Z,Stoomcarrousel,OPERATING,STANDBY,0
2025-11-15T18:49:05Z,Symbolica,OPERATING,STANDBY,20
2025-11-15T18:49:05Z,Symbolica Single-rider,OPERATING,SINGLE_RIDER,5
2025-11-15T18:49:05Z,Halve Maen,OPERATING,STANDBY,10
2025-11-15T18:49:05Z,Stoomtrein Ruigrijk,CLOSED,STANDBY,NA
2025-11-15T18:49:05Z,Kinderspoor,OPERATING,STANDBY,0
2025-11-15T18:49:05Z,Fabula,OPERATING,STANDBY,10
2025-11-15T18:49:05Z,Monorail,CLOSED,STANDBY,NA
2025-11-15T18:49:05Z,Max & Moritz,OPERATING,STANDBY,10
2025-11-15T18:49:05Z,Max & Moritz Single-rider,OPERATING,SINGLE_RIDER,5
2025-11-15T18:49:05Z,Gondoletta,CLOSED,STANDBY,NA
2025-11-15T18:49:05Z,De Oude Tufferbaan,OPERATING,STANDBY,5
2025-11-15T18:49:05Z,Python,OPERATING,STANDBY,5
2025-11-15T18:49:05Z,Python Single-rider,OPERATING,SINGLE_RIDER,0
2025-11-15T18:49:05Z,Piraña,OPERATING,STANDBY,5
2025-11-15T18:49:05Z,Joris en de Draak,OPERATING,STANDBY,15
2025-11-15T18:49:05Z,Joris en de Draak Single-rider,OPERATING,SINGLE_RIDER,10
2025-11-15T18:49:05Z,Carnaval Festival,OPERATING,STANDBY,0
2025-11-15T18:49:05Z,Vogel Rok,OPERATING,STANDBY,5
2025-11-15T18:49:05Z,Baron 1898,OPERATING,STANDBY,40
2025-11-15T18:49:05Z,Baron 1898 Single-rider,OPERATING,SINGLE_RIDER,35
2025-11-15T18:49:05Z,Pagode,OPERATING,STANDBY,5
2025-11-15T18:49:05Z,Danse Macabre,OPERATING,STANDBY,25
2025-11-15T18:49:05Z,Danse Macabre Single-rider,OPERATING,SINGLE_RIDER,0
2025-11-16T09:43:43Z,Droomvlucht,OPERATING,STANDBY,0
2025-11-16T09:43:43Z,Fata Morgana,OPERATING,STANDBY,0
2025-11-16T09:43:43Z,Villa Volta,OPERATING,STANDBY,5
2025-11-16T09:43:43Z,De Vliegende Hollander,CLOSED,STANDBY,NA
2025-11-16T09:43:43Z,De Vliegende Hollander Single-rider,CLOSED,SINGLE_RIDER,NA
2025-11-16T09:43:43Z,Sirocco,REFURBISHMENT,STANDBY,NA
2025-11-16T09:43:43Z,Stoomcarrousel,CLOSED,STANDBY,NA
2025-11-16T09:43:43Z,Stoomtrein Marerijk,CLOSED,STANDBY,NA
2025-11-16T09:43:43Z,Symbolica,CLOSED,STANDBY,NA
2025-11-16T09:43:43Z,Symbolica Single-rider,CLOSED,SINGLE_RIDER,NA
2025-11-16T09:43:43Z,Halve Maen,CLOSED,STANDBY,NA
2025-11-16T09:43:43Z,Stoomtrein Ruigrijk,CLOSED,STANDBY,NA
2025-11-16T09:43:43Z,Kinderspoor,CLOSED,STANDBY,NA
2025-11-16T09:43:43Z,Fabula,CLOSED,STANDBY,NA
2025-11-16T09:43:43Z,Monorail,CLOSED,STANDBY,NA
2025-11-16T09:43:43Z,Max & Moritz,OPERATING,STANDBY,5
2025-11-16T09:43:43Z,Max & Moritz Single-rider,OPERATING,SINGLE_RIDER,0
2025-11-16T09:43:43Z,Gondoletta,CLOSED,STANDBY,NA
2025-11-16T09:43:43Z,Python,CLOSED,STANDBY,NA
2025-11-16T09:43:43Z,Python Single-rider,CLOSED,SINGLE_RIDER,NA
2025-11-16T09:43:43Z,De Oude Tufferbaan,CLOSED,STANDBY,NA
2025-11-16T09:43:43Z,Piraña,CLOSED,STANDBY,NA
2025-11-16T09:43:43Z,Joris en de Draak,CLOSED,STANDBY,NA
2025-11-16T09:43:43Z,Joris en de Draak Single-rider,CLOSED,SINGLE_RIDER,NA
2025-11-16T09:43:43Z,Carnaval Festival,OPERATING,STANDBY,0
2025-11-16T09:43:43Z,Vogel Rok,OPERATING,STANDBY,5
2025-11-16T09:43:43Z,Pagode,OPERATING,STANDBY,5
2025-11-16T09:43:43Z,Baron 1898,OPERATING,STANDBY,10
2025-11-16T09:43:43Z,Baron 1898 Single-rider,OPERATING,SINGLE_RIDER,10
2025-11-16T09:43:43Z,Danse Macabre,CLOSED,STANDBY,NA
2025-11-16T09:43:43Z,Danse Macabre Single-rider,CLOSED,SINGLE_RIDER,NA
2025-11-16T09:53:42Z,Droomvlucht,OPERATING,STANDBY,5
2025-11-16T09:53:42Z,Fata Morgana,OPERATING,STANDBY,0
2025-11-16T09:53:42Z,Villa Volta,OPERATING,STANDBY,5
2025-11-16T09:53:42Z,De Vliegende Hollander,CLOSED,STANDBY,NA
2025-11-16T09:53:42Z,De Vliegende Hollander Single-rider,CLOSED,SINGLE_RIDER,NA
2025-11-16T09:53:42Z,Sirocco,REFURBISHMENT,STANDBY,NA
2025-11-16T09:53:42Z,Stoomcarrousel,CLOSED,STANDBY,NA
2025-11-16T09:53:42Z,Stoomtrein Marerijk,CLOSED,STANDBY,NA
2025-11-16T09:53:42Z,Symbolica,CLOSED,STANDBY,NA
2025-11-16T09:53:42Z,Symbolica Single-rider,CLOSED,SINGLE_RIDER,NA
2025-11-16T09:53:42Z,Halve Maen,CLOSED,STANDBY,NA
2025-11-16T09:53:42Z,Stoomtrein Ruigrijk,CLOSED,STANDBY,NA
2025-11-16T09:53:42Z,Kinderspoor,CLOSED,STANDBY,NA
2025-11-16T09:53:42Z,Fabula,CLOSED,STANDBY,NA
2025-11-16T09:53:42Z,Monorail,CLOSED,STANDBY,NA
2025-11-16T09:53:42Z,Max & Moritz,OPERATING,STANDBY,5
2025-11-16T09:53:42Z,Max & Moritz Single-rider,OPERATING,SINGLE_RIDER,0
2025-11-16T09:53:42Z,Gondoletta,CLOSED,STANDBY,NA
2025-11-16T09:53:42Z,Python,CLOSED,STANDBY,NA
2025-11-16T09:53:42Z,Python Single-rider,CLOSED,SINGLE_RIDER,NA
2025-11-16T09:53:42Z,De Oude Tufferbaan,CLOSED,STANDBY,NA
2025-11-16T09:53:42Z,Piraña,CLOSED,STANDBY,NA
2025-11-16T09:53:42Z,Joris en de Draak,CLOSED,STANDBY,NA
2025-11-16T09:53:42Z,Joris en de Draak Single-rider,CLOSED,SINGLE_RIDER,NA
2025-11-16T09:53:42Z,Carnaval Festival,OPERATING,STANDBY,0
2025-11-16T09:53:42Z,Vogel Rok,OPERATING,STANDBY,5
2025-11-16T09:53:42Z,Pagode,OPERATING,STANDBY,5
2025-11-16T09:53:42Z,Baron 1898,OPERATING,STANDBY,10
2025-11-16T09:53:42Z,Baron 1898 Single-rider,OPERATING,SINGLE_RIDER,0
2025-11-16T09:53:42Z,Danse Macabre,CLOSED,STANDBY,NA
2025-11-16T09:53:42Z,Danse Macabre Single-rider,CLOSED,SINGLE_RIDER,NA
2025-11-16T10:16:04Z,Droomvlucht,OPERATING,STANDBY,10
2025-11-16T10:16:04Z,Fata Morgana,OPERATING,STANDBY,0
2025-11-16T10:16:04Z,Villa Volta,OPERATING,STANDBY,5
2025-11-16T10:16:04Z,De Vliegende Hollander,OPERATING,STANDBY,5
2025-11-16T10:16:04Z,De Vliegende Hollander Single-rider,OPERATING,SINGLE_RIDER,0
2025-11-16T10:16:04Z,Sirocco,REFURBISHMENT,STANDBY,NA
2025-11-16T10:16:04Z,Stoomcarrousel,OPERATING,STANDBY,0
2025-11-16T10:16:04Z,Stoomtrein Marerijk,OPERATING,STANDBY,25
2025-11-16T10:16:04Z,Symbolica,OPERATING,STANDBY,40
2025-11-16T10:16:04Z,Symbolica Single-rider,OPERATING,SINGLE_RIDER,20
2025-11-16T10:16:04Z,Halve Maen,OPERATING,STANDBY,0
2025-11-16T10:16:04Z,Stoomtrein Ruigrijk,OPERATING,STANDBY,25
2025-11-16T10:16:04Z,Kinderspoor,OPERATING,STANDBY,0
2025-11-16T10:16:04Z,Fabula,OPERATING,STANDBY,10
2025-11-16T10:16:04Z,Monorail,CLOSED,STANDBY,NA
2025-11-16T10:16:04Z,Max & Moritz,OPERATING,STANDBY,5
2025-11-16T10:16:04Z,Max & Moritz Single-rider,OPERATING,SINGLE_RIDER,5
2025-11-16T10:16:04Z,Gondoletta,OPERATING,STANDBY,0
2025-11-16T10:16:04Z,Python,OPERATING,STANDBY,5
2025-11-16T10:16:04Z,Python Single-rider,OPERATING,SINGLE_RIDER,0
2025-11-16T10:16:04Z,De Oude Tufferbaan,OPERATING,STANDBY,0
2025-11-16T10:16:04Z,Piraña,OPERATING,STANDBY,0
2025-11-16T10:16:04Z,Joris en de Draak,OPERATING,STANDBY,15
2025-11-16T10:16:04Z,Joris en de Draak Single-rider,OPERATING,SINGLE_RIDER,0
2025-11-16T10:16:04Z,Carnaval Festival,OPERATING,STANDBY,0
2025-11-16T10:16:04Z,Vogel Rok,OPERATING,STANDBY,5
2025-11-16T10:16:04Z,Pagode,OPERATING,STANDBY,5
2025-11-16T10:16:04Z,Baron 1898,OPERATING,STANDBY,35
2025-11-16T10:16:04Z,Baron 1898 Single-rider,OPERATING,SINGLE_RIDER,35
2025-11-16T10:16:04Z,Danse Macabre,OPERATING,STANDBY,55
2025-11-16T10:16:04Z,Danse Macabre Single-rider,OPERATING,SINGLE_RIDER,0
2025-11-16T10:37:58Z,Droomvlucht,OPERATING,STANDBY,15
2025-11-16T10:37:58Z,Fata Morgana,OPERATING,STANDBY,10
2025-11-16T10:37:58Z,Villa Volta,OPERATING,STANDBY,5
2025-11-16T10:37:58Z,De Vliegende Hollander,DOWN,STANDBY,0
2025-11-16T10:37:58Z,De Vliegende Hollander Single-rider,DOWN,SINGLE_RIDER,NA
2025-11-16T10:37:58Z,Sirocco,REFURBISHMENT,STANDBY,NA
2025-11-16T10:37:58Z,Stoomcarrousel,OPERATING,STANDBY,0
2025-11-16T10:37:58Z,Stoomtrein Marerijk,OPERATING,STANDBY,25
2025-11-16T10:37:58Z,Symbolica,OPERATING,STANDBY,35
2025-11-16T10:37:58Z,Symbolica Single-rider,OPERATING,SINGLE_RIDER,10
2025-11-16T10:37:58Z,Halve Maen,OPERATING,STANDBY,5
2025-11-16T10:37:58Z,Stoomtrein Ruigrijk,OPERATING,STANDBY,25
2025-11-16T10:37:58Z,Kinderspoor,OPERATING,STANDBY,0
2025-11-16T10:37:58Z,Fabula,OPERATING,STANDBY,10
2025-11-16T10:37:58Z,Monorail,REFURBISHMENT,STANDBY,NA
2025-11-16T10:37:58Z,Max & Moritz,OPERATING,STANDBY,20
2025-11-16T10:37:58Z,Max & Moritz Single-rider,OPERATING,SINGLE_RIDER,10
2025-11-16T10:37:58Z,Gondoletta,OPERATING,STANDBY,0
2025-11-16T10:37:58Z,Python,OPERATING,STANDBY,5
2025-11-16T10:37:58Z,Python Single-rider,OPERATING,SINGLE_RIDER,0
2025-11-16T10:37:58Z,De Oude Tufferbaan,OPERATING,STANDBY,5
2025-11-16T10:37:58Z,Piraña,OPERATING,STANDBY,0
2025-11-16T10:37:58Z,Joris en de Draak,OPERATING,STANDBY,20
2025-11-16T10:37:58Z,Joris en de Draak Single-rider,OPERATING,SINGLE_RIDER,15
2025-11-16T10:37:58Z,Carnaval Festival,OPERATING,STANDBY,0
2025-11-16T10:37:58Z,Vogel Rok,OPERATING,STANDBY,5
2025-11-16T10:37:58Z,Pagode,OPERATING,STANDBY,5
2025-11-16T10:37:58Z,Baron 1898,OPERATING,STANDBY,30
2025-11-16T10:37:58Z,Baron 1898 Single-rider,OPERATING,SINGLE_RIDER,35
2025-11-16T10:37:58Z,Danse Macabre,OPERATING,STANDBY,50
2025-11-16T10:37:58Z,Danse Macabre Single-rider,OPERATING,SINGLE_RIDER,0
2025-11-16T10:49:43Z,Droomvlucht,OPERATING,STANDBY,30
2025-11-16T10:49:43Z,Fata Morgana,OPERATING,STANDBY,20
2025-11-16T10:49:43Z,Villa Volta,OPERATING,STANDBY,5
2025-11-16T10:49:43Z,De Vliegende Hollander,DOWN,STANDBY,0
2025-11-16T10:49:43Z,De Vliegende Hollander Single-rider,DOWN,SINGLE_RIDER,NA
2025-11-16T10:49:43Z,Sirocco,REFURBISHMENT,STANDBY,NA
2025-11-16T10:49:43Z,Stoomcarrousel,OPERATING,STANDBY,0
2025-11-16T10:49:43Z,Stoomtrein Marerijk,OPERATING,STANDBY,25
2025-11-16T10:49:43Z,Symbolica,OPERATING,STANDBY,35
2025-11-16T10:49:43Z,Symbolica Single-rider,OPERATING,SINGLE_RIDER,10
2025-11-16T10:49:43Z,Halve Maen,OPERATING,STANDBY,5
2025-11-16T10:49:43Z,Stoomtrein Ruigrijk,OPERATING,STANDBY,25
2025-11-16T10:49:43Z,Kinderspoor,OPERATING,STANDBY,0
2025-11-16T10:49:43Z,Fabula,OPERATING,STANDBY,10
2025-11-16T10:49:43Z,Monorail,REFURBISHMENT,STANDBY,NA
2025-11-16T10:49:43Z,Max & Moritz,OPERATING,STANDBY,25
2025-11-16T10:49:43Z,Max & Moritz Single-rider,OPERATING,SINGLE_RIDER,10
2025-11-16T10:49:43Z,Gondoletta,OPERATING,STANDBY,5
2025-11-16T10:49:43Z,De Oude Tufferbaan,OPERATING,STANDBY,10
2025-11-16T10:49:43Z,Python,OPERATING,STANDBY,20
2025-11-16T10:49:43Z,Python Single-rider,OPERATING,SINGLE_RIDER,10
2025-11-16T10:49:43Z,Piraña,OPERATING,STANDBY,0
2025-11-16T10:49:43Z,Joris en de Draak,OPERATING,STANDBY,30
2025-11-16T10:49:43Z,Joris en de Draak Single-rider,OPERATING,SINGLE_RIDER,30
2025-11-16T10:49:43Z,Carnaval Festival,OPERATING,STANDBY,0
2025-11-16T10:49:43Z,Vogel Rok,OPERATING,STANDBY,5
2025-11-16T10:49:43Z,Pagode,OPERATING,STANDBY,5
2025-11-16T10:49:43Z,Baron 1898,OPERATING,STANDBY,45
2025-11-16T10:49:43Z,Baron 1898 Single-rider,OPERATING,SINGLE_RIDER,45
2025-11-16T10:49:43Z,Danse Macabre,OPERATING,STANDBY,45
2025-11-16T10:49:43Z,Danse Macabre Single-rider,OPERATING,SINGLE_RIDER,0
2025-11-16T11:16:24Z,Droomvlucht,OPERATING,STANDBY,30
2025-11-16T11:16:24Z,Fata Morgana,OPERATING,STANDBY,35
2025-11-16T11:16:24Z,Villa Volta,OPERATING,STANDBY,5
2025-11-16T11:16:24Z,De Vliegende Hollander,DOWN,STANDBY,0
2025-11-16T11:16:24Z,De Vliegende Hollander Single-rider,DOWN,SINGLE_RIDER,NA
2025-11-16T11:16:24Z,Sirocco,REFURBISHMENT,STANDBY,NA
2025-11-16T11:16:24Z,Stoomcarrousel,OPERATING,STANDBY,0
2025-11-16T11:16:24Z,Stoomtrein Marerijk,OPERATING,STANDBY,25
2025-11-16T11:16:24Z,Symbolica,OPERATING,STANDBY,40
2025-11-16T11:16:24Z,Symbolica Single-rider,OPERATING,SINGLE_RIDER,15
2025-11-16T11:16:24Z,Halve Maen,OPERATING,STANDBY,10
2025-11-16T11:16:24Z,Stoomtrein Ruigrijk,OPERATING,STANDBY,25
2025-11-16T11:16:24Z,Kinderspoor,DOWN,STANDBY,0
2025-11-16T11:16:24Z,Fabula,OPERATING,STANDBY,10
2025-11-16T11:16:24Z,Monorail,REFURBISHMENT,STANDBY,NA
2025-11-16T11:16:24Z,Max & Moritz,OPERATING,STANDBY,30
2025-11-16T11:16:24Z,Max & Moritz Single-rider,OPERATING,SINGLE_RIDER,15
2025-11-16T11:16:24Z,Gondoletta,OPERATING,STANDBY,5
2025-11-16T11:16:24Z,Python,OPERATING,STANDBY,30
2025-11-16T11:16:24Z,Python Single-rider,OPERATING,SINGLE_RIDER,35
2025-11-16T11:16:24Z,De Oude Tufferbaan,OPERATING,STANDBY,15
2025-11-16T11:16:24Z,Piraña,OPERATING,STANDBY,5
2025-11-16T11:16:24Z,Joris en de Draak,OPERATING,STANDBY,35
2025-11-16T11:16:24Z,Joris en de Draak Single-rider,OPERATING,SINGLE_RIDER,15
2025-11-16T11:16:24Z,Carnaval Festival,OPERATING,STANDBY,15
2025-11-16T11:16:24Z,Vogel Rok,OPERATING,STANDBY,15
2025-11-16T11:16:24Z,Pagode,OPERATING,STANDBY,5
2025-11-16T11:16:24Z,Baron 1898,OPERATING,STANDBY,45
2025-11-16T11:16:24Z,Baron 1898 Single-rider,OPERATING,SINGLE_RIDER,45
2025-11-16T11:16:24Z,Danse Macabre,OPERATING,STANDBY,55
2025-11-16T11:16:24Z,Danse Macabre Single-rider,OPERATING,SINGLE_RIDER,0
2025-11-16T11:40:19Z,Droomvlucht,OPERATING,STANDBY,20
2025-11-16T11:40:19Z,Fata Morgana,OPERATING,STANDBY,35
2025-11-16T11:40:19Z,Villa Volta,OPERATING,STANDBY,5
2025-11-16T11:40:19Z,De Vliegende Hollander,DOWN,STANDBY,0
2025-11-16T11:40:19Z,De Vliegende Hollander Single-rider,DOWN,SINGLE_RIDER,NA
2025-11-16T11:40:19Z,Sirocco,REFURBISHMENT,STANDBY,NA
2025-11-16T11:40:19Z,Stoomcarrousel,OPERATING,STANDBY,0
2025-11-16T11:40:19Z,Stoomtrein Marerijk,OPERATING,STANDBY,25
2025-11-16T11:40:19Z,Symbolica,OPERATING,STANDBY,40
2025-11-16T11:40:19Z,Symbolica Single-rider,OPERATING,SINGLE_RIDER,20
2025-11-16T11:40:19Z,Halve Maen,OPERATING,STANDBY,15
2025-11-16T11:40:19Z,Stoomtrein Ruigrijk,OPERATING,STANDBY,25
2025-11-16T11:40:19Z,Kinderspoor,DOWN,STANDBY,0
2025-11-16T11:40:19Z,Fabula,OPERATING,STANDBY,10
2025-11-16T11:40:19Z,Monorail,REFURBISHMENT,STANDBY,NA
2025-11-16T11:40:19Z,Max & Moritz,OPERATING,STANDBY,25
2025-11-16T11:40:19Z,Max & Moritz Single-rider,OPERATING,SINGLE_RIDER,25
2025-11-16T11:40:19Z,Gondoletta,OPERATING,STANDBY,5
2025-11-16T11:40:19Z,Python,OPERATING,STANDBY,35
2025-11-16T11:40:19Z,Python Single-rider,OPERATING,SINGLE_RIDER,25
2025-11-16T11:40:19Z,De Oude Tufferbaan,OPERATING,STANDBY,15
2025-11-16T11:40:19Z,Piraña,OPERATING,STANDBY,10
2025-11-16T11:40:19Z,Joris en de Draak,OPERATING,STANDBY,40
2025-11-16T11:40:19Z,Joris en de Draak Single-rider,OPERATING,SINGLE_RIDER,35
2025-11-16T11:40:19Z,Carnaval Festival,OPERATING,STANDBY,25
2025-11-16T11:40:19Z,Vogel Rok,OPERATING,STANDBY,30
2025-11-16T11:40:19Z,Pagode,OPERATING,STANDBY,5
2025-11-16T11:40:19Z,Baron 1898,OPERATING,STANDBY,45
2025-11-16T11:40:19Z,Baron 1898 Single-rider,OPERATING,SINGLE_RIDER,40
2025-11-16T11:40:19Z,Danse Macabre,OPERATING,STANDBY,50
2025-11-16T11:40:19Z,Danse Macabre Single-rider,OPERATING,SINGLE_RIDER,0
2025-11-16T11:49:15Z,Droomvlucht,OPERATING,STANDBY,20
2025-11-16T11:49:15Z,Fata Morgana,OPERATING,STANDBY,30
2025-11-16T11:49:15Z,Villa Volta,OPERATING,STANDBY,5
2025-11-16T11:49:15Z,De Vliegende Hollander,DOWN,STANDBY,0
2025-11-16T11:49:15Z,De Vliegende Hollander Single-rider,DOWN,SINGLE_RIDER,NA
2025-11-16T11:49:15Z,Sirocco,REFURBISHMENT,STANDBY,NA
2025-11-16T11:49:15Z,Stoomcarrousel,OPERATING,STANDBY,0
2025-11-16T11:49:15Z,Stoomtrein Marerijk,OPERATING,STANDBY,25
2025-11-16T11:49:15Z,Symbolica,OPERATING,STANDBY,45
2025-11-16T11:49:15Z,Symbolica Single-rider,OPERATING,SINGLE_RIDER,20
2025-11-16T11:49:15Z,Halve Maen,OPERATING,STANDBY,15
2025-11-16T11:49:15Z,Stoomtrein Ruigrijk,OPERATING,STANDBY,25
2025-11-16T11:49:15Z,Kinderspoor,DOWN,STANDBY,0
2025-11-16T11:49:15Z,Fabula,OPERATING,STANDBY,10
2025-11-16T11:49:15Z,Monorail,REFURBISHMENT,STANDBY,NA
2025-11-16T11:49:15Z,Max & Moritz,OPERATING,STANDBY,25
2025-11-16T11:49:15Z,Max & Moritz Single-rider,OPERATING,SINGLE_RIDER,25
2025-11-16T11:49:15Z,Gondoletta,OPERATING,STANDBY,5
2025-11-16T11:49:15Z,Python,OPERATING,STANDBY,40
2025-11-16T11:49:15Z,Python Single-rider,OPERATING,SINGLE_RIDER,15
2025-11-16T11:49:15Z,De Oude Tufferbaan,OPERATING,STANDBY,15
2025-11-16T11:49:15Z,Piraña,OPERATING,STANDBY,10
2025-11-16T11:49:15Z,Joris en de Draak,OPERATING,STANDBY,40
2025-11-16T11:49:15Z,Joris en de Draak Single-rider,OPERATING,SINGLE_RIDER,35
2025-11-16T11:49:15Z,Carnaval Festival,OPERATING,STANDBY,25
2025-11-16T11:49:15Z,Vogel Rok,OPERATING,STANDBY,25
2025-11-16T11:49:15Z,Pagode,OPERATING,STANDBY,5
2025-11-16T11:49:15Z,Baron 1898,OPERATING,STANDBY,65
2025-11-16T11:49:15Z,Baron 1898 Single-rider,OPERATING,SINGLE_RIDER,40
2025-11-16T11:49:15Z,Danse Macabre,OPERATING,STANDBY,50
2025-11-16T11:49:15Z,Danse Macabre Single-rider,OPERATING,SINGLE_RIDER,0
2025-11-16T12:12:45Z,Droomvlucht,OPERATING,STANDBY,35
2025-11-16T12:12:45Z,Fata Morgana,OPERATING,STANDBY,25
2025-11-16T12:12:45Z,Villa Volta,OPERATING,STANDBY,5
2025-11-16T12:12:45Z,De Vliegende Hollander,DOWN,STANDBY,0
2025-11-16T12:12:45Z,De Vliegende Hollander Single-rider,DOWN,SINGLE_RIDER,NA
2025-11-16T12:12:45Z,Sirocco,REFURBISHMENT,STANDBY,NA
2025-11-16T12:12:45Z,Stoomcarrousel,OPERATING,STANDBY,0
2025-11-16T12:12:45Z,Stoomtrein Marerijk,OPERATING,STANDBY,25
2025-11-16T12:12:45Z,Symbolica,OPERATING,STANDBY,45
2025-11-16T12:12:45Z,Symbolica Single-rider,OPERATING,SINGLE_RIDER,15
2025-11-16T12:12:45Z,Halve Maen,OPERATING,STANDBY,10
2025-11-16T12:12:45Z,Stoomtrein Ruigrijk,OPERATING,STANDBY,25
2025-11-16T12:12:45Z,Kinderspoor,OPERATING,STANDBY,5
2025-11-16T12:12:45Z,Fabula,OPERATING,STANDBY,10
2025-11-16T12:12:45Z,Monorail,REFURBISHMENT,STANDBY,NA
2025-11-16T12:12:45Z,Max & Moritz,OPERATING,STANDBY,35
2025-11-16T12:12:45Z,Max & Moritz Single-rider,OPERATING,SINGLE_RIDER,5
2025-11-16T12:12:45Z,Gondoletta,OPERATING,STANDBY,5
2025-11-16T12:12:45Z,Python,OPERATING,STANDBY,30
2025-11-16T12:12:45Z,Python Single-rider,OPERATING,SINGLE_RIDER,20
2025-11-16T12:12:45Z,De Oude Tufferbaan,OPERATING,STANDBY,15
2025-11-16T12:12:45Z,Piraña,OPERATING,STANDBY,10
2025-11-16T12:12:45Z,Joris en de Draak,OPERATING,STANDBY,50
2025-11-16T12:12:45Z,Joris en de Draak Single-rider,OPERATING,SINGLE_RIDER,25
2025-11-16T12:12:45Z,Carnaval Festival,OPERATING,STANDBY,30
2025-11-16T12:12:45Z,Vogel Rok,OPERATING,STANDBY,20
2025-11-16T12:12:45Z,Pagode,OPERATING,STANDBY,5
2025-11-16T12:12:45Z,Baron 1898,OPERATING,STANDBY,45
2025-11-16T12:12:45Z,Baron 1898 Single-rider,OPERATING,SINGLE_RIDER,30
2025-11-16T12:12:45Z,Danse Macabre,OPERATING,STANDBY,50
2025-11-16T12:12:45Z,Danse Macabre Single-rider,OPERATING,SINGLE_RIDER,0
2025-11-16T12:26:05Z,Droomvlucht,OPERATING,STANDBY,40
2025-11-16T12:26:05Z,Fata Morgana,OPERATING,STANDBY,25
2025-11-16T12:26:05Z,Villa Volta,OPERATING,STANDBY,5
2025-11-16T12:26:05Z,De Vliegende Hollander,DOWN,STANDBY,0
2025-11-16T12:26:05Z,De Vliegende Hollander Single-rider,DOWN,SINGLE_RIDER,NA
2025-11-16T12:26:05Z,Sirocco,REFURBISHMENT,STANDBY,NA
2025-11-16T12:26:05Z,Stoomcarrousel,OPERATING,STANDBY,10
2025-11-16T12:26:05Z,Stoomtrein Marerijk,OPERATING,STANDBY,25
2025-11-16T12:26:05Z,Symbolica,OPERATING,STANDBY,45
2025-11-16T12:26:05Z,Symbolica Single-rider,OPERATING,SINGLE_RIDER,15
2025-11-16T12:26:05Z,Halve Maen,OPERATING,STANDBY,15
2025-11-16T12:26:05Z,Stoomtrein Ruigrijk,OPERATING,STANDBY,25
2025-11-16T12:26:05Z,Kinderspoor,OPERATING,STANDBY,5
2025-11-16T12:26:05Z,Fabula,OPERATING,STANDBY,10
2025-11-16T12:26:05Z,Monorail,REFURBISHMENT,STANDBY,NA
2025-11-16T12:26:05Z,Max & Moritz,OPERATING,STANDBY,35
2025-11-16T12:26:05Z,Max & Moritz Single-rider,OPERATING,SINGLE_RIDER,10
2025-11-16T12:26:05Z,Gondoletta,OPERATING,STANDBY,5
2025-11-16T12:26:05Z,Python,OPERATING,STANDBY,30
2025-11-16T12:26:05Z,Python Single-rider,OPERATING,SINGLE_RIDER,20
2025-11-16T12:26:05Z,De Oude Tufferbaan,OPERATING,STANDBY,15
2025-11-16T12:26:05Z,Piraña,OPERATING,STANDBY,10
2025-11-16T12:26:05Z,Joris en de Draak,OPERATING,STANDBY,45
2025-11-16T12:26:05Z,Joris en de Draak Single-rider,OPERATING,SINGLE_RIDER,35
2025-11-16T12:26:05Z,Carnaval Festival,OPERATING,STANDBY,30
2025-11-16T12:26:05Z,Vogel Rok,OPERATING,STANDBY,20
2025-11-16T12:26:05Z,Pagode,OPERATING,STANDBY,5
2025-11-16T12:26:05Z,Baron 1898,OPERATING,STANDBY,50
2025-11-16T12:26:05Z,Baron 1898 Single-rider,OPERATING,SINGLE_RIDER,45
2025-11-16T12:26:05Z,Danse Macabre,OPERATING,STANDBY,40
2025-11-16T12:26:05Z,Danse Macabre Single-rider,OPERATING,SINGLE_RIDER,0
2025-11-16T12:36:54Z,Droomvlucht,OPERATING,STANDBY,40
2025-11-16T12:36:54Z,Fata Morgana,OPERATING,STANDBY,15
2025-11-16T12:36:54Z,Villa Volta,OPERATING,STANDBY,5
2025-11-16T12:36:54Z,De Vliegende Hollander,DOWN,STANDBY,0
2025-11-16T12:36:54Z,De Vliegende Hollander Single-rider,DOWN,SINGLE_RIDER,NA
2025-11-16T12:36:54Z,Sirocco,REFURBISHMENT,STANDBY,NA
2025-11-16T12:36:54Z,Stoomcarrousel,OPERATING,STANDBY,10
2025-11-16T12:36:54Z,Stoomtrein Marerijk,OPERATING,STANDBY,25
2025-11-16T12:36:54Z,Symbolica,OPERATING,STANDBY,45
2025-11-16T12:36:54Z,Symbolica Single-rider,OPERATING,SINGLE_RIDER,15
2025-11-16T12:36:54Z,Halve Maen,OPERATING,STANDBY,15
2025-11-16T12:36:54Z,Stoomtrein Ruigrijk,OPERATING,STANDBY,25
2025-11-16T12:36:54Z,Kinderspoor,OPERATING,STANDBY,5
2025-11-16T12:36:54Z,Fabula,OPERATING,STANDBY,10
2025-11-16T12:36:54Z,Monorail,REFURBISHMENT,STANDBY,NA
2025-11-16T12:36:54Z,Max & Moritz,OPERATING,STANDBY,35
2025-11-16T12:36:54Z,Max & Moritz Single-rider,OPERATING,SINGLE_RIDER,20
2025-11-16T12:36:54Z,Gondoletta,OPERATING,STANDBY,10
2025-11-16T12:36:54Z,De Oude Tufferbaan,OPERATING,STANDBY,15
2025-11-16T12:36:54Z,Python,OPERATING,STANDBY,30
2025-11-16T12:36:54Z,Python Single-rider,OPERATING,SINGLE_RIDER,30
2025-11-16T12:36:54Z,Piraña,OPERATING,STANDBY,10
2025-11-16T12:36:54Z,Joris en de Draak,OPERATING,STANDBY,45
2025-11-16T12:36:54Z,Joris en de Draak Single-rider,OPERATING,SINGLE_RIDER,35
2025-11-16T12:36:54Z,Carnaval Festival,OPERATING,STANDBY,30
2025-11-16T12:36:54Z,Vogel Rok,OPERATING,STANDBY,20
2025-11-16T12:36:54Z,Pagode,OPERATING,STANDBY,5
2025-11-16T12:36:54Z,Baron 1898,OPERATING,STANDBY,55
2025-11-16T12:36:54Z,Baron 1898 Single-rider,OPERATING,SINGLE_RIDER,45
2025-11-16T12:36:54Z,Danse Macabre,OPERATING,STANDBY,40
2025-11-16T12:36:54Z,Danse Macabre Single-rider,OPERATING,SINGLE_RIDER,0
2025-11-16T12:49:44Z,Droomvlucht,OPERATING,STANDBY,40
2025-11-16T12:49:44Z,Fata Morgana,OPERATING,STANDBY,20
2025-11-16T12:49:44Z,Villa Volta,OPERATING,STANDBY,15
2025-11-16T12:49:44Z,De Vliegende Hollander,DOWN,STANDBY,0
2025-11-16T12:49:44Z,De Vliegende Hollander Single-rider,DOWN,SINGLE_RIDER,NA
2025-11-16T12:49:44Z,Sirocco,REFURBISHMENT,STANDBY,NA
2025-11-16T12:49:44Z,Stoomcarrousel,OPERATING,STANDBY,10
2025-11-16T12:49:44Z,Stoomtrein Marerijk,OPERATING,STANDBY,25
2025-11-16T12:49:44Z,Symbolica,OPERATING,STANDBY,45
2025-11-16T12:49:44Z,Symbolica Single-rider,OPERATING,SINGLE_RIDER,25
2025-11-16T12:49:44Z,Halve Maen,OPERATING,STANDBY,15
2025-11-16T12:49:44Z,Stoomtrein Ruigrijk,OPERATING,STANDBY,25
2025-11-16T12:49:44Z,Kinderspoor,OPERATING,STANDBY,5
2025-11-16T12:49:44Z,Fabula,OPERATING,STANDBY,10
2025-11-16T12:49:44Z,Monorail,REFURBISHMENT,STANDBY,NA
2025-11-16T12:49:44Z,Max & Moritz,OPERATING,STANDBY,35
2025-11-16T12:49:44Z,Max & Moritz Single-rider,OPERATING,SINGLE_RIDER,10
2025-11-16T12:49:44Z,Gondoletta,OPERATING,STANDBY,5
2025-11-16T12:49:44Z,Python,DOWN,STANDBY,0
2025-11-16T12:49:44Z,Python Single-rider,DOWN,SINGLE_RIDER,NA
2025-11-16T12:49:44Z,De Oude Tufferbaan,OPERATING,STANDBY,25
2025-11-16T12:49:44Z,Piraña,OPERATING,STANDBY,10
2025-11-16T12:49:44Z,Joris en de Draak,OPERATING,STANDBY,45
2025-11-16T12:49:44Z,Joris en de Draak Single-rider,OPERATING,SINGLE_RIDER,40
2025-11-16T12:49:44Z,Carnaval Festival,OPERATING,STANDBY,25
2025-11-16T12:49:44Z,Vogel Rok,OPERATING,STANDBY,30
2025-11-16T12:49:44Z,Pagode,OPERATING,STANDBY,5
2025-11-16T12:49:44Z,Baron 1898,OPERATING,STANDBY,55
2025-11-16T12:49:44Z,Baron 1898 Single-rider,OPERATING,SINGLE_RIDER,45
2025-11-16T12:49:44Z,Danse Macabre,OPERATING,STANDBY,50
2025-11-16T12:49:44Z,Danse Macabre Single-rider,OPERATING,SINGLE_RIDER,0
2025-11-16T13:31:00Z,Droomvlucht,OPERATING,STANDBY,40
2025-11-16T13:31:00Z,Fata Morgana,OPERATING,STANDBY,20
2025-11-16T13:31:00Z,Villa Volta,OPERATING,STANDBY,15
2025-11-16T13:31:00Z,De Vliegende Hollander,OPERATING,STANDBY,40
2025-11-16T13:31:00Z,De Vliegende Hollander Single-rider,OPERATING,SINGLE_RIDER,0
2025-11-16T13:31:00Z,Sirocco,REFURBISHMENT,STANDBY,NA
2025-11-16T13:31:00Z,Stoomcarrousel,OPERATING,STANDBY,10
2025-11-16T13:31:00Z,Stoomtrein Marerijk,OPERATING,STANDBY,25
2025-11-16T13:31:00Z,Symbolica,OPERATING,STANDBY,45
2025-11-16T13:31:00Z,Symbolica Single-rider,OPERATING,SINGLE_RIDER,15
2025-11-16T13:31:00Z,Halve Maen,OPERATING,STANDBY,20
2025-11-16T13:31:00Z,Stoomtrein Ruigrijk,OPERATING,STANDBY,25
2025-11-16T13:31:00Z,Kinderspoor,OPERATING,STANDBY,5
2025-11-16T13:31:00Z,Fabula,OPERATING,STANDBY,10
2025-11-16T13:31:00Z,Monorail,REFURBISHMENT,STANDBY,NA
2025-11-16T13:31:00Z,Max & Moritz,OPERATING,STANDBY,10
2025-11-16T13:31:00Z,Max & Moritz Single-rider,OPERATING,SINGLE_RIDER,5
2025-11-16T13:31:00Z,Gondoletta,OPERATING,STANDBY,10
2025-11-16T13:31:00Z,De Oude Tufferbaan,OPERATING,STANDBY,20
2025-11-16T13:31:00Z,Python,OPERATING,STANDBY,25
2025-11-16T13:31:00Z,Python Single-rider,OPERATING,SINGLE_RIDER,15
2025-11-16T13:31:00Z,Piraña,OPERATING,STANDBY,10
2025-11-16T13:31:00Z,Joris en de Draak,OPERATING,STANDBY,35
2025-11-16T13:31:00Z,Joris en de Draak Single-rider,OPERATING,SINGLE_RIDER,20
2025-11-16T13:31:00Z,Carnaval Festival,OPERATING,STANDBY,30
2025-11-16T13:31:00Z,Vogel Rok,OPERATING,STANDBY,35
2025-11-16T13:31:00Z,Pagode,OPERATING,STANDBY,5
2025-11-16T13:31:00Z,Baron 1898,OPERATING,STANDBY,45
2025-11-16T13:31:00Z,Baron 1898 Single-rider,OPERATING,SINGLE_RIDER,15
2025-11-16T13:31:00Z,Danse Macabre,DOWN,STANDBY,0
2025-11-16T13:31:00Z,Danse Macabre Single-rider,DOWN,SINGLE_RIDER,NA
2025-11-16T14:05:17Z,Droomvlucht,OPERATING,STANDBY,45
2025-11-16T14:05:17Z,Fata Morgana,OPERATING,STANDBY,20
2025-11-16T14:05:17Z,Villa Volta,OPERATING,STANDBY,15
2025-11-16T14:05:17Z,De Vliegende Hollander,OPERATING,STANDBY,45
2025-11-16T14:05:17Z,De Vliegende Hollander Single-rider,OPERATING,SINGLE_RIDER,0
2025-11-16T14:05:17Z,Sirocco,REFURBISHMENT,STANDBY,NA
2025-11-16T14:05:17Z,Stoomcarrousel,OPERATING,STANDBY,10
2025-11-16T14:05:17Z,Stoomtrein Marerijk,OPERATING,STANDBY,25
2025-11-16T14:05:17Z,Symbolica,OPERATING,STANDBY,45
2025-11-16T14:05:17Z,Symbolica Single-rider,OPERATING,SINGLE_RIDER,15
2025-11-16T14:05:17Z,Halve Maen,OPERATING,STANDBY,10
2025-11-16T14:05:17Z,Stoomtrein Ruigrijk,OPERATING,STANDBY,25
2025-11-16T14:05:17Z,Kinderspoor,OPERATING,STANDBY,5
2025-11-16T14:05:17Z,Fabula,OPERATING,STANDBY,10
2025-11-16T14:05:17Z,Monorail,REFURBISHMENT,STANDBY,NA
2025-11-16T14:05:17Z,Max & Moritz,OPERATING,STANDBY,10
2025-11-16T14:05:17Z,Max & Moritz Single-rider,OPERATING,SINGLE_RIDER,5
2025-11-16T14:05:17Z,Gondoletta,OPERATING,STANDBY,5
2025-11-16T14:05:17Z,De Oude Tufferbaan,OPERATING,STANDBY,20
2025-11-16T14:05:17Z,Python,OPERATING,STANDBY,35
2025-11-16T14:05:17Z,Python Single-rider,OPERATING,SINGLE_RIDER,30
2025-11-16T14:05:17Z,Piraña,OPERATING,STANDBY,5
2025-11-16T14:05:17Z,Joris en de Draak,OPERATING,STANDBY,40
2025-11-16T14:05:17Z,Joris en de Draak Single-rider,OPERATING,SINGLE_RIDER,25
2025-11-16T14:05:17Z,Carnaval Festival,OPERATING,STANDBY,20
2025-11-16T14:05:17Z,Vogel Rok,OPERATING,STANDBY,35
2025-11-16T14:05:17Z,Pagode,OPERATING,STANDBY,5
2025-11-16T14:05:17Z,Baron 1898,OPERATING,STANDBY,40
2025-11-16T14:05:17Z,Baron 1898 Single-rider,OPERATING,SINGLE_RIDER,45
2025-11-16T14:05:17Z,Danse Macabre,OPERATING,STANDBY,50
2025-11-16T14:05:17Z,Danse Macabre Single-rider,OPERATING,SINGLE_RIDER,0
2025-11-16T14:32:53Z,Droomvlucht,OPERATING,STANDBY,45
2025-11-16T14:32:53Z,Fata Morgana,OPERATING,STANDBY,20
2025-11-16T14:32:53Z,Villa Volta,DOWN,STANDBY,0
2025-11-16T14:32:53Z,De Vliegende Hollander,OPERATING,STANDBY,40
2025-11-16T14:32:53Z,De Vliegende Hollander Single-rider,OPERATING,SINGLE_RIDER,0
2025-11-16T14:32:53Z,Sirocco,REFURBISHMENT,STANDBY,NA
2025-11-16T14:32:53Z,Stoomcarrousel,OPERATING,STANDBY,10
2025-11-16T14:32:53Z,Stoomtrein Marerijk,OPERATING,STANDBY,25
2025-11-16T14:32:53Z,Symbolica,OPERATING,STANDBY,45
2025-11-16T14:32:53Z,Symbolica Single-rider,OPERATING,SINGLE_RIDER,20
2025-11-16T14:32:53Z,Halve Maen,OPERATING,STANDBY,10
2025-11-16T14:32:53Z,Stoomtrein Ruigrijk,OPERATING,STANDBY,25
2025-11-16T14:32:53Z,Kinderspoor,OPERATING,STANDBY,5
2025-11-16T14:32:53Z,Fabula,OPERATING,STANDBY,10
2025-11-16T14:32:53Z,Monorail,REFURBISHMENT,STANDBY,NA
2025-11-16T14:32:53Z,Max & Moritz,OPERATING,STANDBY,30
2025-11-16T14:32:53Z,Max & Moritz Single-rider,OPERATING,SINGLE_RIDER,15
2025-11-16T14:32:53Z,Gondoletta,OPERATING,STANDBY,5
2025-11-16T14:32:53Z,De Oude Tufferbaan,OPERATING,STANDBY,35
2025-11-16T14:32:53Z,Python,OPERATING,STANDBY,20
2025-11-16T14:32:53Z,Python Single-rider,OPERATING,SINGLE_RIDER,0
2025-11-16T14:32:53Z,Piraña,OPERATING,STANDBY,5
2025-11-16T14:32:53Z,Joris en de Draak,OPERATING,STANDBY,40
2025-11-16T14:32:53Z,Joris en de Draak Single-rider,OPERATING,SINGLE_RIDER,25
2025-11-16T14:32:53Z,Carnaval Festival,OPERATING,STANDBY,25
2025-11-16T14:32:53Z,Vogel Rok,OPERATING,STANDBY,35
2025-11-16T14:32:53Z,Pagode,OPERATING,STANDBY,5
2025-11-16T14:32:53Z,Baron 1898,OPERATING,STANDBY,45
2025-11-16T14:32:53Z,Baron 1898 Single-rider,OPERATING,SINGLE_RIDER,45
2025-11-16T14:32:53Z,Danse Macabre,OPERATING,STANDBY,45
2025-11-16T14:32:53Z,Danse Macabre Single-rider,OPERATING,SINGLE_RIDER,0
2025-11-16T14:49:47Z,Droomvlucht,OPERATING,STANDBY,45
2025-11-16T14:49:47Z,Fata Morgana,OPERATING,STANDBY,20
2025-11-16T14:49:47Z,Villa Volta,OPERATING,STANDBY,15
2025-11-16T14:49:47Z,De Vliegende Hollander,OPERATING,STANDBY,40
2025-11-16T14:49:47Z,De Vliegende Hollander Single-rider,OPERATING,SINGLE_RIDER,0
2025-11-16T14:49:47Z,Sirocco,REFURBISHMENT,STANDBY,NA
2025-11-16T14:49:47Z,Stoomcarrousel,OPERATING,STANDBY,10
2025-11-16T14:49:47Z,Stoomtrein Marerijk,OPERATING,STANDBY,25
2025-11-16T14:49:47Z,Symbolica,OPERATING,STANDBY,50
2025-11-16T14:49:47Z,Symbolica Single-rider,OPERATING,SINGLE_RIDER,20
2025-11-16T14:49:47Z,Halve Maen,OPERATING,STANDBY,10
2025-11-16T14:49:47Z,Stoomtrein Ruigrijk,OPERATING,STANDBY,25
2025-11-16T14:49:47Z,Kinderspoor,OPERATING,STANDBY,15
2025-11-16T14:49:47Z,Fabula,OPERATING,STANDBY,10
2025-11-16T14:49:47Z,Monorail,REFURBISHMENT,STANDBY,NA
2025-11-16T14:49:47Z,Max & Moritz,OPERATING,STANDBY,20
2025-11-16T14:49:47Z,Max & Moritz Single-rider,OPERATING,SINGLE_RIDER,15
2025-11-16T14:49:47Z,Gondoletta,OPERATING,STANDBY,5
2025-11-16T14:49:47Z,De Oude Tufferbaan,OPERATING,STANDBY,35
2025-11-16T14:49:47Z,Python,OPERATING,STANDBY,30
2025-11-16T14:49:47Z,Python Single-rider,OPERATING,SINGLE_RIDER,0
2025-11-16T14:49:47Z,Piraña,OPERATING,STANDBY,10
2025-11-16T14:49:47Z,Joris en de Draak,OPERATING,STANDBY,30
2025-11-16T14:49:47Z,Joris en de Draak Single-rider,OPERATING,SINGLE_RIDER,15
2025-11-16T14:49:47Z,Carnaval Festival,OPERATING,STANDBY,25
2025-11-16T14:49:47Z,Vogel Rok,OPERATING,STANDBY,25
2025-11-16T14:49:47Z,Pagode,OPERATING,STANDBY,5
2025-11-16T14:49:47Z,Baron 1898,OPERATING,STANDBY,45
2025-11-16T14:49:47Z,Baron 1898 Single-rider,OPERATING,SINGLE_RIDER,10
2025-11-16T14:49:47Z,Danse Macabre,OPERATING,STANDBY,45
2025-11-16T14:49:47Z,Danse Macabre Single-rider,OPERATING,SINGLE_RIDER,0
2025-11-16T15:14:15Z,Droomvlucht,OPERATING,STANDBY,40
2025-11-16T15:14:15Z,Fata Morgana,OPERATING,STANDBY,20
2025-11-16T15:14:15Z,Villa Volta,OPERATING,STANDBY,5
2025-11-16T15:14:15Z,De Vliegende Hollander,OPERATING,STANDBY,35
2025-11-16T15:14:15Z,De Vliegende Hollander Single-rider,OPERATING,SINGLE_RIDER,0
2025-11-16T15:14:15Z,Sirocco,REFURBISHMENT,STANDBY,NA
2025-11-16T15:14:15Z,Stoomcarrousel,OPERATING,STANDBY,10
2025-11-16T15:14:15Z,Stoomtrein Marerijk,OPERATING,STANDBY,25
2025-11-16T15:14:15Z,Symbolica,OPERATING,STANDBY,45
2025-11-16T15:14:15Z,Symbolica Single-rider,OPERATING,SINGLE_RIDER,10
2025-11-16T15:14:15Z,Halve Maen,OPERATING,STANDBY,10
2025-11-16T15:14:15Z,Stoomtrein Ruigrijk,OPERATING,STANDBY,25
2025-11-16T15:14:15Z,Kinderspoor,OPERATING,STANDBY,10
2025-11-16T15:14:15Z,Fabula,OPERATING,STANDBY,10
2025-11-16T15:14:15Z,Monorail,REFURBISHMENT,STANDBY,NA
2025-11-16T15:14:15Z,Max & Moritz,OPERATING,STANDBY,20
2025-11-16T15:14:15Z,Max & Moritz Single-rider,OPERATING,SINGLE_RIDER,5
2025-11-16T15:14:15Z,Gondoletta,OPERATING,STANDBY,5
2025-11-16T15:14:15Z,Python,OPERATING,STANDBY,35
2025-11-16T15:14:15Z,Python Single-rider,OPERATING,SINGLE_RIDER,20
2025-11-16T15:14:15Z,De Oude Tufferbaan,OPERATING,STANDBY,15
2025-11-16T15:14:15Z,Piraña,OPERATING,STANDBY,10
2025-11-16T15:14:15Z,Joris en de Draak,OPERATING,STANDBY,35
2025-11-16T15:14:15Z,Joris en de Draak Single-rider,OPERATING,SINGLE_RIDER,15
2025-11-16T15:14:15Z,Carnaval Festival,OPERATING,STANDBY,20
2025-11-16T15:14:15Z,Vogel Rok,OPERATING,STANDBY,25
2025-11-16T15:14:15Z,Pagode,OPERATING,STANDBY,5
2025-11-16T15:14:15Z,Baron 1898,OPERATING,STANDBY,45
2025-11-16T15:14:15Z,Baron 1898 Single-rider,OPERATING,SINGLE_RIDER,25
2025-11-16T15:14:15Z,Danse Macabre,OPERATING,STANDBY,50
2025-11-16T15:14:15Z,Danse Macabre Single-rider,OPERATING,SINGLE_RIDER,0
2025-11-16T15:31:46Z,Droomvlucht,OPERATING,STANDBY,40
2025-11-16T15:31:46Z,Fata Morgana,OPERATING,STANDBY,20
2025-11-16T15:31:46Z,Villa Volta,OPERATING,STANDBY,5
2025-11-16T15:31:46Z,De Vliegende Hollander,OPERATING,STANDBY,40
2025-11-16T15:31:46Z,De Vliegende Hollander Single-rider,OPERATING,SINGLE_RIDER,0
2025-11-16T15:31:46Z,Sirocco,REFURBISHMENT,STANDBY,NA
2025-11-16T15:31:46Z,Stoomcarrousel,OPERATING,STANDBY,10
2025-11-16T15:31:46Z,Stoomtrein Marerijk,OPERATING,STANDBY,25
2025-11-16T15:31:46Z,Symbolica,OPERATING,STANDBY,35
2025-11-16T15:31:46Z,Symbolica Single-rider,OPERATING,SINGLE_RIDER,15
2025-11-16T15:31:46Z,Halve Maen,OPERATING,STANDBY,10
2025-11-16T15:31:46Z,Stoomtrein Ruigrijk,OPERATING,STANDBY,25
2025-11-16T15:31:46Z,Kinderspoor,OPERATING,STANDBY,5
2025-11-16T15:31:46Z,Fabula,OPERATING,STANDBY,10
2025-11-16T15:31:46Z,Monorail,REFURBISHMENT,STANDBY,NA
2025-11-16T15:31:46Z,Max & Moritz,OPERATING,STANDBY,15
2025-11-16T15:31:46Z,Max & Moritz Single-rider,OPERATING,SINGLE_RIDER,5
2025-11-16T15:31:46Z,Gondoletta,OPERATING,STANDBY,5
2025-11-16T15:31:46Z,Python,OPERATING,STANDBY,35
2025-11-16T15:31:46Z,Python Single-rider,OPERATING,SINGLE_RIDER,25
2025-11-16T15:31:46Z,De Oude Tufferbaan,OPERATING,STANDBY,15
2025-11-16T15:31:46Z,Piraña,OPERATING,STANDBY,10
2025-11-16T15:31:46Z,Joris en de Draak,DOWN,STANDBY,0
2025-11-16T15:31:46Z,Joris en de Draak Single-rider,DOWN,SINGLE_RIDER,NA
2025-11-16T15:31:46Z,Carnaval Festival,OPERATING,STANDBY,20
2025-11-16T15:31:46Z,Vogel Rok,OPERATING,STANDBY,20
2025-11-16T15:31:46Z,Pagode,OPERATING,STANDBY,5
2025-11-16T15:31:46Z,Baron 1898,OPERATING,STANDBY,45
2025-11-16T15:31:46Z,Baron 1898 Single-rider,OPERATING,SINGLE_RIDER,45
2025-11-16T15:31:46Z,Danse Macabre,OPERATING,STANDBY,50
2025-11-16T15:31:46Z,Danse Macabre Single-rider,OPERATING,SINGLE_RIDER,0
2025-11-16T15:49:42Z,Droomvlucht,OPERATING,STANDBY,40
2025-11-16T15:49:42Z,Fata Morgana,OPERATING,STANDBY,15
2025-11-16T15:49:42Z,Villa Volta,OPERATING,STANDBY,10
2025-11-16T15:49:42Z,De Vliegende Hollander,OPERATING,STANDBY,40
2025-11-16T15:49:42Z,De Vliegende Hollander Single-rider,OPERATING,SINGLE_RIDER,0
2025-11-16T15:49:42Z,Sirocco,REFURBISHMENT,STANDBY,NA
2025-11-16T15:49:42Z,Stoomcarrousel,OPERATING,STANDBY,10
2025-11-16T15:49:42Z,Stoomtrein Marerijk,OPERATING,STANDBY,25
2025-11-16T15:49:42Z,Symbolica,OPERATING,STANDBY,40
2025-11-16T15:49:42Z,Symbolica Single-rider,OPERATING,SINGLE_RIDER,15
2025-11-16T15:49:42Z,Halve Maen,OPERATING,STANDBY,10
2025-11-16T15:49:42Z,Stoomtrein Ruigrijk,OPERATING,STANDBY,25
2025-11-16T15:49:42Z,Kinderspoor,OPERATING,STANDBY,5
2025-11-16T15:49:42Z,Fabula,OPERATING,STANDBY,10
2025-11-16T15:49:42Z,Monorail,REFURBISHMENT,STANDBY,NA
2025-11-16T15:49:42Z,Max & Moritz,OPERATING,STANDBY,15
2025-11-16T15:49:42Z,Max & Moritz Single-rider,OPERATING,SINGLE_RIDER,5
2025-11-16T15:49:42Z,Gondoletta,OPERATING,STANDBY,5
2025-11-16T15:49:42Z,Python,OPERATING,STANDBY,35
2025-11-16T15:49:42Z,Python Single-rider,OPERATING,SINGLE_RIDER,25
2025-11-16T15:49:42Z,De Oude Tufferbaan,OPERATING,STANDBY,20
2025-11-16T15:49:42Z,Piraña,OPERATING,STANDBY,5
2025-11-16T15:49:42Z,Joris en de Draak,OPERATING,STANDBY,35
2025-11-16T15:49:42Z,Joris en de Draak Single-rider,OPERATING,SINGLE_RIDER,20
2025-11-16T15:49:42Z,Carnaval Festival,OPERATING,STANDBY,20
2025-11-16T15:49:42Z,Vogel Rok,OPERATING,STANDBY,25
2025-11-16T15:49:42Z,Pagode,OPERATING,STANDBY,5
2025-11-16T15:49:42Z,Baron 1898,OPERATING,STANDBY,45
2025-11-16T15:49:42Z,Baron 1898 Single-rider,OPERATING,SINGLE_RIDER,45
2025-11-16T15:49:42Z,Danse Macabre,OPERATING,STANDBY,45
2025-11-16T15:49:42Z,Danse Macabre Single-rider,OPERATING,SINGLE_RIDER,0
2025-11-16T16:15:12Z,Droomvlucht,OPERATING,STANDBY,40
2025-11-16T16:15:12Z,Fata Morgana,OPERATING,STANDBY,20
2025-11-16T16:15:12Z,Villa Volta,OPERATING,STANDBY,10
2025-11-16T16:15:12Z,De Vliegende Hollander,OPERATING,STANDBY,35
2025-11-16T16:15:12Z,De Vliegende Hollander Single-rider,OPERATING,SINGLE_RIDER,0
2025-11-16T16:15:12Z,Sirocco,REFURBISHMENT,STANDBY,NA
2025-11-16T16:15:12Z,Stoomcarrousel,OPERATING,STANDBY,10
2025-11-16T16:15:12Z,Stoomtrein Marerijk,OPERATING,STANDBY,25
2025-11-16T16:15:12Z,Symbolica,OPERATING,STANDBY,40
2025-11-16T16:15:12Z,Symbolica Single-rider,OPERATING,SINGLE_RIDER,10
2025-11-16T16:15:12Z,Halve Maen,OPERATING,STANDBY,10
2025-11-16T16:15:12Z,Stoomtrein Ruigrijk,OPERATING,STANDBY,25
2025-11-16T16:15:12Z,Kinderspoor,OPERATING,STANDBY,15
2025-11-16T16:15:12Z,Fabula,OPERATING,STANDBY,10
2025-11-16T16:15:12Z,Monorail,REFURBISHMENT,STANDBY,NA
2025-11-16T16:15:12Z,Max & Moritz,OPERATING,STANDBY,15
2025-11-16T16:15:12Z,Max & Moritz Single-rider,OPERATING,SINGLE_RIDER,5
2025-11-16T16:15:12Z,Gondoletta,OPERATING,STANDBY,5
2025-11-16T16:15:12Z,Python,OPERATING,STANDBY,35
2025-11-16T16:15:12Z,Python Single-rider,OPERATING,SINGLE_RIDER,25
2025-11-16T16:15:12Z,De Oude Tufferbaan,OPERATING,STANDBY,15
2025-11-16T16:15:12Z,Piraña,OPERATING,STANDBY,5
2025-11-16T16:15:12Z,Joris en de Draak,OPERATING,STANDBY,35
2025-11-16T16:15:12Z,Joris en de Draak Single-rider,OPERATING,SINGLE_RIDER,20
2025-11-16T16:15:12Z,Carnaval Festival,OPERATING,STANDBY,15
2025-11-16T16:15:12Z,Vogel Rok,OPERATING,STANDBY,15
2025-11-16T16:15:12Z,Pagode,OPERATING,STANDBY,5
2025-11-16T16:15:12Z,Baron 1898,OPERATING,STANDBY,40
2025-11-16T16:15:12Z,Baron 1898 Single-rider,OPERATING,SINGLE_RIDER,30
2025-11-16T16:15:12Z,Danse Macabre,OPERATING,STANDBY,45
2025-11-16T16:15:12Z,Danse Macabre Single-rider,OPERATING,SINGLE_RIDER,0
2025-11-16T16:37:04Z,Droomvlucht,OPERATING,STANDBY,40
2025-11-16T16:37:04Z,Fata Morgana,OPERATING,STANDBY,20
2025-11-16T16:37:04Z,Villa Volta,OPERATING,STANDBY,10
2025-11-16T16:37:04Z,De Vliegende Hollander,OPERATING,STANDBY,35
2025-11-16T16:37:04Z,De Vliegende Hollander Single-rider,OPERATING,SINGLE_RIDER,0
2025-11-16T16:37:04Z,Sirocco,REFURBISHMENT,STANDBY,NA
2025-11-16T16:37:04Z,Stoomcarrousel,OPERATING,STANDBY,10
2025-11-16T16:37:04Z,Stoomtrein Marerijk,OPERATING,STANDBY,25
2025-11-16T16:37:04Z,Symbolica,OPERATING,STANDBY,40
2025-11-16T16:37:04Z,Symbolica Single-rider,OPERATING,SINGLE_RIDER,10
2025-11-16T16:37:04Z,Halve Maen,OPERATING,STANDBY,10
2025-11-16T16:37:04Z,Stoomtrein Ruigrijk,OPERATING,STANDBY,25
2025-11-16T16:37:04Z,Kinderspoor,OPERATING,STANDBY,15
2025-11-16T16:37:04Z,Fabula,OPERATING,STANDBY,10
2025-11-16T16:37:04Z,Monorail,REFURBISHMENT,STANDBY,NA
2025-11-16T16:37:04Z,Max & Moritz,OPERATING,STANDBY,15
2025-11-16T16:37:04Z,Max & Moritz Single-rider,OPERATING,SINGLE_RIDER,5
2025-11-16T16:37:04Z,Gondoletta,CLOSED,STANDBY,NA
2025-11-16T16:37:04Z,Python,OPERATING,STANDBY,15
2025-11-16T16:37:04Z,Python Single-rider,OPERATING,SINGLE_RIDER,15
2025-11-16T16:37:04Z,De Oude Tufferbaan,OPERATING,STANDBY,10
2025-11-16T16:37:04Z,Piraña,OPERATING,STANDBY,15
2025-11-16T16:37:04Z,Joris en de Draak,OPERATING,STANDBY,30
2025-11-16T16:37:04Z,Joris en de Draak Single-rider,OPERATING,SINGLE_RIDER,25
2025-11-16T16:37:04Z,Carnaval Festival,OPERATING,STANDBY,15
2025-11-16T16:37:04Z,Vogel Rok,OPERATING,STANDBY,10
2025-11-16T16:37:04Z,Pagode,OPERATING,STANDBY,5
2025-11-16T16:37:04Z,Baron 1898,OPERATING,STANDBY,45
2025-11-16T16:37:04Z,Baron 1898 Single-rider,OPERATING,SINGLE_RIDER,25
2025-11-16T16:37:04Z,Danse Macabre,OPERATING,STANDBY,45
2025-11-16T16:37:04Z,Danse Macabre Single-rider,OPERATING,SINGLE_RIDER,0
2025-11-16T16:49:24Z,Droomvlucht,OPERATING,STANDBY,40
2025-11-16T16:49:24Z,Fata Morgana,OPERATING,STANDBY,20
2025-11-16T16:49:24Z,Villa Volta,OPERATING,STANDBY,10
2025-11-16T16:49:24Z,De Vliegende Hollander,OPERATING,STANDBY,35
2025-11-16T16:49:24Z,De Vliegende Hollander Single-rider,OPERATING,SINGLE_RIDER,0
2025-11-16T16:49:24Z,Sirocco,REFURBISHMENT,STANDBY,NA
2025-11-16T16:49:24Z,Stoomcarrousel,OPERATING,STANDBY,10
2025-11-16T16:49:24Z,Stoomtrein Marerijk,OPERATING,STANDBY,25
2025-11-16T16:49:24Z,Symbolica,OPERATING,STANDBY,40
2025-11-16T16:49:24Z,Symbolica Single-rider,OPERATING,SINGLE_RIDER,10
2025-11-16T16:49:24Z,Halve Maen,OPERATING,STANDBY,10
2025-11-16T16:49:24Z,Stoomtrein Ruigrijk,OPERATING,STANDBY,25
2025-11-16T16:49:24Z,Kinderspoor,OPERATING,STANDBY,15
2025-11-16T16:49:24Z,Fabula,OPERATING,STANDBY,10
2025-11-16T16:49:24Z,Monorail,REFURBISHMENT,STANDBY,NA
2025-11-16T16:49:24Z,Max & Moritz,OPERATING,STANDBY,15
2025-11-16T16:49:24Z,Max & Moritz Single-rider,OPERATING,SINGLE_RIDER,5
2025-11-16T16:49:24Z,Gondoletta,CLOSED,STANDBY,NA
2025-11-16T16:49:24Z,Python,OPERATING,STANDBY,20
2025-11-16T16:49:24Z,Python Single-rider,OPERATING,SINGLE_RIDER,15
2025-11-16T16:49:24Z,De Oude Tufferbaan,OPERATING,STANDBY,5
2025-11-16T16:49:24Z,Piraña,OPERATING,STANDBY,15
2025-11-16T16:49:24Z,Joris en de Draak,OPERATING,STANDBY,30
2025-11-16T16:49:24Z,Joris en de Draak Single-rider,OPERATING,SINGLE_RIDER,25
2025-11-16T16:49:24Z,Carnaval Festival,OPERATING,STANDBY,5
2025-11-16T16:49:24Z,Vogel Rok,OPERATING,STANDBY,15
2025-11-16T16:49:24Z,Pagode,OPERATING,STANDBY,5
2025-11-16T16:49:24Z,Baron 1898,OPERATING,STANDBY,35
2025-11-16T16:49:24Z,Baron 1898 Single-rider,OPERATING,SINGLE_RIDER,40
2025-11-16T16:49:24Z,Danse Macabre,OPERATING,STANDBY,45
2025-11-16T16:49:24Z,Danse Macabre Single-rider,OPERATING,SINGLE_RIDER,0
2025-11-16T17:18:40Z,Droomvlucht,OPERATING,STANDBY,30
2025-11-16T17:18:40Z,Fata Morgana,OPERATING,STANDBY,10
2025-11-16T17:18:40Z,Villa Volta,OPERATING,STANDBY,5
2025-11-16T17:18:40Z,De Vliegende Hollander,OPERATING,STANDBY,30
2025-11-16T17:18:40Z,De Vliegende Hollander Single-rider,OPERATING,SINGLE_RIDER,0
2025-11-16T17:18:40Z,Sirocco,REFURBISHMENT,STANDBY,NA
2025-11-16T17:18:40Z,Stoomcarrousel,OPERATING,STANDBY,5
2025-11-16T17:18:40Z,Stoomtrein Marerijk,OPERATING,STANDBY,25
2025-11-16T17:18:40Z,Symbolica,OPERATING,STANDBY,30
2025-11-16T17:18:40Z,Symbolica Single-rider,OPERATING,SINGLE_RIDER,15
2025-11-16T17:18:40Z,Halve Maen,OPERATING,STANDBY,10
2025-11-16T17:18:40Z,Stoomtrein Ruigrijk,OPERATING,STANDBY,25
2025-11-16T17:18:40Z,Kinderspoor,OPERATING,STANDBY,15
2025-11-16T17:18:40Z,Fabula,OPERATING,STANDBY,10
2025-11-16T17:18:40Z,Monorail,REFURBISHMENT,STANDBY,NA
2025-11-16T17:18:40Z,Max & Moritz,OPERATING,STANDBY,15
2025-11-16T17:18:40Z,Max & Moritz Single-rider,OPERATING,SINGLE_RIDER,5
2025-11-16T17:18:40Z,Gondoletta,CLOSED,STANDBY,NA
2025-11-16T17:18:40Z,Python,OPERATING,STANDBY,15
2025-11-16T17:18:40Z,Python Single-rider,OPERATING,SINGLE_RIDER,10
2025-11-16T17:18:40Z,De Oude Tufferbaan,OPERATING,STANDBY,5
2025-11-16T17:18:40Z,Piraña,OPERATING,STANDBY,5
2025-11-16T17:18:40Z,Joris en de Draak,OPERATING,STANDBY,20
2025-11-16T17:18:40Z,Joris en de Draak Single-rider,OPERATING,SINGLE_RIDER,10
2025-11-16T17:18:40Z,Carnaval Festival,OPERATING,STANDBY,0
2025-11-16T17:18:40Z,Vogel Rok,DOWN,STANDBY,0
2025-11-16T17:18:40Z,Pagode,OPERATING,STANDBY,5
2025-11-16T17:18:40Z,Baron 1898,OPERATING,STANDBY,45
2025-11-16T17:18:40Z,Baron 1898 Single-rider,OPERATING,SINGLE_RIDER,25
2025-11-16T17:18:40Z,Danse Macabre,OPERATING,STANDBY,40
2025-11-16T17:18:40Z,Danse Macabre Single-rider,OPERATING,SINGLE_RIDER,0
2025-11-16T17:42:53Z,Droomvlucht,OPERATING,STANDBY,30
2025-11-16T17:42:53Z,Fata Morgana,OPERATING,STANDBY,5
2025-11-16T17:42:53Z,Villa Volta,OPERATING,STANDBY,5
2025-11-16T17:42:53Z,De Vliegende Hollander,OPERATING,STANDBY,25
2025-11-16T17:42:53Z,De Vliegende Hollander Single-rider,OPERATING,SINGLE_RIDER,0
2025-11-16T17:42:53Z,Sirocco,REFURBISHMENT,STANDBY,NA
2025-11-16T17:42:53Z,Stoomcarrousel,OPERATING,STANDBY,5
2025-11-16T17:42:53Z,Stoomtrein Marerijk,OPERATING,STANDBY,25
2025-11-16T17:42:53Z,Symbolica,OPERATING,STANDBY,30
2025-11-16T17:42:53Z,Symbolica Single-rider,OPERATING,SINGLE_RIDER,10
2025-11-16T17:42:53Z,Halve Maen,OPERATING,STANDBY,5
2025-11-16T17:42:53Z,Stoomtrein Ruigrijk,OPERATING,STANDBY,25
2025-11-16T17:42:53Z,Kinderspoor,OPERATING,STANDBY,15
2025-11-16T17:42:53Z,Fabula,OPERATING,STANDBY,10
2025-11-16T17:42:53Z,Monorail,REFURBISHMENT,STANDBY,NA
2025-11-16T17:42:53Z,Max & Moritz,OPERATING,STANDBY,10
2025-11-16T17:42:53Z,Max & Moritz Single-rider,OPERATING,SINGLE_RIDER,5
2025-11-16T17:42:53Z,Gondoletta,CLOSED,STANDBY,NA
2025-11-16T17:42:53Z,Python,OPERATING,STANDBY,15
2025-11-16T17:42:53Z,Python Single-rider,OPERATING,SINGLE_RIDER,0
2025-11-16T17:42:53Z,De Oude Tufferbaan,OPERATING,STANDBY,5
2025-11-16T17:42:53Z,Piraña,OPERATING,STANDBY,5
2025-11-16T17:42:53Z,Joris en de Draak,OPERATING,STANDBY,20
2025-11-16T17:42:53Z,Joris en de Draak Single-rider,OPERATING,SINGLE_RIDER,25
2025-11-16T17:42:53Z,Carnaval Festival,OPERATING,STANDBY,0
2025-11-16T17:42:53Z,Vogel Rok,DOWN,STANDBY,0
2025-11-16T17:42:53Z,Pagode,OPERATING,STANDBY,5
2025-11-16T17:42:53Z,Baron 1898,OPERATING,STANDBY,40
2025-11-16T17:42:53Z,Baron 1898 Single-rider,OPERATING,SINGLE_RIDER,25
2025-11-16T17:42:53Z,Danse Macabre,OPERATING,STANDBY,40
2025-11-16T17:42:53Z,Danse Macabre Single-rider,OPERATING,SINGLE_RIDER,0
2025-11-16T17:52:02Z,Droomvlucht,OPERATING,STANDBY,30
2025-11-16T17:52:02Z,Fata Morgana,OPERATING,STANDBY,5
2025-11-16T17:52:02Z,Villa Volta,OPERATING,STANDBY,5
2025-11-16T17:52:02Z,De Vliegende Hollander,OPERATING,STANDBY,25
2025-11-16T17:52:02Z,De Vliegende Hollander Single-rider,OPERATING,SINGLE_RIDER,0
2025-11-16T17:52:02Z,Sirocco,REFURBISHMENT,STANDBY,NA
2025-11-16T17:52:02Z,Stoomcarrousel,OPERATING,STANDBY,5
2025-11-16T17:52:02Z,Stoomtrein Marerijk,OPERATING,STANDBY,25
2025-11-16T17:52:02Z,Symbolica,OPERATING,STANDBY,25
2025-11-16T17:52:02Z,Symbolica Single-rider,OPERATING,SINGLE_RIDER,5
2025-11-16T17:52:02Z,Halve Maen,OPERATING,STANDBY,5
2025-11-16T17:52:02Z,Stoomtrein Ruigrijk,OPERATING,STANDBY,25
2025-11-16T17:52:02Z,Kinderspoor,OPERATING,STANDBY,15
2025-11-16T17:52:02Z,Fabula,OPERATING,STANDBY,10
2025-11-16T17:52:02Z,Monorail,REFURBISHMENT,STANDBY,NA
2025-11-16T17:52:02Z,Max & Moritz,OPERATING,STANDBY,10
2025-11-16T17:52:02Z,Max & Moritz Single-rider,OPERATING,SINGLE_RIDER,5
2025-11-16T17:52:02Z,Gondoletta,CLOSED,STANDBY,NA
2025-11-16T17:52:02Z,Python,OPERATING,STANDBY,10
2025-11-16T17:52:02Z,Python Single-rider,OPERATING,SINGLE_RIDER,0
2025-11-16T17:52:02Z,De Oude Tufferbaan,OPERATING,STANDBY,5
2025-11-16T17:52:02Z,Piraña,OPERATING,STANDBY,5
2025-11-16T17:52:02Z,Joris en de Draak,OPERATING,STANDBY,30
2025-11-16T17:52:02Z,Joris en de Draak Single-rider,OPERATING,SINGLE_RIDER,5
2025-11-16T17:52:02Z,Carnaval Festival,OPERATING,STANDBY,0
2025-11-16T17:52:02Z,Vogel Rok,DOWN,STANDBY,0
2025-11-16T17:52:02Z,Pagode,OPERATING,STANDBY,5
2025-11-16T17:52:02Z,Baron 1898,OPERATING,STANDBY,35
2025-11-16T17:52:02Z,Baron 1898 Single-rider,OPERATING,SINGLE_RIDER,25
2025-11-16T17:52:02Z,Danse Macabre,OPERATING,STANDBY,40
2025-11-16T17:52:02Z,Danse Macabre Single-rider,OPERATING,SINGLE_RIDER,0
2025-11-16T18:13:35Z,Droomvlucht,OPERATING,STANDBY,10
2025-11-16T18:13:35Z,Fata Morgana,OPERATING,STANDBY,5
2025-11-16T18:13:35Z,Villa Volta,OPERATING,STANDBY,5
2025-11-16T18:13:35Z,De Vliegende Hollander,OPERATING,STANDBY,30
2025-11-16T18:13:35Z,De Vliegende Hollander Single-rider,OPERATING,SINGLE_RIDER,0
2025-11-16T18:13:35Z,Sirocco,REFURBISHMENT,STANDBY,NA
2025-11-16T18:13:35Z,Stoomcarrousel,OPERATING,STANDBY,5
2025-11-16T18:13:35Z,Stoomtrein Marerijk,OPERATING,STANDBY,25
2025-11-16T18:13:35Z,Symbolica,OPERATING,STANDBY,25
2025-11-16T18:13:35Z,Symbolica Single-rider,OPERATING,SINGLE_RIDER,5
2025-11-16T18:13:35Z,Halve Maen,OPERATING,STANDBY,5
2025-11-16T18:13:35Z,Stoomtrein Ruigrijk,OPERATING,STANDBY,25
2025-11-16T18:13:35Z,Kinderspoor,OPERATING,STANDBY,5
2025-11-16T18:13:35Z,Fabula,OPERATING,STANDBY,10
2025-11-16T18:13:35Z,Monorail,REFURBISHMENT,STANDBY,NA
2025-11-16T18:13:35Z,Max & Moritz,OPERATING,STANDBY,5
2025-11-16T18:13:35Z,Max & Moritz Single-rider,OPERATING,SINGLE_RIDER,5
2025-11-16T18:13:35Z,Gondoletta,CLOSED,STANDBY,NA
2025-11-16T18:13:35Z,Python,OPERATING,STANDBY,10
2025-11-16T18:13:35Z,Python Single-rider,OPERATING,SINGLE_RIDER,0
2025-11-16T18:13:35Z,De Oude Tufferbaan,OPERATING,STANDBY,0
2025-11-16T18:13:35Z,Piraña,OPERATING,STANDBY,5
2025-11-16T18:13:35Z,Joris en de Draak,OPERATING,STANDBY,25
2025-11-16T18:13:35Z,Joris en de Draak Single-rider,OPERATING,SINGLE_RIDER,25
2025-11-16T18:13:35Z,Carnaval Festival,OPERATING,STANDBY,0
2025-11-16T18:13:35Z,Vogel Rok,DOWN,STANDBY,0
2025-11-16T18:13:35Z,Pagode,OPERATING,STANDBY,5
2025-11-16T18:13:35Z,Baron 1898,OPERATING,STANDBY,30
2025-11-16T18:13:35Z,Baron 1898 Single-rider,OPERATING,SINGLE_RIDER,40
2025-11-16T18:13:35Z,Danse Macabre,OPERATING,STANDBY,25
2025-11-16T18:13:35Z,Danse Macabre Single-rider,OPERATING,SINGLE_RIDER,0
2025-11-16T18:30:00Z,Droomvlucht,OPERATING,STANDBY,5
2025-11-16T18:30:00Z,Fata Morgana,OPERATING,STANDBY,5
2025-11-16T18:30:00Z,Villa Volta,OPERATING,STANDBY,5
2025-11-16T18:30:00Z,De Vliegende Hollander,OPERATING,STANDBY,25
2025-11-16T18:30:00Z,De Vliegende Hollander Single-rider,OPERATING,SINGLE_RIDER,0
2025-11-16T18:30:00Z,Sirocco,REFURBISHMENT,STANDBY,NA
2025-11-16T18:30:00Z,Stoomcarrousel,OPERATING,STANDBY,5
2025-11-16T18:30:00Z,Stoomtrein Marerijk,OPERATING,STANDBY,25
2025-11-16T18:30:00Z,Symbolica,OPERATING,STANDBY,25
2025-11-16T18:30:00Z,Symbolica Single-rider,OPERATING,SINGLE_RIDER,5
2025-11-16T18:30:00Z,Halve Maen,OPERATING,STANDBY,5
2025-11-16T18:30:00Z,Stoomtrein Ruigrijk,OPERATING,STANDBY,25
2025-11-16T18:30:00Z,Kinderspoor,OPERATING,STANDBY,5
2025-11-16T18:30:00Z,Fabula,OPERATING,STANDBY,10
2025-11-16T18:30:00Z,Monorail,REFURBISHMENT,STANDBY,NA
2025-11-16T18:30:00Z,Max & Moritz,OPERATING,STANDBY,5
2025-11-16T18:30:00Z,Max & Moritz Single-rider,OPERATING,SINGLE_RIDER,5
2025-11-16T18:30:00Z,Gondoletta,CLOSED,STANDBY,NA
2025-11-16T18:30:00Z,Python,OPERATING,STANDBY,10
2025-11-16T18:30:00Z,Python Single-rider,OPERATING,SINGLE_RIDER,0
2025-11-16T18:30:00Z,De Oude Tufferbaan,OPERATING,STANDBY,0
2025-11-16T18:30:00Z,Piraña,OPERATING,STANDBY,5
2025-11-16T18:30:00Z,Joris en de Draak,OPERATING,STANDBY,20
2025-11-16T18:30:00Z,Joris en de Draak Single-rider,OPERATING,SINGLE_RIDER,5
2025-11-16T18:30:00Z,Carnaval Festival,OPERATING,STANDBY,0
2025-11-16T18:30:00Z,Vogel Rok,OPERATING,STANDBY,5
2025-11-16T18:30:00Z,Pagode,OPERATING,STANDBY,5
2025-11-16T18:30:00Z,Baron 1898,OPERATING,STANDBY,30
2025-11-16T18:30:00Z,Baron 1898 Single-rider,OPERATING,SINGLE_RIDER,30
2025-11-16T18:30:00Z,Danse Macabre,OPERATING,STANDBY,25
2025-11-16T18:30:00Z,Danse Macabre Single-rider,OPERATING,SINGLE_RIDER,0
2025-11-16T18:41:39Z,Droomvlucht,OPERATING,STANDBY,5
2025-11-16T18:41:39Z,Fata Morgana,OPERATING,STANDBY,10
2025-11-16T18:41:39Z,Villa Volta,OPERATING,STANDBY,5
2025-11-16T18:41:39Z,De Vliegende Hollander,OPERATING,STANDBY,20
2025-11-16T18:41:39Z,De Vliegende Hollander Single-rider,OPERATING,SINGLE_RIDER,0
2025-11-16T18:41:39Z,Sirocco,REFURBISHMENT,STANDBY,NA
2025-11-16T18:41:39Z,Stoomcarrousel,OPERATING,STANDBY,5
2025-11-16T18:41:39Z,Stoomtrein Marerijk,OPERATING,STANDBY,25
2025-11-16T18:41:39Z,Symbolica,OPERATING,STANDBY,25
2025-11-16T18:41:39Z,Symbolica Single-rider,OPERATING,SINGLE_RIDER,5
2025-11-16T18:41:39Z,Halve Maen,OPERATING,STANDBY,5
2025-11-16T18:41:39Z,Stoomtrein Ruigrijk,CLOSED,STANDBY,NA
2025-11-16T18:41:39Z,Kinderspoor,OPERATING,STANDBY,5
2025-11-16T18:41:39Z,Fabula,OPERATING,STANDBY,10
2025-11-16T18:41:39Z,Monorail,REFURBISHMENT,STANDBY,NA
2025-11-16T18:41:39Z,Max & Moritz,OPERATING,STANDBY,5
2025-11-16T18:41:39Z,Max & Moritz Single-rider,OPERATING,SINGLE_RIDER,5
2025-11-16T18:41:39Z,Gondoletta,CLOSED,STANDBY,NA
2025-11-16T18:41:39Z,Python,OPERATING,STANDBY,10
2025-11-16T18:41:39Z,Python Single-rider,OPERATING,SINGLE_RIDER,0
2025-11-16T18:41:39Z,De Oude Tufferbaan,OPERATING,STANDBY,0
2025-11-16T18:41:39Z,Piraña,OPERATING,STANDBY,5
2025-11-16T18:41:39Z,Joris en de Draak,OPERATING,STANDBY,20
2025-11-16T18:41:39Z,Joris en de Draak Single-rider,OPERATING,SINGLE_RIDER,5
2025-11-16T18:41:39Z,Carnaval Festival,OPERATING,STANDBY,0
2025-11-16T18:41:39Z,Vogel Rok,OPERATING,STANDBY,5
2025-11-16T18:41:39Z,Pagode,OPERATING,STANDBY,5
2025-11-16T18:41:39Z,Baron 1898,OPERATING,STANDBY,30
2025-11-16T18:41:39Z,Baron 1898 Single-rider,OPERATING,SINGLE_RIDER,30
2025-11-16T18:41:39Z,Danse Macabre,OPERATING,STANDBY,20
2025-11-16T18:41:39Z,Danse Macabre Single-rider,OPERATING,SINGLE_RIDER,0
2025-11-16T18:50:54Z,Droomvlucht,OPERATING,STANDBY,5
2025-11-16T18:50:54Z,Fata Morgana,OPERATING,STANDBY,10
2025-11-16T18:50:54Z,Villa Volta,OPERATING,STANDBY,5
2025-11-16T18:50:54Z,De Vliegende Hollander,OPERATING,STANDBY,20
2025-11-16T18:50:54Z,De Vliegende Hollander Single-rider,OPERATING,SINGLE_RIDER,0
2025-11-16T18:50:54Z,Sirocco,REFURBISHMENT,STANDBY,NA
2025-11-16T18:50:54Z,Stoomcarrousel,OPERATING,STANDBY,5
2025-11-16T18:50:54Z,Stoomtrein Marerijk,CLOSED,STANDBY,NA
2025-11-16T18:50:54Z,Symbolica,OPERATING,STANDBY,25
2025-11-16T18:50:54Z,Symbolica Single-rider,OPERATING,SINGLE_RIDER,5
2025-11-16T18:50:54Z,Halve Maen,OPERATING,STANDBY,5
2025-11-16T18:50:54Z,Stoomtrein Ruigrijk,CLOSED,STANDBY,NA
2025-11-16T18:50:54Z,Kinderspoor,OPERATING,STANDBY,5
2025-11-16T18:50:54Z,Fabula,OPERATING,STANDBY,10
2025-11-16T18:50:54Z,Monorail,REFURBISHMENT,STANDBY,NA
2025-11-16T18:50:54Z,Max & Moritz,OPERATING,STANDBY,5
2025-11-16T18:50:54Z,Max & Moritz Single-rider,OPERATING,SINGLE_RIDER,5
2025-11-16T18:50:54Z,Gondoletta,CLOSED,STANDBY,NA
2025-11-16T18:50:54Z,Python,OPERATING,STANDBY,10
2025-11-16T18:50:54Z,Python Single-rider,OPERATING,SINGLE_RIDER,0
2025-11-16T18:50:54Z,De Oude Tufferbaan,OPERATING,STANDBY,0
2025-11-16T18:50:54Z,Piraña,OPERATING,STANDBY,5
2025-11-16T18:50:54Z,Joris en de Draak,OPERATING,STANDBY,5
2025-11-16T18:50:54Z,Joris en de Draak Single-rider,OPERATING,SINGLE_RIDER,5
2025-11-16T18:50:54Z,Carnaval Festival,OPERATING,STANDBY,0
2025-11-16T18:50:54Z,Vogel Rok,OPERATING,STANDBY,5
2025-11-16T18:50:54Z,Pagode,OPERATING,STANDBY,5
2025-11-16T18:50:54Z,Baron 1898,OPERATING,STANDBY,30
2025-11-16T18:50:54Z,Baron 1898 Single-rider,OPERATING,SINGLE_RIDER,20
2025-11-16T18:50:54Z,Danse Macabre,OPERATING,STANDBY,13
2025-11-16T18:50:54Z,Danse Macabre Single-rider,OPERATING,SINGLE_RIDER,0
2025-11-17T10:44:18Z,Droomvlucht,OPERATING,STANDBY,5
2025-11-17T10:44:18Z,Fata Morgana,OPERATING,STANDBY,0
2025-11-17T10:44:18Z,Villa Volta,OPERATING,STANDBY,5
2025-11-17T10:44:18Z,De Vliegende Hollander,CLOSED,STANDBY,NA
2025-11-17T10:44:18Z,De Vliegende Hollander Single-rider,CLOSED,SINGLE_RIDER,NA
2025-11-17T10:44:18Z,Sirocco,REFURBISHMENT,STANDBY,NA
2025-11-17T10:44:18Z,Stoomcarrousel,OPERATING,STANDBY,0
2025-11-17T10:44:18Z,Stoomtrein Marerijk,CLOSED,STANDBY,NA
2025-11-17T10:44:18Z,Symbolica,CLOSED,STANDBY,NA
2025-11-17T10:44:18Z,Symbolica Single-rider,CLOSED,SINGLE_RIDER,NA
2025-11-17T10:44:18Z,Halve Maen,CLOSED,STANDBY,NA
2025-11-17T10:44:18Z,Stoomtrein Ruigrijk,CLOSED,STANDBY,NA
2025-11-17T10:44:18Z,Kinderspoor,CLOSED,STANDBY,NA
2025-11-17T10:44:18Z,Fabula,CLOSED,STANDBY,NA
2025-11-17T10:44:18Z,Monorail,CLOSED,STANDBY,NA
2025-11-17T10:44:18Z,Max & Moritz,REFURBISHMENT,STANDBY,NA
2025-11-17T10:44:18Z,Max & Moritz Single-rider,REFURBISHMENT,SINGLE_RIDER,NA
2025-11-17T10:44:18Z,Gondoletta,CLOSED,STANDBY,NA
2025-11-17T10:44:18Z,Python,OPERATING,STANDBY,0
2025-11-17T10:44:18Z,Python Single-rider,OPERATING,SINGLE_RIDER,0
2025-11-17T10:44:18Z,De Oude Tufferbaan,CLOSED,STANDBY,NA
2025-11-17T10:44:18Z,Piraña,CLOSED,STANDBY,NA
2025-11-17T10:44:18Z,Joris en de Draak,CLOSED,STANDBY,NA
2025-11-17T10:44:18Z,Joris en de Draak Single-rider,CLOSED,SINGLE_RIDER,NA
2025-11-17T10:44:18Z,Carnaval Festival,DOWN,STANDBY,0
2025-11-17T10:44:18Z,Vogel Rok,DOWN,STANDBY,0
2025-11-17T10:44:18Z,Baron 1898,OPERATING,STANDBY,5
2025-11-17T10:44:18Z,Baron 1898 Single-rider,OPERATING,SINGLE_RIDER,5
2025-11-17T10:44:18Z,Pagode,OPERATING,STANDBY,5
2025-11-17T10:44:18Z,Danse Macabre,CLOSED,STANDBY,NA
2025-11-17T10:44:18Z,Danse Macabre Single-rider,CLOSED,SINGLE_RIDER,NA
2025-11-17T10:54:25Z,Droomvlucht,OPERATING,STANDBY,5
2025-11-17T10:54:25Z,Fata Morgana,OPERATING,STANDBY,0
2025-11-17T10:54:25Z,Villa Volta,OPERATING,STANDBY,15
2025-11-17T10:54:25Z,De Vliegende Hollander,DOWN,STANDBY,0
2025-11-17T10:54:25Z,De Vliegende Hollander Single-rider,DOWN,SINGLE_RIDER,NA
2025-11-17T10:54:25Z,Sirocco,REFURBISHMENT,STANDBY,NA
2025-11-17T10:54:25Z,Stoomcarrousel,OPERATING,STANDBY,0
2025-11-17T10:54:25Z,Stoomtrein Marerijk,CLOSED,STANDBY,NA
2025-11-17T10:54:25Z,Symbolica,CLOSED,STANDBY,NA
2025-11-17T10:54:25Z,Symbolica Single-rider,CLOSED,SINGLE_RIDER,NA
2025-11-17T10:54:25Z,Halve Maen,OPERATING,STANDBY,0
2025-11-17T10:54:25Z,Stoomtrein Ruigrijk,CLOSED,STANDBY,NA
2025-11-17T10:54:25Z,Kinderspoor,CLOSED,STANDBY,NA
2025-11-17T10:54:25Z,Fabula,CLOSED,STANDBY,NA
2025-11-17T10:54:25Z,Monorail,CLOSED,STANDBY,NA
2025-11-17T10:54:25Z,Max & Moritz,REFURBISHMENT,STANDBY,NA
2025-11-17T10:54:25Z,Max & Moritz Single-rider,REFURBISHMENT,SINGLE_RIDER,NA
2025-11-17T10:54:25Z,Gondoletta,CLOSED,STANDBY,NA
2025-11-17T10:54:25Z,Python,OPERATING,STANDBY,0
2025-11-17T10:54:25Z,Python Single-rider,OPERATING,SINGLE_RIDER,0
2025-11-17T10:54:25Z,De Oude Tufferbaan,CLOSED,STANDBY,NA
2025-11-17T10:54:25Z,Piraña,CLOSED,STANDBY,NA
2025-11-17T10:54:25Z,Joris en de Draak,CLOSED,STANDBY,NA
2025-11-17T10:54:25Z,Joris en de Draak Single-rider,CLOSED,SINGLE_RIDER,NA
2025-11-17T10:54:25Z,Carnaval Festival,CLOSED,STANDBY,NA
2025-11-17T10:54:25Z,Vogel Rok,OPERATING,STANDBY,5
2025-11-17T10:54:25Z,Pagode,OPERATING,STANDBY,5
2025-11-17T10:54:25Z,Baron 1898,OPERATING,STANDBY,10
2025-11-17T10:54:25Z,Baron 1898 Single-rider,OPERATING,SINGLE_RIDER,15
2025-11-17T10:54:25Z,Danse Macabre,CLOSED,STANDBY,NA
2025-11-17T10:54:25Z,Danse Macabre Single-rider,CLOSED,SINGLE_RIDER,NA
2025-11-17T11:19:45Z,Droomvlucht,OPERATING,STANDBY,15
2025-11-17T11:19:45Z,Fata Morgana,OPERATING,STANDBY,10
2025-11-17T11:19:45Z,Villa Volta,OPERATING,STANDBY,5
2025-11-17T11:19:45Z,De Vliegende Hollander,OPERATING,STANDBY,15
2025-11-17T11:19:45Z,De Vliegende Hollander Single-rider,OPERATING,SINGLE_RIDER,0
2025-11-17T11:19:45Z,Sirocco,REFURBISHMENT,STANDBY,NA
2025-11-17T11:19:45Z,Stoomcarrousel,OPERATING,STANDBY,0
2025-11-17T11:19:45Z,Stoomtrein Marerijk,DOWN,STANDBY,0
2025-11-17T11:19:45Z,Symbolica,OPERATING,STANDBY,20
2025-11-17T11:19:45Z,Symbolica Single-rider,OPERATING,SINGLE_RIDER,0
2025-11-17T11:19:45Z,Halve Maen,OPERATING,STANDBY,0
2025-11-17T11:19:45Z,Stoomtrein Ruigrijk,DOWN,STANDBY,0
2025-11-17T11:19:45Z,Kinderspoor,OPERATING,STANDBY,0
2025-11-17T11:19:45Z,Fabula,OPERATING,STANDBY,10
2025-11-17T11:19:45Z,Monorail,DOWN,STANDBY,0
2025-11-17T11:19:45Z,Max & Moritz,REFURBISHMENT,STANDBY,NA
2025-11-17T11:19:45Z,Max & Moritz Single-rider,REFURBISHMENT,SINGLE_RIDER,NA
2025-11-17T11:19:45Z,Gondoletta,OPERATING,STANDBY,0
2025-11-17T11:19:45Z,Python,OPERATING,STANDBY,0
2025-11-17T11:19:45Z,Python Single-rider,OPERATING,SINGLE_RIDER,0
2025-11-17T11:19:45Z,De Oude Tufferbaan,OPERATING,STANDBY,0
2025-11-17T11:19:45Z,Piraña,OPERATING,STANDBY,0
2025-11-17T11:19:45Z,Joris en de Draak,OPERATING,STANDBY,5
2025-11-17T11:19:45Z,Joris en de Draak Single-rider,OPERATING,SINGLE_RIDER,0
2025-11-17T11:19:45Z,Carnaval Festival,DOWN,STANDBY,0
2025-11-17T11:19:45Z,Vogel Rok,OPERATING,STANDBY,5
2025-11-17T11:19:45Z,Pagode,OPERATING,STANDBY,5
2025-11-17T11:19:45Z,Baron 1898,OPERATING,STANDBY,20
2025-11-17T11:19:45Z,Baron 1898 Single-rider,OPERATING,SINGLE_RIDER,10
2025-11-17T11:19:45Z,Danse Macabre,OPERATING,STANDBY,35
2025-11-17T11:19:45Z,Danse Macabre Single-rider,OPERATING,SINGLE_RIDER,0
2025-11-17T11:45:41Z,Droomvlucht,OPERATING,STANDBY,25
2025-11-17T11:45:41Z,Fata Morgana,OPERATING,STANDBY,20
2025-11-17T11:45:41Z,Villa Volta,OPERATING,STANDBY,5
2025-11-17T11:45:41Z,De Vliegende Hollander,OPERATING,STANDBY,20
2025-11-17T11:45:41Z,De Vliegende Hollander Single-rider,OPERATING,SINGLE_RIDER,0
2025-11-17T11:45:41Z,Sirocco,REFURBISHMENT,STANDBY,NA
2025-11-17T11:45:41Z,Stoomcarrousel,OPERATING,STANDBY,0
2025-11-17T11:45:41Z,Stoomtrein Marerijk,DOWN,STANDBY,0
2025-11-17T11:45:41Z,Symbolica,OPERATING,STANDBY,25
2025-11-17T11:45:41Z,Symbolica Single-rider,OPERATING,SINGLE_RIDER,0
2025-11-17T11:45:41Z,Halve Maen,OPERATING,STANDBY,0
2025-11-17T11:45:41Z,Stoomtrein Ruigrijk,DOWN,STANDBY,0
2025-11-17T11:45:41Z,Kinderspoor,OPERATING,STANDBY,0
2025-11-17T11:45:41Z,Fabula,OPERATING,STANDBY,10
2025-11-17T11:45:41Z,Monorail,DOWN,STANDBY,0
2025-11-17T11:45:41Z,Max & Moritz,REFURBISHMENT,STANDBY,NA
2025-11-17T11:45:41Z,Max & Moritz Single-rider,REFURBISHMENT,SINGLE_RIDER,NA
2025-11-17T11:45:41Z,Gondoletta,OPERATING,STANDBY,0
2025-11-17T11:45:41Z,De Oude Tufferbaan,OPERATING,STANDBY,15
2025-11-17T11:45:41Z,Python,OPERATING,STANDBY,15
2025-11-17T11:45:41Z,Python Single-rider,OPERATING,SINGLE_RIDER,0
2025-11-17T11:45:41Z,Piraña,OPERATING,STANDBY,0
2025-11-17T11:45:41Z,Joris en de Draak,OPERATING,STANDBY,15
2025-11-17T11:45:41Z,Joris en de Draak Single-rider,OPERATING,SINGLE_RIDER,0
2025-11-17T11:45:41Z,Carnaval Festival,DOWN,STANDBY,0
2025-11-17T11:45:41Z,Vogel Rok,OPERATING,STANDBY,5
2025-11-17T11:45:41Z,Baron 1898,OPERATING,STANDBY,20
2025-11-17T11:45:41Z,Baron 1898 Single-rider,OPERATING,SINGLE_RIDER,20
2025-11-17T11:45:41Z,Pagode,OPERATING,STANDBY,5
2025-11-17T11:45:41Z,Danse Macabre,OPERATING,STANDBY,35
2025-11-17T11:45:41Z,Danse Macabre Single-rider,OPERATING,SINGLE_RIDER,0
2025-11-17T12:15:31Z,Droomvlucht,OPERATING,STANDBY,25
2025-11-17T12:15:31Z,Fata Morgana,OPERATING,STANDBY,10
2025-11-17T12:15:31Z,Villa Volta,OPERATING,STANDBY,5
2025-11-17T12:15:31Z,De Vliegende Hollander,OPERATING,STANDBY,30
2025-11-17T12:15:31Z,De Vliegende Hollander Single-rider,OPERATING,SINGLE_RIDER,0
2025-11-17T12:15:31Z,Sirocco,REFURBISHMENT,STANDBY,NA
2025-11-17T12:15:31Z,Stoomcarrousel,OPERATING,STANDBY,0
2025-11-17T12:15:31Z,Stoomtrein Marerijk,OPERATING,STANDBY,25
2025-11-17T12:15:31Z,Symbolica,OPERATING,STANDBY,25
2025-11-17T12:15:31Z,Symbolica Single-rider,OPERATING,SINGLE_RIDER,0
2025-11-17T12:15:31Z,Halve Maen,OPERATING,STANDBY,0
2025-11-17T12:15:31Z,Stoomtrein Ruigrijk,OPERATING,STANDBY,25
2025-11-17T12:15:31Z,Kinderspoor,OPERATING,STANDBY,0
2025-11-17T12:15:31Z,Fabula,OPERATING,STANDBY,10
2025-11-17T12:15:31Z,Monorail,DOWN,STANDBY,0
2025-11-17T12:15:31Z,Max & Moritz,REFURBISHMENT,STANDBY,NA
2025-11-17T12:15:31Z,Max & Moritz Single-rider,REFURBISHMENT,SINGLE_RIDER,NA
2025-11-17T12:15:31Z,Gondoletta,OPERATING,STANDBY,5
2025-11-17T12:15:31Z,Python,OPERATING,STANDBY,25
2025-11-17T12:15:31Z,Python Single-rider,OPERATING,SINGLE_RIDER,0
2025-11-17T12:15:31Z,De Oude Tufferbaan,OPERATING,STANDBY,30
2025-11-17T12:15:31Z,Piraña,OPERATING,STANDBY,0
2025-11-17T12:15:31Z,Joris en de Draak,OPERATING,STANDBY,30
2025-11-17T12:15:31Z,Joris en de Draak Single-rider,OPERATING,SINGLE_RIDER,0
2025-11-17T12:15:31Z,Carnaval Festival,OPERATING,STANDBY,10
2025-11-17T12:15:31Z,Vogel Rok,OPERATING,STANDBY,5
2025-11-17T12:15:31Z,Pagode,OPERATING,STANDBY,5
2025-11-17T12:15:31Z,Baron 1898,OPERATING,STANDBY,25
2025-11-17T12:15:31Z,Baron 1898 Single-rider,OPERATING,SINGLE_RIDER,25
2025-11-17T12:15:31Z,Danse Macabre,OPERATING,STANDBY,20
2025-11-17T12:15:31Z,Danse Macabre Single-rider,OPERATING,SINGLE_RIDER,0
2025-11-17T12:38:09Z,Droomvlucht,OPERATING,STANDBY,15
2025-11-17T12:38:09Z,Fata Morgana,OPERATING,STANDBY,5
2025-11-17T12:38:09Z,Villa Volta,OPERATING,STANDBY,5
2025-11-17T12:38:09Z,De Vliegende Hollander,OPERATING,STANDBY,25
2025-11-17T12:38:09Z,De Vliegende Hollander Single-rider,OPERATING,SINGLE_RIDER,0
2025-11-17T12:38:09Z,Sirocco,REFURBISHMENT,STANDBY,NA
2025-11-17T12:38:09Z,Stoomcarrousel,OPERATING,STANDBY,0
2025-11-17T12:38:09Z,Stoomtrein Marerijk,OPERATING,STANDBY,25
2025-11-17T12:38:09Z,Symbolica,OPERATING,STANDBY,25
2025-11-17T12:38:09Z,Symbolica Single-rider,OPERATING,SINGLE_RIDER,0
2025-11-17T12:38:09Z,Halve Maen,OPERATING,STANDBY,10
2025-11-17T12:38:09Z,Stoomtrein Ruigrijk,OPERATING,STANDBY,25
2025-11-17T12:38:09Z,Kinderspoor,OPERATING,STANDBY,0
2025-11-17T12:38:09Z,Fabula,OPERATING,STANDBY,10
2025-11-17T12:38:09Z,Monorail,DOWN,STANDBY,0
2025-11-17T12:38:09Z,Max & Moritz,REFURBISHMENT,STANDBY,NA
2025-11-17T12:38:09Z,Max & Moritz Single-rider,REFURBISHMENT,SINGLE_RIDER,NA
2025-11-17T12:38:09Z,Gondoletta,OPERATING,STANDBY,5
2025-11-17T12:38:09Z,De Oude Tufferbaan,OPERATING,STANDBY,30
2025-11-17T12:38:09Z,Python,OPERATING,STANDBY,25
2025-11-17T12:38:09Z,Python Single-rider,OPERATING,SINGLE_RIDER,0
2025-11-17T12:38:09Z,Piraña,OPERATING,STANDBY,5
2025-11-17T12:38:09Z,Joris en de Draak,OPERATING,STANDBY,15
2025-11-17T12:38:09Z,Joris en de Draak Single-rider,OPERATING,SINGLE_RIDER,0
2025-11-17T12:38:09Z,Carnaval Festival,OPERATING,STANDBY,15
2025-11-17T12:38:09Z,Vogel Rok,OPERATING,STANDBY,10
2025-11-17T12:38:09Z,Pagode,OPERATING,STANDBY,5
2025-11-17T12:38:09Z,Baron 1898,OPERATING,STANDBY,25
2025-11-17T12:38:09Z,Baron 1898 Single-rider,OPERATING,SINGLE_RIDER,25
2025-11-17T12:38:09Z,Danse Macabre,OPERATING,STANDBY,35
2025-11-17T12:38:09Z,Danse Macabre Single-rider,OPERATING,SINGLE_RIDER,0
2025-11-17T12:49:29Z,Droomvlucht,OPERATING,STANDBY,20
2025-11-17T12:49:29Z,Fata Morgana,OPERATING,STANDBY,5
2025-11-17T12:49:29Z,Villa Volta,OPERATING,STANDBY,5
2025-11-17T12:49:29Z,De Vliegende Hollander,OPERATING,STANDBY,25
2025-11-17T12:49:29Z,De Vliegende Hollander Single-rider,OPERATING,SINGLE_RIDER,0
2025-11-17T12:49:29Z,Sirocco,REFURBISHMENT,STANDBY,NA
2025-11-17T12:49:29Z,Stoomcarrousel,OPERATING,STANDBY,0
2025-11-17T12:49:29Z,Stoomtrein Marerijk,OPERATING,STANDBY,25
2025-11-17T12:49:29Z,Symbolica,OPERATING,STANDBY,25
2025-11-17T12:49:29Z,Symbolica Single-rider,OPERATING,SINGLE_RIDER,0
2025-11-17T12:49:29Z,Halve Maen,OPERATING,STANDBY,10
2025-11-17T12:49:29Z,Stoomtrein Ruigrijk,OPERATING,STANDBY,25
2025-11-17T12:49:29Z,Kinderspoor,OPERATING,STANDBY,5
2025-11-17T12:49:29Z,Fabula,OPERATING,STANDBY,10
2025-11-17T12:49:29Z,Monorail,DOWN,STANDBY,0
2025-11-17T12:49:29Z,Max & Moritz,REFURBISHMENT,STANDBY,NA
2025-11-17T12:49:29Z,Max & Moritz Single-rider,REFURBISHMENT,SINGLE_RIDER,NA
2025-11-17T12:49:29Z,Gondoletta,OPERATING,STANDBY,0
2025-11-17T12:49:29Z,Python,OPERATING,STANDBY,30
2025-11-17T12:49:29Z,Python Single-rider,OPERATING,SINGLE_RIDER,0
2025-11-17T12:49:29Z,De Oude Tufferbaan,OPERATING,STANDBY,20
2025-11-17T12:49:29Z,Piraña,OPERATING,STANDBY,5
2025-11-17T12:49:29Z,Joris en de Draak,OPERATING,STANDBY,15
2025-11-17T12:49:29Z,Joris en de Draak Single-rider,OPERATING,SINGLE_RIDER,0
2025-11-17T12:49:29Z,Carnaval Festival,OPERATING,STANDBY,20
2025-11-17T12:49:29Z,Vogel Rok,OPERATING,STANDBY,10
2025-11-17T12:49:29Z,Pagode,OPERATING,STANDBY,5
2025-11-17T12:49:29Z,Baron 1898,OPERATING,STANDBY,30
2025-11-17T12:49:29Z,Baron 1898 Single-rider,OPERATING,SINGLE_RIDER,30
2025-11-17T12:49:29Z,Danse Macabre,OPERATING,STANDBY,35
2025-11-17T12:49:29Z,Danse Macabre Single-rider,OPERATING,SINGLE_RIDER,0
2025-11-17T13:36:05Z,Droomvlucht,OPERATING,STANDBY,20
2025-11-17T13:36:05Z,Fata Morgana,OPERATING,STANDBY,5
2025-11-17T13:36:05Z,Villa Volta,OPERATING,STANDBY,5
2025-11-17T13:36:05Z,De Vliegende Hollander,DOWN,STANDBY,0
2025-11-17T13:36:05Z,De Vliegende Hollander Single-rider,DOWN,SINGLE_RIDER,NA
2025-11-17T13:36:05Z,Sirocco,REFURBISHMENT,STANDBY,NA
2025-11-17T13:36:05Z,Stoomcarrousel,OPERATING,STANDBY,0
2025-11-17T13:36:05Z,Stoomtrein Marerijk,OPERATING,STANDBY,25
2025-11-17T13:36:05Z,Symbolica,OPERATING,STANDBY,25
2025-11-17T13:36:05Z,Symbolica Single-rider,OPERATING,SINGLE_RIDER,0
2025-11-17T13:36:05Z,Halve Maen,OPERATING,STANDBY,10
2025-11-17T13:36:05Z,Stoomtrein Ruigrijk,OPERATING,STANDBY,25
2025-11-17T13:36:05Z,Kinderspoor,OPERATING,STANDBY,15
2025-11-17T13:36:05Z,Fabula,OPERATING,STANDBY,10
2025-11-17T13:36:05Z,Monorail,DOWN,STANDBY,0
2025-11-17T13:36:05Z,Max & Moritz,REFURBISHMENT,STANDBY,NA
2025-11-17T13:36:05Z,Max & Moritz Single-rider,REFURBISHMENT,SINGLE_RIDER,NA
2025-11-17T13:36:05Z,Gondoletta,OPERATING,STANDBY,0
2025-11-17T13:36:05Z,Python,OPERATING,STANDBY,30
2025-11-17T13:36:05Z,Python Single-rider,OPERATING,SINGLE_RIDER,0
2025-11-17T13:36:05Z,De Oude Tufferbaan,OPERATING,STANDBY,20
2025-11-17T13:36:05Z,Piraña,OPERATING,STANDBY,0
2025-11-17T13:36:05Z,Joris en de Draak,OPERATING,STANDBY,15
2025-11-17T13:36:05Z,Joris en de Draak Single-rider,OPERATING,SINGLE_RIDER,0
2025-11-17T13:36:05Z,Carnaval Festival,OPERATING,STANDBY,20
2025-11-17T13:36:05Z,Vogel Rok,OPERATING,STANDBY,10
2025-11-17T13:36:05Z,Pagode,OPERATING,STANDBY,5
2025-11-17T13:36:05Z,Baron 1898,OPERATING,STANDBY,15
2025-11-17T13:36:05Z,Baron 1898 Single-rider,OPERATING,SINGLE_RIDER,10
2025-11-17T13:36:05Z,Danse Macabre,OPERATING,STANDBY,30
2025-11-17T13:36:05Z,Danse Macabre Single-rider,OPERATING,SINGLE_RIDER,0
2025-11-17T14:20:54Z,Droomvlucht,OPERATING,STANDBY,20
2025-11-17T14:20:54Z,Fata Morgana,OPERATING,STANDBY,0
2025-11-17T14:20:54Z,Villa Volta,OPERATING,STANDBY,5
2025-11-17T14:20:54Z,De Vliegende Hollander,OPERATING,STANDBY,25
2025-11-17T14:20:54Z,De Vliegende Hollander Single-rider,OPERATING,SINGLE_RIDER,0
2025-11-17T14:20:54Z,Sirocco,REFURBISHMENT,STANDBY,NA
2025-11-17T14:20:54Z,Stoomcarrousel,OPERATING,STANDBY,0
2025-11-17T14:20:54Z,Stoomtrein Marerijk,OPERATING,STANDBY,25
2025-11-17T14:20:54Z,Symbolica,OPERATING,STANDBY,30
2025-11-17T14:20:54Z,Symbolica Single-rider,OPERATING,SINGLE_RIDER,0
2025-11-17T14:20:54Z,Halve Maen,OPERATING,STANDBY,10
2025-11-17T14:20:54Z,Stoomtrein Ruigrijk,OPERATING,STANDBY,25
2025-11-17T14:20:54Z,Kinderspoor,OPERATING,STANDBY,10
2025-11-17T14:20:54Z,Fabula,OPERATING,STANDBY,10
2025-11-17T14:20:54Z,Monorail,OPERATING,STANDBY,0
2025-11-17T14:20:54Z,Max & Moritz,REFURBISHMENT,STANDBY,NA
2025-11-17T14:20:54Z,Max & Moritz Single-rider,REFURBISHMENT,SINGLE_RIDER,NA
2025-11-17T14:20:54Z,Gondoletta,OPERATING,STANDBY,0
2025-11-17T14:20:54Z,Python,OPERATING,STANDBY,10
2025-11-17T14:20:54Z,Python Single-rider,OPERATING,SINGLE_RIDER,0
2025-11-17T14:20:54Z,De Oude Tufferbaan,OPERATING,STANDBY,15
2025-11-17T14:20:54Z,Piraña,OPERATING,STANDBY,0
2025-11-17T14:20:54Z,Joris en de Draak,OPERATING,STANDBY,15
2025-11-17T14:20:54Z,Joris en de Draak Single-rider,OPERATING,SINGLE_RIDER,0
2025-11-17T14:20:54Z,Carnaval Festival,OPERATING,STANDBY,15
2025-11-17T14:20:54Z,Vogel Rok,OPERATING,STANDBY,15
2025-11-17T14:20:54Z,Baron 1898,OPERATING,STANDBY,20
2025-11-17T14:20:54Z,Baron 1898 Single-rider,OPERATING,SINGLE_RIDER,10
2025-11-17T14:20:54Z,Pagode,OPERATING,STANDBY,5
2025-11-17T14:20:54Z,Danse Macabre,OPERATING,STANDBY,25
2025-11-17T14:20:54Z,Danse Macabre Single-rider,OPERATING,SINGLE_RIDER,0
2025-11-17T14:48:00Z,Droomvlucht,OPERATING,STANDBY,30
2025-11-17T14:48:00Z,Fata Morgana,OPERATING,STANDBY,0
2025-11-17T14:48:00Z,Villa Volta,OPERATING,STANDBY,5
2025-11-17T14:48:00Z,De Vliegende Hollander,DOWN,STANDBY,0
2025-11-17T14:48:00Z,De Vliegende Hollander Single-rider,DOWN,SINGLE_RIDER,NA
2025-11-17T14:48:00Z,Sirocco,REFURBISHMENT,STANDBY,NA
2025-11-17T14:48:00Z,Stoomcarrousel,OPERATING,STANDBY,0
2025-11-17T14:48:00Z,Stoomtrein Marerijk,OPERATING,STANDBY,25
2025-11-17T14:48:00Z,Symbolica,OPERATING,STANDBY,30
2025-11-17T14:48:00Z,Symbolica Single-rider,OPERATING,SINGLE_RIDER,0
2025-11-17T14:48:00Z,Halve Maen,OPERATING,STANDBY,10
2025-11-17T14:48:00Z,Stoomtrein Ruigrijk,OPERATING,STANDBY,25
2025-11-17T14:48:00Z,Kinderspoor,OPERATING,STANDBY,5
2025-11-17T14:48:00Z,Fabula,OPERATING,STANDBY,10
2025-11-17T14:48:00Z,Monorail,OPERATING,STANDBY,20
2025-11-17T14:48:00Z,Max & Moritz,REFURBISHMENT,STANDBY,NA
2025-11-17T14:48:00Z,Max & Moritz Single-rider,REFURBISHMENT,SINGLE_RIDER,NA
2025-11-17T14:48:00Z,Gondoletta,OPERATING,STANDBY,0
2025-11-17T14:48:00Z,De Oude Tufferbaan,OPERATING,STANDBY,15
2025-11-17T14:48:00Z,Python,OPERATING,STANDBY,20
2025-11-17T14:48:00Z,Python Single-rider,OPERATING,SINGLE_RIDER,0
2025-11-17T14:48:00Z,Piraña,OPERATING,STANDBY,0
2025-11-17T14:48:00Z,Joris en de Draak,OPERATING,STANDBY,10
2025-11-17T14:48:00Z,Joris en de Draak Single-rider,OPERATING,SINGLE_RIDER,0
2025-11-17T14:48:00Z,Carnaval Festival,OPERATING,STANDBY,15
2025-11-17T14:48:00Z,Vogel Rok,OPERATING,STANDBY,10
2025-11-17T14:48:00Z,Pagode,OPERATING,STANDBY,5
2025-11-17T14:48:00Z,Baron 1898,OPERATING,STANDBY,15
2025-11-17T14:48:00Z,Baron 1898 Single-rider,OPERATING,SINGLE_RIDER,15
2025-11-17T14:48:00Z,Danse Macabre,OPERATING,STANDBY,20
2025-11-17T14:48:00Z,Danse Macabre Single-rider,OPERATING,SINGLE_RIDER,0
2025-11-17T15:17:29Z,Droomvlucht,OPERATING,STANDBY,30
2025-11-17T15:17:29Z,Fata Morgana,OPERATING,STANDBY,0
2025-11-17T15:17:29Z,Villa Volta,OPERATING,STANDBY,10
2025-11-17T15:17:29Z,De Vliegende Hollander,OPERATING,STANDBY,20
2025-11-17T15:17:29Z,De Vliegende Hollander Single-rider,OPERATING,SINGLE_RIDER,0
2025-11-17T15:17:29Z,Sirocco,REFURBISHMENT,STANDBY,NA
2025-11-17T15:17:29Z,Stoomcarrousel,OPERATING,STANDBY,0
2025-11-17T15:17:29Z,Stoomtrein Marerijk,OPERATING,STANDBY,25
2025-11-17T15:17:29Z,Symbolica,OPERATING,STANDBY,30
2025-11-17T15:17:29Z,Symbolica Single-rider,OPERATING,SINGLE_RIDER,0
2025-11-17T15:17:29Z,Halve Maen,OPERATING,STANDBY,10
2025-11-17T15:17:29Z,Stoomtrein Ruigrijk,OPERATING,STANDBY,25
2025-11-17T15:17:29Z,Kinderspoor,OPERATING,STANDBY,15
2025-11-17T15:17:29Z,Fabula,OPERATING,STANDBY,10
2025-11-17T15:17:29Z,Monorail,OPERATING,STANDBY,20
2025-11-17T15:17:29Z,Max & Moritz,REFURBISHMENT,STANDBY,NA
2025-11-17T15:17:29Z,Max & Moritz Single-rider,REFURBISHMENT,SINGLE_RIDER,NA
2025-11-17T15:17:29Z,Gondoletta,OPERATING,STANDBY,0
2025-11-17T15:17:29Z,De Oude Tufferbaan,OPERATING,STANDBY,15
2025-11-17T15:17:29Z,Python,OPERATING,STANDBY,15
2025-11-17T15:17:29Z,Python Single-rider,OPERATING,SINGLE_RIDER,0
2025-11-17T15:17:29Z,Piraña,OPERATING,STANDBY,0
2025-11-17T15:17:29Z,Joris en de Draak,OPERATING,STANDBY,10
2025-11-17T15:17:29Z,Joris en de Draak Single-rider,OPERATING,SINGLE_RIDER,0
2025-11-17T15:17:29Z,Carnaval Festival,OPERATING,STANDBY,10
2025-11-17T15:17:29Z,Vogel Rok,OPERATING,STANDBY,10
2025-11-17T15:17:29Z,Baron 1898,OPERATING,STANDBY,15
2025-11-17T15:17:29Z,Baron 1898 Single-rider,OPERATING,SINGLE_RIDER,20
2025-11-17T15:17:29Z,Pagode,OPERATING,STANDBY,5
2025-11-17T15:17:29Z,Danse Macabre,OPERATING,STANDBY,25
2025-11-17T15:17:29Z,Danse Macabre Single-rider,OPERATING,SINGLE_RIDER,0
2025-11-17T15:54:37Z,Droomvlucht,OPERATING,STANDBY,30
2025-11-17T15:54:37Z,Fata Morgana,OPERATING,STANDBY,5
2025-11-17T15:54:37Z,Villa Volta,OPERATING,STANDBY,5
2025-11-17T15:54:37Z,De Vliegende Hollander,OPERATING,STANDBY,30
2025-11-17T15:54:37Z,De Vliegende Hollander Single-rider,OPERATING,SINGLE_RIDER,0
2025-11-17T15:54:37Z,Sirocco,REFURBISHMENT,STANDBY,NA
2025-11-17T15:54:37Z,Stoomcarrousel,OPERATING,STANDBY,0
2025-11-17T15:54:37Z,Stoomtrein Marerijk,OPERATING,STANDBY,25
2025-11-17T15:54:37Z,Symbolica,OPERATING,STANDBY,30
2025-11-17T15:54:37Z,Symbolica Single-rider,OPERATING,SINGLE_RIDER,0
2025-11-17T15:54:37Z,Halve Maen,OPERATING,STANDBY,5
2025-11-17T15:54:37Z,Stoomtrein Ruigrijk,OPERATING,STANDBY,25
2025-11-17T15:54:37Z,Kinderspoor,OPERATING,STANDBY,5
2025-11-17T15:54:37Z,Fabula,OPERATING,STANDBY,10
2025-11-17T15:54:37Z,Monorail,OPERATING,STANDBY,10
2025-11-17T15:54:37Z,Max & Moritz,REFURBISHMENT,STANDBY,NA
2025-11-17T15:54:37Z,Max & Moritz Single-rider,REFURBISHMENT,SINGLE_RIDER,NA
2025-11-17T15:54:37Z,Gondoletta,OPERATING,STANDBY,0
2025-11-17T15:54:37Z,Python,OPERATING,STANDBY,25
2025-11-17T15:54:37Z,Python Single-rider,OPERATING,SINGLE_RIDER,0
2025-11-17T15:54:37Z,De Oude Tufferbaan,OPERATING,STANDBY,15
2025-11-17T15:54:37Z,Piraña,OPERATING,STANDBY,0
2025-11-17T15:54:37Z,Joris en de Draak,OPERATING,STANDBY,20
2025-11-17T15:54:37Z,Joris en de Draak Single-rider,OPERATING,SINGLE_RIDER,0
2025-11-17T15:54:37Z,Carnaval Festival,OPERATING,STANDBY,10
2025-11-17T15:54:37Z,Vogel Rok,OPERATING,STANDBY,5
2025-11-17T15:54:37Z,Baron 1898,DOWN,STANDBY,0
2025-11-17T15:54:37Z,Baron 1898 Single-rider,DOWN,SINGLE_RIDER,NA
2025-11-17T15:54:37Z,Pagode,OPERATING,STANDBY,5
2025-11-17T15:54:37Z,Danse Macabre,OPERATING,STANDBY,20
2025-11-17T15:54:37Z,Danse Macabre Single-rider,OPERATING,SINGLE_RIDER,0
2025-11-17T16:19:32Z,Droomvlucht,OPERATING,STANDBY,20
2025-11-17T16:19:32Z,Fata Morgana,OPERATING,STANDBY,5
2025-11-17T16:19:32Z,Villa Volta,OPERATING,STANDBY,5
2025-11-17T16:19:32Z,De Vliegende Hollander,OPERATING,STANDBY,20
2025-11-17T16:19:32Z,De Vliegende Hollander Single-rider,OPERATING,SINGLE_RIDER,0
2025-11-17T16:19:32Z,Sirocco,REFURBISHMENT,STANDBY,NA
2025-11-17T16:19:32Z,Stoomcarrousel,OPERATING,STANDBY,0
2025-11-17T16:19:32Z,Stoomtrein Marerijk,OPERATING,STANDBY,25
2025-11-17T16:19:32Z,Symbolica,OPERATING,STANDBY,25
2025-11-17T16:19:32Z,Symbolica Single-rider,OPERATING,SINGLE_RIDER,0
2025-11-17T16:19:32Z,Halve Maen,OPERATING,STANDBY,5
2025-11-17T16:19:32Z,Stoomtrein Ruigrijk,OPERATING,STANDBY,25
2025-11-17T16:19:32Z,Kinderspoor,OPERATING,STANDBY,5
2025-11-17T16:19:32Z,Fabula,OPERATING,STANDBY,10
2025-11-17T16:19:32Z,Monorail,OPERATING,STANDBY,10
2025-11-17T16:19:32Z,Max & Moritz,REFURBISHMENT,STANDBY,NA
2025-11-17T16:19:32Z,Max & Moritz Single-rider,REFURBISHMENT,SINGLE_RIDER,NA
2025-11-17T16:19:32Z,Gondoletta,OPERATING,STANDBY,0
2025-11-17T16:19:32Z,Python,OPERATING,STANDBY,25
2025-11-17T16:19:32Z,Python Single-rider,OPERATING,SINGLE_RIDER,0
2025-11-17T16:19:32Z,De Oude Tufferbaan,OPERATING,STANDBY,15
2025-11-17T16:19:32Z,Piraña,OPERATING,STANDBY,0
2025-11-17T16:19:32Z,Joris en de Draak,OPERATING,STANDBY,20
2025-11-17T16:19:32Z,Joris en de Draak Single-rider,OPERATING,SINGLE_RIDER,0
2025-11-17T16:19:32Z,Carnaval Festival,OPERATING,STANDBY,10
2025-11-17T16:19:32Z,Vogel Rok,OPERATING,STANDBY,5
2025-11-17T16:19:32Z,Baron 1898,OPERATING,STANDBY,15
2025-11-17T16:19:32Z,Baron 1898 Single-rider,OPERATING,SINGLE_RIDER,15
2025-11-17T16:19:32Z,Pagode,OPERATING,STANDBY,5
2025-11-17T16:19:32Z,Danse Macabre,OPERATING,STANDBY,20
2025-11-17T16:19:32Z,Danse Macabre Single-rider,OPERATING,SINGLE_RIDER,0
2025-11-17T16:43:09Z,Droomvlucht,OPERATING,STANDBY,20
2025-11-17T16:43:09Z,Fata Morgana,OPERATING,STANDBY,5
2025-11-17T16:43:09Z,Villa Volta,OPERATING,STANDBY,5
2025-11-17T16:43:09Z,De Vliegende Hollander,OPERATING,STANDBY,20
2025-11-17T16:43:09Z,De Vliegende Hollander Single-rider,OPERATING,SINGLE_RIDER,0
2025-11-17T16:43:09Z,Sirocco,REFURBISHMENT,STANDBY,NA
2025-11-17T16:43:09Z,Stoomcarrousel,OPERATING,STANDBY,0
2025-11-17T16:43:09Z,Stoomtrein Marerijk,OPERATING,STANDBY,25
2025-11-17T16:43:09Z,Symbolica,OPERATING,STANDBY,25
2025-11-17T16:43:09Z,Symbolica Single-rider,OPERATING,SINGLE_RIDER,0
2025-11-17T16:43:09Z,Halve Maen,OPERATING,STANDBY,5
2025-11-17T16:43:09Z,Stoomtrein Ruigrijk,OPERATING,STANDBY,25
2025-11-17T16:43:09Z,Kinderspoor,OPERATING,STANDBY,5
2025-11-17T16:43:09Z,Fabula,OPERATING,STANDBY,10
2025-11-17T16:43:09Z,Monorail,DOWN,STANDBY,0
2025-11-17T16:43:09Z,Max & Moritz,REFURBISHMENT,STANDBY,NA
2025-11-17T16:43:09Z,Max & Moritz Single-rider,REFURBISHMENT,SINGLE_RIDER,NA
2025-11-17T16:43:09Z,Gondoletta,CLOSED,STANDBY,NA
2025-11-17T16:43:09Z,De Oude Tufferbaan,OPERATING,STANDBY,10
2025-11-17T16:43:09Z,Python,OPERATING,STANDBY,20
2025-11-17T16:43:09Z,Python Single-rider,OPERATING,SINGLE_RIDER,0
2025-11-17T16:43:09Z,Piraña,OPERATING,STANDBY,5
2025-11-17T16:43:09Z,Joris en de Draak,OPERATING,STANDBY,10
2025-11-17T16:43:09Z,Joris en de Draak Single-rider,OPERATING,SINGLE_RIDER,0
2025-11-17T16:43:09Z,Carnaval Festival,OPERATING,STANDBY,5
2025-11-17T16:43:09Z,Vogel Rok,OPERATING,STANDBY,5
2025-11-17T16:43:09Z,Pagode,OPERATING,STANDBY,5
2025-11-17T16:43:09Z,Baron 1898,OPERATING,STANDBY,20
2025-11-17T16:43:09Z,Baron 1898 Single-rider,OPERATING,SINGLE_RIDER,15
2025-11-17T16:43:09Z,Danse Macabre,OPERATING,STANDBY,20
2025-11-17T16:43:09Z,Danse Macabre Single-rider,OPERATING,SINGLE_RIDER,0
2025-11-17T16:54:14Z,Droomvlucht,OPERATING,STANDBY,15
2025-11-17T16:54:14Z,Fata Morgana,OPERATING,STANDBY,5
2025-11-17T16:54:14Z,Villa Volta,OPERATING,STANDBY,5
2025-11-17T16:54:14Z,De Vliegende Hollander,OPERATING,STANDBY,20
2025-11-17T16:54:14Z,De Vliegende Hollander Single-rider,OPERATING,SINGLE_RIDER,0
2025-11-17T16:54:14Z,Sirocco,REFURBISHMENT,STANDBY,NA
2025-11-17T16:54:14Z,Stoomcarrousel,OPERATING,STANDBY,0
2025-11-17T16:54:14Z,Stoomtrein Marerijk,OPERATING,STANDBY,25
2025-11-17T16:54:14Z,Symbolica,OPERATING,STANDBY,25
2025-11-17T16:54:14Z,Symbolica Single-rider,OPERATING,SINGLE_RIDER,0
2025-11-17T16:54:14Z,Halve Maen,OPERATING,STANDBY,0
2025-11-17T16:54:14Z,Stoomtrein Ruigrijk,OPERATING,STANDBY,25
2025-11-17T16:54:14Z,Kinderspoor,OPERATING,STANDBY,5
2025-11-17T16:54:14Z,Fabula,OPERATING,STANDBY,10
2025-11-17T16:54:14Z,Monorail,OPERATING,STANDBY,0
2025-11-17T16:54:14Z,Max & Moritz,REFURBISHMENT,STANDBY,NA
2025-11-17T16:54:14Z,Max & Moritz Single-rider,REFURBISHMENT,SINGLE_RIDER,NA
2025-11-17T16:54:14Z,Gondoletta,CLOSED,STANDBY,NA
2025-11-17T16:54:14Z,De Oude Tufferbaan,OPERATING,STANDBY,10
2025-11-17T16:54:14Z,Python,OPERATING,STANDBY,20
2025-11-17T16:54:14Z,Python Single-rider,OPERATING,SINGLE_RIDER,0
2025-11-17T16:54:14Z,Piraña,OPERATING,STANDBY,5
2025-11-17T16:54:14Z,Joris en de Draak,OPERATING,STANDBY,10
2025-11-17T16:54:14Z,Joris en de Draak Single-rider,OPERATING,SINGLE_RIDER,0
2025-11-17T16:54:14Z,Carnaval Festival,OPERATING,STANDBY,5
2025-11-17T16:54:14Z,Vogel Rok,OPERATING,STANDBY,5
2025-11-17T16:54:14Z,Baron 1898,OPERATING,STANDBY,20
2025-11-17T16:54:14Z,Baron 1898 Single-rider,OPERATING,SINGLE_RIDER,15
2025-11-17T16:54:14Z,Pagode,OPERATING,STANDBY,5
2025-11-17T16:54:14Z,Danse Macabre,OPERATING,STANDBY,15
2025-11-17T16:54:14Z,Danse Macabre Single-rider,OPERATING,SINGLE_RIDER,0
2025-11-17T17:23:22Z,Droomvlucht,OPERATING,STANDBY,10
2025-11-17T17:23:22Z,Fata Morgana,OPERATING,STANDBY,5
2025-11-17T17:23:22Z,Villa Volta,OPERATING,STANDBY,5
2025-11-17T17:23:22Z,De Vliegende Hollander,OPERATING,STANDBY,15
2025-11-17T17:23:22Z,De Vliegende Hollander Single-rider,OPERATING,SINGLE_RIDER,0
2025-11-17T17:23:22Z,Sirocco,REFURBISHMENT,STANDBY,NA
2025-11-17T17:23:22Z,Stoomcarrousel,OPERATING,STANDBY,0
2025-11-17T17:23:22Z,Stoomtrein Marerijk,OPERATING,STANDBY,25
2025-11-17T17:23:22Z,Symbolica,OPERATING,STANDBY,20
2025-11-17T17:23:22Z,Symbolica Single-rider,OPERATING,SINGLE_RIDER,0
2025-11-17T17:23:22Z,Halve Maen,OPERATING,STANDBY,0
2025-11-17T17:23:22Z,Stoomtrein Ruigrijk,OPERATING,STANDBY,25
2025-11-17T17:23:22Z,Kinderspoor,OPERATING,STANDBY,5
2025-11-17T17:23:22Z,Fabula,OPERATING,STANDBY,10
2025-11-17T17:23:22Z,Monorail,OPERATING,STANDBY,0
2025-11-17T17:23:22Z,Max & Moritz,REFURBISHMENT,STANDBY,NA
2025-11-17T17:23:22Z,Max & Moritz Single-rider,REFURBISHMENT,SINGLE_RIDER,NA
2025-11-17T17:23:22Z,Gondoletta,CLOSED,STANDBY,NA
2025-11-17T17:23:22Z,De Oude Tufferbaan,OPERATING,STANDBY,5
2025-11-17T17:23:22Z,Python,OPERATING,STANDBY,10
2025-11-17T17:23:22Z,Python Single-rider,OPERATING,SINGLE_RIDER,0
2025-11-17T17:23:22Z,Piraña,OPERATING,STANDBY,5
2025-11-17T17:23:22Z,Joris en de Draak,OPERATING,STANDBY,20
2025-11-17T17:23:22Z,Joris en de Draak Single-rider,OPERATING,SINGLE_RIDER,0
2025-11-17T17:23:22Z,Carnaval Festival,OPERATING,STANDBY,5
2025-11-17T17:23:22Z,Vogel Rok,OPERATING,STANDBY,5
2025-11-17T17:23:22Z,Baron 1898,OPERATING,STANDBY,15
2025-11-17T17:23:22Z,Baron 1898 Single-rider,OPERATING,SINGLE_RIDER,15
2025-11-17T17:23:22Z,Pagode,OPERATING,STANDBY,5
2025-11-17T17:23:22Z,Danse Macabre,OPERATING,STANDBY,15
2025-11-17T17:23:22Z,Danse Macabre Single-rider,OPERATING,SINGLE_RIDER,0
2025-11-17T17:49:53Z,Droomvlucht,OPERATING,STANDBY,10
2025-11-17T17:49:53Z,Fata Morgana,OPERATING,STANDBY,10
2025-11-17T17:49:53Z,Villa Volta,OPERATING,STANDBY,5
2025-11-17T17:49:53Z,De Vliegende Hollander,OPERATING,STANDBY,15
2025-11-17T17:49:53Z,De Vliegende Hollander Single-rider,OPERATING,SINGLE_RIDER,0
2025-11-17T17:49:53Z,Sirocco,REFURBISHMENT,STANDBY,NA
2025-11-17T17:49:53Z,Stoomcarrousel,OPERATING,STANDBY,0
2025-11-17T17:49:53Z,Stoomtrein Marerijk,CLOSED,STANDBY,NA
2025-11-17T17:49:53Z,Symbolica,OPERATING,STANDBY,20
2025-11-17T17:49:53Z,Symbolica Single-rider,OPERATING,SINGLE_RIDER,0
2025-11-17T17:49:53Z,Halve Maen,OPERATING,STANDBY,0
2025-11-17T17:49:53Z,Stoomtrein Ruigrijk,CLOSED,STANDBY,NA
2025-11-17T17:49:53Z,Kinderspoor,OPERATING,STANDBY,0
2025-11-17T17:49:53Z,Fabula,OPERATING,STANDBY,10
2025-11-17T17:49:53Z,Monorail,OPERATING,STANDBY,0
2025-11-17T17:49:53Z,Max & Moritz,REFURBISHMENT,STANDBY,NA
2025-11-17T17:49:53Z,Max & Moritz Single-rider,REFURBISHMENT,SINGLE_RIDER,NA
2025-11-17T17:49:53Z,Gondoletta,CLOSED,STANDBY,NA
2025-11-17T17:49:53Z,Python,OPERATING,STANDBY,5
2025-11-17T17:49:53Z,Python Single-rider,OPERATING,SINGLE_RIDER,0
2025-11-17T17:49:53Z,De Oude Tufferbaan,OPERATING,STANDBY,5
2025-11-17T17:49:53Z,Piraña,OPERATING,STANDBY,5
2025-11-17T17:49:53Z,Joris en de Draak,OPERATING,STANDBY,10
2025-11-17T17:49:53Z,Joris en de Draak Single-rider,OPERATING,SINGLE_RIDER,0
2025-11-17T17:49:53Z,Carnaval Festival,OPERATING,STANDBY,0
2025-11-17T17:49:53Z,Vogel Rok,OPERATING,STANDBY,5
2025-11-17T17:49:53Z,Baron 1898,OPERATING,STANDBY,20
2025-11-17T17:49:53Z,Baron 1898 Single-rider,OPERATING,SINGLE_RIDER,10
2025-11-17T17:49:53Z,Pagode,OPERATING,STANDBY,5
2025-11-17T17:49:53Z,Danse Macabre,OPERATING,STANDBY,15
2025-11-17T17:49:53Z,Danse Macabre Single-rider,OPERATING,SINGLE_RIDER,0
2025-11-18T10:42:27Z,Droomvlucht,OPERATING,STANDBY,0
2025-11-18T10:42:27Z,Fata Morgana,OPERATING,STANDBY,0
2025-11-18T10:42:27Z,Villa Volta,OPERATING,STANDBY,5
2025-11-18T10:42:27Z,De Vliegende Hollander,CLOSED,STANDBY,NA
2025-11-18T10:42:27Z,De Vliegende Hollander Single-rider,CLOSED,SINGLE_RIDER,NA
2025-11-18T10:42:27Z,Sirocco,REFURBISHMENT,STANDBY,NA
2025-11-18T10:42:27Z,Stoomcarrousel,CLOSED,STANDBY,NA
2025-11-18T10:42:27Z,Stoomtrein Marerijk,CLOSED,STANDBY,NA
2025-11-18T10:42:27Z,Symbolica,CLOSED,STANDBY,NA
2025-11-18T10:42:27Z,Symbolica Single-rider,CLOSED,SINGLE_RIDER,NA
2025-11-18T10:42:27Z,Halve Maen,CLOSED,STANDBY,NA
2025-11-18T10:42:27Z,Stoomtrein Ruigrijk,CLOSED,STANDBY,NA
2025-11-18T10:42:27Z,Kinderspoor,CLOSED,STANDBY,NA
2025-11-18T10:42:27Z,Fabula,CLOSED,STANDBY,NA
2025-11-18T10:42:27Z,Monorail,CLOSED,STANDBY,NA
2025-11-18T10:42:27Z,Max & Moritz,REFURBISHMENT,STANDBY,NA
2025-11-18T10:42:27Z,Max & Moritz Single-rider,REFURBISHMENT,SINGLE_RIDER,NA
2025-11-18T10:42:27Z,Gondoletta,CLOSED,STANDBY,NA
2025-11-18T10:42:27Z,De Oude Tufferbaan,CLOSED,STANDBY,NA
2025-11-18T10:42:27Z,Python,OPERATING,STANDBY,5
2025-11-18T10:42:27Z,Python Single-rider,OPERATING,SINGLE_RIDER,0
2025-11-18T10:42:27Z,Piraña,CLOSED,STANDBY,NA
2025-11-18T10:42:27Z,Joris en de Draak,CLOSED,STANDBY,NA
2025-11-18T10:42:27Z,Joris en de Draak Single-rider,CLOSED,SINGLE_RIDER,NA
2025-11-18T10:42:27Z,Carnaval Festival,CLOSED,STANDBY,NA
2025-11-18T10:42:27Z,Vogel Rok,OPERATING,STANDBY,5
2025-11-18T10:42:27Z,Baron 1898,OPERATING,STANDBY,5
2025-11-18T10:42:27Z,Baron 1898 Single-rider,OPERATING,SINGLE_RIDER,5
2025-11-18T10:42:27Z,Pagode,OPERATING,STANDBY,5
2025-11-18T10:42:27Z,Danse Macabre,CLOSED,STANDBY,NA
2025-11-18T10:42:27Z,Danse Macabre Single-rider,CLOSED,SINGLE_RIDER,NA
2025-11-18T10:52:04Z,Droomvlucht,OPERATING,STANDBY,0
2025-11-18T10:52:04Z,Fata Morgana,OPERATING,STANDBY,0
2025-11-18T10:52:04Z,Villa Volta,OPERATING,STANDBY,5
2025-11-18T10:52:04Z,De Vliegende Hollander,CLOSED,STANDBY,NA
2025-11-18T10:52:04Z,De Vliegende Hollander Single-rider,CLOSED,SINGLE_RIDER,NA
2025-11-18T10:52:04Z,Sirocco,REFURBISHMENT,STANDBY,NA
2025-11-18T10:52:04Z,Stoomcarrousel,OPERATING,STANDBY,0
2025-11-18T10:52:04Z,Stoomtrein Marerijk,CLOSED,STANDBY,NA
2025-11-18T10:52:04Z,Symbolica,CLOSED,STANDBY,NA
2025-11-18T10:52:04Z,Symbolica Single-rider,CLOSED,SINGLE_RIDER,NA
2025-11-18T10:52:04Z,Halve Maen,CLOSED,STANDBY,NA
2025-11-18T10:52:04Z,Stoomtrein Ruigrijk,CLOSED,STANDBY,NA
2025-11-18T10:52:04Z,Kinderspoor,CLOSED,STANDBY,NA
2025-11-18T10:52:04Z,Fabula,CLOSED,STANDBY,NA
2025-11-18T10:52:04Z,Monorail,CLOSED,STANDBY,NA
2025-11-18T10:52:04Z,Max & Moritz,REFURBISHMENT,STANDBY,NA
2025-11-18T10:52:04Z,Max & Moritz Single-rider,REFURBISHMENT,SINGLE_RIDER,NA
2025-11-18T10:52:04Z,Gondoletta,CLOSED,STANDBY,NA
2025-11-18T10:52:04Z,De Oude Tufferbaan,CLOSED,STANDBY,NA
2025-11-18T10:52:04Z,Python,OPERATING,STANDBY,5
2025-11-18T10:52:04Z,Python Single-rider,OPERATING,SINGLE_RIDER,0
2025-11-18T10:52:04Z,Piraña,CLOSED,STANDBY,NA
2025-11-18T10:52:04Z,Joris en de Draak,CLOSED,STANDBY,NA
2025-11-18T10:52:04Z,Joris en de Draak Single-rider,CLOSED,SINGLE_RIDER,NA
2025-11-18T10:52:04Z,Carnaval Festival,CLOSED,STANDBY,NA
2025-11-18T10:52:04Z,Vogel Rok,OPERATING,STANDBY,5
2025-11-18T10:52:04Z,Baron 1898,OPERATING,STANDBY,5
2025-11-18T10:52:04Z,Baron 1898 Single-rider,OPERATING,SINGLE_RIDER,5
2025-11-18T10:52:04Z,Pagode,OPERATING,STANDBY,5
2025-11-18T10:52:04Z,Danse Macabre,CLOSED,STANDBY,NA
2025-11-18T10:52:04Z,Danse Macabre Single-rider,CLOSED,SINGLE_RIDER,NA
2025-11-18T11:20:11Z,Droomvlucht,OPERATING,STANDBY,10
2025-11-18T11:20:11Z,Fata Morgana,OPERATING,STANDBY,15
2025-11-18T11:20:11Z,Villa Volta,OPERATING,STANDBY,5
2025-11-18T11:20:11Z,De Vliegende Hollander,OPERATING,STANDBY,5
2025-11-18T11:20:11Z,De Vliegende Hollander Single-rider,OPERATING,SINGLE_RIDER,0
2025-11-18T11:20:11Z,Sirocco,REFURBISHMENT,STANDBY,NA
2025-11-18T11:20:11Z,Stoomcarrousel,OPERATING,STANDBY,0
2025-11-18T11:20:11Z,Stoomtrein Marerijk,OPERATING,STANDBY,25
2025-11-18T11:20:11Z,Symbolica,OPERATING,STANDBY,20
2025-11-18T11:20:11Z,Symbolica Single-rider,OPERATING,SINGLE_RIDER,0
2025-11-18T11:20:11Z,Halve Maen,OPERATING,STANDBY,5
2025-11-18T11:20:11Z,Stoomtrein Ruigrijk,OPERATING,STANDBY,25
2025-11-18T11:20:11Z,Kinderspoor,OPERATING,STANDBY,0
2025-11-18T11:20:11Z,Fabula,OPERATING,STANDBY,10
2025-11-18T11:20:11Z,Monorail,OPERATING,STANDBY,0
2025-11-18T11:20:11Z,Max & Moritz,REFURBISHMENT,STANDBY,NA
2025-11-18T11:20:11Z,Max & Moritz Single-rider,REFURBISHMENT,SINGLE_RIDER,NA
2025-11-18T11:20:11Z,Gondoletta,OPERATING,STANDBY,0
2025-11-18T11:20:11Z,Python,OPERATING,STANDBY,5
2025-11-18T11:20:11Z,Python Single-rider,OPERATING,SINGLE_RIDER,0
2025-11-18T11:20:11Z,De Oude Tufferbaan,OPERATING,STANDBY,0
2025-11-18T11:20:11Z,Piraña,OPERATING,STANDBY,0
2025-11-18T11:20:11Z,Joris en de Draak,OPERATING,STANDBY,5
2025-11-18T11:20:11Z,Joris en de Draak Single-rider,OPERATING,SINGLE_RIDER,5
2025-11-18T11:20:11Z,Carnaval Festival,DOWN,STANDBY,0
2025-11-18T11:20:11Z,Vogel Rok,OPERATING,STANDBY,5
2025-11-18T11:20:11Z,Pagode,OPERATING,STANDBY,5
2025-11-18T11:20:11Z,Baron 1898,OPERATING,STANDBY,10
2025-11-18T11:20:11Z,Baron 1898 Single-rider,OPERATING,SINGLE_RIDER,5
2025-11-18T11:20:11Z,Danse Macabre,OPERATING,STANDBY,35
2025-11-18T11:20:11Z,Danse Macabre Single-rider,OPERATING,SINGLE_RIDER,0
2025-11-18T11:45:46Z,Droomvlucht,OPERATING,STANDBY,5
2025-11-18T11:45:46Z,Fata Morgana,OPERATING,STANDBY,15
2025-11-18T11:45:46Z,Villa Volta,OPERATING,STANDBY,5
2025-11-18T11:45:46Z,De Vliegende Hollander,OPERATING,STANDBY,15
2025-11-18T11:45:46Z,De Vliegende Hollander Single-rider,OPERATING,SINGLE_RIDER,0
2025-11-18T11:45:46Z,Sirocco,REFURBISHMENT,STANDBY,NA
2025-11-18T11:45:46Z,Stoomcarrousel,OPERATING,STANDBY,0
2025-11-18T11:45:46Z,Stoomtrein Marerijk,OPERATING,STANDBY,25
2025-11-18T11:45:46Z,Symbolica,OPERATING,STANDBY,20
2025-11-18T11:45:46Z,Symbolica Single-rider,OPERATING,SINGLE_RIDER,0
2025-11-18T11:45:46Z,Halve Maen,OPERATING,STANDBY,5
2025-11-18T11:45:46Z,Stoomtrein Ruigrijk,OPERATING,STANDBY,25
2025-11-18T11:45:46Z,Kinderspoor,OPERATING,STANDBY,0
2025-11-18T11:45:46Z,Fabula,OPERATING,STANDBY,10
2025-11-18T11:45:46Z,Monorail,OPERATING,STANDBY,0
2025-11-18T11:45:46Z,Max & Moritz,REFURBISHMENT,STANDBY,NA
2025-11-18T11:45:46Z,Max & Moritz Single-rider,REFURBISHMENT,SINGLE_RIDER,NA
2025-11-18T11:45:46Z,Gondoletta,OPERATING,STANDBY,0
2025-11-18T11:45:46Z,Python,OPERATING,STANDBY,5
2025-11-18T11:45:46Z,Python Single-rider,OPERATING,SINGLE_RIDER,0
2025-11-18T11:45:46Z,De Oude Tufferbaan,OPERATING,STANDBY,5
2025-11-18T11:45:46Z,Piraña,OPERATING,STANDBY,0
2025-11-18T11:45:46Z,Joris en de Draak,OPERATING,STANDBY,15
2025-11-18T11:45:46Z,Joris en de Draak Single-rider,OPERATING,SINGLE_RIDER,5
2025-11-18T11:45:46Z,Carnaval Festival,DOWN,STANDBY,0
2025-11-18T11:45:46Z,Vogel Rok,OPERATING,STANDBY,5
2025-11-18T11:45:46Z,Pagode,OPERATING,STANDBY,5
2025-11-18T11:45:46Z,Baron 1898,OPERATING,STANDBY,20
2025-11-18T11:45:46Z,Baron 1898 Single-rider,OPERATING,SINGLE_RIDER,10
2025-11-18T11:45:46Z,Danse Macabre,OPERATING,STANDBY,30
2025-11-18T11:45:46Z,Danse Macabre Single-rider,OPERATING,SINGLE_RIDER,0
2025-11-18T12:16:14Z,Droomvlucht,OPERATING,STANDBY,10
2025-11-18T12:16:14Z,Fata Morgana,OPERATING,STANDBY,5
2025-11-18T12:16:14Z,Villa Volta,OPERATING,STANDBY,5
2025-11-18T12:16:14Z,De Vliegende Hollander,DOWN,STANDBY,0
2025-11-18T12:16:14Z,De Vliegende Hollander Single-rider,DOWN,SINGLE_RIDER,NA
2025-11-18T12:16:14Z,Sirocco,REFURBISHMENT,STANDBY,NA
2025-11-18T12:16:14Z,Stoomcarrousel,OPERATING,STANDBY,0
2025-11-18T12:16:14Z,Stoomtrein Marerijk,OPERATING,STANDBY,25
2025-11-18T12:16:14Z,Symbolica,OPERATING,STANDBY,20
2025-11-18T12:16:14Z,Symbolica Single-rider,OPERATING,SINGLE_RIDER,0
2025-11-18T12:16:14Z,Halve Maen,OPERATING,STANDBY,5
2025-11-18T12:16:14Z,Stoomtrein Ruigrijk,OPERATING,STANDBY,25
2025-11-18T12:16:14Z,Kinderspoor,OPERATING,STANDBY,0
2025-11-18T12:16:14Z,Fabula,OPERATING,STANDBY,10
2025-11-18T12:16:14Z,Monorail,OPERATING,STANDBY,10
2025-11-18T12:16:14Z,Max & Moritz,REFURBISHMENT,STANDBY,NA
2025-11-18T12:16:14Z,Max & Moritz Single-rider,REFURBISHMENT,SINGLE_RIDER,NA
2025-11-18T12:16:14Z,Gondoletta,OPERATING,STANDBY,0
2025-11-18T12:16:14Z,De Oude Tufferbaan,OPERATING,STANDBY,10
2025-11-18T12:16:14Z,Python,OPERATING,STANDBY,30
2025-11-18T12:16:14Z,Python Single-rider,OPERATING,SINGLE_RIDER,0
2025-11-18T12:16:14Z,Piraña,OPERATING,STANDBY,0
2025-11-18T12:16:14Z,Joris en de Draak,OPERATING,STANDBY,15
2025-11-18T12:16:14Z,Joris en de Draak Single-rider,OPERATING,SINGLE_RIDER,5
2025-11-18T12:16:14Z,Carnaval Festival,OPERATING,STANDBY,5
2025-11-18T12:16:14Z,Vogel Rok,OPERATING,STANDBY,5
2025-11-18T12:16:14Z,Baron 1898,OPERATING,STANDBY,20
2025-11-18T12:16:14Z,Baron 1898 Single-rider,OPERATING,SINGLE_RIDER,5
2025-11-18T12:16:14Z,Pagode,OPERATING,STANDBY,5
2025-11-18T12:16:14Z,Danse Macabre,OPERATING,STANDBY,30
2025-11-18T12:16:14Z,Danse Macabre Single-rider,OPERATING,SINGLE_RIDER,0
2025-11-18T12:38:06Z,Droomvlucht,OPERATING,STANDBY,5
2025-11-18T12:38:06Z,Fata Morgana,OPERATING,STANDBY,5
2025-11-18T12:38:06Z,Villa Volta,OPERATING,STANDBY,5
2025-11-18T12:38:06Z,De Vliegende Hollander,OPERATING,STANDBY,30
2025-11-18T12:38:06Z,De Vliegende Hollander Single-rider,OPERATING,SINGLE_RIDER,0
2025-11-18T12:38:06Z,Sirocco,REFURBISHMENT,STANDBY,NA
2025-11-18T12:38:06Z,Stoomcarrousel,OPERATING,STANDBY,0
2025-11-18T12:38:06Z,Stoomtrein Marerijk,OPERATING,STANDBY,25
2025-11-18T12:38:06Z,Symbolica,OPERATING,STANDBY,20
2025-11-18T12:38:06Z,Symbolica Single-rider,OPERATING,SINGLE_RIDER,0
2025-11-18T12:38:06Z,Halve Maen,OPERATING,STANDBY,5
2025-11-18T12:38:06Z,Stoomtrein Ruigrijk,OPERATING,STANDBY,25
2025-11-18T12:38:06Z,Kinderspoor,OPERATING,STANDBY,0
2025-11-18T12:38:06Z,Fabula,OPERATING,STANDBY,10
2025-11-18T12:38:06Z,Monorail,OPERATING,STANDBY,10
2025-11-18T12:38:06Z,Max & Moritz,REFURBISHMENT,STANDBY,NA
2025-11-18T12:38:06Z,Max & Moritz Single-rider,REFURBISHMENT,SINGLE_RIDER,NA
2025-11-18T12:38:06Z,Gondoletta,OPERATING,STANDBY,5
2025-11-18T12:38:06Z,Python,OPERATING,STANDBY,25
2025-11-18T12:38:06Z,Python Single-rider,OPERATING,SINGLE_RIDER,0
2025-11-18T12:38:06Z,De Oude Tufferbaan,OPERATING,STANDBY,5
2025-11-18T12:38:06Z,Piraña,OPERATING,STANDBY,0
2025-11-18T12:38:06Z,Joris en de Draak,OPERATING,STANDBY,15
2025-11-18T12:38:06Z,Joris en de Draak Single-rider,OPERATING,SINGLE_RIDER,5
2025-11-18T12:38:06Z,Carnaval Festival,OPERATING,STANDBY,5
2025-11-18T12:38:06Z,Vogel Rok,OPERATING,STANDBY,10
2025-11-18T12:38:06Z,Pagode,OPERATING,STANDBY,5
2025-11-18T12:38:06Z,Baron 1898,OPERATING,STANDBY,30
2025-11-18T12:38:06Z,Baron 1898 Single-rider,OPERATING,SINGLE_RIDER,30
2025-11-18T12:38:06Z,Danse Macabre,OPERATING,STANDBY,25
2025-11-18T12:38:06Z,Danse Macabre Single-rider,OPERATING,SINGLE_RIDER,0
2025-11-18T13:36:13Z,Droomvlucht,OPERATING,STANDBY,10
2025-11-18T13:36:13Z,Fata Morgana,OPERATING,STANDBY,0
2025-11-18T13:36:13Z,Villa Volta,OPERATING,STANDBY,5
2025-11-18T13:36:13Z,De Vliegende Hollander,OPERATING,STANDBY,5
2025-11-18T13:36:13Z,De Vliegende Hollander Single-rider,OPERATING,SINGLE_RIDER,0
2025-11-18T13:36:13Z,Sirocco,REFURBISHMENT,STANDBY,NA
2025-11-18T13:36:13Z,Stoomcarrousel,OPERATING,STANDBY,0
2025-11-18T13:36:13Z,Stoomtrein Marerijk,OPERATING,STANDBY,25
2025-11-18T13:36:13Z,Symbolica,OPERATING,STANDBY,15
2025-11-18T13:36:13Z,Symbolica Single-rider,OPERATING,SINGLE_RIDER,0
2025-11-18T13:36:13Z,Halve Maen,OPERATING,STANDBY,5
2025-11-18T13:36:13Z,Stoomtrein Ruigrijk,OPERATING,STANDBY,25
2025-11-18T13:36:13Z,Kinderspoor,OPERATING,STANDBY,0
2025-11-18T13:36:13Z,Fabula,OPERATING,STANDBY,10
2025-11-18T13:36:13Z,Monorail,OPERATING,STANDBY,10
2025-11-18T13:36:13Z,Max & Moritz,REFURBISHMENT,STANDBY,NA
2025-11-18T13:36:13Z,Max & Moritz Single-rider,REFURBISHMENT,SINGLE_RIDER,NA
2025-11-18T13:36:13Z,Gondoletta,DOWN,STANDBY,0
2025-11-18T13:36:13Z,Python,OPERATING,STANDBY,10
2025-11-18T13:36:13Z,Python Single-rider,OPERATING,SINGLE_RIDER,0
2025-11-18T13:36:13Z,De Oude Tufferbaan,OPERATING,STANDBY,5
2025-11-18T13:36:13Z,Piraña,DOWN,STANDBY,0
2025-11-18T13:36:13Z,Joris en de Draak,OPERATING,STANDBY,5
2025-11-18T13:36:13Z,Joris en de Draak Single-rider,OPERATING,SINGLE_RIDER,0
2025-11-18T13:36:13Z,Carnaval Festival,OPERATING,STANDBY,10
2025-11-18T13:36:13Z,Vogel Rok,OPERATING,STANDBY,10
2025-11-18T13:36:13Z,Pagode,OPERATING,STANDBY,5
2025-11-18T13:36:13Z,Baron 1898,OPERATING,STANDBY,10
2025-11-18T13:36:13Z,Baron 1898 Single-rider,OPERATING,SINGLE_RIDER,5
2025-11-18T13:36:13Z,Danse Macabre,OPERATING,STANDBY,13
2025-11-18T13:36:13Z,Danse Macabre Single-rider,OPERATING,SINGLE_RIDER,0
2025-11-18T14:20:39Z,Droomvlucht,OPERATING,STANDBY,15
2025-11-18T14:20:39Z,Fata Morgana,OPERATING,STANDBY,0
2025-11-18T14:20:39Z,Villa Volta,OPERATING,STANDBY,5
2025-11-18T14:20:39Z,De Vliegende Hollander,OPERATING,STANDBY,10
2025-11-18T14:20:39Z,De Vliegende Hollander Single-rider,OPERATING,SINGLE_RIDER,0
2025-11-18T14:20:39Z,Sirocco,REFURBISHMENT,STANDBY,NA
2025-11-18T14:20:39Z,Stoomcarrousel,OPERATING,STANDBY,0
2025-11-18T14:20:39Z,Stoomtrein Marerijk,OPERATING,STANDBY,25
2025-11-18T14:20:39Z,Symbolica,OPERATING,STANDBY,15
2025-11-18T14:20:39Z,Symbolica Single-rider,OPERATING,SINGLE_RIDER,0
2025-11-18T14:20:39Z,Halve Maen,OPERATING,STANDBY,5
2025-11-18T14:20:39Z,Stoomtrein Ruigrijk,OPERATING,STANDBY,25
2025-11-18T14:20:39Z,Kinderspoor,OPERATING,STANDBY,0
2025-11-18T14:20:39Z,Fabula,OPERATING,STANDBY,10
2025-11-18T14:20:39Z,Monorail,OPERATING,STANDBY,10
2025-11-18T14:20:39Z,Max & Moritz,REFURBISHMENT,STANDBY,NA
2025-11-18T14:20:39Z,Max & Moritz Single-rider,REFURBISHMENT,SINGLE_RIDER,NA
2025-11-18T14:20:39Z,Gondoletta,OPERATING,STANDBY,0
2025-11-18T14:20:39Z,Python,OPERATING,STANDBY,10
2025-11-18T14:20:39Z,Python Single-rider,OPERATING,SINGLE_RIDER,0
2025-11-18T14:20:39Z,De Oude Tufferbaan,OPERATING,STANDBY,0
2025-11-18T14:20:39Z,Piraña,OPERATING,STANDBY,0
2025-11-18T14:20:39Z,Joris en de Draak,OPERATING,STANDBY,10
2025-11-18T14:20:39Z,Joris en de Draak Single-rider,OPERATING,SINGLE_RIDER,0
2025-11-18T14:20:39Z,Carnaval Festival,OPERATING,STANDBY,15
2025-11-18T14:20:39Z,Vogel Rok,OPERATING,STANDBY,10
2025-11-18T14:20:39Z,Pagode,OPERATING,STANDBY,5
2025-11-18T14:20:39Z,Baron 1898,OPERATING,STANDBY,15
2025-11-18T14:20:39Z,Baron 1898 Single-rider,OPERATING,SINGLE_RIDER,5
2025-11-18T14:20:39Z,Danse Macabre,OPERATING,STANDBY,20
2025-11-18T14:20:39Z,Danse Macabre Single-rider,OPERATING,SINGLE_RIDER,0
2025-11-18T14:47:49Z,Droomvlucht,OPERATING,STANDBY,15
2025-11-18T14:47:49Z,Fata Morgana,OPERATING,STANDBY,0
2025-11-18T14:47:49Z,Villa Volta,OPERATING,STANDBY,5
2025-11-18T14:47:49Z,De Vliegende Hollander,OPERATING,STANDBY,15
2025-11-18T14:47:49Z,De Vliegende Hollander Single-rider,OPERATING,SINGLE_RIDER,0
2025-11-18T14:47:49Z,Sirocco,REFURBISHMENT,STANDBY,NA
2025-11-18T14:47:49Z,Stoomcarrousel,OPERATING,STANDBY,0
2025-11-18T14:47:49Z,Stoomtrein Marerijk,OPERATING,STANDBY,25
2025-11-18T14:47:49Z,Symbolica,OPERATING,STANDBY,25
2025-11-18T14:47:49Z,Symbolica Single-rider,OPERATING,SINGLE_RIDER,0
2025-11-18T14:47:49Z,Halve Maen,OPERATING,STANDBY,5
2025-11-18T14:47:49Z,Stoomtrein Ruigrijk,OPERATING,STANDBY,25
2025-11-18T14:47:49Z,Kinderspoor,OPERATING,STANDBY,0
2025-11-18T14:47:49Z,Fabula,OPERATING,STANDBY,10
2025-11-18T14:47:49Z,Monorail,OPERATING,STANDBY,10
2025-11-18T14:47:49Z,Max & Moritz,REFURBISHMENT,STANDBY,NA
2025-11-18T14:47:49Z,Max & Moritz Single-rider,REFURBISHMENT,SINGLE_RIDER,NA
2025-11-18T14:47:49Z,Gondoletta,OPERATING,STANDBY,0
2025-11-18T14:47:49Z,De Oude Tufferbaan,OPERATING,STANDBY,5
2025-11-18T14:47:49Z,Python,OPERATING,STANDBY,10
2025-11-18T14:47:49Z,Python Single-rider,OPERATING,SINGLE_RIDER,0
2025-11-18T14:47:49Z,Piraña,OPERATING,STANDBY,0
2025-11-18T14:47:49Z,Joris en de Draak,OPERATING,STANDBY,15
2025-11-18T14:47:49Z,Joris en de Draak Single-rider,OPERATING,SINGLE_RIDER,0
2025-11-18T14:47:49Z,Carnaval Festival,DOWN,STANDBY,0
2025-11-18T14:47:49Z,Vogel Rok,OPERATING,STANDBY,10
2025-11-18T14:47:49Z,Pagode,OPERATING,STANDBY,5
2025-11-18T14:47:49Z,Baron 1898,OPERATING,STANDBY,15
2025-11-18T14:47:49Z,Baron 1898 Single-rider,OPERATING,SINGLE_RIDER,5
2025-11-18T14:47:49Z,Danse Macabre,OPERATING,STANDBY,13
2025-11-18T14:47:49Z,Danse Macabre Single-rider,OPERATING,SINGLE_RIDER,0
2025-11-18T15:17:25Z,Droomvlucht,OPERATING,STANDBY,20
2025-11-18T15:17:25Z,Fata Morgana,OPERATING,STANDBY,5
2025-11-18T15:17:25Z,Villa Volta,OPERATING,STANDBY,5
2025-11-18T15:17:25Z,De Vliegende Hollander,OPERATING,STANDBY,15
2025-11-18T15:17:25Z,De Vliegende Hollander Single-rider,OPERATING,SINGLE_RIDER,0
2025-11-18T15:17:25Z,Sirocco,REFURBISHMENT,STANDBY,NA
2025-11-18T15:17:25Z,Stoomcarrousel,OPERATING,STANDBY,0
2025-11-18T15:17:25Z,Stoomtrein Marerijk,OPERATING,STANDBY,25
2025-11-18T15:17:25Z,Symbolica,OPERATING,STANDBY,25
2025-11-18T15:17:25Z,Symbolica Single-rider,OPERATING,SINGLE_RIDER,0
2025-11-18T15:17:25Z,Halve Maen,OPERATING,STANDBY,5
2025-11-18T15:17:25Z,Stoomtrein Ruigrijk,OPERATING,STANDBY,25
2025-11-18T15:17:25Z,Kinderspoor,OPERATING,STANDBY,0
2025-11-18T15:17:25Z,Fabula,OPERATING,STANDBY,10
2025-11-18T15:17:25Z,Monorail,OPERATING,STANDBY,0
2025-11-18T15:17:25Z,Max & Moritz,REFURBISHMENT,STANDBY,NA
2025-11-18T15:17:25Z,Max & Moritz Single-rider,REFURBISHMENT,SINGLE_RIDER,NA
2025-11-18T15:17:25Z,Gondoletta,OPERATING,STANDBY,0
2025-11-18T15:17:25Z,Python,OPERATING,STANDBY,25
2025-11-18T15:17:25Z,Python Single-rider,OPERATING,SINGLE_RIDER,0
2025-11-18T15:17:25Z,De Oude Tufferbaan,OPERATING,STANDBY,5
2025-11-18T15:17:25Z,Piraña,OPERATING,STANDBY,0
2025-11-18T15:17:25Z,Joris en de Draak,OPERATING,STANDBY,30
2025-11-18T15:17:25Z,Joris en de Draak Single-rider,OPERATING,SINGLE_RIDER,0
2025-11-18T15:17:25Z,Carnaval Festival,OPERATING,STANDBY,5
2025-11-18T15:17:25Z,Vogel Rok,OPERATING,STANDBY,5
2025-11-18T15:17:25Z,Pagode,OPERATING,STANDBY,5
2025-11-18T15:17:25Z,Baron 1898,OPERATING,STANDBY,15
2025-11-18T15:17:25Z,Baron 1898 Single-rider,OPERATING,SINGLE_RIDER,10
2025-11-18T15:17:25Z,Danse Macabre,OPERATING,STANDBY,13
2025-11-18T15:17:25Z,Danse Macabre Single-rider,OPERATING,SINGLE_RIDER,0
2025-11-18T15:44:15Z,Droomvlucht,OPERATING,STANDBY,20
2025-11-18T15:44:15Z,Fata Morgana,OPERATING,STANDBY,5
2025-11-18T15:44:15Z,Villa Volta,OPERATING,STANDBY,5
2025-11-18T15:44:15Z,De Vliegende Hollander,OPERATING,STANDBY,20
2025-11-18T15:44:15Z,De Vliegende Hollander Single-rider,OPERATING,SINGLE_RIDER,0
2025-11-18T15:44:15Z,Sirocco,REFURBISHMENT,STANDBY,NA
2025-11-18T15:44:15Z,Stoomcarrousel,OPERATING,STANDBY,0
2025-11-18T15:44:15Z,Stoomtrein Marerijk,OPERATING,STANDBY,25
2025-11-18T15:44:15Z,Symbolica,OPERATING,STANDBY,25
2025-11-18T15:44:15Z,Symbolica Single-rider,OPERATING,SINGLE_RIDER,0
2025-11-18T15:44:15Z,Halve Maen,OPERATING,STANDBY,5
2025-11-18T15:44:15Z,Stoomtrein Ruigrijk,OPERATING,STANDBY,25
2025-11-18T15:44:15Z,Kinderspoor,OPERATING,STANDBY,0
2025-11-18T15:44:15Z,Fabula,OPERATING,STANDBY,10
2025-11-18T15:44:15Z,Monorail,OPERATING,STANDBY,0
2025-11-18T15:44:15Z,Max & Moritz,REFURBISHMENT,STANDBY,NA
2025-11-18T15:44:15Z,Max & Moritz Single-rider,REFURBISHMENT,SINGLE_RIDER,NA
2025-11-18T15:44:15Z,Gondoletta,OPERATING,STANDBY,0
2025-11-18T15:44:15Z,De Oude Tufferbaan,OPERATING,STANDBY,15
2025-11-18T15:44:15Z,Python,OPERATING,STANDBY,20
2025-11-18T15:44:15Z,Python Single-rider,OPERATING,SINGLE_RIDER,0
2025-11-18T15:44:15Z,Piraña,OPERATING,STANDBY,0
2025-11-18T15:44:15Z,Joris en de Draak,OPERATING,STANDBY,25
2025-11-18T15:44:15Z,Joris en de Draak Single-rider,OPERATING,SINGLE_RIDER,0
2025-11-18T15:44:15Z,Carnaval Festival,OPERATING,STANDBY,0
2025-11-18T15:44:15Z,Vogel Rok,OPERATING,STANDBY,5
2025-11-18T15:44:15Z,Pagode,OPERATING,STANDBY,5
2025-11-18T15:44:15Z,Baron 1898,DOWN,STANDBY,0
2025-11-18T15:44:15Z,Baron 1898 Single-rider,DOWN,SINGLE_RIDER,NA
2025-11-18T15:44:15Z,Danse Macabre,OPERATING,STANDBY,13
2025-11-18T15:44:15Z,Danse Macabre Single-rider,OPERATING,SINGLE_RIDER,0
2025-11-18T15:55:06Z,Droomvlucht,OPERATING,STANDBY,20
2025-11-18T15:55:06Z,Fata Morgana,OPERATING,STANDBY,5
2025-11-18T15:55:06Z,Villa Volta,OPERATING,STANDBY,5
2025-11-18T15:55:06Z,De Vliegende Hollander,DOWN,STANDBY,0
2025-11-18T15:55:06Z,De Vliegende Hollander Single-rider,DOWN,SINGLE_RIDER,NA
2025-11-18T15:55:06Z,Sirocco,REFURBISHMENT,STANDBY,NA
2025-11-18T15:55:06Z,Stoomcarrousel,OPERATING,STANDBY,0
2025-11-18T15:55:06Z,Stoomtrein Marerijk,OPERATING,STANDBY,25
2025-11-18T15:55:06Z,Symbolica,OPERATING,STANDBY,25
2025-11-18T15:55:06Z,Symbolica Single-rider,OPERATING,SINGLE_RIDER,0
2025-11-18T15:55:06Z,Halve Maen,OPERATING,STANDBY,5
2025-11-18T15:55:06Z,Stoomtrein Ruigrijk,OPERATING,STANDBY,25
2025-11-18T15:55:06Z,Kinderspoor,OPERATING,STANDBY,0
2025-11-18T15:55:06Z,Fabula,OPERATING,STANDBY,10
2025-11-18T15:55:06Z,Monorail,OPERATING,STANDBY,0
2025-11-18T15:55:06Z,Max & Moritz,REFURBISHMENT,STANDBY,NA
2025-11-18T15:55:06Z,Max & Moritz Single-rider,REFURBISHMENT,SINGLE_RIDER,NA
2025-11-18T15:55:06Z,Gondoletta,OPERATING,STANDBY,0
2025-11-18T15:55:06Z,De Oude Tufferbaan,OPERATING,STANDBY,15
2025-11-18T15:55:06Z,Python,OPERATING,STANDBY,20
2025-11-18T15:55:06Z,Python Single-rider,OPERATING,SINGLE_RIDER,0
2025-11-18T15:55:06Z,Piraña,OPERATING,STANDBY,0
2025-11-18T15:55:06Z,Joris en de Draak,OPERATING,STANDBY,25
2025-11-18T15:55:06Z,Joris en de Draak Single-rider,OPERATING,SINGLE_RIDER,0
2025-11-18T15:55:06Z,Carnaval Festival,OPERATING,STANDBY,0
2025-11-18T15:55:06Z,Vogel Rok,OPERATING,STANDBY,5
2025-11-18T15:55:06Z,Baron 1898,OPERATING,STANDBY,5
2025-11-18T15:55:06Z,Baron 1898 Single-rider,OPERATING,SINGLE_RIDER,5
2025-11-18T15:55:06Z,Pagode,OPERATING,STANDBY,5
2025-11-18T15:55:06Z,Danse Macabre,OPERATING,STANDBY,13
2025-11-18T15:55:06Z,Danse Macabre Single-rider,OPERATING,SINGLE_RIDER,0
2025-11-18T16:19:37Z,Droomvlucht,OPERATING,STANDBY,10
2025-11-18T16:19:37Z,Fata Morgana,OPERATING,STANDBY,5
2025-11-18T16:19:37Z,Villa Volta,OPERATING,STANDBY,5
2025-11-18T16:19:37Z,De Vliegende Hollander,OPERATING,STANDBY,25
2025-11-18T16:19:37Z,De Vliegende Hollander Single-rider,OPERATING,SINGLE_RIDER,0
2025-11-18T16:19:37Z,Sirocco,REFURBISHMENT,STANDBY,NA
2025-11-18T16:19:37Z,Stoomcarrousel,OPERATING,STANDBY,0
2025-11-18T16:19:37Z,Stoomtrein Marerijk,OPERATING,STANDBY,25
2025-11-18T16:19:37Z,Symbolica,OPERATING,STANDBY,10
2025-11-18T16:19:37Z,Symbolica Single-rider,OPERATING,SINGLE_RIDER,0
2025-11-18T16:19:37Z,Halve Maen,OPERATING,STANDBY,5
2025-11-18T16:19:37Z,Stoomtrein Ruigrijk,OPERATING,STANDBY,25
2025-11-18T16:19:37Z,Kinderspoor,OPERATING,STANDBY,0
2025-11-18T16:19:37Z,Fabula,OPERATING,STANDBY,10
2025-11-18T16:19:37Z,Monorail,OPERATING,STANDBY,0
2025-11-18T16:19:37Z,Max & Moritz,REFURBISHMENT,STANDBY,NA
2025-11-18T16:19:37Z,Max & Moritz Single-rider,REFURBISHMENT,SINGLE_RIDER,NA
2025-11-18T16:19:37Z,Gondoletta,CLOSED,STANDBY,NA
2025-11-18T16:19:37Z,De Oude Tufferbaan,OPERATING,STANDBY,5
2025-11-18T16:19:37Z,Python,OPERATING,STANDBY,10
2025-11-18T16:19:37Z,Python Single-rider,OPERATING,SINGLE_RIDER,0
2025-11-18T16:19:37Z,Piraña,OPERATING,STANDBY,0
2025-11-18T16:19:37Z,Joris en de Draak,OPERATING,STANDBY,15
2025-11-18T16:19:37Z,Joris en de Draak Single-rider,OPERATING,SINGLE_RIDER,0
2025-11-18T16:19:37Z,Carnaval Festival,OPERATING,STANDBY,0
2025-11-18T16:19:37Z,Vogel Rok,DOWN,STANDBY,0
2025-11-18T16:19:37Z,Pagode,OPERATING,STANDBY,5
2025-11-18T16:19:37Z,Baron 1898,OPERATING,STANDBY,20
2025-11-18T16:19:37Z,Baron 1898 Single-rider,OPERATING,SINGLE_RIDER,25
2025-11-18T16:19:37Z,Danse Macabre,OPERATING,STANDBY,13
2025-11-18T16:19:37Z,Danse Macabre Single-rider,OPERATING,SINGLE_RIDER,0
2025-11-18T16:44:02Z,Droomvlucht,OPERATING,STANDBY,5
2025-11-18T16:44:02Z,Fata Morgana,OPERATING,STANDBY,10
2025-11-18T16:44:02Z,Villa Volta,OPERATING,STANDBY,5
2025-11-18T16:44:02Z,De Vliegende Hollander,OPERATING,STANDBY,30
2025-11-18T16:44:02Z,De Vliegende Hollander Single-rider,OPERATING,SINGLE_RIDER,0
2025-11-18T16:44:02Z,Sirocco,REFURBISHMENT,STANDBY,NA
2025-11-18T16:44:02Z,Stoomcarrousel,OPERATING,STANDBY,0
2025-11-18T16:44:02Z,Stoomtrein Marerijk,OPERATING,STANDBY,25
2025-11-18T16:44:02Z,Symbolica,OPERATING,STANDBY,20
2025-11-18T16:44:02Z,Symbolica Single-rider,OPERATING,SINGLE_RIDER,0
2025-11-18T16:44:02Z,Halve Maen,OPERATING,STANDBY,5
2025-11-18T16:44:02Z,Stoomtrein Ruigrijk,OPERATING,STANDBY,25
2025-11-18T16:44:02Z,Kinderspoor,OPERATING,STANDBY,0
2025-11-18T16:44:02Z,Fabula,OPERATING,STANDBY,10
2025-11-18T16:44:02Z,Monorail,OPERATING,STANDBY,0
2025-11-18T16:44:02Z,Max & Moritz,REFURBISHMENT,STANDBY,NA
2025-11-18T16:44:02Z,Max & Moritz Single-rider,REFURBISHMENT,SINGLE_RIDER,NA
2025-11-18T16:44:02Z,Gondoletta,CLOSED,STANDBY,NA
2025-11-18T16:44:02Z,De Oude Tufferbaan,OPERATING,STANDBY,5
2025-11-18T16:44:02Z,Python,OPERATING,STANDBY,5
2025-11-18T16:44:02Z,Python Single-rider,OPERATING,SINGLE_RIDER,0
2025-11-18T16:44:02Z,Piraña,OPERATING,STANDBY,0
2025-11-18T16:44:02Z,Joris en de Draak,OPERATING,STANDBY,10
2025-11-18T16:44:02Z,Joris en de Draak Single-rider,OPERATING,SINGLE_RIDER,0
2025-11-18T16:44:02Z,Carnaval Festival,OPERATING,STANDBY,0
2025-11-18T16:44:02Z,Vogel Rok,OPERATING,STANDBY,5
2025-11-18T16:44:02Z,Pagode,OPERATING,STANDBY,5
2025-11-18T16:44:02Z,Baron 1898,OPERATING,STANDBY,10
2025-11-18T16:44:02Z,Baron 1898 Single-rider,OPERATING,SINGLE_RIDER,10
2025-11-18T16:44:02Z,Danse Macabre,OPERATING,STANDBY,13
2025-11-18T16:44:02Z,Danse Macabre Single-rider,OPERATING,SINGLE_RIDER,0
2025-11-18T16:55:33Z,Droomvlucht,OPERATING,STANDBY,5
2025-11-18T16:55:33Z,Fata Morgana,OPERATING,STANDBY,5
2025-11-18T16:55:33Z,Villa Volta,OPERATING,STANDBY,5
2025-11-18T16:55:33Z,De Vliegende Hollander,OPERATING,STANDBY,25
2025-11-18T16:55:33Z,De Vliegende Hollander Single-rider,OPERATING,SINGLE_RIDER,0
2025-11-18T16:55:33Z,Sirocco,REFURBISHMENT,STANDBY,NA
2025-11-18T16:55:33Z,Stoomcarrousel,OPERATING,STANDBY,0
2025-11-18T16:55:33Z,Stoomtrein Marerijk,OPERATING,STANDBY,25
2025-11-18T16:55:33Z,Symbolica,OPERATING,STANDBY,20
2025-11-18T16:55:33Z,Symbolica Single-rider,OPERATING,SINGLE_RIDER,0
2025-11-18T16:55:33Z,Halve Maen,OPERATING,STANDBY,5
2025-11-18T16:55:33Z,Stoomtrein Ruigrijk,OPERATING,STANDBY,25
2025-11-18T16:55:33Z,Kinderspoor,OPERATING,STANDBY,0
2025-11-18T16:55:33Z,Fabula,OPERATING,STANDBY,10
2025-11-18T16:55:33Z,Monorail,OPERATING,STANDBY,0
2025-11-18T16:55:33Z,Max & Moritz,REFURBISHMENT,STANDBY,NA
2025-11-18T16:55:33Z,Max & Moritz Single-rider,REFURBISHMENT,SINGLE_RIDER,NA
2025-11-18T16:55:33Z,Gondoletta,CLOSED,STANDBY,NA
2025-11-18T16:55:33Z,Python,OPERATING,STANDBY,5
2025-11-18T16:55:33Z,Python Single-rider,OPERATING,SINGLE_RIDER,0
2025-11-18T16:55:33Z,De Oude Tufferbaan,OPERATING,STANDBY,0
2025-11-18T16:55:33Z,Piraña,OPERATING,STANDBY,0
2025-11-18T16:55:33Z,Joris en de Draak,OPERATING,STANDBY,10
2025-11-18T16:55:33Z,Joris en de Draak Single-rider,OPERATING,SINGLE_RIDER,0
2025-11-18T16:55:33Z,Carnaval Festival,OPERATING,STANDBY,0
2025-11-18T16:55:33Z,Vogel Rok,OPERATING,STANDBY,10
2025-11-18T16:55:33Z,Pagode,OPERATING,STANDBY,5
2025-11-18T16:55:33Z,Baron 1898,OPERATING,STANDBY,5
2025-11-18T16:55:33Z,Baron 1898 Single-rider,OPERATING,SINGLE_RIDER,5
2025-11-18T16:55:33Z,Danse Macabre,OPERATING,STANDBY,13
2025-11-18T16:55:33Z,Danse Macabre Single-rider,OPERATING,SINGLE_RIDER,0
2025-11-18T17:25:00Z,Droomvlucht,OPERATING,STANDBY,5
2025-11-18T17:25:00Z,Fata Morgana,OPERATING,STANDBY,10
2025-11-18T17:25:00Z,Villa Volta,OPERATING,STANDBY,5
2025-11-18T17:25:00Z,De Vliegende Hollander,OPERATING,STANDBY,15
2025-11-18T17:25:00Z,De Vliegende Hollander Single-rider,OPERATING,SINGLE_RIDER,0
2025-11-18T17:25:00Z,Sirocco,REFURBISHMENT,STANDBY,NA
2025-11-18T17:25:00Z,Stoomcarrousel,OPERATING,STANDBY,0
2025-11-18T17:25:00Z,Stoomtrein Marerijk,OPERATING,STANDBY,25
2025-11-18T17:25:00Z,Symbolica,OPERATING,STANDBY,20
2025-11-18T17:25:00Z,Symbolica Single-rider,OPERATING,SINGLE_RIDER,0
2025-11-18T17:25:00Z,Halve Maen,OPERATING,STANDBY,5
2025-11-18T17:25:00Z,Stoomtrein Ruigrijk,OPERATING,STANDBY,25
2025-11-18T17:25:00Z,Kinderspoor,OPERATING,STANDBY,0
2025-11-18T17:25:00Z,Fabula,OPERATING,STANDBY,10
2025-11-18T17:25:00Z,Monorail,OPERATING,STANDBY,0
2025-11-18T17:25:00Z,Max & Moritz,REFURBISHMENT,STANDBY,NA
2025-11-18T17:25:00Z,Max & Moritz Single-rider,REFURBISHMENT,SINGLE_RIDER,NA
2025-11-18T17:25:00Z,Gondoletta,CLOSED,STANDBY,NA
2025-11-18T17:25:00Z,Python,OPERATING,STANDBY,5
2025-11-18T17:25:00Z,Python Single-rider,OPERATING,SINGLE_RIDER,0
2025-11-18T17:25:00Z,De Oude Tufferbaan,OPERATING,STANDBY,0
2025-11-18T17:25:00Z,Piraña,OPERATING,STANDBY,0
2025-11-18T17:25:00Z,Joris en de Draak,OPERATING,STANDBY,25
2025-11-18T17:25:00Z,Joris en de Draak Single-rider,OPERATING,SINGLE_RIDER,0
2025-11-18T17:25:00Z,Carnaval Festival,OPERATING,STANDBY,0
2025-11-18T17:25:00Z,Vogel Rok,OPERATING,STANDBY,5
2025-11-18T17:25:00Z,Baron 1898,OPERATING,STANDBY,10
2025-11-18T17:25:00Z,Baron 1898 Single-rider,OPERATING,SINGLE_RIDER,10
2025-11-18T17:25:00Z,Pagode,OPERATING,STANDBY,5
2025-11-18T17:25:00Z,Danse Macabre,OPERATING,STANDBY,13
2025-11-18T17:25:00Z,Danse Macabre Single-rider,OPERATING,SINGLE_RIDER,0
2025-11-18T17:51:01Z,Droomvlucht,OPERATING,STANDBY,0
2025-11-18T17:51:01Z,Fata Morgana,OPERATING,STANDBY,10
2025-11-18T17:51:01Z,Villa Volta,OPERATING,STANDBY,5
2025-11-18T17:51:01Z,De Vliegende Hollander,OPERATING,STANDBY,10
2025-11-18T17:51:01Z,De Vliegende Hollander Single-rider,OPERATING,SINGLE_RIDER,0
2025-11-18T17:51:01Z,Sirocco,REFURBISHMENT,STANDBY,NA
2025-11-18T17:51:01Z,Stoomcarrousel,OPERATING,STANDBY,0
2025-11-18T17:51:01Z,Stoomtrein Marerijk,CLOSED,STANDBY,NA
2025-11-18T17:51:01Z,Symbolica,OPERATING,STANDBY,10
2025-11-18T17:51:01Z,Symbolica Single-rider,OPERATING,SINGLE_RIDER,0
2025-11-18T17:51:01Z,Halve Maen,OPERATING,STANDBY,5
2025-11-18T17:51:01Z,Stoomtrein Ruigrijk,CLOSED,STANDBY,NA
2025-11-18T17:51:01Z,Kinderspoor,OPERATING,STANDBY,0
2025-11-18T17:51:01Z,Fabula,OPERATING,STANDBY,10
2025-11-18T17:51:01Z,Monorail,CLOSED,STANDBY,NA
2025-11-18T17:51:01Z,Max & Moritz,REFURBISHMENT,STANDBY,NA
2025-11-18T17:51:01Z,Max & Moritz Single-rider,REFURBISHMENT,SINGLE_RIDER,NA
2025-11-18T17:51:01Z,Gondoletta,CLOSED,STANDBY,NA
2025-11-18T17:51:01Z,Python,OPERATING,STANDBY,5
2025-11-18T17:51:01Z,Python Single-rider,OPERATING,SINGLE_RIDER,0
2025-11-18T17:51:01Z,De Oude Tufferbaan,OPERATING,STANDBY,0
2025-11-18T17:51:01Z,Piraña,OPERATING,STANDBY,0
2025-11-18T17:51:01Z,Joris en de Draak,OPERATING,STANDBY,20
2025-11-18T17:51:01Z,Joris en de Draak Single-rider,OPERATING,SINGLE_RIDER,0
2025-11-18T17:51:01Z,Carnaval Festival,OPERATING,STANDBY,0
2025-11-18T17:51:01Z,Vogel Rok,OPERATING,STANDBY,5
2025-11-18T17:51:01Z,Pagode,OPERATING,STANDBY,5
2025-11-18T17:51:01Z,Baron 1898,OPERATING,STANDBY,20
2025-11-18T17:51:01Z,Baron 1898 Single-rider,OPERATING,SINGLE_RIDER,10
2025-11-18T17:51:01Z,Danse Macabre,OPERATING,STANDBY,13
2025-11-18T17:51:01Z,Danse Macabre Single-rider,OPERATING,SINGLE_RIDER,0
2025-11-19T10:42:09Z,Fata Morgana,OPERATING,STANDBY,5
2025-11-19T10:42:09Z,Villa Volta,OPERATING,STANDBY,5
2025-11-19T10:42:09Z,De Vliegende Hollander,CLOSED,STANDBY,NA
2025-11-19T10:42:09Z,De Vliegende Hollander Single-rider,CLOSED,SINGLE_RIDER,NA
2025-11-19T10:42:09Z,Droomvlucht,OPERATING,STANDBY,0
2025-11-19T10:42:09Z,Sirocco,REFURBISHMENT,STANDBY,NA
2025-11-19T10:42:09Z,Stoomcarrousel,OPERATING,STANDBY,0
2025-11-19T10:42:09Z,Stoomtrein Marerijk,CLOSED,STANDBY,NA
2025-11-19T10:42:09Z,Symbolica,CLOSED,STANDBY,NA
2025-11-19T10:42:09Z,Symbolica Single-rider,CLOSED,SINGLE_RIDER,NA
2025-11-19T10:42:09Z,Halve Maen,CLOSED,STANDBY,NA
2025-11-19T10:42:09Z,Stoomtrein Ruigrijk,CLOSED,STANDBY,NA
2025-11-19T10:42:09Z,Kinderspoor,CLOSED,STANDBY,NA
2025-11-19T10:42:09Z,Fabula,CLOSED,STANDBY,NA
2025-11-19T10:42:09Z,Monorail,CLOSED,STANDBY,NA
2025-11-19T10:42:09Z,Max & Moritz,REFURBISHMENT,STANDBY,NA
2025-11-19T10:42:09Z,Max & Moritz Single-rider,REFURBISHMENT,SINGLE_RIDER,NA
2025-11-19T10:42:09Z,Gondoletta,CLOSED,STANDBY,NA
2025-11-19T10:42:09Z,De Oude Tufferbaan,CLOSED,STANDBY,NA
2025-11-19T10:42:09Z,Python,OPERATING,STANDBY,5
2025-11-19T10:42:09Z,Python Single-rider,OPERATING,SINGLE_RIDER,0
2025-11-19T10:42:09Z,Piraña,CLOSED,STANDBY,NA
2025-11-19T10:42:09Z,Joris en de Draak,CLOSED,STANDBY,NA
2025-11-19T10:42:09Z,Joris en de Draak Single-rider,CLOSED,SINGLE_RIDER,NA
2025-11-19T10:42:09Z,Carnaval Festival,CLOSED,STANDBY,NA
2025-11-19T10:42:09Z,Vogel Rok,OPERATING,STANDBY,0
2025-11-19T10:42:09Z,Baron 1898,OPERATING,STANDBY,5
2025-11-19T10:42:09Z,Baron 1898 Single-rider,OPERATING,SINGLE_RIDER,5
2025-11-19T10:42:09Z,Pagode,OPERATING,STANDBY,5
2025-11-19T10:42:09Z,Danse Macabre,CLOSED,STANDBY,NA
2025-11-19T10:42:09Z,Danse Macabre Single-rider,CLOSED,SINGLE_RIDER,NA
2025-11-19T10:51:38Z,Fata Morgana,OPERATING,STANDBY,5
2025-11-19T10:51:38Z,Villa Volta,OPERATING,STANDBY,5
2025-11-19T10:51:38Z,De Vliegende Hollander,CLOSED,STANDBY,NA
2025-11-19T10:51:38Z,De Vliegende Hollander Single-rider,CLOSED,SINGLE_RIDER,NA
2025-11-19T10:51:38Z,Droomvlucht,OPERATING,STANDBY,0
2025-11-19T10:51:38Z,Sirocco,REFURBISHMENT,STANDBY,NA
2025-11-19T10:51:38Z,Stoomcarrousel,OPERATING,STANDBY,0
2025-11-19T10:51:38Z,Stoomtrein Marerijk,CLOSED,STANDBY,NA
2025-11-19T10:51:38Z,Symbolica,CLOSED,STANDBY,NA
2025-11-19T10:51:38Z,Symbolica Single-rider,CLOSED,SINGLE_RIDER,NA
2025-11-19T10:51:38Z,Halve Maen,CLOSED,STANDBY,NA
2025-11-19T10:51:38Z,Stoomtrein Ruigrijk,CLOSED,STANDBY,NA
2025-11-19T10:51:38Z,Kinderspoor,CLOSED,STANDBY,NA
2025-11-19T10:51:38Z,Fabula,CLOSED,STANDBY,NA
2025-11-19T10:51:38Z,Monorail,CLOSED,STANDBY,NA
2025-11-19T10:51:38Z,Max & Moritz,REFURBISHMENT,STANDBY,NA
2025-11-19T10:51:38Z,Max & Moritz Single-rider,REFURBISHMENT,SINGLE_RIDER,NA
2025-11-19T10:51:38Z,Gondoletta,CLOSED,STANDBY,NA
2025-11-19T10:51:38Z,De Oude Tufferbaan,CLOSED,STANDBY,NA
2025-11-19T10:51:38Z,Python,OPERATING,STANDBY,5
2025-11-19T10:51:38Z,Python Single-rider,OPERATING,SINGLE_RIDER,0
2025-11-19T10:51:38Z,Piraña,CLOSED,STANDBY,NA
2025-11-19T10:51:38Z,Joris en de Draak,CLOSED,STANDBY,NA
2025-11-19T10:51:38Z,Joris en de Draak Single-rider,CLOSED,SINGLE_RIDER,NA
2025-11-19T10:51:38Z,Carnaval Festival,CLOSED,STANDBY,NA
2025-11-19T10:51:38Z,Vogel Rok,OPERATING,STANDBY,0
2025-11-19T10:51:38Z,Baron 1898,OPERATING,STANDBY,5
2025-11-19T10:51:38Z,Baron 1898 Single-rider,OPERATING,SINGLE_RIDER,5
2025-11-19T10:51:38Z,Pagode,OPERATING,STANDBY,5
2025-11-19T10:51:38Z,Danse Macabre,CLOSED,STANDBY,NA
2025-11-19T10:51:38Z,Danse Macabre Single-rider,CLOSED,SINGLE_RIDER,NA
2025-11-19T11:19:18Z,Fata Morgana,OPERATING,STANDBY,5
2025-11-19T11:19:18Z,Villa Volta,OPERATING,STANDBY,5
2025-11-19T11:19:18Z,De Vliegende Hollander,OPERATING,STANDBY,5
2025-11-19T11:19:18Z,De Vliegende Hollander Single-rider,OPERATING,SINGLE_RIDER,0
2025-11-19T11:19:18Z,Droomvlucht,OPERATING,STANDBY,0
2025-11-19T11:19:18Z,Sirocco,REFURBISHMENT,STANDBY,NA
2025-11-19T11:19:18Z,Stoomcarrousel,OPERATING,STANDBY,0
2025-11-19T11:19:18Z,Stoomtrein Marerijk,OPERATING,STANDBY,25
2025-11-19T11:19:18Z,Symbolica,OPERATING,STANDBY,25
2025-11-19T11:19:18Z,Symbolica Single-rider,OPERATING,SINGLE_RIDER,0
2025-11-19T11:19:18Z,Halve Maen,OPERATING,STANDBY,5
2025-11-19T11:19:18Z,Stoomtrein Ruigrijk,OPERATING,STANDBY,25
2025-11-19T11:19:18Z,Kinderspoor,OPERATING,STANDBY,0
2025-11-19T11:19:18Z,Fabula,OPERATING,STANDBY,10
2025-11-19T11:19:18Z,Monorail,OPERATING,STANDBY,0
2025-11-19T11:19:18Z,Max & Moritz,REFURBISHMENT,STANDBY,NA
2025-11-19T11:19:18Z,Max & Moritz Single-rider,REFURBISHMENT,SINGLE_RIDER,NA
2025-11-19T11:19:18Z,Gondoletta,OPERATING,STANDBY,0
2025-11-19T11:19:18Z,De Oude Tufferbaan,OPERATING,STANDBY,0
2025-11-19T11:19:18Z,Python,OPERATING,STANDBY,5
2025-11-19T11:19:18Z,Python Single-rider,OPERATING,SINGLE_RIDER,0
2025-11-19T11:19:18Z,Piraña,OPERATING,STANDBY,0
2025-11-19T11:19:18Z,Joris en de Draak,OPERATING,STANDBY,5
2025-11-19T11:19:18Z,Joris en de Draak Single-rider,OPERATING,SINGLE_RIDER,0
2025-11-19T11:19:18Z,Carnaval Festival,CLOSED,STANDBY,NA
2025-11-19T11:19:18Z,Vogel Rok,OPERATING,STANDBY,5
2025-11-19T11:19:18Z,Baron 1898,OPERATING,STANDBY,5
2025-11-19T11:19:18Z,Baron 1898 Single-rider,OPERATING,SINGLE_RIDER,5
2025-11-19T11:19:18Z,Pagode,OPERATING,STANDBY,5
2025-11-19T11:19:18Z,Danse Macabre,OPERATING,STANDBY,13
2025-11-19T11:19:18Z,Danse Macabre Single-rider,OPERATING,SINGLE_RIDER,0
2025-11-19T11:44:50Z,Fata Morgana,OPERATING,STANDBY,5
2025-11-19T11:44:50Z,Villa Volta,OPERATING,STANDBY,5
2025-11-19T11:44:50Z,De Vliegende Hollander,OPERATING,STANDBY,10
2025-11-19T11:44:50Z,De Vliegende Hollander Single-rider,OPERATING,SINGLE_RIDER,0
2025-11-19T11:44:50Z,Droomvlucht,OPERATING,STANDBY,0
2025-11-19T11:44:50Z,Sirocco,REFURBISHMENT,STANDBY,NA
2025-11-19T11:44:50Z,Stoomcarrousel,OPERATING,STANDBY,0
2025-11-19T11:44:50Z,Stoomtrein Marerijk,OPERATING,STANDBY,25
2025-11-19T11:44:50Z,Symbolica,OPERATING,STANDBY,20
2025-11-19T11:44:50Z,Symbolica Single-rider,OPERATING,SINGLE_RIDER,0
2025-11-19T11:44:50Z,Halve Maen,OPERATING,STANDBY,5
2025-11-19T11:44:50Z,Stoomtrein Ruigrijk,OPERATING,STANDBY,25
2025-11-19T11:44:50Z,Kinderspoor,OPERATING,STANDBY,0
2025-11-19T11:44:50Z,Fabula,OPERATING,STANDBY,10
2025-11-19T11:44:50Z,Monorail,OPERATING,STANDBY,5
2025-11-19T11:44:50Z,Max & Moritz,REFURBISHMENT,STANDBY,NA
2025-11-19T11:44:50Z,Max & Moritz Single-rider,REFURBISHMENT,SINGLE_RIDER,NA
2025-11-19T11:44:50Z,Gondoletta,OPERATING,STANDBY,0
2025-11-19T11:44:50Z,Python,OPERATING,STANDBY,10
2025-11-19T11:44:50Z,Python Single-rider,OPERATING,SINGLE_RIDER,0
2025-11-19T11:44:50Z,De Oude Tufferbaan,OPERATING,STANDBY,0
2025-11-19T11:44:50Z,Piraña,OPERATING,STANDBY,0
2025-11-19T11:44:50Z,Joris en de Draak,OPERATING,STANDBY,5
2025-11-19T11:44:50Z,Joris en de Draak Single-rider,OPERATING,SINGLE_RIDER,0
2025-11-19T11:44:50Z,Carnaval Festival,CLOSED,STANDBY,NA
2025-11-19T11:44:50Z,Vogel Rok,OPERATING,STANDBY,5
2025-11-19T11:44:50Z,Pagode,OPERATING,STANDBY,5
2025-11-19T11:44:50Z,Baron 1898,DOWN,STANDBY,0
2025-11-19T11:44:50Z,Baron 1898 Single-rider,DOWN,SINGLE_RIDER,NA
2025-11-19T11:44:50Z,Danse Macabre,OPERATING,STANDBY,25
2025-11-19T11:44:50Z,Danse Macabre Single-rider,OPERATING,SINGLE_RIDER,0
2025-11-19T11:54:35Z,Fata Morgana,OPERATING,STANDBY,5
2025-11-19T11:54:35Z,Villa Volta,OPERATING,STANDBY,5
2025-11-19T11:54:35Z,De Vliegende Hollander,OPERATING,STANDBY,10
2025-11-19T11:54:35Z,De Vliegende Hollander Single-rider,OPERATING,SINGLE_RIDER,0
2025-11-19T11:54:35Z,Droomvlucht,OPERATING,STANDBY,0
2025-11-19T11:54:35Z,Sirocco,REFURBISHMENT,STANDBY,NA
2025-11-19T11:54:35Z,Stoomcarrousel,OPERATING,STANDBY,0
2025-11-19T11:54:35Z,Stoomtrein Marerijk,OPERATING,STANDBY,25
2025-11-19T11:54:35Z,Symbolica,OPERATING,STANDBY,20
2025-11-19T11:54:35Z,Symbolica Single-rider,OPERATING,SINGLE_RIDER,0
2025-11-19T11:54:35Z,Halve Maen,OPERATING,STANDBY,5
2025-11-19T11:54:35Z,Stoomtrein Ruigrijk,OPERATING,STANDBY,25
2025-11-19T11:54:35Z,Kinderspoor,OPERATING,STANDBY,0
2025-11-19T11:54:35Z,Fabula,OPERATING,STANDBY,10
2025-11-19T11:54:35Z,Monorail,OPERATING,STANDBY,0
2025-11-19T11:54:35Z,Max & Moritz,REFURBISHMENT,STANDBY,NA
2025-11-19T11:54:35Z,Max & Moritz Single-rider,REFURBISHMENT,SINGLE_RIDER,NA
2025-11-19T11:54:35Z,Gondoletta,OPERATING,STANDBY,0
2025-11-19T11:54:35Z,Python,OPERATING,STANDBY,10
2025-11-19T11:54:35Z,Python Single-rider,OPERATING,SINGLE_RIDER,0
2025-11-19T11:54:35Z,De Oude Tufferbaan,OPERATING,STANDBY,0
2025-11-19T11:54:35Z,Piraña,OPERATING,STANDBY,0
2025-11-19T11:54:35Z,Joris en de Draak,OPERATING,STANDBY,5
2025-11-19T11:54:35Z,Joris en de Draak Single-rider,OPERATING,SINGLE_RIDER,0
2025-11-19T11:54:35Z,Carnaval Festival,CLOSED,STANDBY,NA
2025-11-19T11:54:35Z,Vogel Rok,OPERATING,STANDBY,5
2025-11-19T11:54:35Z,Pagode,OPERATING,STANDBY,5
2025-11-19T11:54:35Z,Baron 1898,DOWN,STANDBY,0
2025-11-19T11:54:35Z,Baron 1898 Single-rider,DOWN,SINGLE_RIDER,NA
2025-11-19T11:54:35Z,Danse Macabre,OPERATING,STANDBY,25
2025-11-19T11:54:35Z,Danse Macabre Single-rider,OPERATING,SINGLE_RIDER,0
2025-11-19T12:15:22Z,Fata Morgana,OPERATING,STANDBY,5
2025-11-19T12:15:22Z,Villa Volta,OPERATING,STANDBY,5
2025-11-19T12:15:22Z,De Vliegende Hollander,OPERATING,STANDBY,25
2025-11-19T12:15:22Z,De Vliegende Hollander Single-rider,OPERATING,SINGLE_RIDER,0
2025-11-19T12:15:22Z,Droomvlucht,OPERATING,STANDBY,0
2025-11-19T12:15:22Z,Sirocco,REFURBISHMENT,STANDBY,NA
2025-11-19T12:15:22Z,Stoomcarrousel,OPERATING,STANDBY,0
2025-11-19T12:15:22Z,Stoomtrein Marerijk,OPERATING,STANDBY,25
2025-11-19T12:15:22Z,Symbolica,OPERATING,STANDBY,20
2025-11-19T12:15:22Z,Symbolica Single-rider,OPERATING,SINGLE_RIDER,0
2025-11-19T12:15:22Z,Halve Maen,OPERATING,STANDBY,5
2025-11-19T12:15:22Z,Stoomtrein Ruigrijk,OPERATING,STANDBY,25
2025-11-19T12:15:22Z,Kinderspoor,OPERATING,STANDBY,0
2025-11-19T12:15:22Z,Fabula,OPERATING,STANDBY,10
2025-11-19T12:15:22Z,Monorail,OPERATING,STANDBY,0
2025-11-19T12:15:22Z,Max & Moritz,REFURBISHMENT,STANDBY,NA
2025-11-19T12:15:22Z,Max & Moritz Single-rider,REFURBISHMENT,SINGLE_RIDER,NA
2025-11-19T12:15:22Z,Gondoletta,OPERATING,STANDBY,0
2025-11-19T12:15:22Z,De Oude Tufferbaan,OPERATING,STANDBY,5
2025-11-19T12:15:22Z,Python,OPERATING,STANDBY,25
2025-11-19T12:15:22Z,Python Single-rider,OPERATING,SINGLE_RIDER,0
2025-11-19T12:15:22Z,Piraña,OPERATING,STANDBY,0
2025-11-19T12:15:22Z,Joris en de Draak,OPERATING,STANDBY,20
2025-11-19T12:15:22Z,Joris en de Draak Single-rider,OPERATING,SINGLE_RIDER,0
2025-11-19T12:15:22Z,Carnaval Festival,OPERATING,STANDBY,5
2025-11-19T12:15:22Z,Vogel Rok,OPERATING,STANDBY,5
2025-11-19T12:15:22Z,Pagode,OPERATING,STANDBY,5
2025-11-19T12:15:22Z,Baron 1898,DOWN,STANDBY,0
2025-11-19T12:15:22Z,Baron 1898 Single-rider,DOWN,SINGLE_RIDER,NA
2025-11-19T12:15:22Z,Danse Macabre,OPERATING,STANDBY,20
2025-11-19T12:15:22Z,Danse Macabre Single-rider,OPERATING,SINGLE_RIDER,0
2025-11-19T12:37:39Z,Fata Morgana,OPERATING,STANDBY,0
2025-11-19T12:37:39Z,Villa Volta,OPERATING,STANDBY,5
2025-11-19T12:37:39Z,De Vliegende Hollander,OPERATING,STANDBY,25
2025-11-19T12:37:39Z,De Vliegende Hollander Single-rider,OPERATING,SINGLE_RIDER,0
2025-11-19T12:37:39Z,Droomvlucht,OPERATING,STANDBY,0
2025-11-19T12:37:39Z,Sirocco,REFURBISHMENT,STANDBY,NA
2025-11-19T12:37:39Z,Stoomcarrousel,OPERATING,STANDBY,0
2025-11-19T12:37:39Z,Stoomtrein Marerijk,OPERATING,STANDBY,25
2025-11-19T12:37:39Z,Symbolica,OPERATING,STANDBY,20
2025-11-19T12:37:39Z,Symbolica Single-rider,OPERATING,SINGLE_RIDER,0
2025-11-19T12:37:39Z,Halve Maen,OPERATING,STANDBY,5
2025-11-19T12:37:39Z,Stoomtrein Ruigrijk,OPERATING,STANDBY,25
2025-11-19T12:37:39Z,Kinderspoor,OPERATING,STANDBY,0
2025-11-19T12:37:39Z,Fabula,OPERATING,STANDBY,10
2025-11-19T12:37:39Z,Monorail,OPERATING,STANDBY,0
2025-11-19T12:37:39Z,Max & Moritz,REFURBISHMENT,STANDBY,NA
2025-11-19T12:37:39Z,Max & Moritz Single-rider,REFURBISHMENT,SINGLE_RIDER,NA
2025-11-19T12:37:39Z,Gondoletta,OPERATING,STANDBY,0
2025-11-19T12:37:39Z,Python,OPERATING,STANDBY,20
2025-11-19T12:37:39Z,Python Single-rider,OPERATING,SINGLE_RIDER,0
2025-11-19T12:37:39Z,De Oude Tufferbaan,OPERATING,STANDBY,5
2025-11-19T12:37:39Z,Piraña,OPERATING,STANDBY,0
2025-11-19T12:37:39Z,Joris en de Draak,OPERATING,STANDBY,15
2025-11-19T12:37:39Z,Joris en de Draak Single-rider,OPERATING,SINGLE_RIDER,0
2025-11-19T12:37:39Z,Carnaval Festival,OPERATING,STANDBY,5
2025-11-19T12:37:39Z,Vogel Rok,OPERATING,STANDBY,5
2025-11-19T12:37:39Z,Pagode,OPERATING,STANDBY,5
2025-11-19T12:37:39Z,Baron 1898,DOWN,STANDBY,0
2025-11-19T12:37:39Z,Baron 1898 Single-rider,DOWN,SINGLE_RIDER,NA
2025-11-19T12:37:39Z,Danse Macabre,OPERATING,STANDBY,20
2025-11-19T12:37:39Z,Danse Macabre Single-rider,OPERATING,SINGLE_RIDER,0
2025-11-19T12:49:02Z,Fata Morgana,OPERATING,STANDBY,0
2025-11-19T12:49:02Z,Villa Volta,OPERATING,STANDBY,5
2025-11-19T12:49:02Z,De Vliegende Hollander,OPERATING,STANDBY,20
2025-11-19T12:49:02Z,De Vliegende Hollander Single-rider,OPERATING,SINGLE_RIDER,0
2025-11-19T12:49:02Z,Droomvlucht,OPERATING,STANDBY,0
2025-11-19T12:49:02Z,Sirocco,REFURBISHMENT,STANDBY,NA
2025-11-19T12:49:02Z,Stoomcarrousel,OPERATING,STANDBY,0
2025-11-19T12:49:02Z,Stoomtrein Marerijk,OPERATING,STANDBY,25
2025-11-19T12:49:02Z,Symbolica,OPERATING,STANDBY,20
2025-11-19T12:49:02Z,Symbolica Single-rider,OPERATING,SINGLE_RIDER,0
2025-11-19T12:49:02Z,Halve Maen,OPERATING,STANDBY,5
2025-11-19T12:49:02Z,Stoomtrein Ruigrijk,OPERATING,STANDBY,25
2025-11-19T12:49:02Z,Kinderspoor,OPERATING,STANDBY,5
2025-11-19T12:49:02Z,Fabula,OPERATING,STANDBY,10
2025-11-19T12:49:02Z,Monorail,OPERATING,STANDBY,0
2025-11-19T12:49:02Z,Max & Moritz,REFURBISHMENT,STANDBY,NA
2025-11-19T12:49:02Z,Max & Moritz Single-rider,REFURBISHMENT,SINGLE_RIDER,NA
2025-11-19T12:49:02Z,Gondoletta,OPERATING,STANDBY,0
2025-11-19T12:49:02Z,De Oude Tufferbaan,OPERATING,STANDBY,5
2025-11-19T12:49:02Z,Python,OPERATING,STANDBY,25
2025-11-19T12:49:02Z,Python Single-rider,OPERATING,SINGLE_RIDER,0
2025-11-19T12:49:02Z,Piraña,OPERATING,STANDBY,0
2025-11-19T12:49:02Z,Joris en de Draak,OPERATING,STANDBY,15
2025-11-19T12:49:02Z,Joris en de Draak Single-rider,OPERATING,SINGLE_RIDER,0
2025-11-19T12:49:02Z,Carnaval Festival,OPERATING,STANDBY,5
2025-11-19T12:49:02Z,Vogel Rok,OPERATING,STANDBY,5
2025-11-19T12:49:02Z,Pagode,OPERATING,STANDBY,5
2025-11-19T12:49:02Z,Baron 1898,DOWN,STANDBY,0
2025-11-19T12:49:02Z,Baron 1898 Single-rider,DOWN,SINGLE_RIDER,NA
2025-11-19T12:49:02Z,Danse Macabre,OPERATING,STANDBY,13
2025-11-19T12:49:02Z,Danse Macabre Single-rider,OPERATING,SINGLE_RIDER,0
2025-11-19T13:36:35Z,Fata Morgana,OPERATING,STANDBY,0
2025-11-19T13:36:35Z,Villa Volta,OPERATING,STANDBY,5
2025-11-19T13:36:35Z,De Vliegende Hollander,OPERATING,STANDBY,5
2025-11-19T13:36:35Z,De Vliegende Hollander Single-rider,OPERATING,SINGLE_RIDER,0
2025-11-19T13:36:35Z,Droomvlucht,OPERATING,STANDBY,5
2025-11-19T13:36:35Z,Sirocco,REFURBISHMENT,STANDBY,NA
2025-11-19T13:36:35Z,Stoomcarrousel,OPERATING,STANDBY,0
2025-11-19T13:36:35Z,Stoomtrein Marerijk,OPERATING,STANDBY,25
2025-11-19T13:36:35Z,Symbolica,OPERATING,STANDBY,15
2025-11-19T13:36:35Z,Symbolica Single-rider,OPERATING,SINGLE_RIDER,0
2025-11-19T13:36:35Z,Halve Maen,OPERATING,STANDBY,5
2025-11-19T13:36:35Z,Stoomtrein Ruigrijk,OPERATING,STANDBY,25
2025-11-19T13:36:35Z,Kinderspoor,OPERATING,STANDBY,5
2025-11-19T13:36:35Z,Fabula,OPERATING,STANDBY,10
2025-11-19T13:36:35Z,Monorail,OPERATING,STANDBY,5
2025-11-19T13:36:35Z,Max & Moritz,REFURBISHMENT,STANDBY,NA
2025-11-19T13:36:35Z,Max & Moritz Single-rider,REFURBISHMENT,SINGLE_RIDER,NA
2025-11-19T13:36:35Z,Gondoletta,OPERATING,STANDBY,0
2025-11-19T13:36:35Z,De Oude Tufferbaan,OPERATING,STANDBY,5
2025-11-19T13:36:35Z,Python,OPERATING,STANDBY,10
2025-11-19T13:36:35Z,Python Single-rider,OPERATING,SINGLE_RIDER,0
2025-11-19T13:36:35Z,Piraña,OPERATING,STANDBY,0
2025-11-19T13:36:35Z,Joris en de Draak,OPERATING,STANDBY,5
2025-11-19T13:36:35Z,Joris en de Draak Single-rider,OPERATING,SINGLE_RIDER,0
2025-11-19T13:36:35Z,Carnaval Festival,OPERATING,STANDBY,5
2025-11-19T13:36:35Z,Vogel Rok,OPERATING,STANDBY,5
2025-11-19T13:36:35Z,Baron 1898,OPERATING,STANDBY,20
2025-11-19T13:36:35Z,Baron 1898 Single-rider,OPERATING,SINGLE_RIDER,15
2025-11-19T13:36:35Z,Pagode,OPERATING,STANDBY,5
2025-11-19T13:36:35Z,Danse Macabre,OPERATING,STANDBY,13
2025-11-19T13:36:35Z,Danse Macabre Single-rider,OPERATING,SINGLE_RIDER,0
2025-11-19T14:20:33Z,Fata Morgana,OPERATING,STANDBY,0
2025-11-19T14:20:33Z,Villa Volta,OPERATING,STANDBY,5
2025-11-19T14:20:33Z,De Vliegende Hollander,OPERATING,STANDBY,0
2025-11-19T14:20:33Z,De Vliegende Hollander Single-rider,OPERATING,SINGLE_RIDER,0
2025-11-19T14:20:33Z,Droomvlucht,OPERATING,STANDBY,5
2025-11-19T14:20:33Z,Sirocco,REFURBISHMENT,STANDBY,NA
2025-11-19T14:20:33Z,Stoomcarrousel,OPERATING,STANDBY,0
2025-11-19T14:20:33Z,Stoomtrein Marerijk,OPERATING,STANDBY,25
2025-11-19T14:20:33Z,Symbolica,OPERATING,STANDBY,10
2025-11-19T14:20:33Z,Symbolica Single-rider,OPERATING,SINGLE_RIDER,0
2025-11-19T14:20:33Z,Halve Maen,OPERATING,STANDBY,5
2025-11-19T14:20:33Z,Stoomtrein Ruigrijk,OPERATING,STANDBY,25
2025-11-19T14:20:33Z,Kinderspoor,OPERATING,STANDBY,5
2025-11-19T14:20:33Z,Fabula,OPERATING,STANDBY,10
2025-11-19T14:20:33Z,Monorail,OPERATING,STANDBY,5
2025-11-19T14:20:33Z,Max & Moritz,REFURBISHMENT,STANDBY,NA
2025-11-19T14:20:33Z,Max & Moritz Single-rider,REFURBISHMENT,SINGLE_RIDER,NA
2025-11-19T14:20:33Z,Gondoletta,OPERATING,STANDBY,0
2025-11-19T14:20:33Z,De Oude Tufferbaan,OPERATING,STANDBY,10
2025-11-19T14:20:33Z,Python,OPERATING,STANDBY,5
2025-11-19T14:20:33Z,Python Single-rider,OPERATING,SINGLE_RIDER,0
2025-11-19T14:20:33Z,Piraña,OPERATING,STANDBY,0
2025-11-19T14:20:33Z,Joris en de Draak,OPERATING,STANDBY,5
2025-11-19T14:20:33Z,Joris en de Draak Single-rider,OPERATING,SINGLE_RIDER,0
2025-11-19T14:20:33Z,Carnaval Festival,OPERATING,STANDBY,5
2025-11-19T14:20:33Z,Vogel Rok,OPERATING,STANDBY,5
2025-11-19T14:20:33Z,Pagode,OPERATING,STANDBY,5
2025-11-19T14:20:33Z,Baron 1898,OPERATING,STANDBY,15
2025-11-19T14:20:33Z,Baron 1898 Single-rider,OPERATING,SINGLE_RIDER,20
2025-11-19T14:20:33Z,Danse Macabre,OPERATING,STANDBY,13
2025-11-19T14:20:33Z,Danse Macabre Single-rider,OPERATING,SINGLE_RIDER,0
2025-11-19T14:48:31Z,Fata Morgana,OPERATING,STANDBY,0
2025-11-19T14:48:31Z,Villa Volta,OPERATING,STANDBY,5
2025-11-19T14:48:31Z,De Vliegende Hollander,OPERATING,STANDBY,0
2025-11-19T14:48:31Z,De Vliegende Hollander Single-rider,OPERATING,SINGLE_RIDER,0
2025-11-19T14:48:31Z,Droomvlucht,OPERATING,STANDBY,15
2025-11-19T14:48:31Z,Sirocco,REFURBISHMENT,STANDBY,NA
2025-11-19T14:48:31Z,Stoomcarrousel,OPERATING,STANDBY,0
2025-11-19T14:48:31Z,Stoomtrein Marerijk,OPERATING,STANDBY,25
2025-11-19T14:48:31Z,Symbolica,DOWN,STANDBY,0
2025-11-19T14:48:31Z,Symbolica Single-rider,DOWN,SINGLE_RIDER,NA
2025-11-19T14:48:31Z,Halve Maen,OPERATING,STANDBY,5
2025-11-19T14:48:31Z,Stoomtrein Ruigrijk,OPERATING,STANDBY,25
2025-11-19T14:48:31Z,Kinderspoor,OPERATING,STANDBY,5
2025-11-19T14:48:31Z,Fabula,OPERATING,STANDBY,10
2025-11-19T14:48:31Z,Monorail,OPERATING,STANDBY,5
2025-11-19T14:48:31Z,Max & Moritz,REFURBISHMENT,STANDBY,NA
2025-11-19T14:48:31Z,Max & Moritz Single-rider,REFURBISHMENT,SINGLE_RIDER,NA
2025-11-19T14:48:31Z,Gondoletta,OPERATING,STANDBY,0
2025-11-19T14:48:31Z,De Oude Tufferbaan,OPERATING,STANDBY,5
2025-11-19T14:48:31Z,Python,OPERATING,STANDBY,5
2025-11-19T14:48:31Z,Python Single-rider,OPERATING,SINGLE_RIDER,0
2025-11-19T14:48:31Z,Piraña,OPERATING,STANDBY,0
2025-11-19T14:48:31Z,Joris en de Draak,OPERATING,STANDBY,5
2025-11-19T14:48:31Z,Joris en de Draak Single-rider,OPERATING,SINGLE_RIDER,0
2025-11-19T14:48:31Z,Carnaval Festival,OPERATING,STANDBY,0
2025-11-19T14:48:31Z,Vogel Rok,OPERATING,STANDBY,5
2025-11-19T14:48:31Z,Baron 1898,OPERATING,STANDBY,15
2025-11-19T14:48:31Z,Baron 1898 Single-rider,OPERATING,SINGLE_RIDER,10
2025-11-19T14:48:31Z,Pagode,OPERATING,STANDBY,5
2025-11-19T14:48:31Z,Danse Macabre,OPERATING,STANDBY,13
2025-11-19T14:48:31Z,Danse Macabre Single-rider,OPERATING,SINGLE_RIDER,0
2025-11-19T15:17:22Z,Fata Morgana,OPERATING,STANDBY,0
2025-11-19T15:17:22Z,Villa Volta,OPERATING,STANDBY,5
2025-11-19T15:17:22Z,De Vliegende Hollander,OPERATING,STANDBY,0
2025-11-19T15:17:22Z,De Vliegende Hollander Single-rider,OPERATING,SINGLE_RIDER,0
2025-11-19T15:17:22Z,Droomvlucht,OPERATING,STANDBY,10
2025-11-19T15:17:22Z,Sirocco,REFURBISHMENT,STANDBY,NA
2025-11-19T15:17:22Z,Stoomcarrousel,OPERATING,STANDBY,0
2025-11-19T15:17:22Z,Stoomtrein Marerijk,OPERATING,STANDBY,25
2025-11-19T15:17:22Z,Symbolica,OPERATING,STANDBY,10
2025-11-19T15:17:22Z,Symbolica Single-rider,OPERATING,SINGLE_RIDER,0
2025-11-19T15:17:22Z,Halve Maen,OPERATING,STANDBY,5
2025-11-19T15:17:22Z,Stoomtrein Ruigrijk,OPERATING,STANDBY,25
2025-11-19T15:17:22Z,Kinderspoor,OPERATING,STANDBY,0
2025-11-19T15:17:22Z,Fabula,OPERATING,STANDBY,10
2025-11-19T15:17:22Z,Monorail,OPERATING,STANDBY,0
2025-11-19T15:17:22Z,Max & Moritz,REFURBISHMENT,STANDBY,NA
2025-11-19T15:17:22Z,Max & Moritz Single-rider,REFURBISHMENT,SINGLE_RIDER,NA
2025-11-19T15:17:22Z,Gondoletta,OPERATING,STANDBY,0
2025-11-19T15:17:22Z,De Oude Tufferbaan,OPERATING,STANDBY,5
2025-11-19T15:17:22Z,Python,OPERATING,STANDBY,5
2025-11-19T15:17:22Z,Python Single-rider,OPERATING,SINGLE_RIDER,0
2025-11-19T15:17:22Z,Piraña,OPERATING,STANDBY,0
2025-11-19T15:17:22Z,Joris en de Draak,OPERATING,STANDBY,5
2025-11-19T15:17:22Z,Joris en de Draak Single-rider,OPERATING,SINGLE_RIDER,0
2025-11-19T15:17:22Z,Carnaval Festival,OPERATING,STANDBY,5
2025-11-19T15:17:22Z,Vogel Rok,OPERATING,STANDBY,5
2025-11-19T15:17:22Z,Baron 1898,DOWN,STANDBY,0
2025-11-19T15:17:22Z,Baron 1898 Single-rider,DOWN,SINGLE_RIDER,NA
2025-11-19T15:17:22Z,Pagode,OPERATING,STANDBY,5
2025-11-19T15:17:22Z,Danse Macabre,OPERATING,STANDBY,13
2025-11-19T15:17:22Z,Danse Macabre Single-rider,OPERATING,SINGLE_RIDER,0
2025-11-19T15:43:58Z,Fata Morgana,OPERATING,STANDBY,5
2025-11-19T15:43:58Z,Villa Volta,OPERATING,STANDBY,5
2025-11-19T15:43:58Z,De Vliegende Hollander,DOWN,STANDBY,0
2025-11-19T15:43:58Z,De Vliegende Hollander Single-rider,DOWN,SINGLE_RIDER,NA
2025-11-19T15:43:58Z,Droomvlucht,DOWN,STANDBY,0
2025-11-19T15:43:58Z,Sirocco,REFURBISHMENT,STANDBY,NA
2025-11-19T15:43:58Z,Stoomcarrousel,OPERATING,STANDBY,0
2025-11-19T15:43:58Z,Stoomtrein Marerijk,OPERATING,STANDBY,25
2025-11-19T15:43:58Z,Symbolica,OPERATING,STANDBY,15
2025-11-19T15:43:58Z,Symbolica Single-rider,OPERATING,SINGLE_RIDER,0
2025-11-19T15:43:58Z,Halve Maen,DOWN,STANDBY,0
2025-11-19T15:43:58Z,Stoomtrein Ruigrijk,OPERATING,STANDBY,25
2025-11-19T15:43:58Z,Kinderspoor,OPERATING,STANDBY,0
2025-11-19T15:43:58Z,Fabula,OPERATING,STANDBY,10
2025-11-19T15:43:58Z,Monorail,OPERATING,STANDBY,0
2025-11-19T15:43:58Z,Max & Moritz,REFURBISHMENT,STANDBY,NA
2025-11-19T15:43:58Z,Max & Moritz Single-rider,REFURBISHMENT,SINGLE_RIDER,NA
2025-11-19T15:43:58Z,Gondoletta,OPERATING,STANDBY,0
2025-11-19T15:43:58Z,Python,DOWN,STANDBY,0
2025-11-19T15:43:58Z,Python Single-rider,DOWN,SINGLE_RIDER,NA
2025-11-19T15:43:58Z,De Oude Tufferbaan,DOWN,STANDBY,0
2025-11-19T15:43:58Z,Piraña,DOWN,STANDBY,0
2025-11-19T15:43:58Z,Joris en de Draak,DOWN,STANDBY,0
2025-11-19T15:43:58Z,Joris en de Draak Single-rider,DOWN,SINGLE_RIDER,NA
2025-11-19T15:43:58Z,Carnaval Festival,OPERATING,STANDBY,5
2025-11-19T15:43:58Z,Vogel Rok,OPERATING,STANDBY,5
2025-11-19T15:43:58Z,Baron 1898,DOWN,STANDBY,0
2025-11-19T15:43:58Z,Baron 1898 Single-rider,DOWN,SINGLE_RIDER,NA
2025-11-19T15:43:58Z,Pagode,OPERATING,STANDBY,5
2025-11-19T15:43:58Z,Danse Macabre,OPERATING,STANDBY,13
2025-11-19T15:43:58Z,Danse Macabre Single-rider,OPERATING,SINGLE_RIDER,0
2025-11-19T15:55:33Z,Fata Morgana,OPERATING,STANDBY,5
2025-11-19T15:55:33Z,Villa Volta,OPERATING,STANDBY,5
2025-11-19T15:55:33Z,De Vliegende Hollander,DOWN,STANDBY,0
2025-11-19T15:55:33Z,De Vliegende Hollander Single-rider,DOWN,SINGLE_RIDER,NA
2025-11-19T15:55:33Z,Droomvlucht,DOWN,STANDBY,0
2025-11-19T15:55:33Z,Sirocco,REFURBISHMENT,STANDBY,NA
2025-11-19T15:55:33Z,Stoomcarrousel,OPERATING,STANDBY,0
2025-11-19T15:55:33Z,Stoomtrein Marerijk,OPERATING,STANDBY,25
2025-11-19T15:55:33Z,Symbolica,DOWN,STANDBY,0
2025-11-19T15:55:33Z,Symbolica Single-rider,DOWN,SINGLE_RIDER,NA
2025-11-19T15:55:33Z,Halve Maen,DOWN,STANDBY,0
2025-11-19T15:55:33Z,Stoomtrein Ruigrijk,OPERATING,STANDBY,25
2025-11-19T15:55:33Z,Kinderspoor,OPERATING,STANDBY,0
2025-11-19T15:55:33Z,Fabula,OPERATING,STANDBY,10
2025-11-19T15:55:33Z,Monorail,OPERATING,STANDBY,0
2025-11-19T15:55:33Z,Max & Moritz,REFURBISHMENT,STANDBY,NA
2025-11-19T15:55:33Z,Max & Moritz Single-rider,REFURBISHMENT,SINGLE_RIDER,NA
2025-11-19T15:55:33Z,Gondoletta,OPERATING,STANDBY,0
2025-11-19T15:55:33Z,Python,DOWN,STANDBY,0
2025-11-19T15:55:33Z,Python Single-rider,DOWN,SINGLE_RIDER,NA
2025-11-19T15:55:33Z,De Oude Tufferbaan,DOWN,STANDBY,0
2025-11-19T15:55:33Z,Piraña,OPERATING,STANDBY,0
2025-11-19T15:55:33Z,Joris en de Draak,DOWN,STANDBY,0
2025-11-19T15:55:33Z,Joris en de Draak Single-rider,DOWN,SINGLE_RIDER,NA
2025-11-19T15:55:33Z,Carnaval Festival,OPERATING,STANDBY,5
2025-11-19T15:55:33Z,Vogel Rok,OPERATING,STANDBY,5
2025-11-19T15:55:33Z,Baron 1898,DOWN,STANDBY,0
2025-11-19T15:55:33Z,Baron 1898 Single-rider,DOWN,SINGLE_RIDER,NA
2025-11-19T15:55:33Z,Pagode,OPERATING,STANDBY,5
2025-11-19T15:55:33Z,Danse Macabre,OPERATING,STANDBY,13
2025-11-19T15:55:33Z,Danse Macabre Single-rider,OPERATING,SINGLE_RIDER,0
2025-11-19T16:19:28Z,Fata Morgana,OPERATING,STANDBY,5
2025-11-19T16:19:28Z,Villa Volta,OPERATING,STANDBY,5
2025-11-19T16:19:28Z,De Vliegende Hollander,OPERATING,STANDBY,5
2025-11-19T16:19:28Z,De Vliegende Hollander Single-rider,OPERATING,SINGLE_RIDER,0
2025-11-19T16:19:28Z,Droomvlucht,OPERATING,STANDBY,10
2025-11-19T16:19:28Z,Sirocco,REFURBISHMENT,STANDBY,NA
2025-11-19T16:19:28Z,Stoomcarrousel,OPERATING,STANDBY,0
2025-11-19T16:19:28Z,Stoomtrein Marerijk,OPERATING,STANDBY,25
2025-11-19T16:19:28Z,Symbolica,OPERATING,STANDBY,10
2025-11-19T16:19:28Z,Symbolica Single-rider,OPERATING,SINGLE_RIDER,0
2025-11-19T16:19:28Z,Halve Maen,DOWN,STANDBY,0
2025-11-19T16:19:28Z,Stoomtrein Ruigrijk,OPERATING,STANDBY,25
2025-11-19T16:19:28Z,Kinderspoor,OPERATING,STANDBY,0
2025-11-19T16:19:28Z,Fabula,OPERATING,STANDBY,10
2025-11-19T16:19:28Z,Monorail,OPERATING,STANDBY,0
2025-11-19T16:19:28Z,Max & Moritz,REFURBISHMENT,STANDBY,NA
2025-11-19T16:19:28Z,Max & Moritz Single-rider,REFURBISHMENT,SINGLE_RIDER,NA
2025-11-19T16:19:28Z,Gondoletta,CLOSED,STANDBY,NA
2025-11-19T16:19:28Z,Python,DOWN,STANDBY,0
2025-11-19T16:19:28Z,Python Single-rider,DOWN,SINGLE_RIDER,NA
2025-11-19T16:19:28Z,De Oude Tufferbaan,DOWN,STANDBY,0
2025-11-19T16:19:28Z,Piraña,OPERATING,STANDBY,0
2025-11-19T16:19:28Z,Joris en de Draak,DOWN,STANDBY,0
2025-11-19T16:19:28Z,Joris en de Draak Single-rider,DOWN,SINGLE_RIDER,NA
2025-11-19T16:19:28Z,Carnaval Festival,OPERATING,STANDBY,5
2025-11-19T16:19:28Z,Vogel Rok,OPERATING,STANDBY,5
2025-11-19T16:19:28Z,Baron 1898,DOWN,STANDBY,0
2025-11-19T16:19:28Z,Baron 1898 Single-rider,DOWN,SINGLE_RIDER,NA
2025-11-19T16:19:28Z,Pagode,OPERATING,STANDBY,5
2025-11-19T16:19:28Z,Danse Macabre,OPERATING,STANDBY,13
2025-11-19T16:19:28Z,Danse Macabre Single-rider,OPERATING,SINGLE_RIDER,0
2025-11-19T16:39:55Z,Fata Morgana,OPERATING,STANDBY,5
2025-11-19T16:39:55Z,Villa Volta,OPERATING,STANDBY,5
2025-11-19T16:39:55Z,De Vliegende Hollander,OPERATING,STANDBY,5
2025-11-19T16:39:55Z,De Vliegende Hollander Single-rider,OPERATING,SINGLE_RIDER,0
2025-11-19T16:39:55Z,Droomvlucht,OPERATING,STANDBY,5
2025-11-19T16:39:55Z,Sirocco,REFURBISHMENT,STANDBY,NA
2025-11-19T16:39:55Z,Stoomcarrousel,OPERATING,STANDBY,0
2025-11-19T16:39:55Z,Stoomtrein Marerijk,OPERATING,STANDBY,25
2025-11-19T16:39:55Z,Symbolica,OPERATING,STANDBY,15
2025-11-19T16:39:55Z,Symbolica Single-rider,OPERATING,SINGLE_RIDER,0
2025-11-19T16:39:55Z,Halve Maen,DOWN,STANDBY,0
2025-11-19T16:39:55Z,Stoomtrein Ruigrijk,OPERATING,STANDBY,25
2025-11-19T16:39:55Z,Kinderspoor,OPERATING,STANDBY,0
2025-11-19T16:39:55Z,Fabula,OPERATING,STANDBY,10
2025-11-19T16:39:55Z,Monorail,OPERATING,STANDBY,0
2025-11-19T16:39:55Z,Max & Moritz,REFURBISHMENT,STANDBY,NA
2025-11-19T16:39:55Z,Max & Moritz Single-rider,REFURBISHMENT,SINGLE_RIDER,NA
2025-11-19T16:39:55Z,Gondoletta,CLOSED,STANDBY,NA
2025-11-19T16:39:55Z,Python,OPERATING,STANDBY,0
2025-11-19T16:39:55Z,Python Single-rider,OPERATING,SINGLE_RIDER,0
2025-11-19T16:39:55Z,De Oude Tufferbaan,DOWN,STANDBY,0
2025-11-19T16:39:55Z,Piraña,OPERATING,STANDBY,5
2025-11-19T16:39:55Z,Joris en de Draak,DOWN,STANDBY,0
2025-11-19T16:39:55Z,Joris en de Draak Single-rider,DOWN,SINGLE_RIDER,NA
2025-11-19T16:39:55Z,Carnaval Festival,OPERATING,STANDBY,5
2025-11-19T16:39:55Z,Vogel Rok,OPERATING,STANDBY,5
2025-11-19T16:39:55Z,Baron 1898,DOWN,STANDBY,0
2025-11-19T16:39:55Z,Baron 1898 Single-rider,DOWN,SINGLE_RIDER,NA
2025-11-19T16:39:55Z,Pagode,OPERATING,STANDBY,5
2025-11-19T16:39:55Z,Danse Macabre,OPERATING,STANDBY,13
2025-11-19T16:39:55Z,Danse Macabre Single-rider,OPERATING,SINGLE_RIDER,0
2025-11-19T16:50:10Z,Fata Morgana,OPERATING,STANDBY,0
2025-11-19T16:50:10Z,Villa Volta,OPERATING,STANDBY,5
2025-11-19T16:50:10Z,De Vliegende Hollander,OPERATING,STANDBY,5
2025-11-19T16:50:10Z,De Vliegende Hollander Single-rider,OPERATING,SINGLE_RIDER,0
2025-11-19T16:50:10Z,Droomvlucht,OPERATING,STANDBY,5
2025-11-19T16:50:10Z,Sirocco,REFURBISHMENT,STANDBY,NA
2025-11-19T16:50:10Z,Stoomcarrousel,OPERATING,STANDBY,0
2025-11-19T16:50:10Z,Stoomtrein Marerijk,OPERATING,STANDBY,25
2025-11-19T16:50:10Z,Symbolica,OPERATING,STANDBY,15
2025-11-19T16:50:10Z,Symbolica Single-rider,OPERATING,SINGLE_RIDER,0
2025-11-19T16:50:10Z,Halve Maen,DOWN,STANDBY,0
2025-11-19T16:50:10Z,Stoomtrein Ruigrijk,OPERATING,STANDBY,25
2025-11-19T16:50:10Z,Kinderspoor,OPERATING,STANDBY,0
2025-11-19T16:50:10Z,Fabula,OPERATING,STANDBY,10
2025-11-19T16:50:10Z,Monorail,OPERATING,STANDBY,0
2025-11-19T16:50:10Z,Max & Moritz,REFURBISHMENT,STANDBY,NA
2025-11-19T16:50:10Z,Max & Moritz Single-rider,REFURBISHMENT,SINGLE_RIDER,NA
2025-11-19T16:50:10Z,Gondoletta,CLOSED,STANDBY,NA
2025-11-19T16:50:10Z,Python,OPERATING,STANDBY,0
2025-11-19T16:50:10Z,Python Single-rider,OPERATING,SINGLE_RIDER,0
2025-11-19T16:50:10Z,De Oude Tufferbaan,DOWN,STANDBY,0
2025-11-19T16:50:10Z,Piraña,OPERATING,STANDBY,0
2025-11-19T16:50:10Z,Joris en de Draak,DOWN,STANDBY,0
2025-11-19T16:50:10Z,Joris en de Draak Single-rider,DOWN,SINGLE_RIDER,NA
2025-11-19T16:50:10Z,Carnaval Festival,OPERATING,STANDBY,0
2025-11-19T16:50:10Z,Vogel Rok,OPERATING,STANDBY,5
2025-11-19T16:50:10Z,Baron 1898,OPERATING,STANDBY,5
2025-11-19T16:50:10Z,Baron 1898 Single-rider,OPERATING,SINGLE_RIDER,5
2025-11-19T16:50:10Z,Pagode,OPERATING,STANDBY,5
2025-11-19T16:50:10Z,Danse Macabre,OPERATING,STANDBY,13
2025-11-19T16:50:10Z,Danse Macabre Single-rider,OPERATING,SINGLE_RIDER,0
2025-11-19T17:23:05Z,Fata Morgana,OPERATING,STANDBY,0
2025-11-19T17:23:05Z,Villa Volta,OPERATING,STANDBY,5
2025-11-19T17:23:05Z,De Vliegende Hollander,OPERATING,STANDBY,0
2025-11-19T17:23:05Z,De Vliegende Hollander Single-rider,OPERATING,SINGLE_RIDER,0
2025-11-19T17:23:05Z,Droomvlucht,OPERATING,STANDBY,0
2025-11-19T17:23:05Z,Sirocco,REFURBISHMENT,STANDBY,NA
2025-11-19T17:23:05Z,Stoomcarrousel,OPERATING,STANDBY,0
2025-11-19T17:23:05Z,Stoomtrein Marerijk,OPERATING,STANDBY,25
2025-11-19T17:23:05Z,Symbolica,OPERATING,STANDBY,10
2025-11-19T17:23:05Z,Symbolica Single-rider,OPERATING,SINGLE_RIDER,0
2025-11-19T17:23:05Z,Halve Maen,DOWN,STANDBY,0
2025-11-19T17:23:05Z,Stoomtrein Ruigrijk,OPERATING,STANDBY,25
2025-11-19T17:23:05Z,Kinderspoor,OPERATING,STANDBY,0
2025-11-19T17:23:05Z,Fabula,OPERATING,STANDBY,10
2025-11-19T17:23:05Z,Monorail,OPERATING,STANDBY,0
2025-11-19T17:23:05Z,Max & Moritz,REFURBISHMENT,STANDBY,NA
2025-11-19T17:23:05Z,Max & Moritz Single-rider,REFURBISHMENT,SINGLE_RIDER,NA
2025-11-19T17:23:05Z,Gondoletta,CLOSED,STANDBY,NA
2025-11-19T17:23:05Z,Python,OPERATING,STANDBY,0
2025-11-19T17:23:05Z,Python Single-rider,OPERATING,SINGLE_RIDER,0
2025-11-19T17:23:05Z,De Oude Tufferbaan,DOWN,STANDBY,0
2025-11-19T17:23:05Z,Piraña,OPERATING,STANDBY,0
2025-11-19T17:23:05Z,Joris en de Draak,OPERATING,STANDBY,5
2025-11-19T17:23:05Z,Joris en de Draak Single-rider,OPERATING,SINGLE_RIDER,0
2025-11-19T17:23:05Z,Carnaval Festival,OPERATING,STANDBY,0
2025-11-19T17:23:05Z,Vogel Rok,OPERATING,STANDBY,5
2025-11-19T17:23:05Z,Baron 1898,OPERATING,STANDBY,5
2025-11-19T17:23:05Z,Baron 1898 Single-rider,OPERATING,SINGLE_RIDER,5
2025-11-19T17:23:05Z,Pagode,OPERATING,STANDBY,5
2025-11-19T17:23:05Z,Danse Macabre,OPERATING,STANDBY,13
2025-11-19T17:23:05Z,Danse Macabre Single-rider,OPERATING,SINGLE_RIDER,0
2025-11-19T17:49:23Z,Fata Morgana,OPERATING,STANDBY,5
2025-11-19T17:49:23Z,Villa Volta,OPERATING,STANDBY,5
2025-11-19T17:49:23Z,De Vliegende Hollander,OPERATING,STANDBY,0
2025-11-19T17:49:23Z,De Vliegende Hollander Single-rider,OPERATING,SINGLE_RIDER,0
2025-11-19T17:49:23Z,Droomvlucht,OPERATING,STANDBY,0
2025-11-19T17:49:23Z,Sirocco,REFURBISHMENT,STANDBY,NA
2025-11-19T17:49:23Z,Stoomcarrousel,OPERATING,STANDBY,0
2025-11-19T17:49:23Z,Stoomtrein Marerijk,CLOSED,STANDBY,NA
2025-11-19T17:49:23Z,Symbolica,OPERATING,STANDBY,10
2025-11-19T17:49:23Z,Symbolica Single-rider,OPERATING,SINGLE_RIDER,0
2025-11-19T17:49:23Z,Halve Maen,DOWN,STANDBY,0
2025-11-19T17:49:23Z,Stoomtrein Ruigrijk,CLOSED,STANDBY,NA
2025-11-19T17:49:23Z,Kinderspoor,OPERATING,STANDBY,0
2025-11-19T17:49:23Z,Fabula,CLOSED,STANDBY,NA
2025-11-19T17:49:23Z,Monorail,OPERATING,STANDBY,0
2025-11-19T17:49:23Z,Max & Moritz,REFURBISHMENT,STANDBY,NA
2025-11-19T17:49:23Z,Max & Moritz Single-rider,REFURBISHMENT,SINGLE_RIDER,NA
2025-11-19T17:49:23Z,Gondoletta,CLOSED,STANDBY,NA
2025-11-19T17:49:23Z,Python,OPERATING,STANDBY,0
2025-11-19T17:49:23Z,Python Single-rider,OPERATING,SINGLE_RIDER,0
2025-11-19T17:49:23Z,De Oude Tufferbaan,DOWN,STANDBY,0
2025-11-19T17:49:23Z,Piraña,OPERATING,STANDBY,0
2025-11-19T17:49:23Z,Joris en de Draak,OPERATING,STANDBY,5
2025-11-19T17:49:23Z,Joris en de Draak Single-rider,OPERATING,SINGLE_RIDER,0
2025-11-19T17:49:23Z,Carnaval Festival,OPERATING,STANDBY,0
2025-11-19T17:49:23Z,Vogel Rok,OPERATING,STANDBY,5
2025-11-19T17:49:23Z,Baron 1898,DOWN,STANDBY,0
2025-11-19T17:49:23Z,Baron 1898 Single-rider,DOWN,SINGLE_RIDER,NA
2025-11-19T17:49:23Z,Pagode,OPERATING,STANDBY,5
2025-11-19T17:49:23Z,Danse Macabre,OPERATING,STANDBY,13
2025-11-19T17:49:23Z,Danse Macabre Single-rider,OPERATING,SINGLE_RIDER,0
2025-11-20T10:41:24Z,Fata Morgana,OPERATING,STANDBY,5
2025-11-20T10:41:24Z,Villa Volta,OPERATING,STANDBY,5
2025-11-20T10:41:24Z,De Vliegende Hollander,OPERATING,STANDBY,0
2025-11-20T10:41:24Z,De Vliegende Hollander Single-rider,OPERATING,SINGLE_RIDER,0
2025-11-20T10:41:24Z,Droomvlucht,OPERATING,STANDBY,0
2025-11-20T10:41:24Z,Sirocco,REFURBISHMENT,STANDBY,NA
2025-11-20T10:41:24Z,Stoomcarrousel,OPERATING,STANDBY,0
2025-11-20T10:41:24Z,Stoomtrein Marerijk,CLOSED,STANDBY,NA
2025-11-20T10:41:24Z,Symbolica,CLOSED,STANDBY,NA
2025-11-20T10:41:24Z,Symbolica Single-rider,CLOSED,SINGLE_RIDER,NA
2025-11-20T10:41:24Z,Halve Maen,CLOSED,STANDBY,NA
2025-11-20T10:41:24Z,Stoomtrein Ruigrijk,CLOSED,STANDBY,NA
2025-11-20T10:41:24Z,Kinderspoor,CLOSED,STANDBY,NA
2025-11-20T10:41:24Z,Fabula,CLOSED,STANDBY,NA
2025-11-20T10:41:24Z,Monorail,CLOSED,STANDBY,NA
2025-11-20T10:41:24Z,Max & Moritz,REFURBISHMENT,STANDBY,NA
2025-11-20T10:41:24Z,Max & Moritz Single-rider,REFURBISHMENT,SINGLE_RIDER,NA
2025-11-20T10:41:24Z,Gondoletta,CLOSED,STANDBY,NA
2025-11-20T10:41:24Z,De Oude Tufferbaan,CLOSED,STANDBY,NA
2025-11-20T10:41:24Z,Python,CLOSED,STANDBY,NA
2025-11-20T10:41:24Z,Python Single-rider,CLOSED,SINGLE_RIDER,NA
2025-11-20T10:41:24Z,Piraña,CLOSED,STANDBY,NA
2025-11-20T10:41:24Z,Joris en de Draak,CLOSED,STANDBY,NA
2025-11-20T10:41:24Z,Joris en de Draak Single-rider,CLOSED,SINGLE_RIDER,NA
2025-11-20T10:41:24Z,Carnaval Festival,CLOSED,STANDBY,NA
2025-11-20T10:41:24Z,Vogel Rok,OPERATING,STANDBY,0
2025-11-20T10:41:24Z,Pagode,OPERATING,STANDBY,5
2025-11-20T10:41:24Z,Baron 1898,OPERATING,STANDBY,10
2025-11-20T10:41:24Z,Baron 1898 Single-rider,OPERATING,SINGLE_RIDER,5
2025-11-20T10:41:24Z,Danse Macabre,CLOSED,STANDBY,NA
2025-11-20T10:41:24Z,Danse Macabre Single-rider,CLOSED,SINGLE_RIDER,NA
2025-11-20T10:51:22Z,Fata Morgana,OPERATING,STANDBY,5
2025-11-20T10:51:22Z,Villa Volta,OPERATING,STANDBY,5
2025-11-20T10:51:22Z,De Vliegende Hollander,OPERATING,STANDBY,0
2025-11-20T10:51:22Z,De Vliegende Hollander Single-rider,OPERATING,SINGLE_RIDER,0
2025-11-20T10:51:22Z,Droomvlucht,OPERATING,STANDBY,0
2025-11-20T10:51:22Z,Sirocco,REFURBISHMENT,STANDBY,NA
2025-11-20T10:51:22Z,Stoomcarrousel,OPERATING,STANDBY,0
2025-11-20T10:51:22Z,Stoomtrein Marerijk,CLOSED,STANDBY,NA
2025-11-20T10:51:22Z,Symbolica,CLOSED,STANDBY,NA
2025-11-20T10:51:22Z,Symbolica Single-rider,CLOSED,SINGLE_RIDER,NA
2025-11-20T10:51:22Z,Halve Maen,CLOSED,STANDBY,NA
2025-11-20T10:51:22Z,Stoomtrein Ruigrijk,CLOSED,STANDBY,NA
2025-11-20T10:51:22Z,Kinderspoor,CLOSED,STANDBY,NA
2025-11-20T10:51:22Z,Fabula,CLOSED,STANDBY,NA
2025-11-20T10:51:22Z,Monorail,CLOSED,STANDBY,NA
2025-11-20T10:51:22Z,Max & Moritz,REFURBISHMENT,STANDBY,NA
2025-11-20T10:51:22Z,Max & Moritz Single-rider,REFURBISHMENT,SINGLE_RIDER,NA
2025-11-20T10:51:22Z,Gondoletta,CLOSED,STANDBY,NA
2025-11-20T10:51:22Z,De Oude Tufferbaan,CLOSED,STANDBY,NA
2025-11-20T10:51:22Z,Python,CLOSED,STANDBY,NA
2025-11-20T10:51:22Z,Python Single-rider,CLOSED,SINGLE_RIDER,NA
2025-11-20T10:51:22Z,Piraña,CLOSED,STANDBY,NA
2025-11-20T10:51:22Z,Joris en de Draak,DOWN,STANDBY,0
2025-11-20T10:51:22Z,Joris en de Draak Single-rider,DOWN,SINGLE_RIDER,NA
2025-11-20T10:51:22Z,Carnaval Festival,CLOSED,STANDBY,NA
2025-11-20T10:51:22Z,Vogel Rok,OPERATING,STANDBY,0
2025-11-20T10:51:22Z,Pagode,OPERATING,STANDBY,5
2025-11-20T10:51:22Z,Baron 1898,OPERATING,STANDBY,10
2025-11-20T10:51:22Z,Baron 1898 Single-rider,OPERATING,SINGLE_RIDER,5
2025-11-20T10:51:22Z,Danse Macabre,CLOSED,STANDBY,NA
2025-11-20T10:51:22Z,Danse Macabre Single-rider,CLOSED,SINGLE_RIDER,NA
2025-11-20T11:18:55Z,Fata Morgana,OPERATING,STANDBY,10
2025-11-20T11:18:55Z,Villa Volta,OPERATING,STANDBY,5
2025-11-20T11:18:55Z,De Vliegende Hollander,OPERATING,STANDBY,5
2025-11-20T11:18:55Z,De Vliegende Hollander Single-rider,OPERATING,SINGLE_RIDER,0
2025-11-20T11:18:55Z,Droomvlucht,OPERATING,STANDBY,5
2025-11-20T11:18:55Z,Sirocco,REFURBISHMENT,STANDBY,NA
2025-11-20T11:18:55Z,Stoomcarrousel,OPERATING,STANDBY,0
2025-11-20T11:18:55Z,Stoomtrein Marerijk,OPERATING,STANDBY,25
2025-11-20T11:18:55Z,Symbolica,OPERATING,STANDBY,25
2025-11-20T11:18:55Z,Symbolica Single-rider,OPERATING,SINGLE_RIDER,0
2025-11-20T11:18:55Z,Halve Maen,OPERATING,STANDBY,0
2025-11-20T11:18:55Z,Stoomtrein Ruigrijk,OPERATING,STANDBY,25
2025-11-20T11:18:55Z,Kinderspoor,OPERATING,STANDBY,0
2025-11-20T11:18:55Z,Fabula,OPERATING,STANDBY,10
2025-11-20T11:18:55Z,Monorail,OPERATING,STANDBY,0
2025-11-20T11:18:55Z,Max & Moritz,REFURBISHMENT,STANDBY,NA
2025-11-20T11:18:55Z,Max & Moritz Single-rider,REFURBISHMENT,SINGLE_RIDER,NA
2025-11-20T11:18:55Z,Gondoletta,OPERATING,STANDBY,0
2025-11-20T11:18:55Z,De Oude Tufferbaan,DOWN,STANDBY,0
2025-11-20T11:18:55Z,Python,DOWN,STANDBY,0
2025-11-20T11:18:55Z,Python Single-rider,DOWN,SINGLE_RIDER,NA
2025-11-20T11:18:55Z,Piraña,OPERATING,STANDBY,0
2025-11-20T11:18:55Z,Joris en de Draak,DOWN,STANDBY,0
2025-11-20T11:18:55Z,Joris en de Draak Single-rider,DOWN,SINGLE_RIDER,NA
2025-11-20T11:18:55Z,Carnaval Festival,DOWN,STANDBY,0
2025-11-20T11:18:55Z,Vogel Rok,OPERATING,STANDBY,0
2025-11-20T11:18:55Z,Baron 1898,OPERATING,STANDBY,10
2025-11-20T11:18:55Z,Baron 1898 Single-rider,OPERATING,SINGLE_RIDER,10
2025-11-20T11:18:55Z,Pagode,OPERATING,STANDBY,5
2025-11-20T11:18:55Z,Danse Macabre,OPERATING,STANDBY,20
2025-11-20T11:18:55Z,Danse Macabre Single-rider,OPERATING,SINGLE_RIDER,0
2025-11-20T11:44:22Z,Fata Morgana,OPERATING,STANDBY,20
2025-11-20T11:44:22Z,Villa Volta,OPERATING,STANDBY,5
2025-11-20T11:44:22Z,De Vliegende Hollander,OPERATING,STANDBY,5
2025-11-20T11:44:22Z,De Vliegende Hollander Single-rider,OPERATING,SINGLE_RIDER,0
2025-11-20T11:44:22Z,Droomvlucht,OPERATING,STANDBY,10
2025-11-20T11:44:22Z,Sirocco,REFURBISHMENT,STANDBY,NA
2025-11-20T11:44:22Z,Stoomcarrousel,OPERATING,STANDBY,0
2025-11-20T11:44:22Z,Stoomtrein Marerijk,OPERATING,STANDBY,25
2025-11-20T11:44:22Z,Symbolica,OPERATING,STANDBY,20
2025-11-20T11:44:22Z,Symbolica Single-rider,OPERATING,SINGLE_RIDER,0
2025-11-20T11:44:22Z,Halve Maen,OPERATING,STANDBY,0
2025-11-20T11:44:22Z,Stoomtrein Ruigrijk,OPERATING,STANDBY,25
2025-11-20T11:44:22Z,Kinderspoor,OPERATING,STANDBY,0
2025-11-20T11:44:22Z,Fabula,OPERATING,STANDBY,10
2025-11-20T11:44:22Z,Monorail,OPERATING,STANDBY,0
2025-11-20T11:44:22Z,Max & Moritz,REFURBISHMENT,STANDBY,NA
2025-11-20T11:44:22Z,Max & Moritz Single-rider,REFURBISHMENT,SINGLE_RIDER,NA
2025-11-20T11:44:22Z,Gondoletta,OPERATING,STANDBY,0
2025-11-20T11:44:22Z,Python,OPERATING,STANDBY,10
2025-11-20T11:44:22Z,Python Single-rider,OPERATING,SINGLE_RIDER,0
2025-11-20T11:44:22Z,De Oude Tufferbaan,OPERATING,STANDBY,5
2025-11-20T11:44:22Z,Piraña,OPERATING,STANDBY,0
2025-11-20T11:44:22Z,Joris en de Draak,DOWN,STANDBY,0
2025-11-20T11:44:22Z,Joris en de Draak Single-rider,DOWN,SINGLE_RIDER,NA
2025-11-20T11:44:22Z,Carnaval Festival,CLOSED,STANDBY,NA
2025-11-20T11:44:22Z,Vogel Rok,OPERATING,STANDBY,5
2025-11-20T11:44:22Z,Baron 1898,OPERATING,STANDBY,15
2025-11-20T11:44:22Z,Baron 1898 Single-rider,OPERATING,SINGLE_RIDER,15
2025-11-20T11:44:22Z,Pagode,OPERATING,STANDBY,5
2025-11-20T11:44:22Z,Danse Macabre,OPERATING,STANDBY,20
2025-11-20T11:44:22Z,Danse Macabre Single-rider,OPERATING,SINGLE_RIDER,0
2025-11-20T11:54:18Z,Fata Morgana,OPERATING,STANDBY,20
2025-11-20T11:54:18Z,Villa Volta,OPERATING,STANDBY,5
2025-11-20T11:54:18Z,De Vliegende Hollander,OPERATING,STANDBY,5
2025-11-20T11:54:18Z,De Vliegende Hollander Single-rider,OPERATING,SINGLE_RIDER,0
2025-11-20T11:54:18Z,Droomvlucht,OPERATING,STANDBY,10
2025-11-20T11:54:18Z,Sirocco,REFURBISHMENT,STANDBY,NA
2025-11-20T11:54:18Z,Stoomcarrousel,OPERATING,STANDBY,0
2025-11-20T11:54:18Z,Stoomtrein Marerijk,OPERATING,STANDBY,25
2025-11-20T11:54:18Z,Symbolica,OPERATING,STANDBY,20
2025-11-20T11:54:18Z,Symbolica Single-rider,OPERATING,SINGLE_RIDER,0
2025-11-20T11:54:18Z,Halve Maen,OPERATING,STANDBY,0
2025-11-20T11:54:18Z,Stoomtrein Ruigrijk,OPERATING,STANDBY,25
2025-11-20T11:54:18Z,Kinderspoor,OPERATING,STANDBY,0
2025-11-20T11:54:18Z,Fabula,OPERATING,STANDBY,10
2025-11-20T11:54:18Z,Monorail,OPERATING,STANDBY,0
2025-11-20T11:54:18Z,Max & Moritz,REFURBISHMENT,STANDBY,NA
2025-11-20T11:54:18Z,Max & Moritz Single-rider,REFURBISHMENT,SINGLE_RIDER,NA
2025-11-20T11:54:18Z,Gondoletta,OPERATING,STANDBY,0
2025-11-20T11:54:18Z,De Oude Tufferbaan,OPERATING,STANDBY,5
2025-11-20T11:54:18Z,Python,OPERATING,STANDBY,25
2025-11-20T11:54:18Z,Python Single-rider,OPERATING,SINGLE_RIDER,0
2025-11-20T11:54:18Z,Piraña,OPERATING,STANDBY,0
2025-11-20T11:54:18Z,Joris en de Draak,DOWN,STANDBY,0
2025-11-20T11:54:18Z,Joris en de Draak Single-rider,DOWN,SINGLE_RIDER,NA
2025-11-20T11:54:18Z,Carnaval Festival,CLOSED,STANDBY,NA
2025-11-20T11:54:18Z,Vogel Rok,OPERATING,STANDBY,5
2025-11-20T11:54:18Z,Baron 1898,OPERATING,STANDBY,15
2025-11-20T11:54:18Z,Baron 1898 Single-rider,OPERATING,SINGLE_RIDER,15
2025-11-20T11:54:18Z,Pagode,OPERATING,STANDBY,5
2025-11-20T11:54:18Z,Danse Macabre,OPERATING,STANDBY,20
2025-11-20T11:54:18Z,Danse Macabre Single-rider,OPERATING,SINGLE_RIDER,0
2025-11-20T12:15:39Z,Fata Morgana,OPERATING,STANDBY,10
2025-11-20T12:15:39Z,Villa Volta,OPERATING,STANDBY,5
2025-11-20T12:15:39Z,De Vliegende Hollander,OPERATING,STANDBY,15
2025-11-20T12:15:39Z,De Vliegende Hollander Single-rider,OPERATING,SINGLE_RIDER,0
2025-11-20T12:15:39Z,Droomvlucht,OPERATING,STANDBY,15
2025-11-20T12:15:39Z,Sirocco,REFURBISHMENT,STANDBY,NA
2025-11-20T12:15:39Z,Stoomcarrousel,OPERATING,STANDBY,0
2025-11-20T12:15:39Z,Stoomtrein Marerijk,OPERATING,STANDBY,25
2025-11-20T12:15:39Z,Symbolica,OPERATING,STANDBY,25
2025-11-20T12:15:39Z,Symbolica Single-rider,OPERATING,SINGLE_RIDER,0
2025-11-20T12:15:39Z,Halve Maen,OPERATING,STANDBY,10
2025-11-20T12:15:39Z,Stoomtrein Ruigrijk,OPERATING,STANDBY,25
2025-11-20T12:15:39Z,Kinderspoor,OPERATING,STANDBY,0
2025-11-20T12:15:39Z,Fabula,OPERATING,STANDBY,10
2025-11-20T12:15:39Z,Monorail,OPERATING,STANDBY,0
2025-11-20T12:15:39Z,Max & Moritz,REFURBISHMENT,STANDBY,NA
2025-11-20T12:15:39Z,Max & Moritz Single-rider,REFURBISHMENT,SINGLE_RIDER,NA
2025-11-20T12:15:39Z,Gondoletta,OPERATING,STANDBY,0
2025-11-20T12:15:39Z,De Oude Tufferbaan,OPERATING,STANDBY,10
2025-11-20T12:15:39Z,Python,OPERATING,STANDBY,20
2025-11-20T12:15:39Z,Python Single-rider,OPERATING,SINGLE_RIDER,0
2025-11-20T12:15:39Z,Piraña,OPERATING,STANDBY,0
2025-11-20T12:15:39Z,Joris en de Draak,DOWN,STANDBY,0
2025-11-20T12:15:39Z,Joris en de Draak Single-rider,DOWN,SINGLE_RIDER,NA
2025-11-20T12:15:39Z,Carnaval Festival,OPERATING,STANDBY,10
2025-11-20T12:15:39Z,Vogel Rok,OPERATING,STANDBY,5
2025-11-20T12:15:39Z,Baron 1898,OPERATING,STANDBY,20
2025-11-20T12:15:39Z,Baron 1898 Single-rider,OPERATING,SINGLE_RIDER,10
2025-11-20T12:15:39Z,Pagode,OPERATING,STANDBY,5
2025-11-20T12:15:39Z,Danse Macabre,OPERATING,STANDBY,30
2025-11-20T12:15:39Z,Danse Macabre Single-rider,OPERATING,SINGLE_RIDER,0
2025-11-20T12:36:48Z,Fata Morgana,OPERATING,STANDBY,5
2025-11-20T12:36:48Z,Villa Volta,OPERATING,STANDBY,5
2025-11-20T12:36:48Z,De Vliegende Hollander,OPERATING,STANDBY,15
2025-11-20T12:36:48Z,De Vliegende Hollander Single-rider,OPERATING,SINGLE_RIDER,0
2025-11-20T12:36:48Z,Droomvlucht,OPERATING,STANDBY,20
2025-11-20T12:36:48Z,Sirocco,REFURBISHMENT,STANDBY,NA
2025-11-20T12:36:48Z,Stoomcarrousel,OPERATING,STANDBY,0
2025-11-20T12:36:48Z,Stoomtrein Marerijk,OPERATING,STANDBY,25
2025-11-20T12:36:48Z,Symbolica,OPERATING,STANDBY,25
2025-11-20T12:36:48Z,Symbolica Single-rider,OPERATING,SINGLE_RIDER,0
2025-11-20T12:36:48Z,Halve Maen,OPERATING,STANDBY,5
2025-11-20T12:36:48Z,Stoomtrein Ruigrijk,OPERATING,STANDBY,25
2025-11-20T12:36:48Z,Kinderspoor,OPERATING,STANDBY,0
2025-11-20T12:36:48Z,Fabula,OPERATING,STANDBY,10
2025-11-20T12:36:48Z,Monorail,OPERATING,STANDBY,0
2025-11-20T12:36:48Z,Max & Moritz,REFURBISHMENT,STANDBY,NA
2025-11-20T12:36:48Z,Max & Moritz Single-rider,REFURBISHMENT,SINGLE_RIDER,NA
2025-11-20T12:36:48Z,Gondoletta,OPERATING,STANDBY,0
2025-11-20T12:36:48Z,De Oude Tufferbaan,OPERATING,STANDBY,5
2025-11-20T12:36:48Z,Python,OPERATING,STANDBY,20
2025-11-20T12:36:48Z,Python Single-rider,OPERATING,SINGLE_RIDER,0
2025-11-20T12:36:48Z,Piraña,OPERATING,STANDBY,0
2025-11-20T12:36:48Z,Joris en de Draak,OPERATING,STANDBY,15
2025-11-20T12:36:48Z,Joris en de Draak Single-rider,OPERATING,SINGLE_RIDER,0
2025-11-20T12:36:48Z,Carnaval Festival,OPERATING,STANDBY,15
2025-11-20T12:36:48Z,Vogel Rok,OPERATING,STANDBY,10
2025-11-20T12:36:48Z,Baron 1898,OPERATING,STANDBY,20
2025-11-20T12:36:48Z,Baron 1898 Single-rider,OPERATING,SINGLE_RIDER,15
2025-11-20T12:36:48Z,Pagode,OPERATING,STANDBY,5
2025-11-20T12:36:48Z,Danse Macabre,OPERATING,STANDBY,30
2025-11-20T12:36:48Z,Danse Macabre Single-rider,OPERATING,SINGLE_RIDER,0
2025-11-20T12:49:44Z,Fata Morgana,OPERATING,STANDBY,5
2025-11-20T12:49:44Z,Villa Volta,OPERATING,STANDBY,5
2025-11-20T12:49:44Z,De Vliegende Hollander,OPERATING,STANDBY,5
2025-11-20T12:49:44Z,De Vliegende Hollander Single-rider,OPERATING,SINGLE_RIDER,0
2025-11-20T12:49:44Z,Droomvlucht,OPERATING,STANDBY,20
2025-11-20T12:49:44Z,Sirocco,REFURBISHMENT,STANDBY,NA
2025-11-20T12:49:44Z,Stoomcarrousel,OPERATING,STANDBY,0
2025-11-20T12:49:44Z,Stoomtrein Marerijk,OPERATING,STANDBY,25
2025-11-20T12:49:44Z,Symbolica,OPERATING,STANDBY,20
2025-11-20T12:49:44Z,Symbolica Single-rider,OPERATING,SINGLE_RIDER,0
2025-11-20T12:49:44Z,Halve Maen,OPERATING,STANDBY,5
2025-11-20T12:49:44Z,Stoomtrein Ruigrijk,OPERATING,STANDBY,25
2025-11-20T12:49:44Z,Kinderspoor,OPERATING,STANDBY,0
2025-11-20T12:49:44Z,Fabula,OPERATING,STANDBY,10
2025-11-20T12:49:44Z,Monorail,OPERATING,STANDBY,0
2025-11-20T12:49:44Z,Max & Moritz,REFURBISHMENT,STANDBY,NA
2025-11-20T12:49:44Z,Max & Moritz Single-rider,REFURBISHMENT,SINGLE_RIDER,NA
2025-11-20T12:49:44Z,Gondoletta,OPERATING,STANDBY,0
2025-11-20T12:49:44Z,De Oude Tufferbaan,OPERATING,STANDBY,5
2025-11-20T12:49:44Z,Python,OPERATING,STANDBY,20
2025-11-20T12:49:44Z,Python Single-rider,OPERATING,SINGLE_RIDER,0
2025-11-20T12:49:44Z,Piraña,OPERATING,STANDBY,0
2025-11-20T12:49:44Z,Joris en de Draak,OPERATING,STANDBY,30
2025-11-20T12:49:44Z,Joris en de Draak Single-rider,OPERATING,SINGLE_RIDER,0
2025-11-20T12:49:44Z,Carnaval Festival,OPERATING,STANDBY,15
2025-11-20T12:49:44Z,Vogel Rok,OPERATING,STANDBY,5
2025-11-20T12:49:44Z,Baron 1898,OPERATING,STANDBY,20
2025-11-20T12:49:44Z,Baron 1898 Single-rider,OPERATING,SINGLE_RIDER,10
2025-11-20T12:49:44Z,Pagode,OPERATING,STANDBY,5
2025-11-20T12:49:44Z,Danse Macabre,OPERATING,STANDBY,25
2025-11-20T12:49:44Z,Danse Macabre Single-rider,OPERATING,SINGLE_RIDER,0
2025-11-20T13:35:25Z,Fata Morgana,OPERATING,STANDBY,5
2025-11-20T13:35:25Z,Villa Volta,OPERATING,STANDBY,5
2025-11-20T13:35:25Z,De Vliegende Hollander,OPERATING,STANDBY,15
2025-11-20T13:35:25Z,De Vliegende Hollander Single-rider,OPERATING,SINGLE_RIDER,0
2025-11-20T13:35:25Z,Droomvlucht,OPERATING,STANDBY,10
2025-11-20T13:35:25Z,Sirocco,REFURBISHMENT,STANDBY,NA
2025-11-20T13:35:25Z,Stoomcarrousel,OPERATING,STANDBY,0
2025-11-20T13:35:25Z,Stoomtrein Marerijk,OPERATING,STANDBY,25
2025-11-20T13:35:25Z,Symbolica,OPERATING,STANDBY,20
2025-11-20T13:35:25Z,Symbolica Single-rider,OPERATING,SINGLE_RIDER,0
2025-11-20T13:35:25Z,Halve Maen,OPERATING,STANDBY,5
2025-11-20T13:35:25Z,Stoomtrein Ruigrijk,OPERATING,STANDBY,25
2025-11-20T13:35:25Z,Kinderspoor,OPERATING,STANDBY,0
2025-11-20T13:35:25Z,Fabula,OPERATING,STANDBY,10
2025-11-20T13:35:25Z,Monorail,OPERATING,STANDBY,0
2025-11-20T13:35:25Z,Max & Moritz,REFURBISHMENT,STANDBY,NA
2025-11-20T13:35:25Z,Max & Moritz Single-rider,REFURBISHMENT,SINGLE_RIDER,NA
2025-11-20T13:35:25Z,Gondoletta,OPERATING,STANDBY,0
2025-11-20T13:35:25Z,De Oude Tufferbaan,OPERATING,STANDBY,15
2025-11-20T13:35:25Z,Python,OPERATING,STANDBY,15
2025-11-20T13:35:25Z,Python Single-rider,OPERATING,SINGLE_RIDER,0
2025-11-20T13:35:25Z,Piraña,OPERATING,STANDBY,0
2025-11-20T13:35:25Z,Joris en de Draak,OPERATING,STANDBY,20
2025-11-20T13:35:25Z,Joris en de Draak Single-rider,OPERATING,SINGLE_RIDER,0
2025-11-20T13:35:25Z,Carnaval Festival,OPERATING,STANDBY,10
2025-11-20T13:35:25Z,Vogel Rok,OPERATING,STANDBY,5
2025-11-20T13:35:25Z,Baron 1898,OPERATING,STANDBY,5
2025-11-20T13:35:25Z,Baron 1898 Single-rider,OPERATING,SINGLE_RIDER,5
2025-11-20T13:35:25Z,Pagode,OPERATING,STANDBY,5
2025-11-20T13:35:25Z,Danse Macabre,OPERATING,STANDBY,13
2025-11-20T13:35:25Z,Danse Macabre Single-rider,OPERATING,SINGLE_RIDER,0
2025-11-20T14:19:13Z,Fata Morgana,OPERATING,STANDBY,0
2025-11-20T14:19:13Z,Villa Volta,OPERATING,STANDBY,5
2025-11-20T14:19:13Z,De Vliegende Hollander,OPERATING,STANDBY,5
2025-11-20T14:19:13Z,De Vliegende Hollander Single-rider,OPERATING,SINGLE_RIDER,0
2025-11-20T14:19:13Z,Droomvlucht,OPERATING,STANDBY,10
2025-11-20T14:19:13Z,Sirocco,REFURBISHMENT,STANDBY,NA
2025-11-20T14:19:13Z,Stoomcarrousel,OPERATING,STANDBY,0
2025-11-20T14:19:13Z,Stoomtrein Marerijk,OPERATING,STANDBY,25
2025-11-20T14:19:13Z,Symbolica,OPERATING,STANDBY,15
2025-11-20T14:19:13Z,Symbolica Single-rider,OPERATING,SINGLE_RIDER,0
2025-11-20T14:19:13Z,Halve Maen,OPERATING,STANDBY,5
2025-11-20T14:19:13Z,Stoomtrein Ruigrijk,OPERATING,STANDBY,25
2025-11-20T14:19:13Z,Kinderspoor,OPERATING,STANDBY,0
2025-11-20T14:19:13Z,Fabula,OPERATING,STANDBY,10
2025-11-20T14:19:13Z,Monorail,OPERATING,STANDBY,0
2025-11-20T14:19:13Z,Max & Moritz,REFURBISHMENT,STANDBY,NA
2025-11-20T14:19:13Z,Max & Moritz Single-rider,REFURBISHMENT,SINGLE_RIDER,NA
2025-11-20T14:19:13Z,Gondoletta,OPERATING,STANDBY,0
2025-11-20T14:19:13Z,Python,OPERATING,STANDBY,20
2025-11-20T14:19:13Z,Python Single-rider,OPERATING,SINGLE_RIDER,0
2025-11-20T14:19:13Z,De Oude Tufferbaan,OPERATING,STANDBY,15
2025-11-20T14:19:13Z,Piraña,OPERATING,STANDBY,0
2025-11-20T14:19:13Z,Joris en de Draak,OPERATING,STANDBY,15
2025-11-20T14:19:13Z,Joris en de Draak Single-rider,OPERATING,SINGLE_RIDER,0
2025-11-20T14:19:13Z,Carnaval Festival,OPERATING,STANDBY,15
2025-11-20T14:19:13Z,Vogel Rok,OPERATING,STANDBY,5
2025-11-20T14:19:13Z,Baron 1898,OPERATING,STANDBY,15
2025-11-20T14:19:13Z,Baron 1898 Single-rider,OPERATING,SINGLE_RIDER,15
2025-11-20T14:19:13Z,Pagode,OPERATING,STANDBY,5
2025-11-20T14:19:13Z,Danse Macabre,OPERATING,STANDBY,13
2025-11-20T14:19:13Z,Danse Macabre Single-rider,OPERATING,SINGLE_RIDER,0
2025-11-20T14:45:41Z,Fata Morgana,OPERATING,STANDBY,0
2025-11-20T14:45:41Z,Villa Volta,OPERATING,STANDBY,5
2025-11-20T14:45:41Z,De Vliegende Hollander,OPERATING,STANDBY,5
2025-11-20T14:45:41Z,De Vliegende Hollander Single-rider,OPERATING,SINGLE_RIDER,0
2025-11-20T14:45:41Z,Droomvlucht,OPERATING,STANDBY,15
2025-11-20T14:45:41Z,Sirocco,REFURBISHMENT,STANDBY,NA
2025-11-20T14:45:41Z,Stoomcarrousel,OPERATING,STANDBY,0
2025-11-20T14:45:41Z,Stoomtrein Marerijk,OPERATING,STANDBY,25
2025-11-20T14:45:41Z,Symbolica,DOWN,STANDBY,0
2025-11-20T14:45:41Z,Symbolica Single-rider,DOWN,SINGLE_RIDER,NA
2025-11-20T14:45:41Z,Halve Maen,OPERATING,STANDBY,5
2025-11-20T14:45:41Z,Stoomtrein Ruigrijk,OPERATING,STANDBY,25
2025-11-20T14:45:41Z,Kinderspoor,OPERATING,STANDBY,0
2025-11-20T14:45:41Z,Fabula,OPERATING,STANDBY,10
2025-11-20T14:45:41Z,Monorail,OPERATING,STANDBY,0
2025-11-20T14:45:41Z,Max & Moritz,REFURBISHMENT,STANDBY,NA
2025-11-20T14:45:41Z,Max & Moritz Single-rider,REFURBISHMENT,SINGLE_RIDER,NA
2025-11-20T14:45:41Z,Gondoletta,OPERATING,STANDBY,0
2025-11-20T14:45:41Z,Python,OPERATING,STANDBY,20
2025-11-20T14:45:41Z,Python Single-rider,OPERATING,SINGLE_RIDER,0
2025-11-20T14:45:41Z,De Oude Tufferbaan,OPERATING,STANDBY,15
2025-11-20T14:45:41Z,Piraña,OPERATING,STANDBY,0
2025-11-20T14:45:41Z,Joris en de Draak,OPERATING,STANDBY,15
2025-11-20T14:45:41Z,Joris en de Draak Single-rider,OPERATING,SINGLE_RIDER,0
2025-11-20T14:45:41Z,Carnaval Festival,OPERATING,STANDBY,15
2025-11-20T14:45:41Z,Vogel Rok,OPERATING,STANDBY,10
2025-11-20T14:45:41Z,Baron 1898,OPERATING,STANDBY,5
2025-11-20T14:45:41Z,Baron 1898 Single-rider,OPERATING,SINGLE_RIDER,15
2025-11-20T14:45:41Z,Pagode,OPERATING,STANDBY,5
2025-11-20T14:45:41Z,Danse Macabre,OPERATING,STANDBY,13
2025-11-20T14:45:41Z,Danse Macabre Single-rider,OPERATING,SINGLE_RIDER,0
2025-11-20T15:17:24Z,Fata Morgana,OPERATING,STANDBY,5
2025-11-20T15:17:24Z,Villa Volta,OPERATING,STANDBY,5
2025-11-20T15:17:24Z,De Vliegende Hollander,OPERATING,STANDBY,5
2025-11-20T15:17:24Z,De Vliegende Hollander Single-rider,OPERATING,SINGLE_RIDER,0
2025-11-20T15:17:24Z,Droomvlucht,OPERATING,STANDBY,25
2025-11-20T15:17:24Z,Sirocco,REFURBISHMENT,STANDBY,NA
2025-11-20T15:17:24Z,Stoomcarrousel,OPERATING,STANDBY,0
2025-11-20T15:17:24Z,Stoomtrein Marerijk,OPERATING,STANDBY,25
2025-11-20T15:17:24Z,Symbolica,OPERATING,STANDBY,25
2025-11-20T15:17:24Z,Symbolica Single-rider,OPERATING,SINGLE_RIDER,0
2025-11-20T15:17:24Z,Halve Maen,OPERATING,STANDBY,5
2025-11-20T15:17:24Z,Stoomtrein Ruigrijk,OPERATING,STANDBY,25
2025-11-20T15:17:24Z,Kinderspoor,OPERATING,STANDBY,0
2025-11-20T15:17:24Z,Fabula,OPERATING,STANDBY,10
2025-11-20T15:17:24Z,Monorail,OPERATING,STANDBY,10
2025-11-20T15:17:24Z,Max & Moritz,REFURBISHMENT,STANDBY,NA
2025-11-20T15:17:24Z,Max & Moritz Single-rider,REFURBISHMENT,SINGLE_RIDER,NA
2025-11-20T15:17:24Z,Gondoletta,OPERATING,STANDBY,0
2025-11-20T15:17:24Z,De Oude Tufferbaan,OPERATING,STANDBY,15
2025-11-20T15:17:24Z,Python,OPERATING,STANDBY,15
2025-11-20T15:17:24Z,Python Single-rider,OPERATING,SINGLE_RIDER,0
2025-11-20T15:17:24Z,Piraña,OPERATING,STANDBY,0
2025-11-20T15:17:24Z,Joris en de Draak,OPERATING,STANDBY,25
2025-11-20T15:17:24Z,Joris en de Draak Single-rider,OPERATING,SINGLE_RIDER,0
2025-11-20T15:17:24Z,Carnaval Festival,OPERATING,STANDBY,5
2025-11-20T15:17:24Z,Vogel Rok,OPERATING,STANDBY,5
2025-11-20T15:17:24Z,Baron 1898,OPERATING,STANDBY,10
2025-11-20T15:17:24Z,Baron 1898 Single-rider,OPERATING,SINGLE_RIDER,10
2025-11-20T15:17:24Z,Pagode,OPERATING,STANDBY,5
2025-11-20T15:17:24Z,Danse Macabre,OPERATING,STANDBY,13
2025-11-20T15:17:24Z,Danse Macabre Single-rider,OPERATING,SINGLE_RIDER,0
2025-11-20T15:41:45Z,Fata Morgana,OPERATING,STANDBY,5
2025-11-20T15:41:45Z,Villa Volta,OPERATING,STANDBY,5
2025-11-20T15:41:45Z,De Vliegende Hollander,OPERATING,STANDBY,5
2025-11-20T15:41:45Z,De Vliegende Hollander Single-rider,OPERATING,SINGLE_RIDER,0
2025-11-20T15:41:45Z,Droomvlucht,OPERATING,STANDBY,15
2025-11-20T15:41:45Z,Sirocco,REFURBISHMENT,STANDBY,NA
2025-11-20T15:41:45Z,Stoomcarrousel,OPERATING,STANDBY,0
2025-11-20T15:41:45Z,Stoomtrein Marerijk,OPERATING,STANDBY,25
2025-11-20T15:41:45Z,Symbolica,OPERATING,STANDBY,20
2025-11-20T15:41:45Z,Symbolica Single-rider,OPERATING,SINGLE_RIDER,0
2025-11-20T15:41:45Z,Halve Maen,OPERATING,STANDBY,5
2025-11-20T15:41:45Z,Stoomtrein Ruigrijk,OPERATING,STANDBY,25
2025-11-20T15:41:45Z,Kinderspoor,OPERATING,STANDBY,0
2025-11-20T15:41:45Z,Fabula,OPERATING,STANDBY,10
2025-11-20T15:41:45Z,Monorail,OPERATING,STANDBY,5
2025-11-20T15:41:45Z,Max & Moritz,REFURBISHMENT,STANDBY,NA
2025-11-20T15:41:45Z,Max & Moritz Single-rider,REFURBISHMENT,SINGLE_RIDER,NA
2025-11-20T15:41:45Z,Gondoletta,OPERATING,STANDBY,0
2025-11-20T15:41:45Z,Python,OPERATING,STANDBY,10
2025-11-20T15:41:45Z,Python Single-rider,OPERATING,SINGLE_RIDER,0
2025-11-20T15:41:45Z,De Oude Tufferbaan,OPERATING,STANDBY,15
2025-11-20T15:41:45Z,Piraña,OPERATING,STANDBY,0
2025-11-20T15:41:45Z,Joris en de Draak,OPERATING,STANDBY,15
2025-11-20T15:41:45Z,Joris en de Draak Single-rider,OPERATING,SINGLE_RIDER,0
2025-11-20T15:41:45Z,Carnaval Festival,OPERATING,STANDBY,5
2025-11-20T15:41:45Z,Vogel Rok,OPERATING,STANDBY,5
2025-11-20T15:41:45Z,Baron 1898,OPERATING,STANDBY,10
2025-11-20T15:41:45Z,Baron 1898 Single-rider,OPERATING,SINGLE_RIDER,15
2025-11-20T15:41:45Z,Pagode,OPERATING,STANDBY,5
2025-11-20T15:41:45Z,Danse Macabre,OPERATING,STANDBY,13
2025-11-20T15:41:45Z,Danse Macabre Single-rider,OPERATING,SINGLE_RIDER,0
2025-11-20T15:54:21Z,Fata Morgana,OPERATING,STANDBY,5
2025-11-20T15:54:21Z,Villa Volta,OPERATING,STANDBY,5
2025-11-20T15:54:21Z,De Vliegende Hollander,OPERATING,STANDBY,5
2025-11-20T15:54:21Z,De Vliegende Hollander Single-rider,OPERATING,SINGLE_RIDER,0
2025-11-20T15:54:21Z,Droomvlucht,OPERATING,STANDBY,15
2025-11-20T15:54:21Z,Sirocco,REFURBISHMENT,STANDBY,NA
2025-11-20T15:54:21Z,Stoomcarrousel,OPERATING,STANDBY,0
2025-11-20T15:54:21Z,Stoomtrein Marerijk,OPERATING,STANDBY,25
2025-11-20T15:54:21Z,Symbolica,OPERATING,STANDBY,15
2025-11-20T15:54:21Z,Symbolica Single-rider,OPERATING,SINGLE_RIDER,0
2025-11-20T15:54:21Z,Halve Maen,OPERATING,STANDBY,5
2025-11-20T15:54:21Z,Stoomtrein Ruigrijk,OPERATING,STANDBY,25
2025-11-20T15:54:21Z,Kinderspoor,OPERATING,STANDBY,0
2025-11-20T15:54:21Z,Fabula,OPERATING,STANDBY,10
2025-11-20T15:54:21Z,Monorail,OPERATING,STANDBY,5
2025-11-20T15:54:21Z,Max & Moritz,REFURBISHMENT,STANDBY,NA
2025-11-20T15:54:21Z,Max & Moritz Single-rider,REFURBISHMENT,SINGLE_RIDER,NA
2025-11-20T15:54:21Z,Gondoletta,OPERATING,STANDBY,0
2025-11-20T15:54:21Z,Python,OPERATING,STANDBY,10
2025-11-20T15:54:21Z,Python Single-rider,OPERATING,SINGLE_RIDER,0
2025-11-20T15:54:21Z,De Oude Tufferbaan,OPERATING,STANDBY,15
2025-11-20T15:54:21Z,Piraña,OPERATING,STANDBY,0
2025-11-20T15:54:21Z,Joris en de Draak,OPERATING,STANDBY,15
2025-11-20T15:54:21Z,Joris en de Draak Single-rider,OPERATING,SINGLE_RIDER,0
2025-11-20T15:54:21Z,Carnaval Festival,OPERATING,STANDBY,5
2025-11-20T15:54:21Z,Vogel Rok,OPERATING,STANDBY,5
2025-11-20T15:54:21Z,Baron 1898,OPERATING,STANDBY,10
2025-11-20T15:54:21Z,Baron 1898 Single-rider,OPERATING,SINGLE_RIDER,10
2025-11-20T15:54:21Z,Pagode,OPERATING,STANDBY,5
2025-11-20T15:54:21Z,Danse Macabre,OPERATING,STANDBY,13
2025-11-20T15:54:21Z,Danse Macabre Single-rider,OPERATING,SINGLE_RIDER,0
2025-11-20T16:18:22Z,Fata Morgana,OPERATING,STANDBY,5
2025-11-20T16:18:22Z,Villa Volta,OPERATING,STANDBY,5
2025-11-20T16:18:22Z,De Vliegende Hollander,OPERATING,STANDBY,5
2025-11-20T16:18:22Z,De Vliegende Hollander Single-rider,OPERATING,SINGLE_RIDER,0
2025-11-20T16:18:22Z,Droomvlucht,OPERATING,STANDBY,25
2025-11-20T16:18:22Z,Sirocco,REFURBISHMENT,STANDBY,NA
2025-11-20T16:18:22Z,Stoomcarrousel,OPERATING,STANDBY,0
2025-11-20T16:18:22Z,Stoomtrein Marerijk,OPERATING,STANDBY,25
2025-11-20T16:18:22Z,Symbolica,OPERATING,STANDBY,25
2025-11-20T16:18:22Z,Symbolica Single-rider,OPERATING,SINGLE_RIDER,0
2025-11-20T16:18:22Z,Halve Maen,OPERATING,STANDBY,5
2025-11-20T16:18:22Z,Stoomtrein Ruigrijk,OPERATING,STANDBY,25
2025-11-20T16:18:22Z,Kinderspoor,OPERATING,STANDBY,0
2025-11-20T16:18:22Z,Fabula,OPERATING,STANDBY,10
2025-11-20T16:18:22Z,Monorail,OPERATING,STANDBY,5
2025-11-20T16:18:22Z,Max & Moritz,REFURBISHMENT,STANDBY,NA
2025-11-20T16:18:22Z,Max & Moritz Single-rider,REFURBISHMENT,SINGLE_RIDER,NA
2025-11-20T16:18:22Z,Gondoletta,OPERATING,STANDBY,0
2025-11-20T16:18:22Z,Python,OPERATING,STANDBY,15
2025-11-20T16:18:22Z,Python Single-rider,OPERATING,SINGLE_RIDER,0
2025-11-20T16:18:22Z,De Oude Tufferbaan,OPERATING,STANDBY,15
2025-11-20T16:18:22Z,Piraña,OPERATING,STANDBY,0
2025-11-20T16:18:22Z,Joris en de Draak,OPERATING,STANDBY,15
2025-11-20T16:18:22Z,Joris en de Draak Single-rider,OPERATING,SINGLE_RIDER,0
2025-11-20T16:18:22Z,Carnaval Festival,OPERATING,STANDBY,5
2025-11-20T16:18:22Z,Vogel Rok,OPERATING,STANDBY,5
2025-11-20T16:18:22Z,Baron 1898,OPERATING,STANDBY,10
2025-11-20T16:18:22Z,Baron 1898 Single-rider,OPERATING,SINGLE_RIDER,10
2025-11-20T16:18:22Z,Pagode,OPERATING,STANDBY,5
2025-11-20T16:18:22Z,Danse Macabre,OPERATING,STANDBY,13
2025-11-20T16:18:22Z,Danse Macabre Single-rider,OPERATING,SINGLE_RIDER,0
2025-11-20T16:42:39Z,Fata Morgana,OPERATING,STANDBY,5
2025-11-20T16:42:39Z,Villa Volta,OPERATING,STANDBY,5
2025-11-20T16:42:39Z,De Vliegende Hollander,OPERATING,STANDBY,5
2025-11-20T16:42:39Z,De Vliegende Hollander Single-rider,OPERATING,SINGLE_RIDER,0
2025-11-20T16:42:39Z,Droomvlucht,OPERATING,STANDBY,5
2025-11-20T16:42:39Z,Sirocco,REFURBISHMENT,STANDBY,NA
2025-11-20T16:42:39Z,Stoomcarrousel,OPERATING,STANDBY,0
2025-11-20T16:42:39Z,Stoomtrein Marerijk,OPERATING,STANDBY,25
2025-11-20T16:42:39Z,Symbolica,OPERATING,STANDBY,20
2025-11-20T16:42:39Z,Symbolica Single-rider,OPERATING,SINGLE_RIDER,0
2025-11-20T16:42:39Z,Halve Maen,OPERATING,STANDBY,5
2025-11-20T16:42:39Z,Stoomtrein Ruigrijk,OPERATING,STANDBY,25
2025-11-20T16:42:39Z,Kinderspoor,OPERATING,STANDBY,0
2025-11-20T16:42:39Z,Fabula,OPERATING,STANDBY,10
2025-11-20T16:42:39Z,Monorail,OPERATING,STANDBY,5
2025-11-20T16:42:39Z,Max & Moritz,REFURBISHMENT,STANDBY,NA
2025-11-20T16:42:39Z,Max & Moritz Single-rider,REFURBISHMENT,SINGLE_RIDER,NA
2025-11-20T16:42:39Z,Gondoletta,CLOSED,STANDBY,NA
2025-11-20T16:42:39Z,Python,OPERATING,STANDBY,10
2025-11-20T16:42:39Z,Python Single-rider,OPERATING,SINGLE_RIDER,0
2025-11-20T16:42:39Z,De Oude Tufferbaan,OPERATING,STANDBY,5
2025-11-20T16:42:39Z,Piraña,OPERATING,STANDBY,0
2025-11-20T16:42:39Z,Joris en de Draak,OPERATING,STANDBY,15
2025-11-20T16:42:39Z,Joris en de Draak Single-rider,OPERATING,SINGLE_RIDER,0
2025-11-20T16:42:39Z,Carnaval Festival,OPERATING,STANDBY,5
2025-11-20T16:42:39Z,Vogel Rok,OPERATING,STANDBY,5
2025-11-20T16:42:39Z,Baron 1898,OPERATING,STANDBY,10
2025-11-20T16:42:39Z,Baron 1898 Single-rider,OPERATING,SINGLE_RIDER,10
2025-11-20T16:42:39Z,Pagode,OPERATING,STANDBY,5
2025-11-20T16:42:39Z,Danse Macabre,OPERATING,STANDBY,13
2025-11-20T16:42:39Z,Danse Macabre Single-rider,OPERATING,SINGLE_RIDER,0
2025-11-20T16:52:50Z,Fata Morgana,OPERATING,STANDBY,10
2025-11-20T16:52:50Z,Villa Volta,OPERATING,STANDBY,5
2025-11-20T16:52:50Z,De Vliegende Hollander,OPERATING,STANDBY,5
2025-11-20T16:52:50Z,De Vliegende Hollander Single-rider,OPERATING,SINGLE_RIDER,0
2025-11-20T16:52:50Z,Droomvlucht,OPERATING,STANDBY,5
2025-11-20T16:52:50Z,Sirocco,REFURBISHMENT,STANDBY,NA
2025-11-20T16:52:50Z,Stoomcarrousel,OPERATING,STANDBY,0
2025-11-20T16:52:50Z,Stoomtrein Marerijk,OPERATING,STANDBY,25
2025-11-20T16:52:50Z,Symbolica,OPERATING,STANDBY,20
2025-11-20T16:52:50Z,Symbolica Single-rider,OPERATING,SINGLE_RIDER,0
2025-11-20T16:52:50Z,Halve Maen,OPERATING,STANDBY,5
2025-11-20T16:52:50Z,Stoomtrein Ruigrijk,OPERATING,STANDBY,25
2025-11-20T16:52:50Z,Kinderspoor,OPERATING,STANDBY,0
2025-11-20T16:52:50Z,Fabula,OPERATING,STANDBY,10
2025-11-20T16:52:50Z,Monorail,OPERATING,STANDBY,5
2025-11-20T16:52:50Z,Max & Moritz,REFURBISHMENT,STANDBY,NA
2025-11-20T16:52:50Z,Max & Moritz Single-rider,REFURBISHMENT,SINGLE_RIDER,NA
2025-11-20T16:52:50Z,Gondoletta,CLOSED,STANDBY,NA
2025-11-20T16:52:50Z,Python,OPERATING,STANDBY,10
2025-11-20T16:52:50Z,Python Single-rider,OPERATING,SINGLE_RIDER,0
2025-11-20T16:52:50Z,De Oude Tufferbaan,OPERATING,STANDBY,5
2025-11-20T16:52:50Z,Piraña,OPERATING,STANDBY,0
2025-11-20T16:52:50Z,Joris en de Draak,OPERATING,STANDBY,15
2025-11-20T16:52:50Z,Joris en de Draak Single-rider,OPERATING,SINGLE_RIDER,0
2025-11-20T16:52:50Z,Carnaval Festival,OPERATING,STANDBY,5
2025-11-20T16:52:50Z,Vogel Rok,OPERATING,STANDBY,5
2025-11-20T16:52:50Z,Baron 1898,OPERATING,STANDBY,15
2025-11-20T16:52:50Z,Baron 1898 Single-rider,OPERATING,SINGLE_RIDER,10
2025-11-20T16:52:50Z,Pagode,OPERATING,STANDBY,5
2025-11-20T16:52:50Z,Danse Macabre,OPERATING,STANDBY,13
2025-11-20T16:52:50Z,Danse Macabre Single-rider,OPERATING,SINGLE_RIDER,0
2025-11-20T17:22:11Z,Fata Morgana,OPERATING,STANDBY,10
2025-11-20T17:22:11Z,Villa Volta,OPERATING,STANDBY,5
2025-11-20T17:22:11Z,De Vliegende Hollander,DOWN,STANDBY,0
2025-11-20T17:22:11Z,De Vliegende Hollander Single-rider,DOWN,SINGLE_RIDER,NA
2025-11-20T17:22:11Z,Sirocco,REFURBISHMENT,STANDBY,NA
2025-11-20T17:22:11Z,Droomvlucht,OPERATING,STANDBY,0
2025-11-20T17:22:11Z,Stoomcarrousel,OPERATING,STANDBY,0
2025-11-20T17:22:11Z,Stoomtrein Marerijk,OPERATING,STANDBY,25
2025-11-20T17:22:11Z,Symbolica,OPERATING,STANDBY,15
2025-11-20T17:22:11Z,Symbolica Single-rider,OPERATING,SINGLE_RIDER,0
2025-11-20T17:22:11Z,Halve Maen,OPERATING,STANDBY,5
2025-11-20T17:22:11Z,Stoomtrein Ruigrijk,OPERATING,STANDBY,25
2025-11-20T17:22:11Z,Kinderspoor,OPERATING,STANDBY,0
2025-11-20T17:22:11Z,Fabula,OPERATING,STANDBY,10
2025-11-20T17:22:11Z,Monorail,OPERATING,STANDBY,5
2025-11-20T17:22:11Z,Max & Moritz,REFURBISHMENT,STANDBY,NA
2025-11-20T17:22:11Z,Max & Moritz Single-rider,REFURBISHMENT,SINGLE_RIDER,NA
2025-11-20T17:22:11Z,Gondoletta,CLOSED,STANDBY,NA
2025-11-20T17:22:11Z,Python,OPERATING,STANDBY,5
2025-11-20T17:22:11Z,Python Single-rider,OPERATING,SINGLE_RIDER,0
2025-11-20T17:22:11Z,De Oude Tufferbaan,OPERATING,STANDBY,0
2025-11-20T17:22:11Z,Piraña,OPERATING,STANDBY,0
2025-11-20T17:22:11Z,Joris en de Draak,OPERATING,STANDBY,10
2025-11-20T17:22:11Z,Joris en de Draak Single-rider,OPERATING,SINGLE_RIDER,0
2025-11-20T17:22:11Z,Carnaval Festival,OPERATING,STANDBY,5
2025-11-20T17:22:11Z,Vogel Rok,OPERATING,STANDBY,5
2025-11-20T17:22:11Z,Baron 1898,OPERATING,STANDBY,10
2025-11-20T17:22:11Z,Baron 1898 Single-rider,OPERATING,SINGLE_RIDER,15
2025-11-20T17:22:11Z,Pagode,OPERATING,STANDBY,5
2025-11-20T17:22:11Z,Danse Macabre,OPERATING,STANDBY,13
2025-11-20T17:22:11Z,Danse Macabre Single-rider,OPERATING,SINGLE_RIDER,0
2025-11-20T17:49:25Z,Fata Morgana,OPERATING,STANDBY,5
2025-11-20T17:49:25Z,Villa Volta,OPERATING,STANDBY,5
2025-11-20T17:49:25Z,De Vliegende Hollander,DOWN,STANDBY,0
2025-11-20T17:49:25Z,De Vliegende Hollander Single-rider,DOWN,SINGLE_RIDER,NA
2025-11-20T17:49:25Z,Sirocco,REFURBISHMENT,STANDBY,NA
2025-11-20T17:49:25Z,Droomvlucht,OPERATING,STANDBY,0
2025-11-20T17:49:25Z,Stoomcarrousel,OPERATING,STANDBY,0
2025-11-20T17:49:25Z,Stoomtrein Marerijk,OPERATING,STANDBY,25
2025-11-20T17:49:25Z,Symbolica,OPERATING,STANDBY,15
2025-11-20T17:49:25Z,Symbolica Single-rider,OPERATING,SINGLE_RIDER,0
2025-11-20T17:49:25Z,Halve Maen,OPERATING,STANDBY,5
2025-11-20T17:49:25Z,Stoomtrein Ruigrijk,OPERATING,STANDBY,25
2025-11-20T17:49:25Z,Kinderspoor,OPERATING,STANDBY,0
2025-11-20T17:49:25Z,Fabula,OPERATING,STANDBY,10
2025-11-20T17:49:25Z,Monorail,OPERATING,STANDBY,0
2025-11-20T17:49:25Z,Max & Moritz,REFURBISHMENT,STANDBY,NA
2025-11-20T17:49:25Z,Max & Moritz Single-rider,REFURBISHMENT,SINGLE_RIDER,NA
2025-11-20T17:49:25Z,Gondoletta,CLOSED,STANDBY,NA
2025-11-20T17:49:25Z,Python,OPERATING,STANDBY,5
2025-11-20T17:49:25Z,Python Single-rider,OPERATING,SINGLE_RIDER,0
2025-11-20T17:49:25Z,De Oude Tufferbaan,OPERATING,STANDBY,0
2025-11-20T17:49:25Z,Piraña,OPERATING,STANDBY,0
2025-11-20T17:49:25Z,Joris en de Draak,OPERATING,STANDBY,10
2025-11-20T17:49:25Z,Joris en de Draak Single-rider,OPERATING,SINGLE_RIDER,0
2025-11-20T17:49:25Z,Carnaval Festival,OPERATING,STANDBY,5
2025-11-20T17:49:25Z,Vogel Rok,OPERATING,STANDBY,5
2025-11-20T17:49:25Z,Baron 1898,OPERATING,STANDBY,10
2025-11-20T17:49:25Z,Baron 1898 Single-rider,OPERATING,SINGLE_RIDER,10
2025-11-20T17:49:25Z,Pagode,OPERATING,STANDBY,5
2025-11-20T17:49:25Z,Danse Macabre,OPERATING,STANDBY,13
2025-11-20T17:49:25Z,Danse Macabre Single-rider,OPERATING,SINGLE_RIDER,0
2025-11-21T10:41:23Z,Fata Morgana,OPERATING,STANDBY,5
2025-11-21T10:41:23Z,Villa Volta,OPERATING,STANDBY,5
2025-11-21T10:41:23Z,De Vliegende Hollander,CLOSED,STANDBY,NA
2025-11-21T10:41:23Z,De Vliegende Hollander Single-rider,CLOSED,SINGLE_RIDER,NA
2025-11-21T10:41:23Z,Sirocco,REFURBISHMENT,STANDBY,NA
2025-11-21T10:41:23Z,Droomvlucht,OPERATING,STANDBY,0
2025-11-21T10:41:23Z,Stoomcarrousel,OPERATING,STANDBY,0
2025-11-21T10:41:23Z,Stoomtrein Marerijk,CLOSED,STANDBY,NA
2025-11-21T10:41:23Z,Symbolica,CLOSED,STANDBY,NA
2025-11-21T10:41:23Z,Symbolica Single-rider,CLOSED,SINGLE_RIDER,NA
2025-11-21T10:41:23Z,Halve Maen,CLOSED,STANDBY,NA
2025-11-21T10:41:23Z,Stoomtrein Ruigrijk,CLOSED,STANDBY,NA
2025-11-21T10:41:23Z,Kinderspoor,CLOSED,STANDBY,NA
2025-11-21T10:41:23Z,Fabula,CLOSED,STANDBY,NA
2025-11-21T10:41:23Z,Monorail,CLOSED,STANDBY,NA
2025-11-21T10:41:23Z,Max & Moritz,REFURBISHMENT,STANDBY,NA
2025-11-21T10:41:23Z,Max & Moritz Single-rider,REFURBISHMENT,SINGLE_RIDER,NA
2025-11-21T10:41:23Z,Gondoletta,CLOSED,STANDBY,NA
2025-11-21T10:41:23Z,De Oude Tufferbaan,CLOSED,STANDBY,NA
2025-11-21T10:41:23Z,Python,OPERATING,STANDBY,0
2025-11-21T10:41:23Z,Python Single-rider,OPERATING,SINGLE_RIDER,0
2025-11-21T10:41:23Z,Piraña,DOWN,STANDBY,0
2025-11-21T10:41:23Z,Joris en de Draak,DOWN,STANDBY,0
2025-11-21T10:41:23Z,Joris en de Draak Single-rider,DOWN,SINGLE_RIDER,NA
2025-11-21T10:41:23Z,Carnaval Festival,CLOSED,STANDBY,NA
2025-11-21T10:41:23Z,Vogel Rok,OPERATING,STANDBY,5
2025-11-21T10:41:23Z,Pagode,OPERATING,STANDBY,0
2025-11-21T10:41:23Z,Baron 1898,OPERATING,STANDBY,5
2025-11-21T10:41:23Z,Baron 1898 Single-rider,OPERATING,SINGLE_RIDER,5
2025-11-21T10:41:23Z,Danse Macabre,CLOSED,STANDBY,NA
2025-11-21T10:41:23Z,Danse Macabre Single-rider,CLOSED,SINGLE_RIDER,NA
2025-11-21T10:50:51Z,Fata Morgana,OPERATING,STANDBY,5
2025-11-21T10:50:51Z,Villa Volta,OPERATING,STANDBY,5
2025-11-21T10:50:51Z,De Vliegende Hollander,DOWN,STANDBY,0
2025-11-21T10:50:51Z,De Vliegende Hollander Single-rider,DOWN,SINGLE_RIDER,NA
2025-11-21T10:50:51Z,Sirocco,REFURBISHMENT,STANDBY,NA
2025-11-21T10:50:51Z,Droomvlucht,OPERATING,STANDBY,0
2025-11-21T10:50:51Z,Stoomcarrousel,OPERATING,STANDBY,0
2025-11-21T10:50:51Z,Stoomtrein Marerijk,CLOSED,STANDBY,NA
2025-11-21T10:50:51Z,Symbolica,CLOSED,STANDBY,NA
2025-11-21T10:50:51Z,Symbolica Single-rider,CLOSED,SINGLE_RIDER,NA
2025-11-21T10:50:51Z,Halve Maen,CLOSED,STANDBY,NA
2025-11-21T10:50:51Z,Stoomtrein Ruigrijk,CLOSED,STANDBY,NA
2025-11-21T10:50:51Z,Kinderspoor,CLOSED,STANDBY,NA
2025-11-21T10:50:51Z,Fabula,CLOSED,STANDBY,NA
2025-11-21T10:50:51Z,Monorail,CLOSED,STANDBY,NA
2025-11-21T10:50:51Z,Max & Moritz,REFURBISHMENT,STANDBY,NA
2025-11-21T10:50:51Z,Max & Moritz Single-rider,REFURBISHMENT,SINGLE_RIDER,NA
2025-11-21T10:50:51Z,Gondoletta,CLOSED,STANDBY,NA
2025-11-21T10:50:51Z,De Oude Tufferbaan,CLOSED,STANDBY,NA
2025-11-21T10:50:51Z,Python,OPERATING,STANDBY,5
2025-11-21T10:50:51Z,Python Single-rider,OPERATING,SINGLE_RIDER,0
2025-11-21T10:50:51Z,Piraña,DOWN,STANDBY,0
2025-11-21T10:50:51Z,Joris en de Draak,DOWN,STANDBY,0
2025-11-21T10:50:51Z,Joris en de Draak Single-rider,DOWN,SINGLE_RIDER,NA
2025-11-21T10:50:51Z,Carnaval Festival,CLOSED,STANDBY,NA
2025-11-21T10:50:51Z,Vogel Rok,OPERATING,STANDBY,5
2025-11-21T10:50:51Z,Pagode,OPERATING,STANDBY,0
2025-11-21T10:50:51Z,Baron 1898,OPERATING,STANDBY,5
2025-11-21T10:50:51Z,Baron 1898 Single-rider,OPERATING,SINGLE_RIDER,5
2025-11-21T10:50:51Z,Danse Macabre,CLOSED,STANDBY,NA
2025-11-21T10:50:51Z,Danse Macabre Single-rider,CLOSED,SINGLE_RIDER,NA
2025-11-21T11:18:01Z,Fata Morgana,OPERATING,STANDBY,10
2025-11-21T11:18:01Z,Villa Volta,OPERATING,STANDBY,5
2025-11-21T11:18:01Z,De Vliegende Hollander,DOWN,STANDBY,0
2025-11-21T11:18:01Z,De Vliegende Hollander Single-rider,DOWN,SINGLE_RIDER,NA
2025-11-21T11:18:01Z,Sirocco,REFURBISHMENT,STANDBY,NA
2025-11-21T11:18:01Z,Droomvlucht,OPERATING,STANDBY,10
2025-11-21T11:18:01Z,Stoomcarrousel,OPERATING,STANDBY,0
2025-11-21T11:18:01Z,Stoomtrein Marerijk,DOWN,STANDBY,0
2025-11-21T11:18:01Z,Symbolica,OPERATING,STANDBY,20
2025-11-21T11:18:01Z,Symbolica Single-rider,OPERATING,SINGLE_RIDER,0
2025-11-21T11:18:01Z,Halve Maen,OPERATING,STANDBY,0
2025-11-21T11:18:01Z,Stoomtrein Ruigrijk,DOWN,STANDBY,0
2025-11-21T11:18:01Z,Kinderspoor,OPERATING,STANDBY,0
2025-11-21T11:18:01Z,Fabula,OPERATING,STANDBY,10
2025-11-21T11:18:01Z,Monorail,OPERATING,STANDBY,0
2025-11-21T11:18:01Z,Max & Moritz,REFURBISHMENT,STANDBY,NA
2025-11-21T11:18:01Z,Max & Moritz Single-rider,REFURBISHMENT,SINGLE_RIDER,NA
2025-11-21T11:18:01Z,Gondoletta,OPERATING,STANDBY,0
2025-11-21T11:18:01Z,Python,OPERATING,STANDBY,5
2025-11-21T11:18:01Z,Python Single-rider,OPERATING,SINGLE_RIDER,0
2025-11-21T11:18:01Z,De Oude Tufferbaan,OPERATING,STANDBY,5
2025-11-21T11:18:01Z,Piraña,DOWN,STANDBY,0
2025-11-21T11:18:01Z,Joris en de Draak,DOWN,STANDBY,0
2025-11-21T11:18:01Z,Joris en de Draak Single-rider,DOWN,SINGLE_RIDER,NA
2025-11-21T11:18:01Z,Carnaval Festival,DOWN,STANDBY,0
2025-11-21T11:18:01Z,Vogel Rok,OPERATING,STANDBY,5
2025-11-21T11:18:01Z,Baron 1898,OPERATING,STANDBY,10
2025-11-21T11:18:01Z,Baron 1898 Single-rider,OPERATING,SINGLE_RIDER,5
2025-11-21T11:18:01Z,Pagode,OPERATING,STANDBY,5
2025-11-21T11:18:01Z,Danse Macabre,DOWN,STANDBY,0
2025-11-21T11:18:01Z,Danse Macabre Single-rider,DOWN,SINGLE_RIDER,NA
2025-11-21T11:43:13Z,Fata Morgana,OPERATING,STANDBY,20
2025-11-21T11:43:13Z,Villa Volta,OPERATING,STANDBY,5
2025-11-21T11:43:13Z,De Vliegende Hollander,OPERATING,STANDBY,20
2025-11-21T11:43:13Z,De Vliegende Hollander Single-rider,OPERATING,SINGLE_RIDER,0
2025-11-21T11:43:13Z,Sirocco,REFURBISHMENT,STANDBY,NA
2025-11-21T11:43:13Z,Droomvlucht,OPERATING,STANDBY,15
2025-11-21T11:43:13Z,Stoomcarrousel,OPERATING,STANDBY,0
2025-11-21T11:43:13Z,Stoomtrein Marerijk,DOWN,STANDBY,0
2025-11-21T11:43:13Z,Symbolica,OPERATING,STANDBY,25
2025-11-21T11:43:13Z,Symbolica Single-rider,OPERATING,SINGLE_RIDER,0
2025-11-21T11:43:13Z,Halve Maen,OPERATING,STANDBY,5
2025-11-21T11:43:13Z,Stoomtrein Ruigrijk,DOWN,STANDBY,0
2025-11-21T11:43:13Z,Kinderspoor,OPERATING,STANDBY,0
2025-11-21T11:43:13Z,Fabula,OPERATING,STANDBY,10
2025-11-21T11:43:13Z,Monorail,OPERATING,STANDBY,5
2025-11-21T11:43:13Z,Max & Moritz,REFURBISHMENT,STANDBY,NA
2025-11-21T11:43:13Z,Max & Moritz Single-rider,REFURBISHMENT,SINGLE_RIDER,NA
2025-11-21T11:43:13Z,Gondoletta,OPERATING,STANDBY,0
2025-11-21T11:43:13Z,De Oude Tufferbaan,OPERATING,STANDBY,20
2025-11-21T11:43:13Z,Python,OPERATING,STANDBY,10
2025-11-21T11:43:13Z,Python Single-rider,OPERATING,SINGLE_RIDER,0
2025-11-21T11:43:13Z,Piraña,DOWN,STANDBY,0
2025-11-21T11:43:13Z,Joris en de Draak,DOWN,STANDBY,0
2025-11-21T11:43:13Z,Joris en de Draak Single-rider,DOWN,SINGLE_RIDER,NA
2025-11-21T11:43:13Z,Carnaval Festival,DOWN,STANDBY,0
2025-11-21T11:43:13Z,Vogel Rok,OPERATING,STANDBY,5
2025-11-21T11:43:13Z,Pagode,OPERATING,STANDBY,5
2025-11-21T11:43:13Z,Baron 1898,OPERATING,STANDBY,35
2025-11-21T11:43:13Z,Baron 1898 Single-rider,OPERATING,SINGLE_RIDER,20
2025-11-21T11:43:13Z,Danse Macabre,DOWN,STANDBY,0
2025-11-21T11:43:13Z,Danse Macabre Single-rider,DOWN,SINGLE_RIDER,NA
2025-11-21T11:53:11Z,Fata Morgana,OPERATING,STANDBY,20
2025-11-21T11:53:11Z,Villa Volta,OPERATING,STANDBY,5
2025-11-21T11:53:11Z,De Vliegende Hollander,OPERATING,STANDBY,20
2025-11-21T11:53:11Z,De Vliegende Hollander Single-rider,OPERATING,SINGLE_RIDER,0
2025-11-21T11:53:11Z,Sirocco,REFURBISHMENT,STANDBY,NA
2025-11-21T11:53:11Z,Droomvlucht,OPERATING,STANDBY,20
2025-11-21T11:53:11Z,Stoomcarrousel,OPERATING,STANDBY,0
2025-11-21T11:53:11Z,Stoomtrein Marerijk,DOWN,STANDBY,0
2025-11-21T11:53:11Z,Symbolica,OPERATING,STANDBY,30
2025-11-21T11:53:11Z,Symbolica Single-rider,OPERATING,SINGLE_RIDER,0
2025-11-21T11:53:11Z,Halve Maen,OPERATING,STANDBY,5
2025-11-21T11:53:11Z,Stoomtrein Ruigrijk,DOWN,STANDBY,0
2025-11-21T11:53:11Z,Kinderspoor,OPERATING,STANDBY,0
2025-11-21T11:53:11Z,Fabula,OPERATING,STANDBY,10
2025-11-21T11:53:11Z,Monorail,OPERATING,STANDBY,10
2025-11-21T11:53:11Z,Max & Moritz,REFURBISHMENT,STANDBY,NA
2025-11-21T11:53:11Z,Max & Moritz Single-rider,REFURBISHMENT,SINGLE_RIDER,NA
2025-11-21T11:53:11Z,Gondoletta,OPERATING,STANDBY,0
2025-11-21T11:53:11Z,De Oude Tufferbaan,OPERATING,STANDBY,20
2025-11-21T11:53:11Z,Python,OPERATING,STANDBY,15
2025-11-21T11:53:11Z,Python Single-rider,OPERATING,SINGLE_RIDER,0
2025-11-21T11:53:11Z,Piraña,DOWN,STANDBY,0
2025-11-21T11:53:11Z,Joris en de Draak,DOWN,STANDBY,0
2025-11-21T11:53:11Z,Joris en de Draak Single-rider,DOWN,SINGLE_RIDER,NA
2025-11-21T11:53:11Z,Carnaval Festival,DOWN,STANDBY,0
2025-11-21T11:53:11Z,Vogel Rok,OPERATING,STANDBY,0
2025-11-21T11:53:11Z,Pagode,OPERATING,STANDBY,5
2025-11-21T11:53:11Z,Baron 1898,OPERATING,STANDBY,40
2025-11-21T11:53:11Z,Baron 1898 Single-rider,OPERATING,SINGLE_RIDER,20
2025-11-21T11:53:11Z,Danse Macabre,OPERATING,STANDBY,20
2025-11-21T11:53:11Z,Danse Macabre Single-rider,OPERATING,SINGLE_RIDER,0
2025-11-21T12:14:46Z,Fata Morgana,OPERATING,STANDBY,10
2025-11-21T12:14:46Z,Villa Volta,OPERATING,STANDBY,5
2025-11-21T12:14:46Z,De Vliegende Hollander,OPERATING,STANDBY,20
2025-11-21T12:14:46Z,De Vliegende Hollander Single-rider,OPERATING,SINGLE_RIDER,0
2025-11-21T12:14:46Z,Sirocco,REFURBISHMENT,STANDBY,NA
2025-11-21T12:14:46Z,Droomvlucht,OPERATING,STANDBY,20
2025-11-21T12:14:46Z,Stoomcarrousel,OPERATING,STANDBY,0
2025-11-21T12:14:46Z,Stoomtrein Marerijk,OPERATING,STANDBY,25
2025-11-21T12:14:46Z,Symbolica,OPERATING,STANDBY,30
2025-11-21T12:14:46Z,Symbolica Single-rider,OPERATING,SINGLE_RIDER,0
2025-11-21T12:14:46Z,Halve Maen,OPERATING,STANDBY,5
2025-11-21T12:14:46Z,Stoomtrein Ruigrijk,OPERATING,STANDBY,25
2025-11-21T12:14:46Z,Kinderspoor,OPERATING,STANDBY,10
2025-11-21T12:14:46Z,Fabula,OPERATING,STANDBY,10
2025-11-21T12:14:46Z,Monorail,OPERATING,STANDBY,10
2025-11-21T12:14:46Z,Max & Moritz,REFURBISHMENT,STANDBY,NA
2025-11-21T12:14:46Z,Max & Moritz Single-rider,REFURBISHMENT,SINGLE_RIDER,NA
2025-11-21T12:14:46Z,Gondoletta,OPERATING,STANDBY,0
2025-11-21T12:14:46Z,Python,OPERATING,STANDBY,20
2025-11-21T12:14:46Z,Python Single-rider,OPERATING,SINGLE_RIDER,0
2025-11-21T12:14:46Z,De Oude Tufferbaan,OPERATING,STANDBY,20
2025-11-21T12:14:46Z,Piraña,DOWN,STANDBY,0
2025-11-21T12:14:46Z,Joris en de Draak,DOWN,STANDBY,0
2025-11-21T12:14:46Z,Joris en de Draak Single-rider,DOWN,SINGLE_RIDER,NA
2025-11-21T12:14:46Z,Carnaval Festival,OPERATING,STANDBY,10
2025-11-21T12:14:46Z,Vogel Rok,OPERATING,STANDBY,5
2025-11-21T12:14:46Z,Baron 1898,OPERATING,STANDBY,20
2025-11-21T12:14:46Z,Baron 1898 Single-rider,OPERATING,SINGLE_RIDER,20
2025-11-21T12:14:46Z,Pagode,OPERATING,STANDBY,5
2025-11-21T12:14:46Z,Danse Macabre,OPERATING,STANDBY,35
2025-11-21T12:14:46Z,Danse Macabre Single-rider,OPERATING,SINGLE_RIDER,0
2025-11-21T12:29:13Z,Fata Morgana,OPERATING,STANDBY,5
2025-11-21T12:29:13Z,Villa Volta,OPERATING,STANDBY,5
2025-11-21T12:29:13Z,De Vliegende Hollander,OPERATING,STANDBY,25
2025-11-21T12:29:13Z,De Vliegende Hollander Single-rider,OPERATING,SINGLE_RIDER,0
2025-11-21T12:29:13Z,Sirocco,REFURBISHMENT,STANDBY,NA
2025-11-21T12:29:13Z,Droomvlucht,OPERATING,STANDBY,20
2025-11-21T12:29:13Z,Stoomcarrousel,OPERATING,STANDBY,0
2025-11-21T12:29:13Z,Stoomtrein Marerijk,OPERATING,STANDBY,25
2025-11-21T12:29:13Z,Symbolica,OPERATING,STANDBY,30
2025-11-21T12:29:13Z,Symbolica Single-rider,OPERATING,SINGLE_RIDER,0
2025-11-21T12:29:13Z,Halve Maen,OPERATING,STANDBY,5
2025-11-21T12:29:13Z,Stoomtrein Ruigrijk,OPERATING,STANDBY,25
2025-11-21T12:29:13Z,Kinderspoor,OPERATING,STANDBY,5
2025-11-21T12:29:13Z,Fabula,OPERATING,STANDBY,10
2025-11-21T12:29:13Z,Monorail,OPERATING,STANDBY,10
2025-11-21T12:29:13Z,Max & Moritz,REFURBISHMENT,STANDBY,NA
2025-11-21T12:29:13Z,Max & Moritz Single-rider,REFURBISHMENT,SINGLE_RIDER,NA
2025-11-21T12:29:13Z,Gondoletta,OPERATING,STANDBY,5
2025-11-21T12:29:13Z,De Oude Tufferbaan,OPERATING,STANDBY,15
2025-11-21T12:29:13Z,Python,OPERATING,STANDBY,20
2025-11-21T12:29:13Z,Python Single-rider,OPERATING,SINGLE_RIDER,0
2025-11-21T12:29:13Z,Piraña,OPERATING,STANDBY,0
2025-11-21T12:29:13Z,Joris en de Draak,OPERATING,STANDBY,5
2025-11-21T12:29:13Z,Joris en de Draak Single-rider,OPERATING,SINGLE_RIDER,0
2025-11-21T12:29:13Z,Carnaval Festival,OPERATING,STANDBY,15
2025-11-21T12:29:13Z,Vogel Rok,OPERATING,STANDBY,5
2025-11-21T12:29:13Z,Baron 1898,OPERATING,STANDBY,30
2025-11-21T12:29:13Z,Baron 1898 Single-rider,OPERATING,SINGLE_RIDER,10
2025-11-21T12:29:13Z,Pagode,OPERATING,STANDBY,5
2025-11-21T12:29:13Z,Danse Macabre,OPERATING,STANDBY,40
2025-11-21T12:29:13Z,Danse Macabre Single-rider,OPERATING,SINGLE_RIDER,0
2025-11-21T12:40:56Z,Fata Morgana,OPERATING,STANDBY,5
2025-11-21T12:40:56Z,Villa Volta,OPERATING,STANDBY,5
2025-11-21T12:40:56Z,De Vliegende Hollander,OPERATING,STANDBY,15
2025-11-21T12:40:56Z,De Vliegende Hollander Single-rider,OPERATING,SINGLE_RIDER,0
2025-11-21T12:40:56Z,Sirocco,REFURBISHMENT,STANDBY,NA
2025-11-21T12:40:56Z,Droomvlucht,OPERATING,STANDBY,20
2025-11-21T12:40:56Z,Stoomcarrousel,OPERATING,STANDBY,0
2025-11-21T12:40:56Z,Stoomtrein Marerijk,OPERATING,STANDBY,25
2025-11-21T12:40:56Z,Symbolica,OPERATING,STANDBY,25
2025-11-21T12:40:56Z,Symbolica Single-rider,OPERATING,SINGLE_RIDER,0
2025-11-21T12:40:56Z,Halve Maen,OPERATING,STANDBY,5
2025-11-21T12:40:56Z,Stoomtrein Ruigrijk,OPERATING,STANDBY,25
2025-11-21T12:40:56Z,Kinderspoor,OPERATING,STANDBY,5
2025-11-21T12:40:56Z,Fabula,OPERATING,STANDBY,10
2025-11-21T12:40:56Z,Monorail,OPERATING,STANDBY,10
2025-11-21T12:40:56Z,Max & Moritz,REFURBISHMENT,STANDBY,NA
2025-11-21T12:40:56Z,Max & Moritz Single-rider,REFURBISHMENT,SINGLE_RIDER,NA
2025-11-21T12:40:56Z,Gondoletta,OPERATING,STANDBY,0
2025-11-21T12:40:56Z,De Oude Tufferbaan,OPERATING,STANDBY,10
2025-11-21T12:40:56Z,Python,OPERATING,STANDBY,20
2025-11-21T12:40:56Z,Python Single-rider,OPERATING,SINGLE_RIDER,0
2025-11-21T12:40:56Z,Piraña,OPERATING,STANDBY,0
2025-11-21T12:40:56Z,Joris en de Draak,OPERATING,STANDBY,10
2025-11-21T12:40:56Z,Joris en de Draak Single-rider,OPERATING,SINGLE_RIDER,0
2025-11-21T12:40:56Z,Carnaval Festival,OPERATING,STANDBY,20
2025-11-21T12:40:56Z,Vogel Rok,OPERATING,STANDBY,10
2025-11-21T12:40:56Z,Baron 1898,OPERATING,STANDBY,30
2025-11-21T12:40:56Z,Baron 1898 Single-rider,OPERATING,SINGLE_RIDER,10
2025-11-21T12:40:56Z,Pagode,OPERATING,STANDBY,5
2025-11-21T12:40:56Z,Danse Macabre,OPERATING,STANDBY,35
2025-11-21T12:40:56Z,Danse Macabre Single-rider,OPERATING,SINGLE_RIDER,0
2025-11-21T12:50:36Z,Fata Morgana,OPERATING,STANDBY,5
2025-11-21T12:50:36Z,Villa Volta,OPERATING,STANDBY,5
2025-11-21T12:50:36Z,De Vliegende Hollander,OPERATING,STANDBY,10
2025-11-21T12:50:36Z,De Vliegende Hollander Single-rider,OPERATING,SINGLE_RIDER,0
2025-11-21T12:50:36Z,Sirocco,REFURBISHMENT,STANDBY,NA
2025-11-21T12:50:36Z,Droomvlucht,OPERATING,STANDBY,20
2025-11-21T12:50:36Z,Stoomcarrousel,OPERATING,STANDBY,0
2025-11-21T12:50:36Z,Stoomtrein Marerijk,OPERATING,STANDBY,25
2025-11-21T12:50:36Z,Symbolica,OPERATING,STANDBY,25
2025-11-21T12:50:36Z,Symbolica Single-rider,OPERATING,SINGLE_RIDER,0
2025-11-21T12:50:36Z,Halve Maen,OPERATING,STANDBY,5
2025-11-21T12:50:36Z,Stoomtrein Ruigrijk,OPERATING,STANDBY,25
2025-11-21T12:50:36Z,Kinderspoor,OPERATING,STANDBY,5
2025-11-21T12:50:36Z,Fabula,OPERATING,STANDBY,10
2025-11-21T12:50:36Z,Monorail,OPERATING,STANDBY,0
2025-11-21T12:50:36Z,Max & Moritz,REFURBISHMENT,STANDBY,NA
2025-11-21T12:50:36Z,Max & Moritz Single-rider,REFURBISHMENT,SINGLE_RIDER,NA
2025-11-21T12:50:36Z,Gondoletta,OPERATING,STANDBY,0
2025-11-21T12:50:36Z,De Oude Tufferbaan,OPERATING,STANDBY,10
2025-11-21T12:50:36Z,Python,OPERATING,STANDBY,15
2025-11-21T12:50:36Z,Python Single-rider,OPERATING,SINGLE_RIDER,0
2025-11-21T12:50:36Z,Piraña,OPERATING,STANDBY,0
2025-11-21T12:50:36Z,Joris en de Draak,OPERATING,STANDBY,25
2025-11-21T12:50:36Z,Joris en de Draak Single-rider,OPERATING,SINGLE_RIDER,0
2025-11-21T12:50:36Z,Carnaval Festival,OPERATING,STANDBY,20
2025-11-21T12:50:36Z,Vogel Rok,OPERATING,STANDBY,10
2025-11-21T12:50:36Z,Baron 1898,OPERATING,STANDBY,10
2025-11-21T12:50:36Z,Baron 1898 Single-rider,OPERATING,SINGLE_RIDER,10
2025-11-21T12:50:36Z,Pagode,OPERATING,STANDBY,5
2025-11-21T12:50:36Z,Danse Macabre,OPERATING,STANDBY,30
2025-11-21T12:50:36Z,Danse Macabre Single-rider,OPERATING,SINGLE_RIDER,0
2025-11-21T13:34:26Z,Fata Morgana,OPERATING,STANDBY,5
2025-11-21T13:34:26Z,Villa Volta,OPERATING,STANDBY,5
2025-11-21T13:34:26Z,De Vliegende Hollander,OPERATING,STANDBY,15
2025-11-21T13:34:26Z,De Vliegende Hollander Single-rider,OPERATING,SINGLE_RIDER,0
2025-11-21T13:34:26Z,Sirocco,REFURBISHMENT,STANDBY,NA
2025-11-21T13:34:26Z,Droomvlucht,OPERATING,STANDBY,20
2025-11-21T13:34:26Z,Stoomcarrousel,OPERATING,STANDBY,0
2025-11-21T13:34:26Z,Stoomtrein Marerijk,OPERATING,STANDBY,25
2025-11-21T13:34:26Z,Symbolica,OPERATING,STANDBY,20
2025-11-21T13:34:26Z,Symbolica Single-rider,OPERATING,SINGLE_RIDER,0
2025-11-21T13:34:26Z,Halve Maen,OPERATING,STANDBY,5
2025-11-21T13:34:26Z,Stoomtrein Ruigrijk,OPERATING,STANDBY,25
2025-11-21T13:34:26Z,Kinderspoor,OPERATING,STANDBY,5
2025-11-21T13:34:26Z,Fabula,OPERATING,STANDBY,10
2025-11-21T13:34:26Z,Monorail,OPERATING,STANDBY,10
2025-11-21T13:34:26Z,Max & Moritz,REFURBISHMENT,STANDBY,NA
2025-11-21T13:34:26Z,Max & Moritz Single-rider,REFURBISHMENT,SINGLE_RIDER,NA
2025-11-21T13:34:26Z,Gondoletta,OPERATING,STANDBY,0
2025-11-21T13:34:26Z,De Oude Tufferbaan,OPERATING,STANDBY,20
2025-11-21T13:34:26Z,Python,OPERATING,STANDBY,15
2025-11-21T13:34:26Z,Python Single-rider,OPERATING,SINGLE_RIDER,0
2025-11-21T13:34:26Z,Piraña,DOWN,STANDBY,0
2025-11-21T13:34:26Z,Joris en de Draak,OPERATING,STANDBY,15
2025-11-21T13:34:26Z,Joris en de Draak Single-rider,OPERATING,SINGLE_RIDER,0
2025-11-21T13:34:26Z,Carnaval Festival,OPERATING,STANDBY,15
2025-11-21T13:34:26Z,Vogel Rok,OPERATING,STANDBY,10
2025-11-21T13:34:26Z,Baron 1898,OPERATING,STANDBY,25
2025-11-21T13:34:26Z,Baron 1898 Single-rider,OPERATING,SINGLE_RIDER,15
2025-11-21T13:34:26Z,Pagode,OPERATING,STANDBY,5
2025-11-21T13:34:26Z,Danse Macabre,OPERATING,STANDBY,25
2025-11-21T13:34:26Z,Danse Macabre Single-rider,OPERATING,SINGLE_RIDER,0
2025-11-21T14:17:33Z,Fata Morgana,OPERATING,STANDBY,5
2025-11-21T14:17:33Z,Villa Volta,OPERATING,STANDBY,5
2025-11-21T14:17:33Z,De Vliegende Hollander,OPERATING,STANDBY,20
2025-11-21T14:17:33Z,De Vliegende Hollander Single-rider,OPERATING,SINGLE_RIDER,0
2025-11-21T14:17:33Z,Sirocco,REFURBISHMENT,STANDBY,NA
2025-11-21T14:17:33Z,Droomvlucht,OPERATING,STANDBY,15
2025-11-21T14:17:33Z,Stoomcarrousel,OPERATING,STANDBY,0
2025-11-21T14:17:33Z,Stoomtrein Marerijk,OPERATING,STANDBY,25
2025-11-21T14:17:33Z,Symbolica,OPERATING,STANDBY,25
2025-11-21T14:17:33Z,Symbolica Single-rider,OPERATING,SINGLE_RIDER,0
2025-11-21T14:17:33Z,Halve Maen,OPERATING,STANDBY,5
2025-11-21T14:17:33Z,Stoomtrein Ruigrijk,OPERATING,STANDBY,25
2025-11-21T14:17:33Z,Kinderspoor,OPERATING,STANDBY,5
2025-11-21T14:17:33Z,Fabula,OPERATING,STANDBY,10
2025-11-21T14:17:33Z,Monorail,OPERATING,STANDBY,10
2025-11-21T14:17:33Z,Max & Moritz,REFURBISHMENT,STANDBY,NA
2025-11-21T14:17:33Z,Max & Moritz Single-rider,REFURBISHMENT,SINGLE_RIDER,NA
2025-11-21T14:17:33Z,Gondoletta,OPERATING,STANDBY,0
2025-11-21T14:17:33Z,De Oude Tufferbaan,OPERATING,STANDBY,20
2025-11-21T14:17:33Z,Python,OPERATING,STANDBY,20
2025-11-21T14:17:33Z,Python Single-rider,OPERATING,SINGLE_RIDER,0
2025-11-21T14:17:33Z,Piraña,OPERATING,STANDBY,0
2025-11-21T14:17:33Z,Joris en de Draak,OPERATING,STANDBY,15
2025-11-21T14:17:33Z,Joris en de Draak Single-rider,OPERATING,SINGLE_RIDER,0
2025-11-21T14:17:33Z,Carnaval Festival,OPERATING,STANDBY,15
2025-11-21T14:17:33Z,Vogel Rok,OPERATING,STANDBY,5
2025-11-21T14:17:33Z,Pagode,DOWN,STANDBY,0
2025-11-21T14:17:33Z,Baron 1898,OPERATING,STANDBY,10
2025-11-21T14:17:33Z,Baron 1898 Single-rider,OPERATING,SINGLE_RIDER,10
2025-11-21T14:17:33Z,Danse Macabre,OPERATING,STANDBY,25
2025-11-21T14:17:33Z,Danse Macabre Single-rider,OPERATING,SINGLE_RIDER,0
2025-11-21T14:44:06Z,Fata Morgana,OPERATING,STANDBY,5
2025-11-21T14:44:06Z,Villa Volta,OPERATING,STANDBY,5
2025-11-21T14:44:06Z,De Vliegende Hollander,OPERATING,STANDBY,15
2025-11-21T14:44:06Z,De Vliegende Hollander Single-rider,OPERATING,SINGLE_RIDER,0
2025-11-21T14:44:06Z,Sirocco,REFURBISHMENT,STANDBY,NA
2025-11-21T14:44:06Z,Droomvlucht,OPERATING,STANDBY,15
2025-11-21T14:44:06Z,Stoomcarrousel,OPERATING,STANDBY,0
2025-11-21T14:44:06Z,Stoomtrein Marerijk,OPERATING,STANDBY,25
2025-11-21T14:44:06Z,Symbolica,OPERATING,STANDBY,25
2025-11-21T14:44:06Z,Symbolica Single-rider,OPERATING,SINGLE_RIDER,0
2025-11-21T14:44:06Z,Halve Maen,OPERATING,STANDBY,5
2025-11-21T14:44:06Z,Stoomtrein Ruigrijk,OPERATING,STANDBY,25
2025-11-21T14:44:06Z,Kinderspoor,OPERATING,STANDBY,10
2025-11-21T14:44:06Z,Fabula,OPERATING,STANDBY,10
2025-11-21T14:44:06Z,Monorail,OPERATING,STANDBY,5
2025-11-21T14:44:06Z,Max & Moritz,REFURBISHMENT,STANDBY,NA
2025-11-21T14:44:06Z,Max & Moritz Single-rider,REFURBISHMENT,SINGLE_RIDER,NA
2025-11-21T14:44:06Z,Gondoletta,OPERATING,STANDBY,5
2025-11-21T14:44:06Z,Python,OPERATING,STANDBY,20
2025-11-21T14:44:06Z,Python Single-rider,OPERATING,SINGLE_RIDER,0
2025-11-21T14:44:06Z,De Oude Tufferbaan,OPERATING,STANDBY,20
2025-11-21T14:44:06Z,Piraña,OPERATING,STANDBY,0
2025-11-21T14:44:06Z,Joris en de Draak,OPERATING,STANDBY,10
2025-11-21T14:44:06Z,Joris en de Draak Single-rider,OPERATING,SINGLE_RIDER,0
2025-11-21T14:44:06Z,Carnaval Festival,OPERATING,STANDBY,15
2025-11-21T14:44:06Z,Vogel Rok,OPERATING,STANDBY,5
2025-11-21T14:44:06Z,Pagode,OPERATING,STANDBY,5
2025-11-21T14:44:06Z,Baron 1898,OPERATING,STANDBY,15
2025-11-21T14:44:06Z,Baron 1898 Single-rider,OPERATING,SINGLE_RIDER,15
2025-11-21T14:44:06Z,Danse Macabre,OPERATING,STANDBY,30
2025-11-21T14:44:06Z,Danse Macabre Single-rider,OPERATING,SINGLE_RIDER,0
2025-11-21T14:53:05Z,Fata Morgana,OPERATING,STANDBY,5
2025-11-21T14:53:05Z,Villa Volta,OPERATING,STANDBY,5
2025-11-21T14:53:05Z,De Vliegende Hollander,OPERATING,STANDBY,15
2025-11-21T14:53:05Z,De Vliegende Hollander Single-rider,OPERATING,SINGLE_RIDER,0
2025-11-21T14:53:05Z,Sirocco,REFURBISHMENT,STANDBY,NA
2025-11-21T14:53:05Z,Droomvlucht,OPERATING,STANDBY,20
2025-11-21T14:53:05Z,Stoomcarrousel,OPERATING,STANDBY,0
2025-11-21T14:53:05Z,Stoomtrein Marerijk,OPERATING,STANDBY,25
2025-11-21T14:53:05Z,Symbolica,DOWN,STANDBY,0
2025-11-21T14:53:05Z,Symbolica Single-rider,DOWN,SINGLE_RIDER,NA
2025-11-21T14:53:05Z,Halve Maen,OPERATING,STANDBY,5
2025-11-21T14:53:05Z,Stoomtrein Ruigrijk,OPERATING,STANDBY,25
2025-11-21T14:53:05Z,Kinderspoor,OPERATING,STANDBY,10
2025-11-21T14:53:05Z,Fabula,OPERATING,STANDBY,10
2025-11-21T14:53:05Z,Monorail,OPERATING,STANDBY,5
2025-11-21T14:53:05Z,Max & Moritz,REFURBISHMENT,STANDBY,NA
2025-11-21T14:53:05Z,Max & Moritz Single-rider,REFURBISHMENT,SINGLE_RIDER,NA
2025-11-21T14:53:05Z,Gondoletta,OPERATING,STANDBY,5
2025-11-21T14:53:05Z,Python,OPERATING,STANDBY,20
2025-11-21T14:53:05Z,Python Single-rider,OPERATING,SINGLE_RIDER,0
2025-11-21T14:53:05Z,De Oude Tufferbaan,OPERATING,STANDBY,25
2025-11-21T14:53:05Z,Piraña,OPERATING,STANDBY,0
2025-11-21T14:53:05Z,Joris en de Draak,OPERATING,STANDBY,25
2025-11-21T14:53:05Z,Joris en de Draak Single-rider,OPERATING,SINGLE_RIDER,0
2025-11-21T14:53:05Z,Carnaval Festival,OPERATING,STANDBY,15
2025-11-21T14:53:05Z,Vogel Rok,OPERATING,STANDBY,5
2025-11-21T14:53:05Z,Pagode,OPERATING,STANDBY,5
2025-11-21T14:53:05Z,Baron 1898,OPERATING,STANDBY,15
2025-11-21T14:53:05Z,Baron 1898 Single-rider,OPERATING,SINGLE_RIDER,15
2025-11-21T14:53:05Z,Danse Macabre,OPERATING,STANDBY,30
2025-11-21T14:53:05Z,Danse Macabre Single-rider,OPERATING,SINGLE_RIDER,0
2025-11-21T15:16:50Z,Fata Morgana,OPERATING,STANDBY,5
2025-11-21T15:16:50Z,Villa Volta,OPERATING,STANDBY,5
2025-11-21T15:16:50Z,De Vliegende Hollander,OPERATING,STANDBY,15
2025-11-21T15:16:50Z,De Vliegende Hollander Single-rider,OPERATING,SINGLE_RIDER,0
2025-11-21T15:16:50Z,Sirocco,REFURBISHMENT,STANDBY,NA
2025-11-21T15:16:50Z,Droomvlucht,OPERATING,STANDBY,30
2025-11-21T15:16:50Z,Stoomcarrousel,OPERATING,STANDBY,0
2025-11-21T15:16:50Z,Stoomtrein Marerijk,OPERATING,STANDBY,25
2025-11-21T15:16:50Z,Symbolica,OPERATING,STANDBY,25
2025-11-21T15:16:50Z,Symbolica Single-rider,OPERATING,SINGLE_RIDER,0
2025-11-21T15:16:50Z,Halve Maen,OPERATING,STANDBY,5
2025-11-21T15:16:50Z,Stoomtrein Ruigrijk,OPERATING,STANDBY,25
2025-11-21T15:16:50Z,Kinderspoor,OPERATING,STANDBY,10
2025-11-21T15:16:50Z,Fabula,OPERATING,STANDBY,10
2025-11-21T15:16:50Z,Monorail,OPERATING,STANDBY,5
2025-11-21T15:16:50Z,Max & Moritz,REFURBISHMENT,STANDBY,NA
2025-11-21T15:16:50Z,Max & Moritz Single-rider,REFURBISHMENT,SINGLE_RIDER,NA
2025-11-21T15:16:50Z,Gondoletta,OPERATING,STANDBY,5
2025-11-21T15:16:50Z,De Oude Tufferbaan,OPERATING,STANDBY,25
2025-11-21T15:16:50Z,Python,OPERATING,STANDBY,20
2025-11-21T15:16:50Z,Python Single-rider,OPERATING,SINGLE_RIDER,0
2025-11-21T15:16:50Z,Piraña,OPERATING,STANDBY,0
2025-11-21T15:16:50Z,Joris en de Draak,OPERATING,STANDBY,25
2025-11-21T15:16:50Z,Joris en de Draak Single-rider,OPERATING,SINGLE_RIDER,0
2025-11-21T15:16:50Z,Carnaval Festival,OPERATING,STANDBY,15
2025-11-21T15:16:50Z,Vogel Rok,OPERATING,STANDBY,10
2025-11-21T15:16:50Z,Baron 1898,OPERATING,STANDBY,20
2025-11-21T15:16:50Z,Baron 1898 Single-rider,OPERATING,SINGLE_RIDER,15
2025-11-21T15:16:50Z,Pagode,OPERATING,STANDBY,5
2025-11-21T15:16:50Z,Danse Macabre,OPERATING,STANDBY,25
2025-11-21T15:16:50Z,Danse Macabre Single-rider,OPERATING,SINGLE_RIDER,0
2025-11-21T15:41:37Z,Fata Morgana,OPERATING,STANDBY,5
2025-11-21T15:41:37Z,Villa Volta,OPERATING,STANDBY,5
2025-11-21T15:41:37Z,De Vliegende Hollander,OPERATING,STANDBY,15
2025-11-21T15:41:37Z,De Vliegende Hollander Single-rider,OPERATING,SINGLE_RIDER,0
2025-11-21T15:41:37Z,Sirocco,REFURBISHMENT,STANDBY,NA
2025-11-21T15:41:37Z,Droomvlucht,OPERATING,STANDBY,25
2025-11-21T15:41:37Z,Stoomcarrousel,OPERATING,STANDBY,0
2025-11-21T15:41:37Z,Stoomtrein Marerijk,OPERATING,STANDBY,25
2025-11-21T15:41:37Z,Symbolica,OPERATING,STANDBY,25
2025-11-21T15:41:37Z,Symbolica Single-rider,OPERATING,SINGLE_RIDER,0
2025-11-21T15:41:37Z,Halve Maen,OPERATING,STANDBY,5
2025-11-21T15:41:37Z,Stoomtrein Ruigrijk,OPERATING,STANDBY,25
2025-11-21T15:41:37Z,Kinderspoor,OPERATING,STANDBY,10
2025-11-21T15:41:37Z,Fabula,OPERATING,STANDBY,10
2025-11-21T15:41:37Z,Monorail,OPERATING,STANDBY,15
2025-11-21T15:41:37Z,Max & Moritz,REFURBISHMENT,STANDBY,NA
2025-11-21T15:41:37Z,Max & Moritz Single-rider,REFURBISHMENT,SINGLE_RIDER,NA
2025-11-21T15:41:37Z,Gondoletta,OPERATING,STANDBY,5
2025-11-21T15:41:37Z,De Oude Tufferbaan,OPERATING,STANDBY,20
2025-11-21T15:41:37Z,Python,OPERATING,STANDBY,15
2025-11-21T15:41:37Z,Python Single-rider,OPERATING,SINGLE_RIDER,0
2025-11-21T15:41:37Z,Piraña,OPERATING,STANDBY,0
2025-11-21T15:41:37Z,Joris en de Draak,OPERATING,STANDBY,20
2025-11-21T15:41:37Z,Joris en de Draak Single-rider,OPERATING,SINGLE_RIDER,0
2025-11-21T15:41:37Z,Carnaval Festival,OPERATING,STANDBY,15
2025-11-21T15:41:37Z,Vogel Rok,OPERATING,STANDBY,10
2025-11-21T15:41:37Z,Baron 1898,OPERATING,STANDBY,20
2025-11-21T15:41:37Z,Baron 1898 Single-rider,OPERATING,SINGLE_RIDER,15
2025-11-21T15:41:37Z,Pagode,OPERATING,STANDBY,5
2025-11-21T15:41:37Z,Danse Macabre,OPERATING,STANDBY,25
2025-11-21T15:41:37Z,Danse Macabre Single-rider,OPERATING,SINGLE_RIDER,0
2025-11-21T15:51:42Z,Fata Morgana,OPERATING,STANDBY,5
2025-11-21T15:51:42Z,Villa Volta,OPERATING,STANDBY,5
2025-11-21T15:51:42Z,De Vliegende Hollander,OPERATING,STANDBY,15
2025-11-21T15:51:42Z,De Vliegende Hollander Single-rider,OPERATING,SINGLE_RIDER,0
2025-11-21T15:51:42Z,Sirocco,REFURBISHMENT,STANDBY,NA
2025-11-21T15:51:42Z,Droomvlucht,OPERATING,STANDBY,25
2025-11-21T15:51:42Z,Stoomcarrousel,OPERATING,STANDBY,0
2025-11-21T15:51:42Z,Stoomtrein Marerijk,OPERATING,STANDBY,25
2025-11-21T15:51:42Z,Symbolica,OPERATING,STANDBY,25
2025-11-21T15:51:42Z,Symbolica Single-rider,OPERATING,SINGLE_RIDER,0
2025-11-21T15:51:42Z,Halve Maen,OPERATING,STANDBY,5
2025-11-21T15:51:42Z,Stoomtrein Ruigrijk,OPERATING,STANDBY,25
2025-11-21T15:51:42Z,Kinderspoor,OPERATING,STANDBY,10
2025-11-21T15:51:42Z,Fabula,OPERATING,STANDBY,10
2025-11-21T15:51:42Z,Monorail,OPERATING,STANDBY,10
2025-11-21T15:51:42Z,Max & Moritz,REFURBISHMENT,STANDBY,NA
2025-11-21T15:51:42Z,Max & Moritz Single-rider,REFURBISHMENT,SINGLE_RIDER,NA
2025-11-21T15:51:42Z,Gondoletta,OPERATING,STANDBY,5
2025-11-21T15:51:42Z,Python,OPERATING,STANDBY,15
2025-11-21T15:51:42Z,Python Single-rider,OPERATING,SINGLE_RIDER,0
2025-11-21T15:51:42Z,De Oude Tufferbaan,OPERATING,STANDBY,20
2025-11-21T15:51:42Z,Piraña,OPERATING,STANDBY,0
2025-11-21T15:51:42Z,Joris en de Draak,OPERATING,STANDBY,20
2025-11-21T15:51:42Z,Joris en de Draak Single-rider,OPERATING,SINGLE_RIDER,0
2025-11-21T15:51:42Z,Carnaval Festival,OPERATING,STANDBY,15
2025-11-21T15:51:42Z,Vogel Rok,OPERATING,STANDBY,10
2025-11-21T15:51:42Z,Baron 1898,DOWN,STANDBY,0
2025-11-21T15:51:42Z,Baron 1898 Single-rider,DOWN,SINGLE_RIDER,NA
2025-11-21T15:51:42Z,Pagode,OPERATING,STANDBY,5
2025-11-21T15:51:42Z,Danse Macabre,OPERATING,STANDBY,25
2025-11-21T15:51:42Z,Danse Macabre Single-rider,OPERATING,SINGLE_RIDER,0
2025-11-21T16:15:55Z,Fata Morgana,OPERATING,STANDBY,5
2025-11-21T16:15:55Z,Villa Volta,OPERATING,STANDBY,5
2025-11-21T16:15:55Z,De Vliegende Hollander,OPERATING,STANDBY,10
2025-11-21T16:15:55Z,De Vliegende Hollander Single-rider,OPERATING,SINGLE_RIDER,0
2025-11-21T16:15:55Z,Sirocco,REFURBISHMENT,STANDBY,NA
2025-11-21T16:15:55Z,Droomvlucht,OPERATING,STANDBY,25
2025-11-21T16:15:55Z,Stoomcarrousel,OPERATING,STANDBY,0
2025-11-21T16:15:55Z,Stoomtrein Marerijk,OPERATING,STANDBY,25
2025-11-21T16:15:55Z,Symbolica,OPERATING,STANDBY,30
2025-11-21T16:15:55Z,Symbolica Single-rider,OPERATING,SINGLE_RIDER,0
2025-11-21T16:15:55Z,Halve Maen,OPERATING,STANDBY,5
2025-11-21T16:15:55Z,Stoomtrein Ruigrijk,OPERATING,STANDBY,25
2025-11-21T16:15:55Z,Kinderspoor,OPERATING,STANDBY,5
2025-11-21T16:15:55Z,Fabula,OPERATING,STANDBY,10
2025-11-21T16:15:55Z,Monorail,OPERATING,STANDBY,10
2025-11-21T16:15:55Z,Max & Moritz,REFURBISHMENT,STANDBY,NA
2025-11-21T16:15:55Z,Max & Moritz Single-rider,REFURBISHMENT,SINGLE_RIDER,NA
2025-11-21T16:15:55Z,Gondoletta,OPERATING,STANDBY,0
2025-11-21T16:15:55Z,Python,OPERATING,STANDBY,15
2025-11-21T16:15:55Z,Python Single-rider,OPERATING,SINGLE_RIDER,0
2025-11-21T16:15:55Z,De Oude Tufferbaan,OPERATING,STANDBY,15
2025-11-21T16:15:55Z,Piraña,OPERATING,STANDBY,0
2025-11-21T16:15:55Z,Joris en de Draak,OPERATING,STANDBY,20
2025-11-21T16:15:55Z,Joris en de Draak Single-rider,OPERATING,SINGLE_RIDER,0
2025-11-21T16:15:55Z,Carnaval Festival,OPERATING,STANDBY,10
2025-11-21T16:15:55Z,Vogel Rok,OPERATING,STANDBY,5
2025-11-21T16:15:55Z,Baron 1898,OPERATING,STANDBY,10
2025-11-21T16:15:55Z,Baron 1898 Single-rider,OPERATING,SINGLE_RIDER,15
2025-11-21T16:15:55Z,Pagode,OPERATING,STANDBY,5
2025-11-21T16:15:55Z,Danse Macabre,OPERATING,STANDBY,25
2025-11-21T16:15:55Z,Danse Macabre Single-rider,OPERATING,SINGLE_RIDER,0
2025-11-21T16:36:12Z,Fata Morgana,OPERATING,STANDBY,5
2025-11-21T16:36:12Z,Villa Volta,OPERATING,STANDBY,5
2025-11-21T16:36:12Z,De Vliegende Hollander,OPERATING,STANDBY,10
2025-11-21T16:36:12Z,De Vliegende Hollander Single-rider,OPERATING,SINGLE_RIDER,0
2025-11-21T16:36:12Z,Sirocco,REFURBISHMENT,STANDBY,NA
2025-11-21T16:36:12Z,Droomvlucht,OPERATING,STANDBY,25
2025-11-21T16:36:12Z,Stoomcarrousel,OPERATING,STANDBY,0
2025-11-21T16:36:12Z,Stoomtrein Marerijk,OPERATING,STANDBY,25
2025-11-21T16:36:12Z,Symbolica,OPERATING,STANDBY,30
2025-11-21T16:36:12Z,Symbolica Single-rider,OPERATING,SINGLE_RIDER,0
2025-11-21T16:36:12Z,Halve Maen,OPERATING,STANDBY,5
2025-11-21T16:36:12Z,Stoomtrein Ruigrijk,OPERATING,STANDBY,25
2025-11-21T16:36:12Z,Kinderspoor,OPERATING,STANDBY,5
2025-11-21T16:36:12Z,Fabula,OPERATING,STANDBY,10
2025-11-21T16:36:12Z,Monorail,OPERATING,STANDBY,10
2025-11-21T16:36:12Z,Max & Moritz,REFURBISHMENT,STANDBY,NA
2025-11-21T16:36:12Z,Max & Moritz Single-rider,REFURBISHMENT,SINGLE_RIDER,NA
2025-11-21T16:36:12Z,Gondoletta,CLOSED,STANDBY,NA
2025-11-21T16:36:12Z,Python,OPERATING,STANDBY,15
2025-11-21T16:36:12Z,Python Single-rider,OPERATING,SINGLE_RIDER,0
2025-11-21T16:36:12Z,De Oude Tufferbaan,OPERATING,STANDBY,15
2025-11-21T16:36:12Z,Piraña,OPERATING,STANDBY,0
2025-11-21T16:36:12Z,Joris en de Draak,OPERATING,STANDBY,20
2025-11-21T16:36:12Z,Joris en de Draak Single-rider,OPERATING,SINGLE_RIDER,0
2025-11-21T16:36:12Z,Carnaval Festival,OPERATING,STANDBY,10
2025-11-21T16:36:12Z,Vogel Rok,OPERATING,STANDBY,5
2025-11-21T16:36:12Z,Baron 1898,OPERATING,STANDBY,20
2025-11-21T16:36:12Z,Baron 1898 Single-rider,OPERATING,SINGLE_RIDER,15
2025-11-21T16:36:12Z,Pagode,OPERATING,STANDBY,5
2025-11-21T16:36:12Z,Danse Macabre,OPERATING,STANDBY,25
2025-11-21T16:36:12Z,Danse Macabre Single-rider,OPERATING,SINGLE_RIDER,0
2025-11-21T16:49:47Z,Fata Morgana,OPERATING,STANDBY,5
2025-11-21T16:49:47Z,Villa Volta,OPERATING,STANDBY,5
2025-11-21T16:49:47Z,De Vliegende Hollander,OPERATING,STANDBY,10
2025-11-21T16:49:47Z,De Vliegende Hollander Single-rider,OPERATING,SINGLE_RIDER,0
2025-11-21T16:49:47Z,Sirocco,REFURBISHMENT,STANDBY,NA
2025-11-21T16:49:47Z,Droomvlucht,OPERATING,STANDBY,25
2025-11-21T16:49:47Z,Stoomcarrousel,OPERATING,STANDBY,0
2025-11-21T16:49:47Z,Stoomtrein Marerijk,OPERATING,STANDBY,25
2025-11-21T16:49:47Z,Symbolica,OPERATING,STANDBY,30
2025-11-21T16:49:47Z,Symbolica Single-rider,OPERATING,SINGLE_RIDER,0
2025-11-21T16:49:47Z,Halve Maen,OPERATING,STANDBY,5
2025-11-21T16:49:47Z,Stoomtrein Ruigrijk,OPERATING,STANDBY,25
2025-11-21T16:49:47Z,Kinderspoor,OPERATING,STANDBY,5
2025-11-21T16:49:47Z,Fabula,OPERATING,STANDBY,10
2025-11-21T16:49:47Z,Monorail,OPERATING,STANDBY,5
2025-11-21T16:49:47Z,Max & Moritz,REFURBISHMENT,STANDBY,NA
2025-11-21T16:49:47Z,Max & Moritz Single-rider,REFURBISHMENT,SINGLE_RIDER,NA
2025-11-21T16:49:47Z,Gondoletta,CLOSED,STANDBY,NA
2025-11-21T16:49:47Z,Python,OPERATING,STANDBY,15
2025-11-21T16:49:47Z,Python Single-rider,OPERATING,SINGLE_RIDER,0
2025-11-21T16:49:47Z,De Oude Tufferbaan,OPERATING,STANDBY,15
2025-11-21T16:49:47Z,Piraña,OPERATING,STANDBY,0
2025-11-21T16:49:47Z,Joris en de Draak,OPERATING,STANDBY,10
2025-11-21T16:49:47Z,Joris en de Draak Single-rider,OPERATING,SINGLE_RIDER,0
2025-11-21T16:49:47Z,Carnaval Festival,OPERATING,STANDBY,10
2025-11-21T16:49:47Z,Vogel Rok,OPERATING,STANDBY,5
2025-11-21T16:49:47Z,Baron 1898,OPERATING,STANDBY,20
2025-11-21T16:49:47Z,Baron 1898 Single-rider,OPERATING,SINGLE_RIDER,20
2025-11-21T16:49:47Z,Pagode,OPERATING,STANDBY,5
2025-11-21T16:49:47Z,Danse Macabre,OPERATING,STANDBY,20
2025-11-21T16:49:47Z,Danse Macabre Single-rider,OPERATING,SINGLE_RIDER,0
2025-11-21T17:21:32Z,Fata Morgana,OPERATING,STANDBY,5
2025-11-21T17:21:32Z,Villa Volta,OPERATING,STANDBY,5
2025-11-21T17:21:32Z,De Vliegende Hollander,OPERATING,STANDBY,5
2025-11-21T17:21:32Z,De Vliegende Hollander Single-rider,OPERATING,SINGLE_RIDER,0
2025-11-21T17:21:32Z,Sirocco,REFURBISHMENT,STANDBY,NA
2025-11-21T17:21:32Z,Droomvlucht,OPERATING,STANDBY,15
2025-11-21T17:21:32Z,Stoomcarrousel,OPERATING,STANDBY,0
2025-11-21T17:21:32Z,Stoomtrein Marerijk,OPERATING,STANDBY,25
2025-11-21T17:21:32Z,Symbolica,OPERATING,STANDBY,25
2025-11-21T17:21:32Z,Symbolica Single-rider,OPERATING,SINGLE_RIDER,0
2025-11-21T17:21:32Z,Halve Maen,OPERATING,STANDBY,5
2025-11-21T17:21:32Z,Stoomtrein Ruigrijk,OPERATING,STANDBY,25
2025-11-21T17:21:32Z,Kinderspoor,OPERATING,STANDBY,5
2025-11-21T17:21:32Z,Fabula,OPERATING,STANDBY,10
2025-11-21T17:21:32Z,Monorail,OPERATING,STANDBY,5
2025-11-21T17:21:32Z,Max & Moritz,REFURBISHMENT,STANDBY,NA
2025-11-21T17:21:32Z,Max & Moritz Single-rider,REFURBISHMENT,SINGLE_RIDER,NA
2025-11-21T17:21:32Z,Gondoletta,CLOSED,STANDBY,NA
2025-11-21T17:21:32Z,Python,OPERATING,STANDBY,10
2025-11-21T17:21:32Z,Python Single-rider,OPERATING,SINGLE_RIDER,0
2025-11-21T17:21:32Z,De Oude Tufferbaan,OPERATING,STANDBY,5
2025-11-21T17:21:32Z,Piraña,OPERATING,STANDBY,0
2025-11-21T17:21:32Z,Joris en de Draak,OPERATING,STANDBY,10
2025-11-21T17:21:32Z,Joris en de Draak Single-rider,OPERATING,SINGLE_RIDER,0
2025-11-21T17:21:32Z,Carnaval Festival,OPERATING,STANDBY,0
2025-11-21T17:21:32Z,Vogel Rok,OPERATING,STANDBY,5
2025-11-21T17:21:32Z,Baron 1898,OPERATING,STANDBY,10
2025-11-21T17:21:32Z,Baron 1898 Single-rider,OPERATING,SINGLE_RIDER,5
2025-11-21T17:21:32Z,Pagode,OPERATING,STANDBY,5
2025-11-21T17:21:32Z,Danse Macabre,OPERATING,STANDBY,25
2025-11-21T17:21:32Z,Danse Macabre Single-rider,OPERATING,SINGLE_RIDER,0
2025-11-21T17:44:51Z,Fata Morgana,OPERATING,STANDBY,5
2025-11-21T17:44:51Z,Villa Volta,OPERATING,STANDBY,5
2025-11-21T17:44:51Z,De Vliegende Hollander,DOWN,STANDBY,0
2025-11-21T17:44:51Z,De Vliegende Hollander Single-rider,DOWN,SINGLE_RIDER,NA
2025-11-21T17:44:51Z,Sirocco,REFURBISHMENT,STANDBY,NA
2025-11-21T17:44:51Z,Droomvlucht,OPERATING,STANDBY,5
2025-11-21T17:44:51Z,Stoomcarrousel,OPERATING,STANDBY,0
2025-11-21T17:44:51Z,Stoomtrein Marerijk,OPERATING,STANDBY,25
2025-11-21T17:44:51Z,Symbolica,OPERATING,STANDBY,25
2025-11-21T17:44:51Z,Symbolica Single-rider,OPERATING,SINGLE_RIDER,0
2025-11-21T17:44:51Z,Halve Maen,OPERATING,STANDBY,5
2025-11-21T17:44:51Z,Stoomtrein Ruigrijk,OPERATING,STANDBY,25
2025-11-21T17:44:51Z,Kinderspoor,OPERATING,STANDBY,5
2025-11-21T17:44:51Z,Fabula,OPERATING,STANDBY,10
2025-11-21T17:44:51Z,Monorail,OPERATING,STANDBY,5
2025-11-21T17:44:51Z,Max & Moritz,REFURBISHMENT,STANDBY,NA
2025-11-21T17:44:51Z,Max & Moritz Single-rider,REFURBISHMENT,SINGLE_RIDER,NA
2025-11-21T17:44:51Z,Gondoletta,CLOSED,STANDBY,NA
2025-11-21T17:44:51Z,De Oude Tufferbaan,OPERATING,STANDBY,5
2025-11-21T17:44:51Z,Python,OPERATING,STANDBY,5
2025-11-21T17:44:51Z,Python Single-rider,OPERATING,SINGLE_RIDER,0
2025-11-21T17:44:51Z,Piraña,OPERATING,STANDBY,0
2025-11-21T17:44:51Z,Joris en de Draak,OPERATING,STANDBY,25
2025-11-21T17:44:51Z,Joris en de Draak Single-rider,OPERATING,SINGLE_RIDER,0
2025-11-21T17:44:51Z,Carnaval Festival,OPERATING,STANDBY,0
2025-11-21T17:44:51Z,Vogel Rok,OPERATING,STANDBY,5
2025-11-21T17:44:51Z,Baron 1898,OPERATING,STANDBY,15
2025-11-21T17:44:51Z,Baron 1898 Single-rider,OPERATING,SINGLE_RIDER,15
2025-11-21T17:44:51Z,Pagode,OPERATING,STANDBY,5
2025-11-21T17:44:51Z,Danse Macabre,OPERATING,STANDBY,20
2025-11-21T17:44:51Z,Danse Macabre Single-rider,OPERATING,SINGLE_RIDER,0
2025-11-21T17:55:42Z,Fata Morgana,OPERATING,STANDBY,5
2025-11-21T17:55:42Z,Villa Volta,OPERATING,STANDBY,5
2025-11-21T17:55:42Z,De Vliegende Hollander,CLOSED,STANDBY,NA
2025-11-21T17:55:42Z,De Vliegende Hollander Single-rider,CLOSED,SINGLE_RIDER,NA
2025-11-21T17:55:42Z,Sirocco,REFURBISHMENT,STANDBY,NA
2025-11-21T17:55:42Z,Droomvlucht,OPERATING,STANDBY,0
2025-11-21T17:55:42Z,Stoomcarrousel,OPERATING,STANDBY,0
2025-11-21T17:55:42Z,Stoomtrein Marerijk,OPERATING,STANDBY,25
2025-11-21T17:55:42Z,Symbolica,OPERATING,STANDBY,20
2025-11-21T17:55:42Z,Symbolica Single-rider,OPERATING,SINGLE_RIDER,0
2025-11-21T17:55:42Z,Halve Maen,OPERATING,STANDBY,5
2025-11-21T17:55:42Z,Stoomtrein Ruigrijk,OPERATING,STANDBY,25
2025-11-21T17:55:42Z,Kinderspoor,OPERATING,STANDBY,0
2025-11-21T17:55:42Z,Fabula,OPERATING,STANDBY,5
2025-11-21T17:55:42Z,Monorail,OPERATING,STANDBY,0
2025-11-21T17:55:42Z,Max & Moritz,REFURBISHMENT,STANDBY,NA
2025-11-21T17:55:42Z,Max & Moritz Single-rider,REFURBISHMENT,SINGLE_RIDER,NA
2025-11-21T17:55:42Z,Gondoletta,CLOSED,STANDBY,NA
2025-11-21T17:55:42Z,De Oude Tufferbaan,OPERATING,STANDBY,5
2025-11-21T17:55:42Z,Python,OPERATING,STANDBY,5
2025-11-21T17:55:42Z,Python Single-rider,OPERATING,SINGLE_RIDER,0
2025-11-21T17:55:42Z,Piraña,OPERATING,STANDBY,0
2025-11-21T17:55:42Z,Joris en de Draak,OPERATING,STANDBY,15
2025-11-21T17:55:42Z,Joris en de Draak Single-rider,OPERATING,SINGLE_RIDER,0
2025-11-21T17:55:42Z,Carnaval Festival,OPERATING,STANDBY,0
2025-11-21T17:55:42Z,Vogel Rok,OPERATING,STANDBY,5
2025-11-21T17:55:42Z,Baron 1898,OPERATING,STANDBY,15
2025-11-21T17:55:42Z,Baron 1898 Single-rider,OPERATING,SINGLE_RIDER,5
2025-11-21T17:55:42Z,Pagode,OPERATING,STANDBY,5
2025-11-21T17:55:42Z,Danse Macabre,OPERATING,STANDBY,13
2025-11-21T17:55:42Z,Danse Macabre Single-rider,OPERATING,SINGLE_RIDER,0
2025-11-23T16:49:28Z,Fata Morgana,OPERATING,STANDBY,10
2025-11-23T16:49:28Z,Villa Volta,OPERATING,STANDBY,10
2025-11-23T16:49:28Z,Stoomtrein Marerijk,OPERATING,STANDBY,25
2025-11-23T16:49:28Z,De Vliegende Hollander,OPERATING,STANDBY,15
2025-11-23T16:49:28Z,De Vliegende Hollander Single-rider,OPERATING,SINGLE_RIDER,0
2025-11-23T16:49:28Z,Sirocco,REFURBISHMENT,STANDBY,NA
2025-11-23T16:49:28Z,Droomvlucht,OPERATING,STANDBY,40
2025-11-23T16:49:28Z,Stoomcarrousel,OPERATING,STANDBY,5
2025-11-23T16:49:28Z,Symbolica,OPERATING,STANDBY,40
2025-11-23T16:49:28Z,Symbolica Single-rider,OPERATING,SINGLE_RIDER,10
2025-11-23T16:49:28Z,Halve Maen,OPERATING,STANDBY,0
2025-11-23T16:49:28Z,Stoomtrein Ruigrijk,OPERATING,STANDBY,25
2025-11-23T16:49:28Z,Kinderspoor,OPERATING,STANDBY,0
2025-11-23T16:49:28Z,Fabula,OPERATING,STANDBY,10
2025-11-23T16:49:28Z,Monorail,OPERATING,STANDBY,0
2025-11-23T16:49:28Z,Max & Moritz,OPERATING,STANDBY,5
2025-11-23T16:49:28Z,Max & Moritz Single-rider,OPERATING,SINGLE_RIDER,5
2025-11-23T16:49:28Z,Gondoletta,CLOSED,STANDBY,NA
2025-11-23T16:49:28Z,Python,OPERATING,STANDBY,15
2025-11-23T16:49:28Z,Python Single-rider,OPERATING,SINGLE_RIDER,0
2025-11-23T16:49:28Z,De Oude Tufferbaan,DOWN,STANDBY,0
2025-11-23T16:49:28Z,Piraña,CLOSED,STANDBY,NA
2025-11-23T16:49:28Z,Carnaval Festival,OPERATING,STANDBY,20
2025-11-23T16:49:28Z,Vogel Rok,OPERATING,STANDBY,15
2025-11-23T16:49:28Z,Pagode,OPERATING,STANDBY,5
2025-11-23T16:49:28Z,Baron 1898,OPERATING,STANDBY,20
2025-11-23T16:49:28Z,Baron 1898 Single-rider,OPERATING,SINGLE_RIDER,20
2025-11-23T16:49:28Z,Joris en de Draak,OPERATING,STANDBY,20
2025-11-23T16:49:28Z,Joris en de Draak Single-rider,OPERATING,SINGLE_RIDER,10
2025-11-23T16:49:28Z,Danse Macabre,OPERATING,STANDBY,40
2025-11-23T16:49:28Z,Danse Macabre Single-rider,OPERATING,SINGLE_RIDER,0
2025-11-23T17:19:15Z,Fata Morgana,OPERATING,STANDBY,5
2025-11-23T17:19:15Z,Villa Volta,OPERATING,STANDBY,5
2025-11-23T17:19:15Z,Stoomtrein Marerijk,OPERATING,STANDBY,25
2025-11-23T17:19:15Z,De Vliegende Hollander,OPERATING,STANDBY,15
2025-11-23T17:19:15Z,De Vliegende Hollander Single-rider,OPERATING,SINGLE_RIDER,0
2025-11-23T17:19:15Z,Sirocco,REFURBISHMENT,STANDBY,NA
2025-11-23T17:19:15Z,Droomvlucht,OPERATING,STANDBY,25
2025-11-23T17:19:15Z,Stoomcarrousel,OPERATING,STANDBY,5
2025-11-23T17:19:15Z,Symbolica,OPERATING,STANDBY,30
2025-11-23T17:19:15Z,Symbolica Single-rider,OPERATING,SINGLE_RIDER,5
2025-11-23T17:19:15Z,Halve Maen,OPERATING,STANDBY,5
2025-11-23T17:19:15Z,Stoomtrein Ruigrijk,OPERATING,STANDBY,25
2025-11-23T17:19:15Z,Kinderspoor,OPERATING,STANDBY,0
2025-11-23T17:19:15Z,Fabula,OPERATING,STANDBY,10
2025-11-23T17:19:15Z,Monorail,OPERATING,STANDBY,0
2025-11-23T17:19:15Z,Max & Moritz,OPERATING,STANDBY,5
2025-11-23T17:19:15Z,Max & Moritz Single-rider,OPERATING,SINGLE_RIDER,5
2025-11-23T17:19:15Z,Gondoletta,CLOSED,STANDBY,NA
2025-11-23T17:19:15Z,Python,OPERATING,STANDBY,15
2025-11-23T17:19:15Z,Python Single-rider,OPERATING,SINGLE_RIDER,0
2025-11-23T17:19:15Z,De Oude Tufferbaan,DOWN,STANDBY,0
2025-11-23T17:19:15Z,Piraña,CLOSED,STANDBY,NA
2025-11-23T17:19:15Z,Carnaval Festival,OPERATING,STANDBY,0
2025-11-23T17:19:15Z,Vogel Rok,OPERATING,STANDBY,10
2025-11-23T17:19:15Z,Baron 1898,OPERATING,STANDBY,25
2025-11-23T17:19:15Z,Baron 1898 Single-rider,OPERATING,SINGLE_RIDER,30
2025-11-23T17:19:15Z,Pagode,OPERATING,STANDBY,5
2025-11-23T17:19:15Z,Joris en de Draak,OPERATING,STANDBY,25
2025-11-23T17:19:15Z,Joris en de Draak Single-rider,OPERATING,SINGLE_RIDER,15
2025-11-23T17:19:15Z,Danse Macabre,OPERATING,STANDBY,30
2025-11-23T17:19:15Z,Danse Macabre Single-rider,OPERATING,SINGLE_RIDER,0
2025-11-23T17:43:19Z,Fata Morgana,OPERATING,STANDBY,10
2025-11-23T17:43:19Z,Villa Volta,OPERATING,STANDBY,5
2025-11-23T17:43:19Z,Stoomtrein Marerijk,OPERATING,STANDBY,25
2025-11-23T17:43:19Z,De Vliegende Hollander,DOWN,STANDBY,0
2025-11-23T17:43:19Z,De Vliegende Hollander Single-rider,DOWN,SINGLE_RIDER,NA
2025-11-23T17:43:19Z,Sirocco,REFURBISHMENT,STANDBY,NA
2025-11-23T17:43:19Z,Droomvlucht,OPERATING,STANDBY,25
2025-11-23T17:43:19Z,Stoomcarrousel,OPERATING,STANDBY,5
2025-11-23T17:43:19Z,Symbolica,OPERATING,STANDBY,30
2025-11-23T17:43:19Z,Symbolica Single-rider,OPERATING,SINGLE_RIDER,10
2025-11-23T17:43:19Z,Halve Maen,OPERATING,STANDBY,5
2025-11-23T17:43:19Z,Stoomtrein Ruigrijk,OPERATING,STANDBY,25
2025-11-23T17:43:19Z,Kinderspoor,OPERATING,STANDBY,0
2025-11-23T17:43:19Z,Fabula,OPERATING,STANDBY,10
2025-11-23T17:43:19Z,Monorail,OPERATING,STANDBY,0
2025-11-23T17:43:19Z,Max & Moritz,OPERATING,STANDBY,5
2025-11-23T17:43:19Z,Max & Moritz Single-rider,OPERATING,SINGLE_RIDER,5
2025-11-23T17:43:19Z,Gondoletta,CLOSED,STANDBY,NA
2025-11-23T17:43:19Z,Python,OPERATING,STANDBY,25
2025-11-23T17:43:19Z,Python Single-rider,OPERATING,SINGLE_RIDER,0
2025-11-23T17:43:19Z,De Oude Tufferbaan,OPERATING,STANDBY,0
2025-11-23T17:43:19Z,Piraña,CLOSED,STANDBY,NA
2025-11-23T17:43:19Z,Carnaval Festival,OPERATING,STANDBY,0
2025-11-23T17:43:19Z,Vogel Rok,OPERATING,STANDBY,5
2025-11-23T17:43:19Z,Pagode,OPERATING,STANDBY,5
2025-11-23T17:43:19Z,Baron 1898,OPERATING,STANDBY,15
2025-11-23T17:43:19Z,Baron 1898 Single-rider,OPERATING,SINGLE_RIDER,15
2025-11-23T17:43:19Z,Joris en de Draak,OPERATING,STANDBY,35
2025-11-23T17:43:19Z,Joris en de Draak Single-rider,OPERATING,SINGLE_RIDER,20
2025-11-23T17:43:19Z,Danse Macabre,OPERATING,STANDBY,30
2025-11-23T17:43:19Z,Danse Macabre Single-rider,OPERATING,SINGLE_RIDER,0
2025-11-23T17:53:05Z,Fata Morgana,OPERATING,STANDBY,10
2025-11-23T17:53:05Z,Villa Volta,OPERATING,STANDBY,5
2025-11-23T17:53:05Z,Stoomtrein Marerijk,OPERATING,STANDBY,25
2025-11-23T17:53:05Z,De Vliegende Hollander,DOWN,STANDBY,0
2025-11-23T17:53:05Z,De Vliegende Hollander Single-rider,DOWN,SINGLE_RIDER,NA
2025-11-23T17:53:05Z,Sirocco,REFURBISHMENT,STANDBY,NA
2025-11-23T17:53:05Z,Droomvlucht,OPERATING,STANDBY,25
2025-11-23T17:53:05Z,Stoomcarrousel,OPERATING,STANDBY,5
2025-11-23T17:53:05Z,Symbolica,OPERATING,STANDBY,30
2025-11-23T17:53:05Z,Symbolica Single-rider,OPERATING,SINGLE_RIDER,10
2025-11-23T17:53:05Z,Halve Maen,OPERATING,STANDBY,5
2025-11-23T17:53:05Z,Stoomtrein Ruigrijk,OPERATING,STANDBY,25
2025-11-23T17:53:05Z,Kinderspoor,OPERATING,STANDBY,0
2025-11-23T17:53:05Z,Fabula,OPERATING,STANDBY,10
2025-11-23T17:53:05Z,Monorail,OPERATING,STANDBY,0
2025-11-23T17:53:05Z,Max & Moritz,OPERATING,STANDBY,5
2025-11-23T17:53:05Z,Max & Moritz Single-rider,OPERATING,SINGLE_RIDER,5
2025-11-23T17:53:05Z,Gondoletta,CLOSED,STANDBY,NA
2025-11-23T17:53:05Z,De Oude Tufferbaan,OPERATING,STANDBY,0
2025-11-23T17:53:05Z,Python,OPERATING,STANDBY,20
2025-11-23T17:53:05Z,Python Single-rider,OPERATING,SINGLE_RIDER,0
2025-11-23T17:53:05Z,Piraña,CLOSED,STANDBY,NA
2025-11-23T17:53:05Z,Carnaval Festival,OPERATING,STANDBY,0
2025-11-23T17:53:05Z,Vogel Rok,OPERATING,STANDBY,5
2025-11-23T17:53:05Z,Pagode,OPERATING,STANDBY,5
2025-11-23T17:53:05Z,Baron 1898,OPERATING,STANDBY,20
2025-11-23T17:53:05Z,Baron 1898 Single-rider,OPERATING,SINGLE_RIDER,15
2025-11-23T17:53:05Z,Joris en de Draak,OPERATING,STANDBY,30
2025-11-23T17:53:05Z,Joris en de Draak Single-rider,OPERATING,SINGLE_RIDER,25
2025-11-23T17:53:05Z,Danse Macabre,OPERATING,STANDBY,30
2025-11-23T17:53:05Z,Danse Macabre Single-rider,OPERATING,SINGLE_RIDER,0
2025-11-23T18:13:44Z,Fata Morgana,OPERATING,STANDBY,10
2025-11-23T18:13:44Z,Villa Volta,OPERATING,STANDBY,5
2025-11-23T18:13:44Z,Stoomtrein Marerijk,OPERATING,STANDBY,25
2025-11-23T18:13:44Z,De Vliegende Hollander,OPERATING,STANDBY,10
2025-11-23T18:13:44Z,De Vliegende Hollander Single-rider,OPERATING,SINGLE_RIDER,0
2025-11-23T18:13:44Z,Sirocco,REFURBISHMENT,STANDBY,NA
2025-11-23T18:13:44Z,Droomvlucht,OPERATING,STANDBY,20
2025-11-23T18:13:44Z,Stoomcarrousel,OPERATING,STANDBY,5
2025-11-23T18:13:44Z,Symbolica,OPERATING,STANDBY,30
2025-11-23T18:13:44Z,Symbolica Single-rider,OPERATING,SINGLE_RIDER,20
2025-11-23T18:13:44Z,Halve Maen,OPERATING,STANDBY,0
2025-11-23T18:13:44Z,Stoomtrein Ruigrijk,OPERATING,STANDBY,25
2025-11-23T18:13:44Z,Kinderspoor,OPERATING,STANDBY,0
2025-11-23T18:13:44Z,Fabula,OPERATING,STANDBY,10
2025-11-23T18:13:44Z,Monorail,OPERATING,STANDBY,0
2025-11-23T18:13:44Z,Max & Moritz,OPERATING,STANDBY,5
2025-11-23T18:13:44Z,Max & Moritz Single-rider,OPERATING,SINGLE_RIDER,5
2025-11-23T18:13:44Z,Gondoletta,CLOSED,STANDBY,NA
2025-11-23T18:13:44Z,Python,OPERATING,STANDBY,10
2025-11-23T18:13:44Z,Python Single-rider,OPERATING,SINGLE_RIDER,0
2025-11-23T18:13:44Z,De Oude Tufferbaan,OPERATING,STANDBY,0
2025-11-23T18:13:44Z,Piraña,CLOSED,STANDBY,NA
2025-11-23T18:13:44Z,Carnaval Festival,OPERATING,STANDBY,0
2025-11-23T18:13:44Z,Vogel Rok,OPERATING,STANDBY,5
2025-11-23T18:13:44Z,Baron 1898,OPERATING,STANDBY,20
2025-11-23T18:13:44Z,Baron 1898 Single-rider,OPERATING,SINGLE_RIDER,10
2025-11-23T18:13:44Z,Pagode,OPERATING,STANDBY,5
2025-11-23T18:13:44Z,Joris en de Draak,OPERATING,STANDBY,20
2025-11-23T18:13:44Z,Joris en de Draak Single-rider,OPERATING,SINGLE_RIDER,5
2025-11-23T18:13:44Z,Danse Macabre,OPERATING,STANDBY,30
2025-11-23T18:13:44Z,Danse Macabre Single-rider,OPERATING,SINGLE_RIDER,0
2025-11-23T18:30:24Z,Fata Morgana,OPERATING,STANDBY,10
2025-11-23T18:30:24Z,Villa Volta,OPERATING,STANDBY,5
2025-11-23T18:30:24Z,Stoomtrein Marerijk,OPERATING,STANDBY,25
2025-11-23T18:30:24Z,De Vliegende Hollander,OPERATING,STANDBY,10
2025-11-23T18:30:24Z,De Vliegende Hollander Single-rider,OPERATING,SINGLE_RIDER,0
2025-11-23T18:30:24Z,Sirocco,REFURBISHMENT,STANDBY,NA
2025-11-23T18:30:24Z,Droomvlucht,OPERATING,STANDBY,20
2025-11-23T18:30:24Z,Stoomcarrousel,OPERATING,STANDBY,5
2025-11-23T18:30:24Z,Symbolica,OPERATING,STANDBY,30
2025-11-23T18:30:24Z,Symbolica Single-rider,OPERATING,SINGLE_RIDER,20
2025-11-23T18:30:24Z,Halve Maen,OPERATING,STANDBY,0
2025-11-23T18:30:24Z,Stoomtrein Ruigrijk,OPERATING,STANDBY,25
2025-11-23T18:30:24Z,Kinderspoor,OPERATING,STANDBY,0
2025-11-23T18:30:24Z,Fabula,OPERATING,STANDBY,10
2025-11-23T18:30:24Z,Monorail,OPERATING,STANDBY,0
2025-11-23T18:30:24Z,Max & Moritz,OPERATING,STANDBY,5
2025-11-23T18:30:24Z,Max & Moritz Single-rider,OPERATING,SINGLE_RIDER,5
2025-11-23T18:30:24Z,Gondoletta,CLOSED,STANDBY,NA
2025-11-23T18:30:24Z,Python,OPERATING,STANDBY,10
2025-11-23T18:30:24Z,Python Single-rider,OPERATING,SINGLE_RIDER,0
2025-11-23T18:30:24Z,De Oude Tufferbaan,OPERATING,STANDBY,0
2025-11-23T18:30:24Z,Piraña,CLOSED,STANDBY,NA
2025-11-23T18:30:24Z,Carnaval Festival,OPERATING,STANDBY,0
2025-11-23T18:30:24Z,Vogel Rok,OPERATING,STANDBY,5
2025-11-23T18:30:24Z,Pagode,OPERATING,STANDBY,5
2025-11-23T18:30:24Z,Baron 1898,OPERATING,STANDBY,5
2025-11-23T18:30:24Z,Baron 1898 Single-rider,OPERATING,SINGLE_RIDER,5
2025-11-23T18:30:24Z,Joris en de Draak,OPERATING,STANDBY,10
2025-11-23T18:30:24Z,Joris en de Draak Single-rider,OPERATING,SINGLE_RIDER,5
2025-11-23T18:30:24Z,Danse Macabre,OPERATING,STANDBY,25
2025-11-23T18:30:24Z,Danse Macabre Single-rider,OPERATING,SINGLE_RIDER,0
2025-11-23T18:49:26Z,Fata Morgana,OPERATING,STANDBY,5
2025-11-23T18:49:26Z,Villa Volta,OPERATING,STANDBY,5
2025-11-23T18:49:26Z,Stoomtrein Marerijk,CLOSED,STANDBY,NA
2025-11-23T18:49:26Z,De Vliegende Hollander,OPERATING,STANDBY,10
2025-11-23T18:49:26Z,De Vliegende Hollander Single-rider,OPERATING,SINGLE_RIDER,0
2025-11-23T18:49:26Z,Sirocco,REFURBISHMENT,STANDBY,NA
2025-11-23T18:49:26Z,Droomvlucht,OPERATING,STANDBY,0
2025-11-23T18:49:26Z,Stoomcarrousel,OPERATING,STANDBY,5
2025-11-23T18:49:26Z,Symbolica,OPERATING,STANDBY,25
2025-11-23T18:49:26Z,Symbolica Single-rider,OPERATING,SINGLE_RIDER,10
2025-11-23T18:49:26Z,Halve Maen,OPERATING,STANDBY,0
2025-11-23T18:49:26Z,Stoomtrein Ruigrijk,CLOSED,STANDBY,NA
2025-11-23T18:49:26Z,Kinderspoor,OPERATING,STANDBY,0
2025-11-23T18:49:26Z,Fabula,OPERATING,STANDBY,10
2025-11-23T18:49:26Z,Monorail,OPERATING,STANDBY,0
2025-11-23T18:49:26Z,Max & Moritz,OPERATING,STANDBY,5
2025-11-23T18:49:26Z,Max & Moritz Single-rider,OPERATING,SINGLE_RIDER,5
2025-11-23T18:49:26Z,Gondoletta,CLOSED,STANDBY,NA
2025-11-23T18:49:26Z,De Oude Tufferbaan,DOWN,STANDBY,0
2025-11-23T18:49:26Z,Python,OPERATING,STANDBY,5
2025-11-23T18:49:26Z,Python Single-rider,OPERATING,SINGLE_RIDER,0
2025-11-23T18:49:26Z,Piraña,CLOSED,STANDBY,NA
2025-11-23T18:49:26Z,Carnaval Festival,OPERATING,STANDBY,0
2025-11-23T18:49:26Z,Vogel Rok,OPERATING,STANDBY,5
2025-11-23T18:49:26Z,Baron 1898,OPERATING,STANDBY,5
2025-11-23T18:49:26Z,Baron 1898 Single-rider,OPERATING,SINGLE_RIDER,0
2025-11-23T18:49:26Z,Pagode,OPERATING,STANDBY,5
2025-11-23T18:49:26Z,Joris en de Draak,OPERATING,STANDBY,10
2025-11-23T18:49:26Z,Joris en de Draak Single-rider,OPERATING,SINGLE_RIDER,0
2025-11-23T18:49:26Z,Danse Macabre,OPERATING,STANDBY,25
2025-11-23T18:49:26Z,Danse Macabre Single-rider,OPERATING,SINGLE_RIDER,0
2025-11-24T10:45:12Z,Fata Morgana,OPERATING,STANDBY,0
2025-11-24T10:45:12Z,Villa Volta,OPERATING,STANDBY,5
2025-11-24T10:45:12Z,Stoomtrein Marerijk,CLOSED,STANDBY,NA
2025-11-24T10:45:12Z,De Vliegende Hollander,CLOSED,STANDBY,NA
2025-11-24T10:45:12Z,De Vliegende Hollander Single-rider,CLOSED,SINGLE_RIDER,NA
2025-11-24T10:45:12Z,Sirocco,REFURBISHMENT,STANDBY,NA
2025-11-24T10:45:12Z,Droomvlucht,OPERATING,STANDBY,5
2025-11-24T10:45:12Z,Stoomcarrousel,CLOSED,STANDBY,NA
2025-11-24T10:45:12Z,Symbolica,CLOSED,STANDBY,NA
2025-11-24T10:45:12Z,Symbolica Single-rider,CLOSED,SINGLE_RIDER,NA
2025-11-24T10:45:12Z,Halve Maen,CLOSED,STANDBY,NA
2025-11-24T10:45:12Z,Stoomtrein Ruigrijk,CLOSED,STANDBY,NA
2025-11-24T10:45:12Z,Kinderspoor,CLOSED,STANDBY,NA
2025-11-24T10:45:12Z,Fabula,CLOSED,STANDBY,NA
2025-11-24T10:45:12Z,Monorail,OPERATING,STANDBY,0
2025-11-24T10:45:12Z,Max & Moritz,DOWN,STANDBY,0
2025-11-24T10:45:12Z,Max & Moritz Single-rider,DOWN,SINGLE_RIDER,NA
2025-11-24T10:45:12Z,Gondoletta,CLOSED,STANDBY,NA
2025-11-24T10:45:12Z,Python,CLOSED,STANDBY,NA
2025-11-24T10:45:12Z,Python Single-rider,CLOSED,SINGLE_RIDER,NA
2025-11-24T10:45:12Z,De Oude Tufferbaan,CLOSED,STANDBY,NA
2025-11-24T10:45:12Z,Piraña,DOWN,STANDBY,0
2025-11-24T10:45:12Z,Carnaval Festival,OPERATING,STANDBY,0
2025-11-24T10:45:12Z,Vogel Rok,OPERATING,STANDBY,0
2025-11-24T10:45:12Z,Pagode,OPERATING,STANDBY,5
2025-11-24T10:45:12Z,Baron 1898,OPERATING,STANDBY,5
2025-11-24T10:45:12Z,Baron 1898 Single-rider,OPERATING,SINGLE_RIDER,5
2025-11-24T10:45:12Z,Joris en de Draak,CLOSED,STANDBY,NA
2025-11-24T10:45:12Z,Joris en de Draak Single-rider,CLOSED,SINGLE_RIDER,NA
2025-11-24T10:45:12Z,Danse Macabre,REFURBISHMENT,STANDBY,NA
2025-11-24T10:45:12Z,Danse Macabre Single-rider,REFURBISHMENT,SINGLE_RIDER,NA
2025-11-24T11:20:10Z,Fata Morgana,OPERATING,STANDBY,10
2025-11-24T11:20:10Z,Villa Volta,OPERATING,STANDBY,5
2025-11-24T11:20:10Z,Stoomtrein Marerijk,OPERATING,STANDBY,25
2025-11-24T11:20:10Z,De Vliegende Hollander,OPERATING,STANDBY,15
2025-11-24T11:20:10Z,De Vliegende Hollander Single-rider,OPERATING,SINGLE_RIDER,0
2025-11-24T11:20:10Z,Sirocco,REFURBISHMENT,STANDBY,NA
2025-11-24T11:20:10Z,Droomvlucht,OPERATING,STANDBY,15
2025-11-24T11:20:10Z,Stoomcarrousel,OPERATING,STANDBY,0
2025-11-24T11:20:10Z,Symbolica,OPERATING,STANDBY,20
2025-11-24T11:20:10Z,Symbolica Single-rider,OPERATING,SINGLE_RIDER,0
2025-11-24T11:20:10Z,Halve Maen,OPERATING,STANDBY,0
2025-11-24T11:20:10Z,Stoomtrein Ruigrijk,OPERATING,STANDBY,25
2025-11-24T11:20:10Z,Kinderspoor,OPERATING,STANDBY,0
2025-11-24T11:20:10Z,Fabula,OPERATING,STANDBY,10
2025-11-24T11:20:10Z,Monorail,DOWN,STANDBY,0
2025-11-24T11:20:10Z,Max & Moritz,OPERATING,STANDBY,5
2025-11-24T11:20:10Z,Max & Moritz Single-rider,OPERATING,SINGLE_RIDER,0
2025-11-24T11:20:10Z,Gondoletta,OPERATING,STANDBY,0
2025-11-24T11:20:10Z,Python,OPERATING,STANDBY,5
2025-11-24T11:20:10Z,Python Single-rider,OPERATING,SINGLE_RIDER,0
2025-11-24T11:20:10Z,De Oude Tufferbaan,OPERATING,STANDBY,0
2025-11-24T11:20:10Z,Piraña,DOWN,STANDBY,0
2025-11-24T11:20:10Z,Carnaval Festival,OPERATING,STANDBY,0
2025-11-24T11:20:10Z,Vogel Rok,OPERATING,STANDBY,0
2025-11-24T11:20:10Z,Baron 1898,OPERATING,STANDBY,10
2025-11-24T11:20:10Z,Baron 1898 Single-rider,OPERATING,SINGLE_RIDER,10
2025-11-24T11:20:10Z,Pagode,OPERATING,STANDBY,5
2025-11-24T11:20:10Z,Joris en de Draak,OPERATING,STANDBY,5
2025-11-24T11:20:10Z,Joris en de Draak Single-rider,OPERATING,SINGLE_RIDER,0
2025-11-24T11:20:10Z,Danse Macabre,REFURBISHMENT,STANDBY,NA
2025-11-24T11:20:10Z,Danse Macabre Single-rider,REFURBISHMENT,SINGLE_RIDER,NA
2025-11-24T11:46:38Z,Fata Morgana,OPERATING,STANDBY,15
2025-11-24T11:46:38Z,Villa Volta,OPERATING,STANDBY,5
2025-11-24T11:46:38Z,Stoomtrein Marerijk,OPERATING,STANDBY,25
2025-11-24T11:46:38Z,De Vliegende Hollander,OPERATING,STANDBY,20
2025-11-24T11:46:38Z,De Vliegende Hollander Single-rider,OPERATING,SINGLE_RIDER,0
2025-11-24T11:46:38Z,Sirocco,REFURBISHMENT,STANDBY,NA
2025-11-24T11:46:38Z,Droomvlucht,OPERATING,STANDBY,15
2025-11-24T11:46:38Z,Stoomcarrousel,OPERATING,STANDBY,0
2025-11-24T11:46:38Z,Symbolica,OPERATING,STANDBY,20
2025-11-24T11:46:38Z,Symbolica Single-rider,OPERATING,SINGLE_RIDER,0
2025-11-24T11:46:38Z,Halve Maen,OPERATING,STANDBY,0
2025-11-24T11:46:38Z,Stoomtrein Ruigrijk,OPERATING,STANDBY,25
2025-11-24T11:46:38Z,Kinderspoor,OPERATING,STANDBY,0
2025-11-24T11:46:38Z,Fabula,OPERATING,STANDBY,10
2025-11-24T11:46:38Z,Monorail,OPERATING,STANDBY,0
2025-11-24T11:46:38Z,Max & Moritz,OPERATING,STANDBY,20
2025-11-24T11:46:38Z,Max & Moritz Single-rider,OPERATING,SINGLE_RIDER,0
2025-11-24T11:46:38Z,Gondoletta,OPERATING,STANDBY,0
2025-11-24T11:46:38Z,De Oude Tufferbaan,OPERATING,STANDBY,5
2025-11-24T11:46:38Z,Python,OPERATING,STANDBY,10
2025-11-24T11:46:38Z,Python Single-rider,OPERATING,SINGLE_RIDER,0
2025-11-24T11:46:38Z,Piraña,DOWN,STANDBY,0
2025-11-24T11:46:38Z,Carnaval Festival,OPERATING,STANDBY,0
2025-11-24T11:46:38Z,Vogel Rok,OPERATING,STANDBY,0
2025-11-24T11:46:38Z,Baron 1898,OPERATING,STANDBY,20
2025-11-24T11:46:38Z,Baron 1898 Single-rider,OPERATING,SINGLE_RIDER,5
2025-11-24T11:46:38Z,Pagode,OPERATING,STANDBY,5
2025-11-24T11:46:38Z,Joris en de Draak,OPERATING,STANDBY,10
2025-11-24T11:46:38Z,Joris en de Draak Single-rider,OPERATING,SINGLE_RIDER,0
2025-11-24T11:46:38Z,Danse Macabre,REFURBISHMENT,STANDBY,NA
2025-11-24T11:46:38Z,Danse Macabre Single-rider,REFURBISHMENT,SINGLE_RIDER,NA
2025-11-24T12:15:21Z,Fata Morgana,OPERATING,STANDBY,5
2025-11-24T12:15:21Z,Villa Volta,OPERATING,STANDBY,5
2025-11-24T12:15:21Z,Stoomtrein Marerijk,OPERATING,STANDBY,25
2025-11-24T12:15:21Z,De Vliegende Hollander,OPERATING,STANDBY,20
2025-11-24T12:15:21Z,De Vliegende Hollander Single-rider,OPERATING,SINGLE_RIDER,0
2025-11-24T12:15:21Z,Sirocco,REFURBISHMENT,STANDBY,NA
2025-11-24T12:15:21Z,Droomvlucht,OPERATING,STANDBY,15
2025-11-24T12:15:21Z,Stoomcarrousel,OPERATING,STANDBY,0
2025-11-24T12:15:21Z,Symbolica,OPERATING,STANDBY,20
2025-11-24T12:15:21Z,Symbolica Single-rider,OPERATING,SINGLE_RIDER,0
2025-11-24T12:15:21Z,Halve Maen,OPERATING,STANDBY,0
2025-11-24T12:15:21Z,Stoomtrein Ruigrijk,OPERATING,STANDBY,25
2025-11-24T12:15:21Z,Kinderspoor,OPERATING,STANDBY,0
2025-11-24T12:15:21Z,Fabula,OPERATING,STANDBY,10
2025-11-24T12:15:21Z,Monorail,OPERATING,STANDBY,0
2025-11-24T12:15:21Z,Max & Moritz,OPERATING,STANDBY,10
2025-11-24T12:15:21Z,Max & Moritz Single-rider,OPERATING,SINGLE_RIDER,0
2025-11-24T12:15:21Z,Gondoletta,OPERATING,STANDBY,0
2025-11-24T12:15:21Z,De Oude Tufferbaan,OPERATING,STANDBY,15
2025-11-24T12:15:21Z,Python,OPERATING,STANDBY,20
2025-11-24T12:15:21Z,Python Single-rider,OPERATING,SINGLE_RIDER,0
2025-11-24T12:15:21Z,Piraña,DOWN,STANDBY,0
2025-11-24T12:15:21Z,Carnaval Festival,OPERATING,STANDBY,0
2025-11-24T12:15:21Z,Vogel Rok,OPERATING,STANDBY,10
2025-11-24T12:15:21Z,Pagode,OPERATING,STANDBY,5
2025-11-24T12:15:21Z,Baron 1898,OPERATING,STANDBY,15
2025-11-24T12:15:21Z,Baron 1898 Single-rider,OPERATING,SINGLE_RIDER,15
2025-11-24T12:15:21Z,Joris en de Draak,OPERATING,STANDBY,20
2025-11-24T12:15:21Z,Joris en de Draak Single-rider,OPERATING,SINGLE_RIDER,0
2025-11-24T12:15:21Z,Danse Macabre,REFURBISHMENT,STANDBY,NA
2025-11-24T12:15:21Z,Danse Macabre Single-rider,REFURBISHMENT,SINGLE_RIDER,NA
2025-11-24T12:38:07Z,Fata Morgana,OPERATING,STANDBY,5
2025-11-24T12:38:07Z,Villa Volta,OPERATING,STANDBY,5
2025-11-24T12:38:07Z,Stoomtrein Marerijk,OPERATING,STANDBY,25
2025-11-24T12:38:07Z,De Vliegende Hollander,OPERATING,STANDBY,25
2025-11-24T12:38:07Z,De Vliegende Hollander Single-rider,OPERATING,SINGLE_RIDER,0
2025-11-24T12:38:07Z,Sirocco,REFURBISHMENT,STANDBY,NA
2025-11-24T12:38:07Z,Droomvlucht,OPERATING,STANDBY,5
2025-11-24T12:38:07Z,Stoomcarrousel,OPERATING,STANDBY,0
2025-11-24T12:38:07Z,Symbolica,OPERATING,STANDBY,20
2025-11-24T12:38:07Z,Symbolica Single-rider,OPERATING,SINGLE_RIDER,0
2025-11-24T12:38:07Z,Halve Maen,OPERATING,STANDBY,5
2025-11-24T12:38:07Z,Stoomtrein Ruigrijk,OPERATING,STANDBY,25
2025-11-24T12:38:07Z,Kinderspoor,OPERATING,STANDBY,0
2025-11-24T12:38:07Z,Fabula,OPERATING,STANDBY,10
2025-11-24T12:38:07Z,Monorail,OPERATING,STANDBY,0
2025-11-24T12:38:07Z,Max & Moritz,OPERATING,STANDBY,10
2025-11-24T12:38:07Z,Max & Moritz Single-rider,OPERATING,SINGLE_RIDER,0
2025-11-24T12:38:07Z,Gondoletta,OPERATING,STANDBY,0
2025-11-24T12:38:07Z,Python,OPERATING,STANDBY,15
2025-11-24T12:38:07Z,Python Single-rider,OPERATING,SINGLE_RIDER,0
2025-11-24T12:38:07Z,De Oude Tufferbaan,OPERATING,STANDBY,15
2025-11-24T12:38:07Z,Piraña,DOWN,STANDBY,0
2025-11-24T12:38:07Z,Carnaval Festival,OPERATING,STANDBY,10
2025-11-24T12:38:07Z,Vogel Rok,OPERATING,STANDBY,5
2025-11-24T12:38:07Z,Pagode,OPERATING,STANDBY,5
2025-11-24T12:38:07Z,Baron 1898,OPERATING,STANDBY,15
2025-11-24T12:38:07Z,Baron 1898 Single-rider,OPERATING,SINGLE_RIDER,10
2025-11-24T12:38:07Z,Joris en de Draak,OPERATING,STANDBY,10
2025-11-24T12:38:07Z,Joris en de Draak Single-rider,OPERATING,SINGLE_RIDER,0
2025-11-24T12:38:07Z,Danse Macabre,REFURBISHMENT,STANDBY,NA
2025-11-24T12:38:07Z,Danse Macabre Single-rider,REFURBISHMENT,SINGLE_RIDER,NA
2025-11-24T12:49:49Z,Fata Morgana,OPERATING,STANDBY,5
2025-11-24T12:49:49Z,Villa Volta,OPERATING,STANDBY,5
2025-11-24T12:49:49Z,Stoomtrein Marerijk,OPERATING,STANDBY,25
2025-11-24T12:49:49Z,De Vliegende Hollander,OPERATING,STANDBY,10
2025-11-24T12:49:49Z,De Vliegende Hollander Single-rider,OPERATING,SINGLE_RIDER,0
2025-11-24T12:49:49Z,Sirocco,REFURBISHMENT,STANDBY,NA
2025-11-24T12:49:49Z,Droomvlucht,OPERATING,STANDBY,5
2025-11-24T12:49:49Z,Stoomcarrousel,OPERATING,STANDBY,0
2025-11-24T12:49:49Z,Symbolica,OPERATING,STANDBY,15
2025-11-24T12:49:49Z,Symbolica Single-rider,OPERATING,SINGLE_RIDER,0
2025-11-24T12:49:49Z,Halve Maen,OPERATING,STANDBY,5
2025-11-24T12:49:49Z,Stoomtrein Ruigrijk,OPERATING,STANDBY,25
2025-11-24T12:49:49Z,Kinderspoor,OPERATING,STANDBY,0
2025-11-24T12:49:49Z,Fabula,OPERATING,STANDBY,10
2025-11-24T12:49:49Z,Monorail,OPERATING,STANDBY,0
2025-11-24T12:49:49Z,Max & Moritz,OPERATING,STANDBY,10
2025-11-24T12:49:49Z,Max & Moritz Single-rider,OPERATING,SINGLE_RIDER,0
2025-11-24T12:49:49Z,Gondoletta,OPERATING,STANDBY,0
2025-11-24T12:49:49Z,Python,OPERATING,STANDBY,15
2025-11-24T12:49:49Z,Python Single-rider,OPERATING,SINGLE_RIDER,0
2025-11-24T12:49:49Z,De Oude Tufferbaan,OPERATING,STANDBY,15
2025-11-24T12:49:49Z,Piraña,DOWN,STANDBY,0
2025-11-24T12:49:49Z,Carnaval Festival,OPERATING,STANDBY,10
2025-11-24T12:49:49Z,Vogel Rok,OPERATING,STANDBY,5
2025-11-24T12:49:49Z,Pagode,OPERATING,STANDBY,5
2025-11-24T12:49:49Z,Baron 1898,OPERATING,STANDBY,15
2025-11-24T12:49:49Z,Baron 1898 Single-rider,OPERATING,SINGLE_RIDER,15
2025-11-24T12:49:49Z,Joris en de Draak,OPERATING,STANDBY,20
2025-11-24T12:49:49Z,Joris en de Draak Single-rider,OPERATING,SINGLE_RIDER,0
2025-11-24T12:49:49Z,Danse Macabre,REFURBISHMENT,STANDBY,NA
2025-11-24T12:49:49Z,Danse Macabre Single-rider,REFURBISHMENT,SINGLE_RIDER,NA
2025-11-24T13:36:37Z,Fata Morgana,OPERATING,STANDBY,5
2025-11-24T13:36:37Z,Villa Volta,OPERATING,STANDBY,5
2025-11-24T13:36:37Z,Stoomtrein Marerijk,OPERATING,STANDBY,25
2025-11-24T13:36:37Z,De Vliegende Hollander,DOWN,STANDBY,0
2025-11-24T13:36:37Z,De Vliegende Hollander Single-rider,DOWN,SINGLE_RIDER,NA
2025-11-24T13:36:37Z,Sirocco,REFURBISHMENT,STANDBY,NA
2025-11-24T13:36:37Z,Droomvlucht,OPERATING,STANDBY,5
2025-11-24T13:36:37Z,Stoomcarrousel,OPERATING,STANDBY,0
2025-11-24T13:36:37Z,Symbolica,OPERATING,STANDBY,20
2025-11-24T13:36:37Z,Symbolica Single-rider,OPERATING,SINGLE_RIDER,0
2025-11-24T13:36:37Z,Halve Maen,OPERATING,STANDBY,5
2025-11-24T13:36:37Z,Stoomtrein Ruigrijk,OPERATING,STANDBY,25
2025-11-24T13:36:37Z,Kinderspoor,OPERATING,STANDBY,0
2025-11-24T13:36:37Z,Fabula,OPERATING,STANDBY,10
2025-11-24T13:36:37Z,Monorail,OPERATING,STANDBY,5
2025-11-24T13:36:37Z,Max & Moritz,OPERATING,STANDBY,5
2025-11-24T13:36:37Z,Max & Moritz Single-rider,OPERATING,SINGLE_RIDER,0
2025-11-24T13:36:37Z,Gondoletta,OPERATING,STANDBY,0
2025-11-24T13:36:37Z,De Oude Tufferbaan,OPERATING,STANDBY,5
2025-11-24T13:36:37Z,Python,OPERATING,STANDBY,25
2025-11-24T13:36:37Z,Python Single-rider,OPERATING,SINGLE_RIDER,0
2025-11-24T13:36:37Z,Piraña,DOWN,STANDBY,0
2025-11-24T13:36:37Z,Carnaval Festival,OPERATING,STANDBY,10
2025-11-24T13:36:37Z,Vogel Rok,OPERATING,STANDBY,10
2025-11-24T13:36:37Z,Pagode,OPERATING,STANDBY,5
2025-11-24T13:36:37Z,Baron 1898,OPERATING,STANDBY,15
2025-11-24T13:36:37Z,Baron 1898 Single-rider,OPERATING,SINGLE_RIDER,15
2025-11-24T13:36:37Z,Joris en de Draak,OPERATING,STANDBY,20
2025-11-24T13:36:37Z,Joris en de Draak Single-rider,OPERATING,SINGLE_RIDER,0
2025-11-24T13:36:37Z,Danse Macabre,REFURBISHMENT,STANDBY,NA
2025-11-24T13:36:37Z,Danse Macabre Single-rider,REFURBISHMENT,SINGLE_RIDER,NA
